frame,step_center_dx,step_center_dy_down,step_rotation_deg,ransac_scale_diagnostic,good_matches,inliers,inlier_ratio,median_reprojection_error_px,status,center_x_in_reference,center_y_in_reference,rotation_to_reference_deg
311,0.0,0.0,0.0,nan,0,0,0.0,nan,reference,1280.0,720.0,0.0
312,0.17771294567796758,-0.023756793643997298,-0.0006778821934103302,1.000009864819618,535,531,0.9925233644859813,0.11477198984864087,ok,1279.822286773261,720.0237546910714,0.0006778821934103304
313,0.0026820417297130916,0.008442827887620297,0.0013697628488783832,1.00001191015606,593,586,0.9881956155143339,0.06891364650189415,ok,1279.8196046295795,720.0153118955716,-0.0006918806554680527
314,0.033575587799077766,0.005032883302533264,0.00018518696590813865,1.0000049340266715,578,570,0.986159169550173,0.0899434284980716,ok,1279.7860289647424,720.0102795262353,-0.0008770676213761914
315,0.19529549386379585,0.0022062976419192637,-0.00021089257167605284,1.000008071308253,544,539,0.9908088235294118,0.11763916861883189,ok,1279.5907334452395,720.008075499284,-0.0006661750497001384
316,0.012644068001691267,0.003065867270834133,-0.000773829206849601,0.9999937200107353,592,583,0.9847972972972973,0.05912874080916795,ok,1279.5780893829985,720.0050096082562,0.0001076541571494625
317,0.03668318843301677,-0.002112255027441279,-0.0007222167012019451,1.0000025308562213,566,561,0.991166077738516,0.08213375079641048,ok,1279.5414061639754,720.0071213319649,0.0008298708583514079
318,0.18488572468891107,0.002078957503044876,0.00025955151895072653,1.000013065030144,537,527,0.9813780260707635,0.11201532707673317,ok,1279.3565204599895,720.0050405341184,0.0005703193394006814
319,0.03356587471830608,-0.004049920980719435,0.0006269652655340201,0.9999936521759883,577,571,0.9896013864818024,0.06583357867513169,ok,1279.3229545892755,720.0090904882842,-5.6645926133338514e-05
320,0.014466940838929077,0.022527300099000058,0.0003808944152149132,0.9999897145428212,563,550,0.9769094138543517,0.09211636372646798,ok,1279.308487476407,719.9865632986631,-0.00043754034134825163
321,0.17202985306448682,0.017087358730350388,-1.1674565993059599e-05,1.00000982471861,534,526,0.9850187265917603,0.12080904043236226,ok,1279.1364574963409,719.96947721859,-0.0004258657753551921
322,0.005138519853517209,0.002648141833446971,0.00014329786481488346,0.9999986292965704,601,599,0.9966722129783694,0.03461470261838991,ok,1279.1313189501816,719.9668291278017,-0.0005691636401700755
323,2.7684760875333723,-3.6172632251115147,-0.24910083496126806,0.997904926650983,461,448,0.9718004338394793,1.723054416051121,ok,1276.3471783690122,723.5720495525848,0.24853167132109805
324,-4.979890000016212,9.40235134544048,-0.18358782081232397,0.999149890208555,464,424,0.9137931034482759,0.8793016909703324,ok,1281.3978377363385,714.207523126192,0.4321194921334221
325,3.327478879628643,12.307844696995744,-0.22920833366151516,0.9990018999181204,521,467,0.8963531669865643,1.049395034471986,ok,1278.2126387794722,701.862092214923,0.6613278257949373
326,7.7787690038853725,5.216195589524887,-0.008946890045970584,0.9994620606130993,501,429,0.8562874251497006,0.7583283932443401,ok,1270.495422326745,696.5552556934405,0.6702747158409079
327,1.5483679598619347,2.470391853643605,0.24515398943920763,1.000064381571048,519,498,0.9595375722543352,0.4915408245192012,ok,1268.965426525241,694.073443432802,0.4251207264017002
328,-1.0499621699848376,2.0523233871887214,0.34093993231433584,0.9999976417131476,515,469,0.9106796116504854,0.34472867263683105,ok,1270.018402900138,692.0226648982182,0.0841807940873642
329,-1.5106636899281511,1.5919634711586923,0.6991697297526374,1.000192647510578,475,420,0.8842105263157894,0.3918795975835144,ok,1271.5118924272672,690.4145786101335,-0.6149889356652732
330,-1.5083335869592247,1.3644686983913061,0.6541178097734753,1.0003332554655295,478,437,0.9142259414225942,0.3975919103819734,ok,1272.9896353802226,689.0170376256079,-1.2691067454387492
331,-1.0675576642879605,1.2358522279664612,0.3216288762115724,1.0004499799045876,511,469,0.9178082191780822,0.460003711427142,ok,1274.0224743585368,687.7520262656492,-1.5907356216503217
332,-0.2813672857705569,0.752567170836528,-0.08537608539019151,1.0004794780855875,484,458,0.9462809917355371,0.7099215664475296,ok,1274.2839742525475,686.992327179461,-1.5053595362601302
333,0.7032502747185845,0.9375498031172356,-0.4913599667721957,1.000730830808099,456,409,0.8969298245614035,0.6990184673014938,ok,1273.5642425616816,686.0673694099494,-1.0139995694879342
334,1.4105721036894465,0.9518778614400389,-0.7425184961128385,1.0007287029550578,440,393,0.8931818181818182,0.7461882158937322,ok,1272.1491760847357,685.1221858359121,-0.2714810733750953
335,12.231961473382626,3.7426377096915076,-0.7256136748012174,0.9975120369162953,448,401,0.8950892857142857,1.9997318624508011,ok,1259.9472630791981,681.28271484141,0.45413260142612244
336,-1.5136159721014337,10.546419063583016,-0.5579218736247887,0.999255588749286,530,482,0.909433962264151,0.7264629473179002,ok,1261.646921843015,670.7646756485619,1.0120544750509115
337,-6.005506125627562,6.110792522065594,-0.24228613448298453,0.999600394871109,525,484,0.9219047619047619,0.6170696176827335,ok,1267.784757945349,664.786811727932,1.2543406095338963
338,-3.6948921767732372,3.5949844256267625,0.13447058797919212,0.9995664873784217,534,504,0.9438202247191011,0.4892767768959909,ok,1271.5492053803355,661.2647275824717,1.1198700215547042
339,1.4698660657902565,2.9344195399539785,0.4647080796331892,0.9998935071883192,525,490,0.9333333333333333,0.3063432559599524,ok,1270.112988981077,658.313692722914,0.6551619419215148
340,3.509024343223473,2.561083859469136,0.6810366455201823,0.9999917885238598,495,450,0.9090909090909091,0.3857163096412093,ok,1266.6028084133875,655.7541937956265,-0.025874703598667566
341,1.5022214217660803,2.294382858586914,0.4225013435811304,1.000163130025939,508,460,0.905511811023622,0.2846331890363085,ok,1265.0826781627336,653.4716369129096,-0.4483760471797982
342,-0.44056157598993195,2.059277954913682,0.28407398276402024,1.0002883693245221,476,456,0.957983193277311,0.4666815192387132,ok,1265.4968793387275,651.4068953834108,-0.7324500299438188
343,-0.3401121468141355,1.6269876378878507,0.1204637881902797,1.0003648902201452,486,468,0.9629629629629629,0.4273540561814306,ok,1265.8127351075887,649.7750252355352,-0.8529138181340987
344,0.2786572266522853,1.3909716930434115,-0.0584863801289626,1.0004574663376524,503,491,0.9761431411530815,0.5336610068203382,ok,1265.5148189408062,648.3880508095334,-0.794427438005136
345,1.26471227381262,1.2522949533647534,-0.2296560339727769,1.0005506937464426,510,474,0.9294117647058824,0.560714649801068,ok,1264.2378242856166,647.1482829133641,-0.5647714040323587
346,1.41173579363317,1.2199969497985421,-0.3289773484388013,1.000518091132436,483,441,0.9130434782608695,0.5412929634816144,ok,1262.82107970673,645.9341061112724,-0.23579405559355687
347,12.128893000738117,7.414417054691967,-0.3333729303020805,0.9976311464487917,423,376,0.8888888888888888,1.9869875699567578,ok,1250.704831580404,638.4990434332879,0.09757887470852414
348,-0.376252539694633,7.537084705963252,-0.13360550686913736,0.9995709894875928,499,454,0.9098196392785571,0.4868323396779567,ok,1251.11149257369,630.9635382295851,0.2311843815776618
349,-5.715126328869701,10.376099586283772,-0.16806182195254557,0.9993549881933906,468,419,0.8952991452991453,0.694643455978457,ok,1256.8987818984397,620.6275141462609,0.3992462035302078
350,-8.955522920741942,7.509117199629031,0.08280371471022059,0.9995803404859025,465,415,0.8924731182795699,0.6062408155595878,ok,1265.8956406018583,613.1679722452852,0.316442488819987
351,1.0578326294930775,3.531071814566644,0.25127787127895773,0.9999526367725484,518,489,0.944015444015444,0.46291312995966816,ok,1264.8418246747615,609.6356996024325,0.06516461754102874
352,3.4247875444011697,2.8623200462253635,0.3438077137447577,0.9999636597521961,502,456,0.9083665338645418,0.3837736754133084,ok,1261.4031575373294,606.7900689009439,-0.2786430962037296
353,1.0247840152219396,1.330168093906991,0.20992612335635027,1.0001212170461653,539,520,0.9647495361781077,0.3595516069402641,ok,1260.3670683848957,605.4686875388413,-0.48856921956008037
354,-0.4709684736242252,2.44968229896142,0.3973424480473138,1.0001845991130607,505,450,0.8910891089108911,0.3835362375764877,ok,1260.8001048976862,603.0120162039689,-0.8859116676073947
355,0.004090193479896698,-0.001963543016472613,0.0005346457911668779,0.9999965653687611,721,719,0.9972260748959778,0.0116085970646416,ok,1260.796045571281,603.0140427905118,-0.8864463133985616
356,-1.3412466926595243,3.432187788094666,0.13011388917522537,1.0006159404248944,537,514,0.957169459962756,0.6802561207554328,ok,1262.0761893758627,599.5585996144621,-1.0165602025737872
357,0.8444793627097624,1.1131269679913203,-0.31077601925554943,1.0004819361673383,515,468,0.9087378640776699,0.5550555303283252,ok,1261.2180626445738,598.4559593494803,-0.7057841833182372
358,1.4350982187274894,0.9987230399433429,-0.4290547085745183,1.0005764696090615,465,427,0.9182795698924732,0.6383626784070959,ok,1259.778157510135,597.4641792268092,-0.2767294747437179
359,5.544842410332876,9.184776315640647,-0.5001515527569071,0.9969733489387246,496,452,0.9112903225806451,2.5319240170973814,ok,1254.2691727497486,588.2578509557984,0.22342207801319014
360,-1.8539855719327534,5.949601034613352,-0.20754951126961907,0.9996449240536086,530,485,0.9150943396226415,0.4578523282666116,ok,1256.167857596661,582.3223635432845,0.4309715892828097
361,-12.786535919316975,9.65559424959224,-0.32722974617631423,0.9994778985348046,510,466,0.9137254901960784,0.8654564798761195,ok,1269.0810437827108,572.8368153960694,0.7582013354591246
362,-3.8548379538322024,0.8998228495484,0.03993446535455992,0.9997973452306432,571,552,0.9667250437828371,0.3414737780139031,ok,1272.9468588316117,571.9853867034774,0.7182668701045646
363,-6.174677631270015,2.2446876042031363,0.49276960734217795,1.000033210087454,501,450,0.8982035928143712,0.4791420036921204,ok,1279.130322967781,569.7650179126508,0.22549726276238538
364,-1.325773850819587,0.81046521361759,0.22368749717989267,1.0000172233324314,514,489,0.9513618677042801,0.369711698745241,ok,1280.4561224175918,568.9545945758185,0.0018097655824921071
365,-1.6928572115491534,0.9428523072782582,0.43720667321877066,1.0001654985418436,502,468,0.9322709163346613,0.3177870691139042,ok,1282.1417659820604,567.9989054079409,-0.4353969076362796
366,-0.8837997098526102,0.9194978306634312,0.3159639156187461,1.0002179296202038,493,452,0.9168356997971603,0.3953573099476536,ok,1283.0134320079258,567.0678970690508,-0.7513608232550265
367,-0.15525313753914816,1.0151254625804995,0.13340893328131842,1.0003575205688864,551,522,0.9473684210526315,0.4319264844271016,ok,1283.152991543044,566.0504952911613,-0.8847697565363452
368,0.37136632779493084,0.9528056554579507,-0.07460038902546424,1.0004489200671012,562,545,0.9697508896797153,0.4777247348523405,ok,1282.7681900005275,565.1030358781152,-0.8101693675108808
369,0.685971641506967,0.9754002153393913,-0.3205837623757625,1.0005283165035586,504,465,0.9226190476190477,0.5502133138006836,ok,1282.0739088248467,564.1335327465415,-0.48958560513511756
370,1.0326713496715456,1.1243951538795045,-0.4298106935998081,1.0005562331097309,484,438,0.9049586776859504,0.5660759006796103,ok,1281.0400649907467,563.0102155583915,-0.05977491153530854
371,-4.720544726578282,5.001882449744471,-0.44015834588851366,0.9967193359348372,465,423,0.9096774193548387,2.5886994334324256,ok,1285.7937126576476,558.039782537451,0.380383434353206
372,-2.8145029025940858,5.2269768209100675,-0.1677540777626466,0.9996345181264535,537,487,0.9068901303538175,0.5018669086384143,ok,1288.6580914660592,552.8399702988249,0.5481375121158529
373,-4.737576140640385,7.076675001934973,-0.2570662996506767,0.9993468654390391,472,414,0.8771186440677966,0.7692993348646456,ok,1293.4946482584974,545.8305712400684,0.8052038117665301
374,-0.951906355697929,0.49675931627984937,0.09155929116404007,0.9998782410635567,533,511,0.9587242026266416,0.280783335359451,ok,1294.4526679757969,545.3457065686456,0.71364452060249
375,-0.9061548361294172,0.5482395302547047,0.2518132389468849,1.0000604631881813,537,517,0.962756052141527,0.40432982105331533,ok,1295.363212399038,544.8047888088348,0.4618312816556045
376,-0.6186763910113768,0.4141441611728851,0.3293410538847092,1.0001553696450243,508,455,0.8956692913385826,0.348086532801656,ok,1295.9828447982263,544.3920763751656,0.1324902277708946
377,-0.25348804951499915,0.34618537692267637,0.04888423568729663,1.000133559561302,601,572,0.9517470881863561,0.21825147389593,ok,1296.2368377313362,544.0462612563922,0.08360599208359787
378,-0.21174827640152216,0.7625221465161758,0.08444157011069617,1.0003659922311345,523,503,0.9617590822179732,0.4056397978238847,ok,1296.4485748874065,543.2837360219075,-0.0008355780270984477
379,0.00646181272782087,-0.0011668843176266819,0.00013346817869009061,1.0000028912273644,694,692,0.9971181556195965,0.007780291401383702,ok,1296.4421130944154,543.2849030155139,-0.0009690462057885384
380,0.5077336264189398,2.2151173769950674,0.017461563221366605,1.0011237655805714,526,504,0.9581749049429658,0.9325400555067922,ok,1295.9336669467993,541.0699490782422,-0.018430609427155173
381,0.7319279262683267,1.4621379117410243,-0.09504553665122695,1.0007783895238287,538,514,0.9553903345724907,0.7610822162993629,ok,1295.2036948198866,539.6068337525987,0.07661492722407191
382,0.8406668062505105,1.7203076764353682,-0.12413694168287502,1.0007016327104536,530,492,0.9283018867924528,0.7192219052224313,ok,1294.3690607430221,537.883591129382,0.20075186890694713
383,-4.576139472834711,1.5891782528753993,-0.43465125657414977,0.9973474722708278,469,419,0.8933901918976546,1.9746963815028526,ok,1298.9625422491572,536.3452583802532,0.6354031254810976
384,-5.6905769726488415,7.139336402331537,-0.3259949235449983,0.9997284632395951,475,414,0.871578947368421,0.5151344535901123,ok,1304.7721074511455,529.3024079124993,0.9613980490260964
385,-3.257339746174921,3.03648968138657,-0.13703909361629793,0.9999664800935922,509,449,0.8821218074656189,0.3529626294286128,ok,1308.0870586382289,526.3289199884555,1.0984371426423944
386,-1.8753569961425,0.945415969369833,0.096218848456245,0.9999432990975021,540,520,0.9629629629629629,0.29494917094014417,ok,1309.9786651212346,525.4164507387977,1.002218294186149
387,-1.7016955971832886,0.7841585617957207,0.2907057395468328,1.0000737005242624,533,488,0.9155722326454033,0.31466918825462387,ok,1311.6899671250362,524.653484155456,0.7115125546393157
388,-1.5488864587625812,0.7160777960373252,0.40167114312619323,1.000160564658504,533,478,0.8968105065666041,0.3763384023239428,ok,1313.242703289024,523.9457927840518,0.309841411513122
389,-1.0263347699471979,0.8380643749255796,0.1503320808080785,1.0001539579913692,551,524,0.9509981851179673,0.3299030438465073,ok,1314.2713672189002,523.1105889311551,0.15950933070504322
390,-0.6145423904238214,0.8553559705462703,0.10757900578488998,1.00025475155859,573,547,0.9546247818499127,0.3993211156407869,ok,1314.8866846130913,522.255790305523,0.0519303249201531
391,-0.15888567333036008,0.8827951003283943,0.03490376592138193,1.0003250020278456,594,555,0.9343434343434344,0.34875731513713915,ok,1315.0458326191938,521.3730424601517,0.01702655899877111
392,0.019143897849971836,0.5296720215983441,-0.011995384679664545,1.0001534391598212,592,578,0.9763513513513513,0.2628775285016189,ok,1315.0269570177484,520.8433608095739,0.029021943678435674
393,0.7928159858522577,1.6952573560868132,-0.1725150900139378,1.0006815089538506,539,494,0.9165120593692022,0.6301579952423783,ok,1314.240108966218,519.1453252285,0.20153703369237363
394,0.8425976056873878,1.304071965770845,-0.19555910418300287,1.0004102478904922,470,413,0.8787234042553191,0.4670275357302717,ok,1313.406569571513,517.8354448925552,0.3970961378753767
395,-6.063190282711275,6.683150126908231,-0.5198749176758264,0.9966759374490995,432,378,0.875,2.7608993554895953,ok,1319.575937043662,511.2501827856414,0.9169710555512036
396,-0.061809655135903085,4.861954544275022,-0.19496243979208125,0.999753735211925,478,433,0.9058577405857741,0.361778789942268,ok,1319.7320846051957,506.39034324476245,1.1119334953432851
397,3.368734704405142,6.042784069649315,-0.23051125505438613,0.9996556361393004,506,442,0.8735177865612648,0.5072235770144432,ok,1316.5058444894269,500.2702952436048,1.3424447503976713
398,4.145623972010526,1.667236016872721,0.04794224771473356,0.9999618360602036,536,488,0.9104477611940298,0.3635590885146276,ok,1312.398943767427,498.5098292504934,1.2945025026829375
399,-1.9331710569174447,1.0336135108856297,0.35645607649770034,1.0000590663967202,526,469,0.8916349809885932,0.3066620095571655,ok,1314.3487773073402,497.5080027226867,0.9380464261852369
400,-5.489403497655758,0.8387618579795344,0.48091485330201783,1.0001149482194251,489,432,0.8834355828220859,0.4277598750709681,ok,1319.8446980395017,496.71306403305573,0.4571315728832184
401,-2.5594147975662054,0.28196909227449396,0.25891604133039425,1.0001113661094645,530,484,0.9132075471698113,0.27754537682710023,ok,1322.4050729952237,496.4399509408927,0.19821553155282373
402,-2.6325408052464354,0.779718585305659,0.6085606234375915,1.000501051897717,508,464,0.9133858267716536,0.48159824226802644,ok,1325.0319620883738,495.6413985907952,-0.4103450918847687
403,0.31661212135304595,0.6771811601711306,0.13046584478522186,1.0005129140923616,523,497,0.9502868068833652,0.5092125667558483,ok,1324.7089722992898,494.96723603233784,-0.5408109366699908
404,0.3939043641571516,0.2914140190307535,-0.03195848722099574,1.0002125947517386,569,553,0.9718804920913884,0.2873516211760249,ok,1324.3124954118198,494.67933178385954,-0.508852449448995
405,1.4237910886229201,1.13204345324732,-0.4989495168217016,1.000806968234512,529,471,0.8903591682419659,0.729419327499484,ok,1322.8885086834548,493.5475344338346,-0.009902932627292686
406,0.5026273128760295,0.42946072936433666,-0.23630213639455702,1.0002364380853612,494,455,0.9210526315789473,0.3796260134411375,ok,1322.3875822661596,493.11609097500025,0.22639920376726477
407,2.4688398218966086,0.5326159656775644,-0.4558240208857223,0.9980723346508438,473,431,0.9112050739957717,1.5844784492885238,ok,1319.9252591858874,492.55411688179254,0.682223224652988
408,-8.637104943262102,14.303073541272397,-0.2712733303675906,0.9993965647898526,485,432,0.8907216494845361,0.756583042235561,ok,1328.79918397534,478.39675295487757,0.9534965550205791
409,2.6710988297386393,5.637540947904199,-0.13273599526042146,0.9996965097716589,499,462,0.9258517034068137,0.4257042307100676,ok,1326.235437136825,472.7095885431928,1.0862325502810009
410,2.1037051233172406,0.9177718675905453,0.06916043413921341,1.0000820819624683,549,528,0.9617486338797814,0.3073962724342203,ok,1324.1483541998932,471.7546198205739,1.0170721161417875
411,-2.8885650193033143,-0.0925484732458699,0.24739285371253067,1.0000193855416164,511,473,0.9256360078277887,0.3199839919334933,ok,1327.0354153851613,471.88596213349047,0.7696792624292562
412,-6.34649363792505,-0.08628631727322045,0.3341119349458198,1.0001145883560227,501,465,0.9281437125748503,0.42869365645102314,ok,1333.3810696871903,472.0204920703587,0.43556732748343596
413,-5.850423159287175,-0.17390502087482673,0.45662452004305804,1.0002772568693614,554,499,0.9007220216606499,0.40653293986915934,ok,1339.2315563644818,472.1922469475719,-0.021057192559622726
414,-1.2245580759667973,0.11885619149450122,0.15668050470662268,1.0000757385047312,527,510,0.967741935483871,0.3855510475161677,ok,1340.4557398442928,472.06959262261944,-0.1777376972662457
415,-1.368430130682782,0.14746396775308312,0.19106853851983216,1.0002497732052438,527,510,0.967741935483871,0.46020115584609433,ok,1341.8231924239035,471.91332334585036,-0.3688062357860782
416,-0.10656825795967961,0.14789132900295954,-0.033237230607959634,1.0003725361909357,537,522,0.9720670391061452,0.41978140829427124,ok,1341.9288926915015,471.76481040961755,-0.33556900517811844
417,0.597768858896643,0.4424819754831333,-0.283047529520207,1.0004940261262942,489,440,0.8997955010224948,0.5130328245734873,ok,1341.3307184726734,471.32287657834496,-0.05252147565791088
418,0.7753763843454635,0.790965021218426,-0.4065869673259792,1.0004989226626715,502,466,0.9282868525896414,0.5236544879974514,ok,1340.560244716284,470.52713516751663,0.35406549166806917
419,2.2604182315128583,-3.970843928798331,-0.21454478268839144,0.9985469715321972,521,503,0.9654510556621881,1.2843354364279005,ok,1338.2605313055558,474.4753512604816,0.568610274356461
420,5.47607582370847,10.950730484361088,-0.09363074434094666,0.9989084097760267,469,430,0.9168443496801706,0.9481984087547722,ok,1332.911390122209,463.4620596013661,0.6622410186974078
421,-3.025936782127701,2.834406876239882,-0.024179101076652526,0.999696290046738,530,478,0.9018867924528302,0.38532223812736827,ok,1335.9710659618556,460.6641068666344,0.6864201197740605
422,-14.017786918153206,2.4504283485434826,0.01870651698206328,0.9996807584500551,526,462,0.8783269961977186,0.759116647130065,ok,1350.0164571629712,458.3772017129998,0.6677136027919972
423,-2.739168290393991,-0.11770053311340689,0.03591419132451435,0.9997946694975397,532,518,0.9736842105263158,0.2981278963313145,ok,1352.75416106633,458.52509923200915,0.6317994114674829
424,-2.091904447758907,-0.0763296057482421,0.10898681951650249,0.999865333257907,532,505,0.9492481203007519,0.3318554279727328,ok,1354.845281943819,458.62051360722285,0.5228125919509801
425,-0.7966043082808483,0.18942415138849356,0.11668435359461038,1.000068891054736,548,514,0.9379562043795621,0.329260630407448,ok,1355.6432089192556,458.43674071756953,0.4061282383563695
426,0.17505435659290924,0.24917653165732645,0.11189932585487404,1.0002635693772097,532,511,0.9605263157894737,0.3668010590802834,ok,1355.4694364522993,458.18666852515526,0.29422891250149535
427,0.7588591909554907,0.6292432443249254,0.05480788484304971,1.0004507245199128,521,505,0.9692898272552783,0.3870894659592622,ok,1354.7132132885097,457.5542597500942,0.23942102765844558
428,1.348731083495295,0.7404345350222457,-0.013214868642028336,1.0006864044426853,500,481,0.962,0.5844363670704777,ok,1353.367760124422,456.8078854341599,0.25263589630047395
429,1.10436502952939,1.1583683034682508,-0.0772836182272927,1.0007686163494278,498,468,0.9397590361445783,0.6306983534114702,ok,1352.2700834617858,455.6431772349824,0.32991951452776674
430,0.35095180764983525,0.7033001891186359,-0.05245985177918475,1.0003478475166667,526,501,0.9524714828897338,0.39275841983197585,ok,1351.9238331048296,454.9375505506694,0.3823793663069516
431,8.175260766770634,3.729919641801189,-0.24620370599434557,0.9992133190585668,450,397,0.8822222222222222,1.0223539623717262,ok,1343.7899838645012,451.1181676588132,0.6285830723012973
432,-5.000466464324063,9.667477615809048,-0.1026577118344864,0.9989794213128083,476,428,0.8991596638655462,0.8851378994260211,ok,1348.9134214960577,441.51529438314486,0.7312407841357838
433,-4.805406725336525,2.6888184701101636,-0.026878744290030884,0.9995623924455975,448,405,0.9040178571428571,0.47935768739485823,ok,1353.7539841209993,438.89029304312004,0.7581195284258146
434,-11.486728387281119,2.5814286224705256,0.04334247809168729,0.9993597553505694,475,422,0.888421052631579,0.769741767361168,ok,1365.272021711173,436.4523609588673,0.7147770503341273
435,-2.5449380762524925,0.8889759805508675,0.11361932084069175,0.9995768692900328,478,462,0.9665271966527197,0.3609068330062836,ok,1367.8261468342257,435.5901353725224,0.6011577294934355
436,-0.8121442705330537,0.24328875765991143,0.07629898946997493,0.9998869755796991,490,470,0.9591836734693877,0.26810533873223835,ok,1368.6404856481408,435.3542963767764,0.5248587400234604
437,-0.9034796449504938,0.6078234512090148,0.18415761270699232,1.0000005842877988,487,466,0.9568788501026694,0.4273556612095027,ok,1369.5475636335916,434.75185605193917,0.3407011273164679
438,-0.1994259982238873,0.7159351698254568,0.1616533941628905,1.0002293646708276,495,484,0.9777777777777777,0.3587863773558588,ok,1369.7492259321225,434.0365475775648,0.17904773315357725
439,0.7101806329842475,0.4550530599725562,0.08707880519415734,1.000639463170642,497,479,0.9637826961770624,0.5445721848715621,ok,1369.0397766469732,433.5803551503402,0.09196892795941981
440,0.5276431518766458,0.23685736895072296,-0.007059455071050547,1.0004015461062168,502,490,0.9760956175298805,0.38260625022958633,ok,1368.5125436604856,433.34258617232206,0.09902838303047039
441,1.1194642087987177,1.1036713179298658,-0.18963322624942214,1.0013528294540968,451,417,0.9246119733924612,1.0423842953328417,ok,1367.3986540369885,432.2332889175393,0.2886616092798927
442,0.3726493605563519,0.42234961376721003,-0.09391081697994952,1.0004476432019105,489,461,0.9427402862985685,0.48963145541971603,ok,1367.0288330536794,431.8084605022038,0.38257242625984234
443,2.899137962363966,-0.7347962557620349,-0.18224583243229775,0.9984037861541144,438,392,0.8949771689497716,1.30505037245005,ok,1364.1225924989378,432.5146419946514,0.5648182586921403
444,3.972133363368812,14.1436604280035,-0.11415051703883038,0.9989154765921265,463,416,0.8984881209503239,0.9773440049745493,ok,1360.3183398891565,418.3249050048398,0.6789687757309707
445,-3.109844250197284,4.432968487423977,-0.02562041445435365,0.9997223178550052,445,409,0.9191011235955057,0.43267350251480974,ok,1363.4824616157507,413.9305137420736,0.7045891901853243
446,-13.411600525532549,6.222786417821112,0.02465077487377078,0.9997375651385997,445,398,0.8943820224719101,0.7497388005443215,ok,1376.9669628713402,407.86731942337605,0.6799384153115534
447,-2.181981954227467,0.99334448455852,0.04457974553691576,0.9998394583192246,530,501,0.9452830188679245,0.2851228820933944,ok,1379.1598257410792,406.8982317348267,0.6353586697746377
448,-2.4382666466167393,2.702762479459011,0.17845121644033493,0.9998498760010875,482,461,0.9564315352697096,0.41486906075204466,ok,1381.619567916964,404.21499904112505,0.45690745333430266
449,-0.46728311293895786,1.4546542776816977,0.38201552577123965,1.0000807041224835,482,447,0.9273858921161826,0.2579358145291569,ok,1382.088752024375,402.76095679670146,0.07489192756306272
450,0.3760476095494596,1.248997383754272,0.2829297543518005,1.0002315684769627,483,434,0.8985507246376812,0.32630090647308924,ok,1381.7081718627858,401.513333051385,-0.20803782678873792
451,0.9571638631450696,1.1480641687996922,0.10346133677133083,1.0004478978909226,479,456,0.9519832985386222,0.43894442572088865,ok,1380.7447805116476,400.37048962328805,-0.31149916356006885
452,0.6310182105144122,0.45376021367906105,-0.027766754972000544,1.0003193596435298,473,463,0.9788583509513742,0.3261045465688498,ok,1380.1115229975665,399.91985980361505,-0.2837324085880683
453,1.1521310352984528,0.996137642645408,-0.21329025235206178,1.000689000979342,471,429,0.910828025477707,0.6091092251154004,ok,1378.9581681343304,398.9251393981528,-0.07044215623600639
454,0.8030312113883156,1.0311388711618292,-0.3529938840662291,1.0007673690267236,477,425,0.8909853249475891,0.7115664076803133,ok,1378.160231684873,397.8900529666352,0.2825517278302229
455,2.0794895381920924,-2.9683013895648855,-0.3190632827125307,0.9997374072067943,453,438,0.9668874172185431,0.6023994873573663,ok,1376.0496897060414,400.8363561476287,0.6016150105427537
456,-7.43321361395283,15.257145798401666,-0.17611684275653558,0.9989615385140207,434,393,0.9055299539170507,1.013367694550219,ok,1383.6893123902873,385.68151112081665,0.7777318532992894
457,-1.1080310906700106,4.403273140298666,-0.04838520128273378,0.9995095915746218,438,400,0.91324200913242,0.4957900287048872,ok,1384.8607145368824,381.2946712266651,0.8261170545820232
458,-1.0832285332776337,5.6135309035272485,0.045762646716426346,0.9989186880420744,472,433,0.9173728813559322,0.9284235137232271,ok,1386.0202951484096,375.6964138133684,0.7803544078655967
459,-0.29881521847210024,1.02071150237839,0.07075771749941757,0.9998044144230263,520,502,0.9653846153846154,0.2737867582598188,ok,1386.3317284337877,374.6794812617029,0.7095966903661791
460,-1.4594507961521686,2.952571149952746,0.35160510740705914,0.9994824405966747,500,470,0.94,0.6598390155458154,ok,1387.8095986758842,371.7360865261215,0.3579915829591197
461,-0.5375512021923896,0.6898645795877201,0.27557150438085753,0.999923586119957,537,498,0.9273743016759777,0.21185369299839635,ok,1388.3481416929592,371.04699592837113,0.08242007857826207
462,-0.9044619652986512,1.6797781904975864,0.42867230236831416,1.000109284340579,497,456,0.9175050301810865,0.2841257955562219,ok,1389.2424358992596,369.3617825624969,-0.34625222379005227
463,-0.4769361421483609,1.3870519414450655,0.2282414998514369,1.0003352699001975,457,434,0.949671772428884,0.45583874533226015,ok,1389.7054405976871,367.9700182788671,-0.5744937236414893
464,0.10450334591337196,1.3719232945311433,-0.05170608585527146,1.0005694227001374,446,426,0.9551569506726457,0.5638879152972651,ok,1389.5884238459303,366.5991056065234,-0.5227876377862177
465,0.55828541328151,1.460848372995315,-0.3345818697344599,1.0007972114396029,454,411,0.9052863436123348,0.7389928793828637,ok,1389.0253428434025,365.14009897317385,-0.18820576805175754
466,0.8810499328637889,1.4532360437951866,-0.4762577708373162,1.0009668272873116,433,389,0.8983833718244804,0.8061588844219741,ok,1388.1516100942165,363.6824518738439,0.288052002785559
467,0.49353928722121054,0.7596890700687027,-0.21032909077239145,1.0004006200291897,479,435,0.9081419624217119,0.39597522503716337,ok,1387.664697467213,362.9184985998293,0.4983810935579507
468,7.23780088079161,4.148250873624079,-0.43157454784002053,0.9971690877212755,445,395,0.8876404494382022,2.360344412273135,ok,1380.4951763467855,358.6533240659733,0.9299556413979715
469,-4.378245254504691,12.048973629001921,-0.184400394927167,0.9995779026194979,443,405,0.9142212189616253,0.5126750840610059,ok,1385.1069214521144,346.691777171677,1.1143560363251388
470,-11.73913892323526,6.406487208199792,0.15044703844772453,1.0001030753125943,479,438,0.9144050104384134,0.5206664102264935,ok,1396.9521728932996,340.48367929044593,0.9639089978774139
471,-1.9095709706500656,1.3660365499287082,0.13779982443374034,0.9999615745330488,491,474,0.9653767820773931,0.2757118921292039,ok,1398.8812406554487,339.1453165904549,0.8261091734436736
472,-1.614345644717332,1.5361386895607438,0.405177218375884,0.9999918090036556,484,429,0.8863636363636364,0.314008065321103,ok,1400.5068281041724,337.62107927929384,0.4209319550677893
473,-0.3775260144498134,1.323259430176904,0.3196745736090859,1.0001056457717354,476,439,0.9222689075630253,0.25303854341517684,ok,1400.8866920907597,336.2984891073838,0.1012573814587032
474,0.3893671569919661,1.3358148935726604,0.21777108141303236,1.0002275104931873,481,457,0.9501039501039501,0.4088310396734051,ok,1400.4946092974296,334.9634687719548,-0.11651369995432932
475,0.9044228419397768,1.049121192091775,0.10106509838922093,1.0003614521834452,473,455,0.9619450317124736,0.37787378830380486,ok,1399.586208983795,333.91778965152304,-0.21757879834355034
476,1.2083991808597148,1.0974719035365297,-0.03109371334980135,1.0004518724116034,484,473,0.9772727272727273,0.4409458216890521,ok,1398.3742441816578,332.82425662608,-0.18648508499374894
477,1.190973227169252,0.713722976138456,-0.17721292781125164,1.000485556945381,492,463,0.9410569105691057,0.6274602467319919,ok,1397.183155468529,332.11072639409275,-0.009272157182497106
478,0.3311130821593906,0.44778548850024436,-0.11620716566300962,1.0002269996988347,483,462,0.9565217391304348,0.3781951732201967,ok,1396.8528786950715,331.6623237069878,0.10693500848051266
479,3.616611485869498,-6.311046910724485,-0.35337184732630594,0.9991593924857887,468,446,0.9529914529914529,1.0604009636104188,ok,1393.1856823358617,337.94411187693464,0.46030685580681896
480,1.736189732049752,13.359019606107154,-0.25830376470551125,0.9992266441706585,450,406,0.9022222222222223,0.6785009172367659,ok,1391.6171752100586,324.56436804462106,0.7186106205123306
481,-11.244503480925005,6.467032008295291,-0.11461949209114852,0.9997756932974311,423,382,0.9030732860520094,0.6441948663697681,ok,1402.9545338783664,318.2615385248744,0.8332301126034792
482,-10.365471411083035,2.071647369635457,0.05917733563402665,0.9998561261447527,447,408,0.912751677852349,0.5563506687911707,ok,1413.3470460098636,316.33011107483077,0.7740527769694525
483,-2.51949098936484,0.8205494801921986,0.08010166939024775,0.9997962286633161,481,461,0.9584199584199584,0.3088035422936158,ok,1415.8762902364772,315.5401364315188,0.6939511075792046
484,-2.841776932818675,1.3570644915912453,0.23810818054851862,0.9997996627781927,458,444,0.9694323144104804,0.4183400603497304,ok,1418.7287738682107,314.2057237139052,0.4558429270306858
485,-1.9689753910543004,1.5777958151713847,0.3127907987635501,1.000100155053439,462,415,0.8982683982683982,0.33466419329206953,ok,1420.7016824493658,312.632848812537,0.14305212826713531
486,-0.037320711815482355,1.0199359764983456,0.10911175485943471,1.0002813857239117,467,439,0.9400428265524625,0.4132166961182545,ok,1420.7396073353627,311.61293512270424,0.033940373407700404
487,0.2200391987223611,0.38999367598069057,0.025639377558905222,1.0002107404656626,495,474,0.9575757575757575,0.2766302867394673,ok,1420.5196246411197,311.2229095716017,0.008300995848795137
488,0.6838414983369603,0.7988371591303576,0.0010301936423966847,1.0005148234151002,439,423,0.9635535307517085,0.4660124162244448,ok,1419.835884520275,310.42398563980197,0.007270802206398449
489,0.5185999866992006,0.8182460051685894,-0.06166633886703276,1.0004817796489935,454,442,0.973568281938326,0.5226346224395523,ok,1419.3182694060129,309.6051162578699,0.06893714107343131
490,0.6442543472335274,0.9327669777495657,-0.12753207086337062,1.0006905508647133,474,458,0.9662447257383966,0.7686978057765186,ok,1418.677217330434,308.670145597846,0.19646921193680217
491,2.7717288211449613,-5.204106020613722,-0.3061868845054603,0.9995727298822016,473,453,0.9577167019027484,0.6844326243212976,ok,1415.8599401157835,313.84973527537517,0.5026560964422632
492,0.0016508727999280381,-0.0013705132107588724,0.00019328329991998852,1.0000016005161758,650,650,1.0,0.004123561786578423,ok,1415.8582772877241,313.85109125852665,0.5024628131423432
493,-6.341580306432434,19.594552145354214,-0.3392457175114296,0.9981978135130892,424,379,0.8938679245283019,1.4456226302199884,ok,1422.4870183918579,294.3518116324913,0.8417085306537734
494,2.5781234410751495,1.478794264602584,0.06330613724078694,0.999598292495172,466,448,0.9613733905579399,0.6181489499777787,ok,1419.9292226848713,292.83812934225847,0.7784023934129863
495,-2.766713672664082,0.9271258917447085,0.19799141575220908,0.9995238693116046,461,452,0.9804772234273319,0.4952481853011418,ok,1422.7051861018565,291.9390775788937,0.580410977660777
496,-6.542914620970123,0.5120313513955352,0.2929291633955994,0.9998888024323145,487,440,0.9034907597535934,0.43878816869129855,ok,1429.2505874715978,291.45988163660263,0.28748181426517694
497,-5.35471626022786,0.4290732064267786,0.1408203845510757,1.0001193868069675,470,428,0.9106382978723404,0.3355331693683452,ok,1434.606384497415,291.04451642108336,0.14666142971410093
498,-1.8013658921643128,0.34660243667360646,0.09010853216113385,1.000178353985046,483,468,0.968944099378882,0.39109820841260867,ok,1436.4080916205266,290.69969216281476,0.056552897552966906
499,-0.3572489989637688,0.1329127767094178,0.022273549292544447,1.0001915136447408,523,506,0.9674952198852772,0.2727240527092355,ok,1436.7654200755994,290.5669931474881,0.03427934826042242
500,0.03900766091555852,0.23469151948688705,-0.007744636170133183,1.0005247891470883,464,447,0.9633620689655172,0.5427295937514913,ok,1436.7265845612733,290.33227308069337,0.04202398443055562
501,0.9481956694990004,0.3651599836986179,-0.12929168236582303,1.0011961773206048,480,456,0.95,1.0830006835272403,ok,1435.7794849652375,289.96427960719103,0.17131566679637897
502,0.44343956127545425,0.19371711831831817,-0.06944556469595474,1.0004541765031267,476,461,0.9684873949579832,0.5133235840682316,ok,1435.336863330658,289.7687008378018,0.2407612314923339
503,2.4869187076471917,-0.6688270311530005,-0.3603772952554885,0.9978701761972277,451,415,0.9201773835920177,1.5897867468235494,ok,1432.8430643984834,290.41139916667083,0.6011385267478233
504,-8.109724320433543,12.659931538988417,-0.3645327106430249,0.9993998079982256,445,390,0.8764044943820225,0.7563159631734802,ok,1441.16499910301,277.88994166768526,0.9656712373908491
505,-3.483055072969819,4.643490664042133,-0.169546058247677,0.9996266575991374,468,422,0.9017094017094017,0.5852912204269366,ok,1444.7393672928986,273.31636864088244,1.1352172956385267
506,-1.9317762703956305,0.13508598533792338,0.10284477972116474,0.9997421883186278,484,466,0.9628099173553719,0.3174944341825736,ok,1446.6732638754297,273.21611002343707,1.0323725159173618
507,-0.9727754127545722,-0.30232913871316214,0.1342265179707892,0.9999520726427753,465,439,0.9440860215053763,0.34986197247785067,ok,1447.641180775194,273.533650236521,0.8981459979465722
508,-2.1909331211682,-0.40612162249829,0.3901113470548477,0.9999602402075302,455,418,0.9186813186813186,0.36535226421980405,ok,1449.828426786248,273.9591823749328,0.5080346508917235
509,-1.8667857297839419,-0.472196535448802,0.3891575971155634,1.000160286508655,464,432,0.9310344827586207,0.31701676319404987,ok,1451.6942287872068,274.43525109080525,0.11887705377615904
510,-1.4555148053937046,-0.14878483336565296,0.30225221304241334,1.0004177567753303,500,443,0.886,0.4217664888358658,ok,1453.150212323131,274.5793767945428,-0.18337515926625517
511,-0.7839993249590407,0.2917036879267698,0.12722887094677177,1.0003698015804314,483,464,0.9606625258799172,0.5035156629173017,ok,1453.9326187917386,274.2834273039748,-0.31060403021302724
512,-0.2050570155636251,0.4064013001463991,-0.03530781670402297,1.0005137539531945,474,463,0.9767932489451476,0.5299260208450911,ok,1454.1357207605447,273.8760454356258,-0.27529621350900424
513,0.2792212478229885,0.9421561058192083,-0.22406905306109326,1.000793705338087,450,404,0.8977777777777778,0.723826858030767,ok,1453.8556572590403,272.93413935320916,-0.05122716044791039
514,0.46189533172218944,0.6311598927082969,-0.19218137534124596,1.0005188686967867,443,405,0.9142212189616253,0.5402602425947937,ok,1453.3953160494957,272.3018450558879,0.14095421489333607
515,3.3725397030327713,-3.0546930244257737,-0.3725100962300534,1.0004843376122754,456,430,0.9429824561403509,0.7250317943694684,ok,1449.9955370702528,275.32619232667287,0.5134643111233902
516,-8.099420421793866,11.229970894204826,-0.337119138734941,0.9990624962951036,409,356,0.8704156479217604,0.8635695161552277,ok,1458.2607732041001,264.2176942686364,0.850583449858332
517,3.472075533708903,5.129009004681166,-0.24003226631948676,0.9986649048572249,453,397,0.8763796909492274,1.0913494727377806,ok,1454.8869506064184,259.0235280255082,1.0906157161778194
518,0.6948099795806684,0.1658971190831835,0.03190480204163873,0.9996893958399119,460,439,0.9543478260869566,0.49274929394382005,ok,1454.1953245111695,258.8448212651006,1.0587109141361808
519,-2.1014086284453697,0.45157152336093986,0.20011408364155386,0.9995515034271504,473,449,0.9492600422832981,0.5418198838049464,ok,1456.3032638976717,258.42478959100004,0.8585968304946265
520,-5.580570783067515,0.14962824068788905,0.37808821788620656,0.9998625403779765,457,401,0.8774617067833698,0.44577457300950213,ok,1461.8848932698284,258.32196728254667,0.48050861260841915
521,-4.602836577099879,0.6553134057364787,0.2400163068394773,0.9996758230768994,452,418,0.9247787610619469,0.5722318133103367,ok,1466.4904398935382,257.6859794587162,0.24049230576894137
522,-1.7008813001289127,0.5847409722491648,0.13519474942915916,1.0000980160507968,479,461,0.9624217118997912,0.3821008621544327,ok,1468.1923929512836,257.1043653332124,0.10529755633978187
523,-0.3096319434118868,0.6223322594254341,0.06305521634735005,1.0004960026482643,503,477,0.94831013916501,0.4903176853261031,ok,1468.5024836361101,256.4822615246027,0.04224233999243164
524,0.21435237728883294,0.3555677787833247,-0.0020093788892374784,1.0003204795608605,491,471,0.9592668024439919,0.4036887879491711,ok,1468.2884059413018,256.1265282993569,0.04425171888166912
525,0.8721506166748441,1.432260225644768,-0.11734772954727604,1.001152346995342,475,443,0.9326315789473684,1.130374234728251,ok,1467.4202983957343,254.69181392309275,0.16159944842894547
526,0.9051833974403962,1.0757578124691918,-0.1377207934866436,1.0009099647905784,461,428,0.928416485900217,0.9782176468982778,ok,1466.5207472165216,253.61134202152982,0.29932024191558937
527,2.4943431530891758,-1.851871513066726,-0.25592713317586663,0.997729489080911,466,407,0.8733905579399142,1.7997058753134982,ok,1464.0085751774668,255.4389545385755,0.5552473750914566
528,-11.489991272572297,14.651222000518942,-0.4103552799408847,0.9992819307545294,395,348,0.8810126582278481,0.9620266487289881,ok,1475.7438393439943,240.9834441534628,0.9656026550323422
529,1.9754646839999168,6.220931264696333,-0.25935701176399956,0.9996817673548651,462,412,0.8917748917748918,0.4216243776994263,ok,1473.9018168837654,234.72170319955706,1.2249596667963423
530,2.2158082110308897,0.26895730367766646,-0.009515700350462192,1.0000180594761485,557,540,0.9694793536804309,0.32544668065853344,ok,1471.6923173732464,234.40507096447925,1.2344753671468045
531,-1.775984958494746,0.4812357137203662,0.21324251000301847,0.9999030896104563,528,488,0.9242424242424242,0.41620023963340536,ok,1473.4765972638204,233.95556495000096,1.0212328571437854
532,-7.366616567943993,-0.015239442390907243,0.4671344360204721,1.0000443357189306,478,411,0.8598326359832636,0.4693476828936018,ok,1480.8427219764333,234.04204395293084,0.5540984211233123
533,-8.585225028743707,-0.3701043267348041,0.3833345646579532,1.0005772946339804,496,435,0.8770161290322581,0.5728768086394861,ok,1489.4268058209004,234.43773393005068,0.17076385646535824
534,-1.5471378060610732,-0.0184663339131248,0.07998259017327464,1.0001593263156021,482,454,0.941908713692946,0.4179416599483574,ok,1490.9739124263374,234.4586515744008,0.09078126629208341
535,-0.2289212097921336,0.02061344790581643,0.01560487853591607,1.0002230998138626,537,517,0.962756052141527,0.2848584249718681,ok,1491.2028604854727,234.43833850605984,0.0751763877561673
536,0.056776375134177215,0.08791604020029808,0.00038038817015940166,1.0003886439002585,527,510,0.967741935483871,0.4035948087771417,ok,1491.1461989274885,234.35034842284205,0.0747959995860079
537,0.45023401171260957,0.29427887932683916,-0.06256052337558742,1.0006097234625315,526,504,0.9581749049429658,0.5692155642553728,ok,1490.6966716905781,234.0549910335722,0.13735652296159542
538,0.5901944727802402,0.5431214195461962,-0.0957706244814556,1.0006083923371902,506,484,0.9565217391304348,0.6012795367390718,ok,1490.1086919693012,233.50947271175568,0.23312714744305124
539,1.3238667683469885,-2.1400558228363025,-0.35474242757443325,0.9995301552769107,488,448,0.9180327868852459,0.6446539617320028,ok,1488.762937740841,235.63583291213797,0.5878695750174854
540,3.6029677311880732,13.658884703699755,-0.4128141993590639,0.998816802489775,486,442,0.9094650205761317,1.0322017775461632,ok,1485.399062898944,221.9161079196682,1.00068377437655
541,-7.012792434630001,5.92347804215467,-0.15126537271371904,0.9993275176063671,458,404,0.8820960698689956,0.655976894675929,ok,1492.5295233262823,216.13481187628338,1.1519491470902692
542,-4.527552710652117,0.9546324343918968,0.03371257136435534,0.9996871003400062,446,402,0.9013452914798207,0.44106704054696333,ok,1497.0748440623242,215.26871947992424,1.118236575725914
543,-6.079527242006179,1.4532389139557154,0.47618467357805006,0.999269795069908,481,439,0.9126819126819127,0.6444416122351619,ok,1503.1702741348936,213.8836970765866,0.6420519021478632
544,-0.8762829311478981,0.4457107893166494,0.21323216948959067,0.999908020681827,489,459,0.9386503067484663,0.3657629241510455,ok,1504.0498683330193,213.44455708779242,0.4288197326582721
545,-1.5350106570322168,0.8216208952853776,0.4027556706721462,0.99987975612509,478,434,0.9079497907949791,0.399607718190215,ok,1505.5852525895968,212.6236345595196,0.02606406198612516
546,-0.12667507387845944,0.3217914770140169,0.07306772718314834,1.0000361771297492,505,485,0.9603960396039604,0.2786633996703414,ok,1505.7116636332169,212.30173927053272,-0.047003665197023335
547,0.24895003247502245,0.568986956056392,0.08677980750871372,1.0004056251566913,490,456,0.9306122448979591,0.4197189412804593,ok,1505.461385717624,211.73333515390613,-0.1337834727057373
548,0.71082914206022,0.4676816706177078,-0.0227885201880104,1.000571416780145,514,488,0.9494163424124513,0.586637509791369,ok,1504.7496519042124,211.2670313976691,-0.11099495251772681
549,0.910832395187299,0.6857016666593836,-0.1278161864720174,1.0007856967881072,517,492,0.9516441005802708,0.8154668596405434,ok,1503.8390208606286,210.58106235300107,0.016821233954290863
550,1.1194824241702008,0.6641340269626426,-0.1850863590800416,1.0009437111732424,490,454,0.926530612244898,0.8976401684654371,ok,1502.7218857592284,209.91298745524205,0.20190759303433287
551,2.8056733025507583,-2.8197135270382887,-0.5028556418157742,0.9979216474309959,450,409,0.9088888888888889,1.625349501922345,ok,1499.8817418649694,212.6979775297508,0.7047632348501084
552,-10.01683328839863,12.416511054240345,-0.36427649451076977,0.9994819023128909,406,347,0.854679802955665,0.8114041113937196,ok,1510.128488708422,200.47051356481336,1.0690397293608789
553,2.609797563213988,6.0943388460430015,-0.16398927340017216,0.9996277587468445,415,353,0.8506024096385543,0.49993518306242674,ok,1507.6504380406755,194.32142630088356,1.2330290027610513
554,2.340308633564973,2.945930821760385,0.11886628788606866,0.9998361115743752,437,388,0.8878718535469108,0.48926032195525576,ok,1505.36785426887,191.33054612414173,1.1141627148749822
555,-0.2844013424496552,0.8302616413175201,0.18006050821374897,0.9999287047283274,486,455,0.9362139917695473,0.354875716120519,ok,1505.6657531041951,190.50503125417129,0.9341022066612332
556,-8.274937596194604,2.478912364773464,0.7256663330165561,1.0000786173708234,448,389,0.8683035714285714,0.5929242112200033,ok,1513.949653940361,188.05623855781823,0.20843587364467578
557,-5.267199661194354,1.318408849003049,0.49880106117351203,1.0001303896840645,470,423,0.9,0.5212693503920642,ok,1519.2101045218421,186.71115348846024,-0.2903651875288372
558,-1.7968042413674539,1.2313624750743202,0.3487043411776761,1.0002559149104324,492,434,0.8821138211382114,0.40190646720060996,ok,1520.9930628262555,185.4598267079831,-0.6390695287065138
559,-0.2730728005162746,0.5708084802515714,0.08366266824359016,1.0002130810816223,491,466,0.9490835030549898,0.322399944965664,ok,1521.2589138827009,184.88561917468553,-0.7227321969501042
560,0.1390106532342088,1.0035976831568405,-0.0132036756804938,1.0004506598220309,492,449,0.9126016260162602,0.4913144140346006,ok,1521.1074860447486,183.88381985284332,-0.7095285212696104
561,0.5367142081047405,1.2731404143534064,-0.2732178402342022,1.0005287808145826,492,429,0.8719512195121951,0.5314330160330525,ok,1520.56109245403,182.61480342274353,-0.4363106810354077
562,0.9783548735028944,1.0750668318573844,-0.5554831758682287,1.0007887913469755,471,409,0.8683651804670913,0.7409828908377445,ok,1519.584975783045,181.53770398625102,0.11917249483282201
563,0.5191272022736939,0.3884050255494458,-0.12094408026291412,1.000220386788238,446,413,0.9260089686098655,0.5323673132336166,ok,1519.0674808721417,181.1471268066798,0.24011657509573636
564,6.667472848079342,4.489314568108398,-0.15745753805694704,0.9973176534855622,391,331,0.8465473145780051,2.064441441474387,ok,1512.4313195427208,176.61165524561784,0.39757411315268376
565,-7.515351031254795,11.965286221112478,-0.045951794582417646,0.9996866310071999,435,358,0.8229885057471265,0.7544065719156379,ok,1520.0390676092693,164.70490317664235,0.44352590773510153
566,-12.280644397930018,4.553299320616816,0.03431013483731422,1.0000027425461635,472,384,0.8135593220338984,0.6950661551920437,ok,1532.3519189152894,160.2394296018265,0.40921577289778716
567,-5.910542421978789,2.202735763989608,0.08276844698264121,1.00004926757232,484,417,0.8615702479338843,0.5062994966842934,ok,1538.2749155990678,158.07040520087548,0.3264473259151458
568,-2.472721241952968,1.4601876265355713,0.1127230053733059,0.9999288561735313,496,478,0.9637096774193549,0.4456002861090015,ok,1540.7530664070537,156.61945143938954,0.2137243205418397
569,-1.283094001855261,1.2844281000236606,0.42563546371522004,1.0001355041074933,459,393,0.8562091503267973,0.4734771624990867,ok,1542.0314011259527,155.33028655149315,-0.21191114317338103
570,-0.15020211703767927,1.4013624936401357,0.2826089864265997,1.000151980064945,470,424,0.902127659574468,0.558976167561233,ok,1542.1695026326393,153.92767987519528,-0.49452012959998115
571,0.5132982702170921,0.9894143057985048,0.10093134629046605,1.000314207938043,474,440,0.9282700421940928,0.4050991934080148,ok,1541.6459496908665,152.94365340203137,-0.5954514758904473
572,0.8714316733955911,0.7858441720250084,-0.09845933293492694,1.0003866558217578,465,433,0.9311827956989247,0.5969654207750928,ok,1540.7677343567452,152.1653976272263,-0.49699214295552024
573,0.8472075128613596,0.912113902396186,-0.30487522434958797,1.0004903122333697,477,413,0.8658280922431866,0.521482215211062,ok,1539.9174732279316,151.25612959544367,-0.19211691860593175
574,0.49890000606615104,0.44336068392601646,-0.19574746259324996,1.0003259495127583,488,440,0.9016393442622951,0.40358066926431113,ok,1539.4186013163928,150.81273729963596,0.0036305439873184782
575,1.9719385941903056,-6.37927745582931,-0.41283912095874614,0.9981305862390376,418,367,0.8779904306220095,1.8318209983844622,ok,1537.4003457432138,157.17751279599406,0.4164696649460654
576,9.302357837946829,15.541583020097505,-0.27367220197407977,0.9992746370901942,413,355,0.8595641646489104,0.6760312308435388,ok,1528.2858604205533,141.52501071425627,0.6901418669201455
577,2.27111033170263,8.800234049075584,-0.13931302666371975,0.9995542046400291,446,383,0.8587443946188341,0.5568495397723305,ok,1526.1423821337185,132.69282172787564,0.8294548935838654
578,-0.7574032876491401,3.9512555673992438,0.07821843334284136,0.9999277530848829,473,443,0.9365750528541226,0.4684692771060776,ok,1526.9515259180134,128.75183623749604,0.7512364602410239
579,-1.7046755894004946,3.0551287390553625,0.2217611975809564,0.9999217007914728,503,473,0.9403578528827038,0.3219730068816737,ok,1528.6843610278047,125.71259077857462,0.5294752626600671
580,-2.067312954550971,2.81565907300444,0.30710710594591906,0.9999703732325456,497,462,0.9295774647887324,0.4655302881177521,ok,1530.7625861172967,122.90497624932539,0.22236815671414747
581,-1.0945908087894622,1.4600303825809533,0.17998944204402084,0.999980520424793,475,436,0.9178947368421052,0.40178902784154646,ok,1531.8582565352779,121.44575587806298,0.04237871467012633
582,-2.8833905231213066,3.2909952118695855,0.5423783977775586,1.0002546370725083,476,410,0.8613445378151261,0.4694483103091522,ok,1534.7128182995223,118.12972398323916,-0.4999996831074331
583,-0.790037761719077,1.8313866465180126,0.13124914496920895,1.0002795064553767,452,425,0.9402654867256637,0.4051121034890824,ok,1535.482631456433,116.28974452209502,-0.6312488280766424
584,-0.015785396809633312,0.7679054249393857,-0.0016367489750887855,1.0001945630699938,483,445,0.9213250517598344,0.3463321755838366,ok,1535.4899777079609,115.5217120013042,-0.6296120791015536
585,1.358017384409095,2.4090904337721213,-0.29044253812995896,1.0008058353406675,480,405,0.84375,0.7561010717760893,ok,1534.117723288097,113.12070268403488,-0.339169540971594
586,1.5594235906414724,1.5063960191363321,-0.3272345047988041,1.0006291143189237,471,414,0.8789808917197452,0.6267464883692898,ok,1532.557985940447,111.6146315343658,-0.011935036172789334
587,2.0532480116346505,-5.081797401535027,-0.26355816905837753,0.9995995164347644,469,440,0.9381663113006397,0.728611625362104,ok,1530.482440314165,116.68736280861549,0.25162313288558863
588,10.528563338159529,13.386160274253484,-0.4324426394159989,0.9988796288446051,382,319,0.8350785340314136,1.1445874745615383,ok,1520.1144436096972,103.176456947431,0.6840657723015883
589,-5.318459336094747,7.2130601597630175,-0.19686928277900562,0.9994119547096032,502,417,0.8306772908366534,0.7581039727508571,ok,1525.5431723206862,96.04601859060142,0.8809350550805941
590,-6.324696540566947,2.764761793862135,0.10458736902709027,0.9996648961488458,506,430,0.849802371541502,0.5743990976460176,ok,1531.9047491575884,93.36720649281563,0.7763476860535038
591,-0.506968283299102,1.5084711609383703,0.3207578021825407,0.9995932156423609,571,517,0.9054290718038529,0.4773990358178133,ok,1532.4236959615948,91.86281415759686,0.45558988387096255
592,3.5542506965462053,1.6312622598782127,0.46388821345060244,0.9996984137264421,527,447,0.8481973434535104,0.559763026233087,ok,1528.8692090414372,90.232066688234,-0.008298329579640629
593,2.5981002810717655,1.3035824284942237,0.3132061678855599,0.9997702840782369,481,410,0.8523908523908524,0.4769720688313873,ok,1526.2638348938294,88.94308345740444,-0.32150449746520093
594,-0.2697856783233874,1.7000277950459122,0.1862787777897137,1.0001732638987462,521,473,0.9078694817658349,0.4168550281944563,ok,1526.5185436950635,87.24073148359548,-0.5077832752549151
595,-0.6358009146176755,1.5514564185172048,0.10796346708787827,1.0002154017525557,518,491,0.9478764478764479,0.42478507411054867,ok,1527.1376350111473,85.68253195723935,-0.6157467423427936
596,-0.14004869745622273,0.7926700698748164,0.013425623247107405,1.0002339342552031,497,459,0.9235412474849095,0.3966219000390634,ok,1527.2689710271616,84.88837181707106,-0.629172365589901
597,1.232266620745122,2.8080368823430035,-0.14082597944966144,1.0009912782548367,495,418,0.8444444444444444,1.016210107466861,ok,1526.012815848544,82.09093972237531,-0.4883463861402394
598,0.7912909638864676,0.8020924562282516,-0.07849852399221419,1.000396139656994,503,468,0.9304174950298211,0.48240193984873037,ok,1525.2158076545172,81.29452799687078,-0.40984786214802493
599,1.1969720953527485,1.9337866296853008,-0.2662148337719785,1.0003572562773526,444,370,0.8333333333333334,0.575029649238978,ok,1524.0139915751051,79.36374809292795,-0.14363302837604586
600,11.475798941258063,3.1204176603911264,-0.3559569050526811,0.9970330321925847,360,295,0.8194444444444444,2.8154356810072163,ok,1512.5498348935216,76.2008255052632,0.21232387667663585
601,-1.908368578278214,11.49210366993566,-0.12065552541460828,0.9997862006176736,451,374,0.8292682926829268,0.5742800607474972,ok,1514.5249582280326,64.72000649246706,0.3329794020912443
602,-6.094638788090833,4.906457388193644,0.09394532665971769,1.0000781372770902,420,363,0.8642857142857143,0.6642459590892744,ok,1520.6400133230084,59.839018145331465,0.23903407543152647
603,-3.206953527765336,2.4679292520604577,0.2547439887190852,0.999876218337649,493,457,0.9269776876267748,0.4799062746378709,ok,1523.8462900494214,57.370209672387205,-0.015709913287559194
604,1.6939299398081857,2.0463333640238943,0.329498492406569,1.0000657020071388,480,425,0.8854166666666666,0.419072137297577,ok,1522.1400617235422,55.33411935571087,-0.34520840569412875
605,3.183019310673899,1.6823658503180923,0.5110639855687417,1.000086854006741,438,370,0.8447488584474886,0.4774145902534265,ok,1518.9322562249024,53.69950910573198,-0.8562723912628711
606,0.770380595993629,1.5212874620533512,0.36551634348372847,1.0000971045359144,456,390,0.8552631578947368,0.34136425799875375,ok,1518.1296129425343,52.19499404560338,-1.2217887347466003
607,-0.12209866244052137,1.4544600567340922,0.14664757054024471,1.000437750097692,452,401,0.8871681415929203,0.46726797785174834,ok,1518.2169421691624,50.73803291153638,-1.3684363052868453
608,-0.13733646966079505,0.6304399184944032,-0.015426594013797717,1.00002245450047,462,424,0.9177489177489178,0.40280462728390964,ok,1518.3393542245935,50.10452593808213,-1.3530097112730477
609,0.3199759825236015,1.5422183356910182,-0.24923734847457957,1.0005572767382416,426,380,0.892018779342723,0.5501610769389844,ok,1517.9897294461168,48.56875755104943,-1.1037723627984675
610,1.2258746755092034,1.3647014545169895,-0.47162447893893944,1.0005664789404543,446,382,0.8565022421524664,0.6210371819837033,ok,1516.7488728515712,47.21766403400943,-0.6321478838595267
611,4.037106673619974,-1.2991054991291549,-0.5536754000596406,0.9978186828975892,381,325,0.8530183727034121,1.963291018719593,ok,1512.7135492228906,48.522297547248286,-0.07847248379988452
612,9.809928919759386,16.286557757617175,-0.38972150678345596,0.9994989493495842,455,401,0.8813186813186813,0.7196653643796279,ok,1502.9922384110612,32.182689684672596,0.3112490229835725
613,-6.880975315855949,7.991483772613719,-0.1309805334374556,0.999916476024816,440,373,0.8477272727272728,0.6472232528997689,ok,1509.9346893181162,24.244553279413708,0.4422295564210285
614,-3.4280597967508584,1.7075325428870656,0.05221287469480822,0.9998962887202327,478,444,0.9288702928870293,0.4405735696215616,ok,1513.3742929061361,22.56039517745387,0.3900166817262201
615,-3.5994330764556253,2.938792225805514,0.44353629523714133,0.9999871593589827,474,426,0.8987341772151899,0.5081261524565068,ok,1516.9709793060554,19.618242027297356,-0.053519613510922534
616,3.4019057822504237,1.6486757346430068,0.44474256644921695,0.9999659311540962,458,388,0.8471615720524017,0.44417371178320997,ok,1513.5548649353327,17.999212306923823,-0.49826217996014077
617,1.845853226619056,0.7666071208345784,0.2042151446012874,1.000134316397483,466,433,0.9291845493562232,0.4487658191015967,ok,1511.6997516586255,17.255293398360095,-0.7024773245614286
618,0.9737888003185162,1.5714193574387991,0.47599614553688874,1.0004079011828348,455,392,0.8615384615384616,0.47360358437015615,ok,1510.6938497779277,15.704234137413664,-1.1784734700983186
619,0.0012020365345506434,0.003904251560470584,-0.0007634935527803901,1.0000036804294008,672,669,0.9955357142857143,0.013490433319786976,ok,1510.6925677494028,15.70035541662719,-1.177709976545538
620,0.0015782557745751546,-0.0059022680849238895,0.0008246515085415082,0.9999981140254922,662,652,0.9848942598187311,0.018420107785892273,ok,1510.6911112245123,15.706288897484114,-1.1785346280540796
621,-0.1924935200543132,0.4931823683298262,0.06586452521622992,1.0000818367861766,503,477,0.94831013916501,0.2768752670596399,ok,1510.8728488279648,15.20904243225209,-1.2443991532703096
622,0.6991834645814379,2.492068083208551,-0.35177302103457825,1.0010416802172935,442,382,0.8642533936651584,0.9860075207999773,ok,1510.1349271937638,12.728169096052056,-0.8926261322357305
623,0.002770059092199517,-0.02063569837821433,-0.0017310157823632163,1.0000151450581902,613,611,0.9967373572593801,0.040797777723205725,ok,1510.1324783221678,12.748845369962964,-0.8908951164533673
624,2.2766514384527454,1.2347100172078171,-0.6802260742912767,1.0006013029408727,409,341,0.8337408312958435,0.7041218431056597,ok,1507.8513024170961,11.522514627901955,-0.21066904216208882
625,4.055986537188346,-6.398611501082996,-0.35063627901532884,0.9971881333071656,355,308,0.8676056338028169,2.6242697060907756,ok,1503.7796968994485,17.91119872091417,0.13996723685324097
626,9.18598167681239,18.106065327040824,-0.2196314122232278,0.9990282149445961,383,309,0.8067885117493473,0.9489458145938134,ok,1494.7075323284876,-0.2521625041235893,0.3595986490764694
627,0.24517741183080943,4.589280725458821,0.1278406683003295,0.9999738336741211,442,399,0.9027149321266968,0.39696270279370927,ok,1494.4809202361807,-4.842397410962349,0.2317579807761395
628,-1.5140082496689047,1.852530096181681,0.269311604758847,0.9999475993261272,481,434,0.9022869022869023,0.41343395086101586,ok,1495.9937139488086,-6.695919442220088,-0.03755362398270836
629,0.013037714627898822,-0.0004923382191464043,0.0004352163467604385,1.0000105432846014,721,717,0.9944521497919556,0.016858033817791235,ok,1495.9806765634814,-6.695418459709572,-0.037988840329468795
630,-4.12483090417345,3.019899002363104,1.005053265964143,1.0005190388613778,439,365,0.8314350797266514,0.6416984596739097,ok,1500.0498512204915,-9.789903486858066,-1.043042106293615
631,-1.564713966706222,2.668999990211546,0.31070233572200195,1.0005044090123083,409,360,0.8801955990220048,0.6461433431122177,ok,1501.551073067062,-12.495125051302693,-1.3537444420156182
632,-0.10706004965686589,1.910417926920104,-0.0833510910673386,1.0004636698822793,462,432,0.935064935064935,0.6070745834132905,ok,1501.615751441103,-14.407446995343776,-1.2703933509482792
633,0.4987569102324869,1.7793228868313236,-0.3512554349161864,1.0006407601225928,411,348,0.8467153284671532,0.6815698652753286,ok,1501.0885160627518,-16.178540230303724,-0.9191379160320916
634,0.5322984587021438,0.8702063473998578,-0.22081086089250024,1.0002897034804341,409,356,0.8704156479217604,0.4782947769903707,ok,1500.5456512350763,-17.042194394344165,-0.6983270551395905
635,1.3118763358800152,1.9369461393478105,-0.3682731730471364,1.0005391157371553,349,293,0.839541547277937,0.7050313083204653,ok,1499.222638896843,-18.971551339094844,-0.33005388209245273
636,3.0858588130611224,-2.294878403644475,-0.17337202134640659,0.9996620415482486,333,313,0.93993993993994,0.6880756070556462,ok,1496.1430672215674,-16.66824289285887,-0.15668186074604565
637,-9.085874022863209,10.50181590040404,-0.20582794291961945,0.9987587813849836,362,309,0.8535911602209945,1.126687692849499,ok,1505.237945948409,-27.162261422924644,0.04914608217357446
638,-3.7140726260490737,3.961925337351204,0.006724904302643964,0.9989884890923676,454,429,0.9449339207048458,0.8866201362036435,ok,1508.9549509230426,-31.12143581525197,0.04242117787093048
639,-1.0490650341068886,0.7369694902554329,0.061188849373141944,0.9996329322678617,459,439,0.9564270152505446,0.3900912062455194,ok,1510.0037745008726,-31.858748895253484,-0.01876767150221173
640,-1.988533662811733,0.8638396620402773,0.22981095523204462,0.999340873955704,401,356,0.8877805486284289,0.6777295624190982,ok,1511.9885416789164,-32.73120768442891,-0.2485786267342573
641,-2.0120110716952695,1.2756354957491567,0.24698775742594195,0.9997277671803703,441,403,0.9138321995464853,0.48593369953500526,ok,1513.9894443200576,-34.02419766556284,-0.4955663841602002
642,-1.2195430231822684,0.7308825606394294,0.14715544999049246,0.9999483549408359,414,371,0.8961352657004831,0.45039226853793907,ok,1515.2007120283865,-34.76871431520783,-0.6427218341506933
643,-0.721332417766007,1.1785531149951112,0.06450491825916439,1.0003303381115185,444,415,0.9346846846846847,0.46344799328160496,ok,1515.9074424707824,-35.9560811429302,-0.7072267524098581
644,0.06262825870180677,1.1083375436935512,-0.02929234041194026,1.0007242163366636,438,403,0.9200913242009132,0.673906218992356,ok,1515.831704844279,-37.063600091517515,-0.6779344119979176
645,0.6210181440792439,2.116740189323991,-0.20477701596233522,1.0011162699765364,394,337,0.8553299492385786,1.0275388184671752,ok,1515.193227707192,-39.17513969801155,-0.4731573960355814
646,-0.023932123613349177,-0.004077163207625745,-0.0014576802621087816,0.9999972017197766,516,505,0.9786821705426356,0.08487580443612294,ok,1515.2171925855152,-39.171259697055575,-0.4716997157734726
647,1.0834320957828822,1.8244634032032536,-0.21029637807991955,1.001099426612397,394,345,0.8756345177664975,0.9212548854666709,ok,1514.1254479557897,-40.99076113406147,-0.26140333769355206
648,3.4866795656760132,-2.798797109647353,-0.1375726732458361,0.9978075204657523,347,286,0.8242074927953891,2.08816224442276,ok,1510.6448254366821,-38.184434970880375,-0.12383066444771529
649,-9.903214837408086,12.983377344768996,-0.1693095256537919,0.9998169724395426,324,265,0.8179012345679012,0.8989329334795568,ok,1520.5583427852114,-51.15994749150673,0.045478861206077414
650,-3.49936010060037,2.9542555017631003,-0.03672191844384632,0.9996695492425819,386,338,0.8756476683937824,0.714241225251294,ok,1524.061937677313,-54.10917951279828,0.08220077964992388
651,-1.4112861396913559,-0.695596779715288,0.04934628852678642,1.000094549791411,367,336,0.9155313351498637,0.4431387022547799,ok,1525.4728247165635,-53.41277358913749,0.032854491123137264
652,-1.1491336387543925,-0.6625924978043258,0.12229313788269323,1.0000855521305534,346,314,0.9075144508670521,0.4892368916434229,ok,1526.6229912609779,-52.75197569418515,-0.08943864675955644
653,-0.9110818010069579,-0.22805280677823703,0.15876070839972536,1.0000949770146048,378,342,0.9047619047619048,0.5083886391292467,ok,1527.5350524115663,-52.52787172636522,-0.2481993551592825
654,-0.5493686805691596,0.1509886398312119,0.12096366601122183,1.0002261231545988,360,324,0.9,0.536850149634607,ok,1528.0834368593064,-52.68239685061769,-0.3691630211705048
655,-0.15295833946493076,0.5562278225106638,0.06480589521279692,1.000174055228558,361,340,0.9418282548476454,0.4291075759102214,ok,1528.232177878362,-53.23976724218596,-0.433968916383302
656,0.402836490462505,0.8754004586912743,-0.023619866178651652,1.000498549268366,413,373,0.9031476997578692,0.5435468586969515,ok,1527.8230822055632,-54.11226018291518,-0.4103490502046502
657,0.5984974595608037,1.2812927607707252,-0.10547707123034873,1.0003108996689118,385,351,0.9116883116883117,0.6497408010331387,ok,1527.2177754666714,-55.390350203123376,-0.3048719789743011
658,0.8810925933023555,1.6063028452888375,-0.16813870322081115,1.0005215742031537,369,328,0.8888888888888888,0.7111936602965166,ok,1526.3328520311986,-56.994545796592774,-0.13673327575348934
659,3.539926801286356,-0.4301176784051677,-0.34091717171211655,0.9978190415471585,362,310,0.856353591160221,1.735220607119182,ok,1522.7914149090448,-56.577045993510296,0.2041838959586284
660,-6.656983891565687,6.52738297013309,-0.15459866817300325,0.9998850813472744,338,283,0.8372781065088757,0.6169032827163594,ok,1529.4891420787812,-63.062615647066195,0.35878256413163223
661,-6.713324971038446,8.100903679342991,-0.25856633869264145,0.9998825298315288,326,260,0.7975460122699386,0.6205610212661061,ok,1536.289361052583,-71.0907159514411,0.6173489028242746
662,-1.378900502747456,0.06106489716160013,0.07082468459705742,0.9999667514960701,356,314,0.8820224719101124,0.4689409125554877,ok,1537.6687812933005,-71.13862542484503,0.546524218227217
663,-0.6841931795891014,-0.15019621474289124,0.09295047684085214,0.9999063629757172,394,360,0.9137055837563451,0.3595079089986472,ok,1538.3517640400953,-70.98301765672227,0.4535737413863645
664,-1.7847420914984014,-0.373971128546259,0.4652981012750129,1.0001210240442369,344,280,0.813953488372093,0.47676264179380673,ok,1540.1365826194462,-70.60941174542631,-0.011724359888650277
665,-0.43068448831786554,0.1856352896209046,0.13685233534374278,1.0000333737948275,346,310,0.8959537572254336,0.4135949386842067,ok,1540.5667842796288,-70.79616324021686,-0.14857669523239364
666,-0.0007271197191585088,0.005421223276357523,0.0003150596813010798,0.9999985318569097,495,494,0.997979797979798,0.00890979221451154,ok,1540.5674973090393,-70.80158633471706,-0.14889175491369475
667,-0.5990503722296125,0.4323200873762971,0.3381333290469574,1.0003599440945508,344,281,0.8168604651162791,0.5870107168424983,ok,1541.1628512805573,-71.23898278533727,-0.4870250839606536
668,0.5487653749751189,1.4630490465157209,-0.02679795135492663,1.0007912907002696,339,306,0.9026548672566371,0.8283357531749518,ok,1540.60235182482,-72.69757673479717,-0.46022713260572684
669,0.4057549470583126,0.4887008714431431,-0.11551777113809476,1.0003211427930865,347,311,0.8962536023054755,0.5541251145418897,ok,1540.1936640612726,-73.1838276275862,-0.34470936146763154
670,0.35066795091461245,0.5383427759962842,-0.12133752622516521,1.0003294247345504,346,312,0.9017341040462428,0.5466627937057611,ok,1539.8409000114113,-73.72079921099794,-0.22337183524246565
671,1.0803740097032914,1.6859637507418483,-0.35284764253716844,1.0005406041517095,337,265,0.7863501483679525,0.6248130462514427,ok,1538.7643386626974,-75.40920006154045,0.12947580729470462
672,5.917518237225067,9.155544252076425,-0.7397283989998196,0.9984176131619673,282,224,0.7943262411347518,1.4071442119767101,ok,1532.9863899812128,-84.65345891088839,0.8692042062945279
673,-3.357216055145045,2.5256126886732773,-0.10680437944295952,0.9996998031189644,319,261,0.8181818181818182,0.486570940076835,ok,1536.386139584463,-87.12151922808323,0.9760085857374877
674,-9.288051793136901,1.9634539037560899,0.015945260491466315,0.999727836921634,319,267,0.8369905956112853,0.6510036048903116,ok,1545.70578611001,-88.9290717122542,0.9600633252460213
675,-5.813132291140164,0.010798269525025717,0.24979930993377436,0.9998446207004361,349,281,0.8051575931232091,0.4536505261173822,ok,1551.5186056061648,-88.86780881937364,0.7102640153122458
676,-1.9918505362104497,-0.4014957202844016,0.4473461064200648,0.9998633249941926,323,249,0.7708978328173375,0.47525128369759273,ok,1553.508592800943,-88.45717718807009,0.26291790889217903
677,-1.1532896989765504,-0.06246527439066085,0.547873168110459,0.9998872454371405,346,272,0.7861271676300579,0.4390247890784467,ok,1554.662178900748,-88.40044844219676,-0.2849552592182824
678,-0.050649337007826034,-0.10519307645154186,0.4347774007427474,1.0000465725413699,342,282,0.8245614035087719,0.3801226015264231,ok,1554.714145611272,-88.29589989046133,-0.7197326599610314
679,0.6670079392818025,0.26721663729165357,0.17659727080337637,1.0003433735195855,334,292,0.874251497005988,0.5843591372928176,ok,1554.0430391472664,-88.55264964465914,-0.8963299307644085
680,1.0635973866262702,0.3436580550518329,-0.0732350885213396,1.000452932620242,314,293,0.9331210191082803,0.4807479595449889,ok,1552.9746147841647,-88.88099342786609,-0.8230948422430687
681,1.1740829672830841,0.6788500855716393,-0.31160246133709774,1.000601569448527,309,256,0.8284789644012945,0.5724795333016837,ok,1551.7945184333198,-89.54933529806954,-0.5114923809059695
682,1.2081878951316867,0.941147636816595,-0.4649240063052586,1.0005615873659062,298,233,0.7818791946308725,0.7078115255033525,ok,1550.5855659993927,-90.48950064349015,-0.04656837460070875
683,0.6859780846104968,0.5211135030640435,-0.26710239884461123,1.0002883560586777,309,265,0.8576051779935275,0.40675174549734044,ok,1549.9015987804935,-91.01325064025718,0.22053402424390361
684,-7.419203642184584,2.7257858027649036,-0.4982603942734467,0.9965653350410706,210,148,0.7047619047619048,2.7679082275856386,ok,1557.3544135769664,-93.64574803555195,0.7187944185173524
685,2.9889276633621193,5.520859283024038,-0.2883920501474393,0.9997522361164449,264,184,0.696969696969697,0.6691149353511033,ok,1554.4629923497337,-99.21829315304285,1.007186468664793
686,5.26101336944248,1.1269678251887854,0.0024209664632628526,0.9999840595988172,295,207,0.7016949152542373,0.8086817167220567,ok,1549.2225499333638,-100.4373425503909,1.0047655022015303
687,1.5532885590971546,-0.43646214475666056,0.24953735305568395,1.0003132950284233,336,261,0.7767857142857143,0.5577400964171205,ok,1547.6636433739866,-100.02139196347218,0.7552281491458451
688,-5.0028883148440855,-0.11232416468908468,0.4830693828340906,1.0001014520543772,295,217,0.735593220338983,0.5731398701768151,ok,1552.6659417032688,-99.88530510284909,0.27215876631175273
689,-6.886589450708698,0.16458902784643215,0.3583035191720313,1.0000757567349081,284,205,0.721830985915493,0.621015577762389,ok,1559.5522759091846,-100.06024799391332,-0.08614475286027992
690,-3.027270346499108,0.5977100816465963,0.19460767769116072,0.9998359425800047,293,257,0.8771331058020477,0.7766335072760128,ok,1562.5765811124375,-100.67278462961133,-0.28075243055144133
691,-0.7292879889903361,0.6408434728186876,0.08309534921889344,1.000263179197591,323,281,0.8699690402476781,0.5761181479141839,ok,1563.3017848488394,-101.31824637770217,-0.36384777977033506
692,0.3502700435087718,0.7085284300612784,-0.032168308914231176,1.000395739120914,324,289,0.8919753086419753,0.6673529883429593,ok,1562.9474190978356,-102.02473526940548,-0.3316794708561037
693,1.0662415798997245,0.9554314855513439,-0.1350007192518023,1.0005395852142862,343,307,0.8950437317784257,0.7162987429024806,ok,1561.877904104521,-102.97650105433638,-0.19667875160430093
694,0.45798151549342947,0.5528475272431024,-0.09238842489216306,1.0002859637104446,352,320,0.9090909090909091,0.48959335503926404,ok,1561.4189170499014,-103.52851404386149,-0.10429032671213759
695,1.3745588881367894,1.323552997480192,-0.20750510154406132,1.0006133536597515,307,235,0.7654723127035831,0.7616469679673661,ok,1560.0467446890298,-104.85454107456428,0.1032147748319244
696,-5.947678589650195,8.244204726926569,-0.1851985820153385,0.9982349021738985,284,202,0.7112676056338029,1.5711676539053738,ok,1566.0358471202733,-113.06870227661864,0.28841335684726355
697,0.6189343812877723,2.499752911944711,-0.022331154321405193,0.9997525356095984,358,315,0.8798882681564246,0.691689879089658,ok,1565.4304792223709,-115.57177520749894,0.3107445111686688
698,3.17907421097334,1.7439018321907724,-0.00259690204966715,0.9996943032899055,325,272,0.8369230769230769,1.1100320769160144,ok,1562.2609896228903,-117.3330367207268,0.3133414132183359
699,0.5916008725557731,0.021306291463247362,0.0636006798345684,0.9995751231375063,342,296,0.8654970760233918,0.6436767107159429,ok,1561.6694872398016,-117.3569214703682,0.24974073338376726
700,-4.048869576102561,0.14020276804922105,0.14270105588223186,0.9992665466719824,317,272,0.8580441640378549,0.7606097605397155,ok,1565.7186116762518,-117.48955992105414,0.10703967750153474
701,-5.649752879677408,-0.25874165049901876,0.2458622720107897,0.999893438241354,317,249,0.7854889589905363,0.6121150457034658,ok,1571.36897487997,-117.24450786701141,-0.1388225945092561
702,-2.404362596895453,-0.02776087200368238,0.17955795775932198,1.0000558299648912,321,285,0.8878504672897196,0.6029211867853597,ok,1573.7734546166357,-117.23010789026546,-0.31838055226857903
703,-0.431595905437689,-0.04474390146560836,0.08079100423359052,1.000293323404551,325,279,0.8584615384615385,0.5906576304321018,ok,1574.2053517697905,-117.18837191770251,-0.3991715565021699
704,0.46362709950699355,-0.06686038038969855,-0.03325403134825197,1.0006705749934137,340,281,0.8264705882352941,0.6293730192803536,ok,1573.7421611238342,-117.11855198242677,-0.36591752515391784
705,0.8171880633860837,-0.01253847427801702,-0.13687649571747534,1.0008696019838184,313,285,0.9105431309904153,0.8367332140844177,ok,1572.9250297125095,-117.1027468913353,-0.2290410294364418
706,0.3963294613447488,0.04916568436465241,-0.09191980611723541,1.0005063342681584,334,296,0.8862275449101796,0.5486072318848463,ok,1572.5285837221195,-117.1509639334738,-0.13712122331920593
707,3.6444922593618685,-3.29399831877447,-0.3918019738329424,0.9984757806611022,267,206,0.7715355805243446,1.6071538058357664,ok,1568.8694856345585,-113.87319793538234,0.25468075051373845
708,-7.057147374799342,7.597239340488272,-0.10661753101627255,0.9997603291405214,332,275,0.8283132530120482,0.62953548097047,ok,1575.9743993938973,-121.42578524958492,0.36129828153001153
709,-5.160501982294591,8.761187947469693,-0.14814092860434078,1.0001274594281553,286,224,0.7832167832167832,0.7816159677759258,ok,1581.2125955171634,-130.1407434442268,0.509439210134353
710,-0.5476214856851129,0.2840267517146913,0.017955827497759338,0.9999467286494559,322,302,0.937888198757764,0.3457676835595385,ok,1581.7626332079108,-130.42006230508412,0.49148338263659364
711,-1.382627640050032,-0.6945708085362412,0.21455052792884408,1.0000048171376836,326,286,0.8773006134969326,0.8238169599210394,ok,1583.1418875791408,-129.7188168569386,0.27693285470774853
712,-0.3752963934878153,-0.23687207290015522,0.1208486490963953,0.9998910386684884,319,285,0.8934169278996865,0.6606263205564193,ok,1583.5165372979127,-129.4809232880699,0.1560842056113527
713,-1.0778948902207048,-0.24494591188920367,0.2254784464210957,0.9999952730589124,340,285,0.8382352941176471,0.8080250617434536,ok,1584.5947280656737,-129.2372830565199,-0.06939424080974403
714,-0.7828922328658336,-0.06328662781459116,0.1823846395510753,1.0001569240074288,298,268,0.8993288590604027,0.5674208890273598,ok,1585.377890843527,-129.17743734717294,-0.2517788803608202
715,-0.29027702922621756,0.18861585808770087,0.09385723942230811,1.0002156959571324,304,277,0.9111842105263158,0.579083737842878,ok,1585.667024774989,-129.36780085548241,-0.34563611978312864
716,0.20736171272619686,0.3652869525692495,-0.012817954693895996,1.000386430536967,336,303,0.9017857142857143,0.49401054789707777,ok,1585.4575447036573,-129.73187713504058,-0.3328181650892326
717,0.641073982536227,0.6654709396025282,-0.11735683756840988,1.0006490436519326,324,292,0.9012345679012346,0.770739324556307,ok,1584.813972750025,-130.39493261012433,-0.21546132752082217
718,0.990580400712588,0.9048464898519342,-0.18487777687889442,1.0005992690980738,300,251,0.8366666666666667,0.9445086150602439,ok,1583.822909498189,-131.29925021546717,-0.030583550641926863
719,0.5393611883905578,0.5596275473646983,-0.13403885903512497,1.0003574771035528,287,239,0.8327526132404182,0.6816781074029682,ok,1583.284559672006,-131.85985073986967,0.10345530839319882
720,7.867389637108545,1.6342622065060368,-0.4974109645320001,0.9979499730501762,263,197,0.7490494296577946,2.112158419903961,ok,1575.4347410039597,-133.57652762865575,0.6008662729252017
721,-4.855494185799444,8.126325363607634,-0.18245490923044635,0.9999517706316363,283,219,0.773851590106007,0.6980075316707969,ok,1580.4008772949828,-141.6357135703331,0.7833211821556489
722,-9.467829704571386,1.8962258767024878,0.0669796150029683,1.0001907427511103,280,212,0.7571428571428571,0.8577942145485349,ok,1589.8916740191216,-143.41342261045133,0.7163415671526803
723,-6.083330932113768,-0.5742219189492062,0.26035793611058233,1.00019536389244,287,220,0.7665505226480837,0.5556327869611938,ok,1595.9702424556779,-142.79080571065197,0.4559836310420966
724,-1.957163225029035,-0.6714071567652127,0.3740928911613655,1.0000871903658366,260,211,0.8115384615384615,0.46781343135387055,ok,1597.9264440645622,-142.11660193955538,0.08189073988072944
725,-0.8026073222115429,-0.21078597765495033,0.177826117135688,1.0000553981493019,284,255,0.897887323943662,0.6743609480253309,ok,1598.7294031990782,-141.90716013298095,-0.09593537725495938
726,0.08311794427004315,-0.2539648363966762,0.08083165148582448,1.0001511298130037,310,278,0.896774193548387,0.46072499191717636,ok,1598.64706917298,-141.6529400729305,-0.1767670287407842
727,0.7865171826283586,0.03804483143778725,0.03961567046834701,1.0003623136267734,300,272,0.9066666666666666,0.5525955577377815,ok,1597.86041391984,-141.68801428676375,-0.21638269920913142
728,1.2718408852881566,0.2296071573265408,-0.01104674921304916,1.0003737476588799,313,271,0.865814696485623,0.5420909529495708,ok,1596.587758340307,-141.91306197075312,-0.2053359499960822
729,1.3237969889826218,0.5945290544235604,-0.052100562782426064,1.0005385929214938,286,266,0.9300699300699301,0.5449331226559991,ok,1595.2623760422232,-142.50404845834805,-0.15323538721365595
730,0.8908010138839018,0.9349741443818402,-0.07231872487930627,1.0005869028749799,278,263,0.9460431654676259,0.5945543922185755,ok,1594.3702554885017,-143.43776362617314,-0.08091666233434944
731,2.419805710603896,-2.2288431458133573,-0.16963573375724303,0.9997517714361184,276,230,0.8333333333333334,0.832866959126961,ok,1591.9470014505491,-141.2126700745988,0.08871907142289412
732,4.983065678253752,11.269882991688405,-0.18227742346367795,0.9989163432322269,235,170,0.723404255319149,1.160098510115822,ok,1587.0172953906456,-152.5059957301836,0.2709964948865727
733,-7.179912507859626,3.9099153266148505,-0.0358082544986171,0.9996151447941392,262,214,0.816793893129771,0.6422124184340985,ok,1594.2180414934887,-156.37740852711,0.3068047493851899
734,-8.730141703851132,-0.26888501586938673,0.07186911359937756,0.9997890575366905,256,210,0.8203125,0.6131391963645976,ok,1602.94700727314,-156.0727287956547,0.2349356357858121
735,-3.419571070669008,-1.1436484611267588,0.1232942540424775,0.9997782326449541,291,246,0.845360824742268,0.5641013426109015,ok,1606.3643434435835,-154.92241944240607,0.11164138174333409
736,-1.5280073466667545,-0.8153609037706246,0.1707501735675153,0.9998409027262769,294,256,0.8707482993197279,0.5095243098652398,ok,1607.8931911383781,-154.10863533038048,-0.05910879182418195
737,-0.6307375836436222,-0.7062424717701106,0.39440895265815334,0.9999370572892982,265,214,0.8075471698113208,0.49097103107515927,ok,1608.5294990809086,-153.40740745684332,-0.4535177444823371
738,0.22561030881001898,-0.38282495583666787,0.3264271280251139,1.000036724520859,277,226,0.8158844765342961,0.3950383791253121,ok,1608.3091207592665,-153.02154692037573,-0.7799448725074526
739,0.8767477351036632,0.08868339002049197,0.11600195517673169,1.0003090293564412,276,236,0.855072463768116,0.6683594957224555,ok,1607.4310935089984,-153.09651012775953,-0.8959468276841849
740,1.1455391595375204,0.2686661227191962,-0.08360229126534463,1.0004042915208302,281,231,0.8220640569395018,0.6469518365052089,ok,1606.2818604406148,-153.3489082380229,-0.81234453641884
741,0.6154541028770382,0.20830923540165713,-0.11217924525690665,1.0003327032270002,284,253,0.8908450704225352,0.513185186044211,ok,1605.663906775976,-153.54968114122858,-0.7001652911619329
742,0.023872530792459656,0.0034858692622492526,-0.0026166027668179694,1.0000062550711417,358,357,0.9972067039106145,0.06284328598451218,ok,1605.6399935766017,-153.55287612270286,-0.6975486883951149
743,0.014074916675781424,-0.017691260124479413,-0.00043464101997843616,1.0000472985775701,350,336,0.96,0.10352904615275021,ok,1605.6261349448064,-153.53501492764212,-0.6971140473751364
744,0.4213803971827019,0.3270877716204268,-0.14472232497950765,1.0003165625439432,279,247,0.8853046594982079,0.6553373342830602,ok,1605.2016207089907,-153.85802500962586,-0.552391722395628
745,1.7720877597255367,1.9701760277275753,-0.6476050803664676,1.0006493355920276,263,205,0.779467680608365,0.8096710596908131,ok,1603.4328094066987,-155.83114314731688,0.09521335797084277
746,7.304208565143654,-7.610792424664396,-0.2558812169270961,0.99936753414258,250,195,0.78,0.9923634309330662,ok,1596.0821011859425,-148.2652517426144,0.3510945748979401
747,-1.5413997970131277,10.669480277048706,-0.2534223749253911,0.9976832799678061,249,183,0.7349397590361446,1.7929988193150919,ok,1597.7359847727366,-158.91787544750014,0.6045169498233326
748,-12.994963761216923,2.9743250393624976,0.6926255717166157,0.9998341192714013,231,198,0.8571428571428571,0.6845500296137368,ok,1610.7263592965446,-161.91218042968194,-0.08810862189328633
749,-3.4703587726166916,0.25496450057698894,0.21889375820065007,0.9999801460681622,269,221,0.8215613382899628,0.4481378159446538,ok,1614.195302106856,-162.18573606574273,-0.30700238009393754
750,-0.6603132953252953,0.3618552095570067,0.07160705234810187,1.0000357651544969,277,240,0.8664259927797834,0.485143703734604,ok,1614.8532098707951,-162.5519466811204,-0.3786094324420397
751,-0.3180975939339987,0.8216070718650599,0.109810908287759,1.0005360525624525,277,255,0.9205776173285198,0.613241602402397,ok,1615.164292167014,-163.3762355047644,-0.48842034072979923
752,0.2716542176024177,0.42440494440722887,-0.0026852300505112482,1.000258705364755,318,286,0.89937106918239,0.3924688324515079,ok,1614.889049786458,-163.79832222893856,-0.4857351106792881
753,2.014441811034658,1.6301163983803235,-0.17004800580381635,1.0010429115741688,283,235,0.8303886925795053,0.915598318766082,ok,1612.865657015939,-165.4173148103065,-0.3156871048754709
754,0.934988892326146,0.5520429579274833,-0.08843974689039459,1.0004959061049417,272,243,0.8933823529411765,0.5388885142885993,ok,1611.9284859625855,-165.96564506929963,-0.2272473579850759
755,1.3015971167726548,1.3892662134309148,-0.23323613517349703,1.0008631070144731,273,217,0.7948717948717948,0.7790052467384531,ok,1610.627034064418,-167.35504732312222,0.005988777188422178
756,8.948398639622837,6.027273275600351,-0.3200507784226117,0.9964493421920477,236,190,0.8050847457627118,2.6566404528872996,ok,1601.7130781000478,-173.43314327643213,0.3260395556110352
757,-4.503032586393601,6.682454076839235,-0.06569269380038356,0.9997573922003379,254,209,0.8228346456692913,0.5623457062320304,ok,1606.2616931399302,-180.0846540959484,0.39173224941141904
758,-9.951833570809868,1.4681293384879837,0.09383231135447385,1.000307843930176,238,194,0.8151260504201681,0.5926789524234538,ok,1616.2210254581876,-181.50102090936252,0.29789993805694476
759,-6.869566027310384,-0.9043033823746782,0.21519110748896117,1.0002096021853937,261,221,0.8467432950191571,0.5872016237017473,ok,1623.0892789291279,-180.58680196957482,0.08270883056798244
760,-2.1413197063704956,-1.1036903367150899,0.2629167200903591,1.0002317319579566,266,225,0.8458646616541353,0.5044444046461681,ok,1625.234059388408,-179.48985200456275,-0.1802078895223779
761,-0.8918135446306223,-0.8927264996525537,0.4244532283657444,1.0001887203087836,249,204,0.8192771084337349,0.5305872535092282,ok,1626.1352443317724,-178.606586642725,-0.6046611178881243
762,0.4547535287761093,-0.8914540527496229,0.33801237711646975,1.0003505327905722,287,241,0.8397212543554007,0.5678805347670791,ok,1625.6952185655005,-177.7077716311045,-0.9426734950045956
763,1.1130384102752942,-0.4053150924430611,0.10592559882324044,1.0004966523371954,280,246,0.8785714285714286,0.6065865602557886,ok,1624.589784016228,-177.28215527311795,-1.0485990938278364
764,0.5679612926542177,-0.11995273095851644,-0.030608632319252708,1.0003016674286607,312,279,0.8942307692307693,0.34928747320314485,ok,1624.0240434894772,-177.15213087536972,-1.0179904615085835
765,2.496471313426582,0.11276935301827962,-0.4390486690107417,1.0009945226440797,254,209,0.8228346456692913,0.878201995338054,ok,1621.5265601676506,-177.23966945508948,-0.5789417924978397
766,0.5447845473461257,0.10452794980233193,-0.1953661970218326,1.000314516338724,300,261,0.87,0.5533167742077229,ok,1620.981088054903,-177.34054794403187,-0.38357559547600606
767,0.5944445356690267,0.2014817687146433,-0.18800526903233405,1.0004269311718343,279,231,0.8279569892473119,0.5865217190428645,ok,1620.38595925647,-177.53999949801585,-0.19557032644367114
768,9.590019591828423,5.5192660202368415,-0.19613674593929858,0.9984202238429893,224,180,0.8035714285714286,1.5154361010479422,ok,1610.79599422794,-183.0593603238151,0.0005664194956282912
769,-1.6489002360121958,5.037601835015721,-0.015356298136165352,0.9996784354073233,260,216,0.8307692307692308,0.5842888620997942,ok,1612.446294369199,-188.09650372858675,0.015922717631793717
770,-9.155478982517252,4.045914231911979,0.04925938447233695,0.9999506661964387,216,180,0.8333333333333334,0.7023596254959481,ok,1621.5994177492594,-192.14774424979692,-0.03333666684054349
771,-8.786214400631707,-0.023825697379379562,0.10036379567943757,1.0000137679267702,251,205,0.8167330677290837,0.5457641033416776,ok,1630.3856638257153,-192.14442134668514,-0.13370046251998158
772,-3.4565735397832213,-1.2832503421442425,0.11575135797377382,1.000014179251019,265,223,0.8415094339622642,0.466526549764684,ok,1633.8477915462536,-190.8762321954847,-0.24945182049375597
773,-1.185303365265554,-0.8222210345842313,0.22292125566277593,1.000027218634573,255,226,0.8862745098039215,0.5051559347496424,ok,1635.039833324635,-190.06381118639194,-0.47237307615653307
774,-0.033842032326447224,-0.7275552793397537,0.2096615136285627,1.0001502801455038,271,224,0.8265682656826568,0.4236170176874385,ok,1635.0823333903395,-189.33671029101197,-0.6820345897850967
775,0.7856098387774182,-0.409528309876805,0.08439665158561087,1.0002755774725736,272,236,0.8676470588235294,0.5171286246888018,ok,1634.3022718319012,-188.91671002860653,-0.766431241370708
776,1.2757083552246513,-0.22427207076486866,-0.04175299847275789,1.000448058134418,287,260,0.9059233449477352,0.5098902885652202,ok,1633.0295020367198,-188.67632113995103,-0.7246782428979499
777,1.560652188276208,0.08221044020444879,-0.1731545819028998,1.0004879770086295,271,234,0.8634686346863468,0.5637734687397249,ok,1631.4681308137922,-188.74350531564176,-0.5515236609950492
778,0.5617221005090869,0.046752092595511385,-0.12006373634793811,1.0002629640367933,269,232,0.862453531598513,0.4907911645480191,ok,1630.906072581502,-188.78602613262558,-0.43145992464711047
779,1.0493862350931522,0.7827795844232242,-0.33989039648620617,1.0006325895245243,231,194,0.8398268398268398,0.6660164178860957,ok,1629.8554366568005,-189.56712759973493,-0.09156952816090233
780,7.409518731598837,0.15432164281662608,-0.4955255600888205,0.997377421223013,215,168,0.7813953488372093,2.357011530251804,ok,1622.4471900937474,-189.7736847694622,0.4039560319279212
781,-4.517818483763676,7.165778011665793,-0.20466009935540466,1.0001228160338311,275,228,0.8290909090909091,0.7767103081567519,ok,1627.0408697062803,-196.89106954071838,0.6086161312833269
782,-8.59081529232435,2.8527895925032,0.10956525540375277,1.0003183448087745,279,230,0.8243727598566308,0.7890267780257599,ok,1635.6562068413868,-199.66892516950475,0.4990508758795737
783,-5.547113032846255,0.8008216737119938,0.3638734621182189,1.0001941138088317,267,225,0.8426966292134831,0.5501925319987199,ok,1641.2051938054908,-200.4566573730242,0.13517741376135253
784,0.007166643580148957,0.0007384057869330718,-0.00014071571511411432,0.9999910177833453,426,426,1.0,0.007512145612571847,ok,1641.198028925824,-200.45741270253427,0.13531812947646663
785,-3.691997603904383,1.5890069673986318,0.5971833128360028,1.0004463426878334,274,214,0.781021897810219,0.7300446977516979,ok,1644.8770976211317,-202.07612916469998,-0.46186518335953974
786,-0.5351743847450052,0.8297140879889184,0.08625784784235249,1.0001227838473385,297,280,0.9427609427609428,0.40829946507165804,ok,1645.4043101352102,-202.91092498098874,-0.5481230312018928
787,0.3013477633353432,0.8433239646565198,0.0363406115556233,1.000416878285431,286,248,0.8671328671328671,0.43754289115986505,ok,1645.0943756078618,-203.75113112985252,-0.5844636427575164
788,0.443760122449703,0.45888875113519134,-0.00922044048852812,1.0002123085548935,289,252,0.8719723183391004,0.423397231836947,ok,1644.6460307363795,-204.2055415263119,-0.5752432022689881
789,1.6323336534935606,1.4840995738545644,-0.11669506680136985,1.000469617116034,269,233,0.8661710037174721,0.6782042598995675,ok,1643.001871977318,-205.67652985952373,-0.4585481354676175
790,0.43893237617317027,0.4888934371608684,-0.05174257937008385,1.000230258857179,294,258,0.8775510204081632,0.4012205815847015,ok,1642.5594795033358,-206.16229453785638,-0.4068055560975334
791,1.3219589221778278,1.2973996254987696,-0.322138430683986,1.000304595838847,221,175,0.7918552036199095,0.6356810683179274,ok,1641.2356048316947,-207.4577392622491,-0.0846671254135451
792,8.774347706987555,3.755687824104484,-0.43981848344574603,0.9963349353363957,213,176,0.8262910798122066,2.7492975422072443,ok,1632.4847053981043,-211.26774291295965,0.355151358032204
793,-4.409001306225491,4.6301662408907305,-0.19352627515295226,0.9999459314533112,238,197,0.8277310924369747,0.6823760270771204,ok,1636.937843408773,-215.85547588192355,0.5486776331851575
794,-11.053581156940936,0.10028915481734657,0.12324366403071461,1.0005376889390343,231,183,0.7922077922077922,1.0110030700366486,ok,1647.991864515898,-215.87368771557885,0.42543396915444215
795,-6.121421241778307,-1.5974988336038223,0.3790757701327026,1.0005091487773177,263,215,0.8174904942965779,0.6278038873875511,ok,1654.1119912126978,-214.27123654384934,0.04635819902173701
796,-1.9808506590643447,-1.077489385325066,0.4806455087112075,1.0002395889885816,265,222,0.8377358490566038,0.6196477548125563,ok,1656.1009519845243,-213.20879230665912,-0.43428730968947377
797,-0.5968621045235523,-0.2491700573172011,0.23036927813559174,1.000093710005417,264,218,0.8257575757575758,0.4510742464613433,ok,1656.7006643484588,-212.9665627258388,-0.6646565878250671
798,-0.20943913510404855,-0.30597489334729744,0.5589316349033331,1.0004443913865615,236,198,0.8389830508474576,0.6922416750625765,ok,1656.9165895205845,-212.66512996930055,-1.223588222728404
799,0.8038117406326819,0.5276694581813217,0.09534385953291673,1.0003376209093764,242,212,0.8760330578512396,0.5152926703285854,ok,1656.1008450194486,-213.17415774883955,-1.3189320822613213
800,0.6094338041316405,0.3274849650983924,-0.03554022073674034,1.0002360981350642,257,227,0.8832684824902723,0.42805772694244215,ok,1655.4842292378921,-213.48791074391613,-1.2833918615245807
801,1.2233598853665626,1.4831345493037134,-0.24107242891197322,1.000324179149499,238,198,0.8319327731092437,0.5745138653081829,ok,1654.2340922235744,-214.94854586121778,-1.042319432612606
802,1.1666977186198437,1.93774668874471,-0.4407867848724298,1.0004929430278215,228,188,0.8245614035087719,0.7263862453348421,ok,1653.0471153065753,-216.87393714479754,-0.6015326477401731
803,1.4795528077170275,2.296322553469622,-0.41464746397945107,1.0006109771076062,223,179,0.8026905829596412,0.8865514464998416,ok,1651.560080325541,-219.16542154264482,-0.18688518376071914
804,3.015802399254426,-8.284427442808123,-0.1802817141812379,0.9967162384126167,235,191,0.8127659574468085,2.8953591788610256,ok,1648.5452327455168,-210.8806465767375,-0.006603469579479976
805,4.295806371203298,9.93443456124362,-0.20767937353145965,0.9994857810385867,218,162,0.7431192660550459,0.8969455467052685,ok,1644.2843170245633,-220.83009579010775,0.20107590395198124
806,-7.133952950827734,3.869663124997601,0.028259267613338405,1.000332104800107,244,190,0.7786885245901639,0.6962159394130372,ok,1651.429909259495,-224.67822377884158,0.1728166363386426
807,-8.186773905402788,0.32105574448655716,0.22692847396719293,1.0006238424551965,210,170,0.8095238095238095,0.864374421943265,ok,1659.6163762992662,-225.007011211673,-0.05411183762855187
808,-3.2125241534151883,-0.36021487733796675,0.32538040976905586,1.0004018091052498,247,204,0.8259109311740891,0.5938031733084951,ok,1662.8312158132562,-224.66808187770891,-0.37949224739760995
809,-1.7746050591690619,-0.001285037972365899,0.4482362651604086,1.0002202048724798,252,208,0.8253968253968254,0.5080990466621984,ok,1664.605654255915,-224.69243306998146,-0.8277285125580217
810,-0.831773598202517,0.10806273020966728,0.44884964774396907,1.0002827322351413,248,200,0.8064516129032258,0.5854848771596548,ok,1665.4348139163951,-224.81899977081446,-1.276578160301994
811,-0.09233730773166826,0.4985971297465994,0.1933499241473483,1.0003486331837768,230,206,0.8956521739130435,0.6239381089672515,ok,1665.5143306898392,-225.31980148699733,-1.4699280844493436
812,0.6197333305258326,0.6708154476871186,-0.06401048201147404,1.0003246065091433,234,205,0.8760683760683761,0.6412401839464336,ok,1664.878325178502,-225.9752095700792,-1.405917602437869
813,1.172900105833378,0.9664144889610498,-0.3109119585603736,1.0003744273153063,229,191,0.834061135371179,0.7021273635615736,ok,1663.6871708041006,-226.91903311242265,-1.095005643877493
814,1.0686816580364393,1.1948055217766296,-0.4664180957713209,1.000446489756908,235,200,0.851063829787234,0.6504125961694875,ok,1662.6054456036338,-228.1020425425487,-0.6285875481061691
815,3.6860695130080785,-2.3912671550016285,-0.4789406520100413,0.9977869240551893,238,178,0.7478991596638656,1.9186387075553089,ok,1658.9256342418867,-225.70115616388102,-0.1496468960961244
816,-8.791529734264714,7.781087207707401,-0.17266608827721905,1.0001798212315705,206,149,0.7233009708737864,0.8466164353270023,ok,1667.7202894015418,-233.47871065261074,0.023019192181095903
817,2.031518101888196,7.7901453388703885,-0.23438397238360037,0.9996768863223973,256,208,0.8125,0.617713371102456,ok,1665.7237891656878,-241.277904008802,0.257403164564698
818,5.989224261408026,2.3789039356570356,-0.027032021983831832,0.9998454104169477,226,173,0.7654867256637168,0.6432261178333639,ok,1659.7464483219685,-243.68651099760916,0.28443518654853
819,0.6795686304094488,-0.5576510984795959,0.3222032830950562,1.0001209258800488,230,186,0.808695652173913,0.5794411117005487,ok,1659.0672474303071,-243.12841206387202,-0.037768096546528476
820,-6.064713704942278,-0.13551267628452024,0.4414766913584634,1.000399064072889,236,202,0.8559322033898306,0.5808717014302156,ok,1665.1328824521036,-243.04363122461018,-0.47924478790499486
821,-6.861647752466524,-0.0466619229285925,0.366834068792862,1.000360710397684,242,197,0.8140495867768595,0.8934821417929979,ok,1671.9944711171247,-243.09829571064154,-0.8460788566978594
822,-2.925382608088057,0.024125756673129217,0.2501040962967571,1.0004264406740517,245,192,0.7836734693877551,0.6983349016031641,ok,1674.9188568016798,-243.17838206283852,-1.0961829529946183
823,-0.7609247109739954,0.4742879123907642,0.09882769313868876,1.0002974032484457,239,213,0.891213389121339,0.5054399144924504,ok,1675.6697245697626,-243.66843617665234,-1.1950106461333079
824,0.3298617872883369,0.5982309410071593,-0.05315680225427839,1.0002669027851254,231,201,0.8701298701298701,0.6452250388958609,ok,1675.3280068652607,-244.25997490566465,-1.1418538438790289
825,0.9151281218248641,0.9937818675202834,-0.21350401198181382,1.000425946184133,230,200,0.8695652173913043,0.7679532007397406,ok,1674.3968975591295,-245.23879937389324,-0.9283498318972138
826,1.24467896602755,1.299789760670592,-0.3059895960203193,1.000472105716775,234,183,0.782051282051282,0.6084639722683619,ok,1673.1381736765484,-246.5249927255461,-0.6223602358768925
827,3.2970794862912953,-3.800594965138089,-0.5040975383613661,0.997805852488073,218,176,0.8073394495412844,2.1602196107242224,ok,1669.8489459152986,-242.71760044702023,-0.11826269751552342
828,5.490606844640752,9.400218111414688,-0.3719639724750194,0.9990591362705373,203,161,0.7931034482758621,1.257926376085174,ok,1664.4000161982285,-252.14203830840086,0.2537012749594983
829,-2.600614156220672,2.3157779127919866,-0.07971341529424968,0.9999678379790646,254,207,0.8149606299212598,0.5231149975228543,ok,1667.0140621843982,-254.44264364463288,0.3334146902537484
830,-9.394317483114946,1.9367036711624905,0.06534251014268148,0.9999962888795881,220,177,0.8045454545454546,0.7633818023636871,ok,1676.4173381480332,-256.33537268894315,0.26807218011106654
831,-6.6973256532064624,0.07597988659426846,0.3049398016382666,1.0001881738473353,245,189,0.7714285714285715,0.6890358123861106,ok,1683.1146135246313,-256.41566202993795,-0.03686762152720208
832,-2.234051068664712,-0.39579102279253675,0.5285922848465614,0.9999321181866767,230,182,0.7913043478260869,0.5380901136150609,ok,1685.3524618485187,-256.041938080479,-0.565459906373767
833,-1.2585429852813377,0.02579275418815996,0.43595679937610815,1.0001086538486168,220,174,0.7909090909090909,0.5305533708901975,ok,1686.610361824834,-256.0897226130793,-1.001416705749878
834,-0.13551887220683057,0.25174672691548494,0.2910469449638431,1.0001929801487701,218,178,0.8165137614678899,0.5733037805558909,ok,1686.7401678618226,-256.34446203287564,-1.292463650713723
835,0.5568826221215204,0.5035057861507539,0.12710453482514433,1.0004462737333424,254,206,0.8110236220472441,0.730631234632042,ok,1686.1709825011442,-256.8340172970667,-1.4195681855388682
836,0.9741951577450436,0.7761615646898008,-0.06476057424450705,1.0004678724289804,250,225,0.9,0.651520938362246,ok,1685.1787083873592,-257.5869283562148,-1.3548076112943606
837,0.03870338781894134,-9.113941769101075e-05,-0.000979843219121961,0.9999924110138322,337,336,0.9970326409495549,0.03953713920722156,ok,1685.1400179567454,-257.5859228145796,-1.3538277680752386
838,2.354447801931201,2.446258267307485,-0.6178090072537717,1.0014520953809438,224,175,0.78125,1.423906719363415,ok,1682.7543407668886,-260.0017349571491,-0.7360187608214633
839,2.1576921274649976,-5.970440797397941,-0.15979174618652398,0.9999281453146339,223,186,0.8340807174887892,1.251709882522681,ok,1680.656801818806,-254.0098964251598,-0.5762270146349384
840,5.773270071148545,6.300679656426723,-0.08087333153905528,0.9993612538973796,222,175,0.7882882882882883,1.0932109240933763,ok,1674.8292753299106,-260.26042812002856,-0.4953536830958826
841,-3.4693744998412512,7.353479546861536,-0.022446582359547853,0.9990327011324062,262,206,0.7862595419847328,0.9460215560442484,ok,1678.2378382977424,-267.64229233989806,-0.4729071007363346
842,-7.718289560420544,2.461211999615216,0.0474166932807656,0.9998009135610736,272,214,0.7867647058823529,0.6405888561622657,ok,1685.933458738891,-270.17349447945935,-0.5203237940171005
843,-5.535708404621346,0.46893739345227914,0.09040056293527654,0.9996017349234527,264,215,0.8143939393939394,0.6136987646044529,ok,1691.463854290059,-270.7014100670242,-0.6107243569523776
844,-1.8651409000690364,0.20827587118481006,0.0997351493620341,0.9997986169887892,238,209,0.8781512605042017,0.5251034187762958,ok,1693.3262692782662,-270.9327968154121,-0.7104595063144123
845,-1.4250869220313689,0.5426531514440285,0.1269447063236497,0.9999072361956758,212,183,0.8632075471698113,0.5458517562104424,ok,1694.7432731519557,-271.4962195697143,-0.8374042126380628
846,-0.5571375563183665,0.2916832553212316,0.12828352442614396,1.0001514599914114,241,215,0.8921161825726142,0.45024009507359175,ok,1695.2954156541869,-271.7972511881951,-0.9656877370642074
847,0.027786109475528065,0.4397202370997775,0.0513094609192,1.00040824543779,237,208,0.8776371308016878,0.5004712403513919,ok,1695.2598293195465,-272.2364089816838,-1.0169971979834076
848,0.596607394696548,0.4579142047724645,-0.01979940078866966,1.0006788888617018,233,203,0.871244635193133,0.6291407214252177,ok,1694.6553429698195,-272.6838707737203,-0.9971977971947378
849,0.7509742905517669,0.8730777538189614,-0.08561772663500651,1.0005628435752878,224,206,0.9196428571428571,0.6906961117952313,ok,1693.8905735791654,-273.5448904763996,-0.9115800705597306
850,0.9178223411572617,0.9618190656324259,-0.12547493131375495,1.0008626396780866,243,213,0.8765432098765432,0.8085890951594381,ok,1692.9596417610842,-274.4940267758976,-0.7861051392459748
851,3.100332582856481,-5.664091910691241,-0.14078293857539279,0.9983779047757153,217,160,0.7373271889400922,1.9089394109760534,ok,1689.9232991248637,-268.7953758221586,-0.6453222006705811
852,-9.158307904841422,9.867123489094865,-0.03586525383228001,0.9999210940588206,222,174,0.7837837837837838,0.7570123759779646,ok,1698.9761340067416,-278.7593564639694,-0.609456946838301
853,5.329819350718026,4.367105100543654,-0.07092980785184234,0.9996150251516287,231,182,0.7878787878787878,0.7080230632969997,ok,1693.6055039496594,-283.0761740487702,-0.5385271389864581
854,4.9941411877789506,1.236268636383329,0.000601013443805222,0.9997593468104592,236,181,0.7669491525423728,0.7119748617548787,ok,1688.5999512765723,-284.26539597159433,-0.5391281524302635
855,-2.063897697352104,0.6583324689945584,0.09441632224105205,0.999978826125009,250,223,0.892,0.46144726408680553,ok,1690.6564434805198,-284.9465091486586,-0.6335444746713162
856,-3.125877469061834,0.4784799442969643,0.06756393343150885,1.0001562659697003,200,176,0.88,0.5122347266357935,ok,1693.7762320793634,-285.46320258504943,-0.7011084081028256
857,-7.900125199256308,0.48216671926081744,0.32742713961629166,1.000558763837696,196,150,0.7653061224489796,0.7618262301475487,ok,1701.66642933401,-286.08710176909506,-1.0285355477191196
858,-3.8392894547357628,0.8512950088340858,0.3314785700912738,1.0001370798937905,215,165,0.7674418604651163,0.5202542251769788,ok,1705.4844321927371,-287.02928056320013,-1.3600141178103953
859,-1.1961875357922054,0.8646189147256109,0.16051375540185797,1.0003919412727251,209,175,0.8373205741626795,0.6251446391217571,ok,1706.6572557777597,-287.9253359894435,-1.5205278732122545
860,0.21373013455809087,0.8602554764592014,-0.036672276118245764,1.0003608366461634,224,197,0.8794642857142857,0.5724173405829039,ok,1706.4213207666414,-288.7797683891831,-1.4838555970940084
861,0.8466976917763986,1.1212541785363328,-0.2334161182628567,1.000502051453726,221,181,0.8190045248868778,0.6612012787898814,ok,1705.5503560783213,-289.8822784462095,-1.25043947883115
862,1.1539592742685727,1.1857976915127892,-0.3401418981787782,1.0006296656038032,204,163,0.7990196078431373,0.6767951124395406,ok,1704.3777036479296,-291.0495935062354,-0.9102975806523698
863,4.399664197788752,-6.899828684708041,-0.16256874852018482,0.9987519370407308,196,147,0.75,1.4507154640405802,ok,1700.0684565862605,-284.092936931909,-0.7477288321321841
864,5.886149184566875,7.548515500854137,-0.07654955009674622,0.9990660602646059,202,153,0.7574257425742574,0.8413314295435065,ok,1694.0942877943737,-291.57198404605765,-0.6711792820354374
865,-5.286920237630966,8.218023472689424,-0.038936697775006475,0.9992386308955379,206,167,0.8106796116504854,0.7704517353810464,ok,1699.2902044499021,-299.84784566316716,-0.6322425842604307
866,-13.932090186709502,2.5282411001963965,0.09149141816293535,0.9996219896014225,199,160,0.8040201005025126,0.8415989246514377,ok,1713.1892484457478,-302.55186416030574,-0.7237340024233666
867,-3.583011147145953,0.015528150366776572,0.0828491698687837,0.9996213165060248,234,204,0.8717948717948718,0.6337465005356273,ok,1716.7716859729067,-302.6178290602993,-0.8065831722921507
868,-0.6945984400363159,0.028119502981780897,0.038821399064024605,0.9998826119863413,225,203,0.9022222222222223,0.5419111278711883,ok,1717.465793912002,-302.6561939952443,-0.8454045713561756
869,-0.8881964666363729,0.2094499626475681,0.1458612792013098,0.9999057713399957,221,200,0.9049773755656109,0.7145760469280258,ok,1718.3502339724737,-302.88097840224555,-0.9912658505574865
870,0.12335455737684242,0.4707723184911856,0.14335456074811825,1.0000565988076138,239,218,0.9121338912133892,0.555082806423826,ok,1718.2175815713358,-303.34921580266916,-1.1346204113056058
871,0.9592206912898291,0.556370021640987,0.0664965482789102,1.0002402459612905,254,217,0.8543307086614174,0.5564668700343226,ok,1717.2469090663467,-303.8853564779006,-1.2011169595845164
872,1.3969928117530799,0.8574922196121406,-0.01234591152379283,1.000685077357879,246,215,0.8739837398373984,0.8421669745086332,ok,1715.8324269858645,-304.7136814544525,-1.1887710480607234
873,1.246592889023077,1.1380974184578463,-0.09582941779558987,1.000998230216623,251,232,0.9243027888446215,1.018325611599953,ok,1714.5643525090582,-305.8277939649895,-1.0929416302651327
874,1.1776940281401949,1.505609942036017,-0.13581497185934707,1.0010183998485847,221,189,0.8552036199095022,1.2187813773934282,ok,1713.3616727375086,-307.31352135875295,-0.9571266584057846
875,2.086212210332178,-3.6618905018705163,-0.31478712918658563,1.0001264126958709,203,174,0.8571428571428571,0.8408541825138749,ok,1711.3166440024183,-303.62847306776894,-0.642339529219197
876,5.084358294629965,6.289430780032035,-0.135422993722665,0.9990943368167253,192,158,0.8229166666666666,0.8455461249033136,ok,1706.176840549083,-309.872675119758,-0.506916535496531
877,-3.1118951669157013,7.215108951786078,-0.1012832956096116,0.9990925638582516,212,180,0.8490566037735849,0.9235102510583272,ok,1709.2375778148703,-317.1096341569389,-0.40563323988691874
878,-11.098959320462882,3.3011832983974045,0.16791148642126025,0.9994218327591083,219,193,0.8812785388127854,1.0919877374253717,ok,1720.3029359564364,-320.5217534933313,-0.5735447263081801
879,-2.238120829170157,0.22155794970774423,0.10584143859957089,0.9996994656780332,257,232,0.9027237354085603,0.47605804041575134,ok,1722.5382723790676,-320.76983382044705,-0.6793861649077517
880,-2.500430550310284,0.46175222307147124,0.2559038793486516,0.9993299582996971,251,224,0.8924302788844621,0.8662784637332894,ok,1725.0308325345673,-321.27233946584147,-0.9352900442564047
881,-2.0928285268742,0.10421369881237297,0.4123841173929759,0.9995922900647687,246,208,0.8455284552845529,0.8449055940298487,ok,1727.1206311342808,-321.4257459538197,-1.3476741616493833
882,-1.0748890260131247,-0.0614436795489155,0.35074150371921375,0.9997648769729048,250,212,0.848,0.6576100808529216,ok,1728.1968690450262,-321.396187478308,-1.698415665368599
883,-0.1879990956808797,-0.01676054969107099,0.14472209664774435,1.0002064982560979,250,223,0.892,0.5500571858053545,ok,1728.3853099494092,-321.3854822665894,-1.843137762016344
884,0.5009039881842909,0.024898791617829374,-0.06071522500288622,1.0003996389669425,252,226,0.8968253968253969,0.5166141904269295,ok,1727.8838738686748,-321.3947888309672,-1.7824225370134572
885,1.1757167191253757,0.042577892690360386,-0.2906339548947344,1.0008510723427635,242,212,0.8760330578512396,0.8967185384302911,ok,1726.7074471803055,-321.40674405871266,-1.4917885821187211
886,1.34292935198755,0.2937242716777746,-0.42043457045272375,1.0013702393824933,248,218,0.8790322580645161,1.4007881583742636,ok,1725.359260663421,-321.6753074737412,-1.0713540116659948
887,5.3144663721068355,-0.06569174576634396,-0.4260544190976218,0.9978971515114134,234,185,0.7905982905982906,1.5864086818814782,ok,1720.0458711921092,-321.54976643716293,-0.6452995925683702
888,-7.870477237209343,13.278324921571539,-0.30126955432070884,0.9998826549474212,226,189,0.8362831858407079,0.7110077263523488,ok,1727.8364779000885,-334.87510965172396,-0.3440300382476596
889,0.007262127831836551,-0.012718560310304383,-0.00044087375609002267,1.0000023326650453,419,419,1.0,0.015560374553282897,ok,1727.8292921725583,-334.86234777110735,-0.34358916449156957
890,3.722786193335196,4.617187198879719,-0.07422245707544078,0.999345585978117,256,216,0.84375,1.1529635615946106,ok,1724.084840252544,-339.4619819402004,-0.26936670741612834
891,-2.2835030425180776,-0.8608067829541142,0.3159610309737954,1.0000596643369593,279,233,0.8351254480286738,0.5901509383922995,ok,1726.377017897545,-338.6245477000799,-0.5853277383899257
892,-2.7117262637978,-0.29831133647087427,0.2224997469249134,1.000133286091362,281,240,0.8540925266903915,0.3891096843933878,ok,1729.092680461942,-338.36449805180257,-0.8078274853148403
893,-7.997049616775257,-1.0183323782514435,0.6293793183957159,1.0006302082774154,267,221,0.8277153558052435,0.8075274053015534,ok,1737.112755473786,-337.5470629105513,-1.4372068037105599
894,-1.8245029508318567,-0.45863225763662285,0.25501333429651274,1.0002544215487195,290,254,0.8758620689655172,0.5710756881721095,ok,1738.9500063695386,-337.1425091917504,-1.6922201380070743
895,-0.16391693942227903,-0.20505813816203045,0.06312618763386293,1.0001820091069078,322,292,0.906832298136646,0.38788469341666093,ok,1739.1201276846773,-336.9425683475199,-1.7553463256409374
896,0.40407448523910716,-0.010473367673853318,-0.0290581492780844,1.00048973909691,307,287,0.9348534201954397,0.5283814192307652,ok,1738.7165520999094,-336.91992704828294,-1.726288176362853
897,0.9610185100227682,0.38632868420813793,-0.2199804396989378,1.0006506422452914,291,249,0.8556701030927835,0.8325573948095948,ok,1737.745710259668,-337.28085993689876,-1.5063077366639137
898,0.5625990879680103,0.2023155700121606,-0.15794286943797528,1.0003955196572056,301,264,0.8770764119601329,0.6033428837154876,ok,1737.1785062190872,-337.4698808352156,-1.3483648672259374
899,1.3774765170937826,1.0084277695387982,-0.33695222667168845,1.0006569263958436,243,205,0.8436213991769548,0.8580101058995108,ok,1735.783443986981,-338.4538368759372,-1.0114126405542474
900,9.096429502646743,3.5114932587846397,-0.3478198867673093,0.9979415334530827,244,190,0.7786885245901639,1.7041110370824084,ok,1726.6469557957694,-341.8597432362119,-0.6635927537869359
901,-4.915881146333959,6.392091053751528,-0.13793726278143578,0.9997596780674546,288,250,0.8680555555555556,0.5894520831577142,ok,1731.5039871595245,-348.29666500176336,-0.5256554910054995
902,-11.354113441387199,1.670821250392919,0.10817195180241662,1.0001696567955471,269,222,0.8252788104089219,0.6950533709105127,ok,1742.8389229960808,-350.09298492644473,-0.6338274428079166
903,-5.056002785533337,-0.49393989706504726,0.2157357814782979,1.0000639944599348,267,230,0.8614232209737828,0.5472895316585189,ok,1747.901693697635,-349.67406534858037,-0.8495632242862156
904,-1.13426855648936,-0.04636047483472794,0.13263952461711684,0.9998837299395411,291,269,0.9243986254295533,0.4162395625062457,ok,1749.036590297259,-349.64715512693874,-0.982202748903333
905,-2.056007901063367,-0.23452526883579594,0.5798758338844603,0.9997603817836745,307,248,0.8078175895765473,0.7308385996271372,ok,1751.0982273042553,-349.46876386498275,-1.5620785827877963
906,0.17739379055069548,0.1743035845565828,0.3509461712424105,1.0000826823776028,284,243,0.8556338028169014,0.5244860556788017,ok,1750.9151137155395,-349.63704847551753,-1.9130247540302083
907,0.8451158594868957,0.5116986362800162,0.11698455553224721,1.0003611213909813,275,251,0.9127272727272727,0.50251052201437,ok,1750.0524023744572,-350.1184894919418,-2.030009309562456
908,0.6737482698192707,0.36036914555234034,-0.025232012243103428,1.0002507244284466,299,281,0.939799331103679,0.4140836830695295,ok,1749.3664597658812,-350.45506844239856,-2.0047772973193525
909,1.4356079219994626,1.0745935099223516,-0.2350178617661351,1.0007615069413698,289,247,0.8546712802768166,0.7251289064190534,ok,1747.898349723984,-351.4848131788042,-1.7697594355532162
910,1.3584752235321957,1.5506569926967586,-0.4136358072934914,1.0007968185593579,266,242,0.9097744360902256,0.9601886333760268,ok,1746.5035562023527,-353.0028853358392,-1.3561236282597227
911,1.2317151670265503,1.7365980470973454,-0.22098255301961733,1.000457237958205,290,249,0.8586206896551725,0.760039929599102,ok,1745.2376796180947,-354.71474149314145,-1.1351410752401043
912,7.370580048176862,0.9485689273395792,-0.17733888094553646,0.9967644657253417,231,191,0.8268398268398268,2.7591833255418665,ok,1737.8522731053447,-355.53997109629654,-0.9578021942945669
913,-3.451034956650801,4.661276466544905,-0.028677497003755204,1.000562458584562,278,228,0.8201438848920863,0.8061496470628513,ok,1741.227269040829,-360.2565952073587,-0.9291246972908115
914,-7.668904662224577,0.7475934971788547,0.06426677501263141,1.0005251189253892,287,241,0.8397212543554007,0.8847928327413032,ok,1748.8820599872518,-361.13703278145124,-0.9933914723034433
915,-5.782856182743444,-0.6223370968372137,0.09702282069140679,1.0002632888947278,292,250,0.8561643835616438,0.635019131025005,ok,1754.675712133263,-360.62485712465696,-1.0904142929948506
916,-1.4907181606861286,-0.3401306981244261,0.05792309151058964,0.9999511963405273,298,277,0.9295302013422819,0.4707523537866916,ok,1756.172947433129,-360.3146701113226,-1.1483373845054405
917,-2.4179221798231083,0.2012408328789661,0.18086566518696973,0.9998179428882757,289,247,0.8546712802768166,0.6784017846331378,ok,1758.5855508274942,-360.57194506539963,-1.3292030496924112
918,-1.626105914683876,0.39030446647939243,0.2491855174075049,0.9998472167459387,303,276,0.9108910891089109,0.7945426339106227,ok,1760.200288980368,-361.0068918667188,-1.5783885670999178
919,-0.366745275741323,1.1395900165682633,0.08997645098906014,1.0000276407772044,340,319,0.9382352941176471,0.49432964893662246,ok,1760.5337003678733,-362.1566763464464,-1.6683650180889786
920,0.15155913359376427,0.6914788215860881,0.0024910570252409457,1.0001196406870696,315,285,0.9047619047619048,0.3993326579917246,ok,1760.362043668257,-362.8434420336748,-1.6708560751142194
921,1.6647807982972154,3.227854952446819,-0.18047443941857502,1.0006167083155146,280,245,0.875,0.9985353781396198,ok,1758.6138723466715,-366.02690551403714,-1.4903816356956436
922,0.5986995008486247,1.1298704992409512,-0.09110372544754866,1.0002410480345096,309,273,0.883495145631068,0.5713180100473981,ok,1757.9877604174474,-367.14181909340266,-1.3992779102480941
923,1.7066061601078673,2.5933621033959753,-0.19172849199832617,1.000615769474409,269,222,0.8252788104089219,1.1118756074020169,ok,1756.2268803585516,-369.6986399716093,-1.2075494182497668
924,-3.216336609940754,6.297671589492893,-0.14652438395490325,0.9972529334197582,243,193,0.7942386831275721,1.5586382580591116,ok,1759.3260494824367,-376.0547897007383,-1.0610250342948628
925,-0.0017900937677950424,7.917008812814174,-0.14332228769769112,0.9995116708029524,292,251,0.8595890410958904,0.766745696304209,ok,1759.2010385569258,-383.970811682461,-0.9177027465971708
926,2.222529942306892,0.5844055656699538,-0.025454506878682236,0.9999429727560215,316,294,0.930379746835443,0.7809786292518538,ok,1756.9696777129438,-384.5205370626114,-0.8922482397184885
927,-0.9101552421964243,-0.8359672846423791,0.08591101736940429,0.9999570209755893,329,300,0.9118541033434651,0.6557181616229942,ok,1757.8939713465209,-383.700229105306,-0.9781592570878934
928,-2.052511302128778,-0.19864256385949375,0.08702231324078442,0.9998797046699174,339,326,0.9616519174041298,0.4127430914267797,ok,1759.9498206981973,-383.53977675489296,-1.0651815703286784
929,-8.958366348748086,-0.37311093055484434,0.30865503856842125,1.0001368030151176,292,250,0.8561643835616438,0.6426772586369525,ok,1768.9145574809056,-383.38155595463616,-1.3738366088971015
930,-2.2219898393605035,0.15754182051216503,0.1307682155025882,1.0001722899193541,325,299,0.92,0.5241884123849031,ok,1771.131644596721,-383.597386889208,-1.5046048243996901
931,-0.26193957908731136,0.2550086360820387,0.03358365246681753,1.0001374668866458,332,312,0.9397590361445783,0.32029126233299854,ok,1771.386644532211,-383.85933493838706,-1.5381884768665077
932,0.11321035563128135,0.8677973895478317,0.02395572454428474,1.0005654916342928,321,298,0.9283489096573209,0.5931880954871422,ok,1771.2498190692509,-384.7237235585193,-1.5621442014107927
933,0.9720531437660611,1.2958434849218747,-0.04286446920217929,1.0006574658010918,344,314,0.9127906976744186,0.9386395442277455,ok,1770.243750519901,-385.99333914039005,-1.5192797322086131
934,1.1403648923612764,1.7646868694598652,-0.09274521325162004,1.00076630549766,341,306,0.8973607038123167,1.0678959596005697,ok,1769.0598069156472,-387.7290895190222,-1.426534518956993
935,1.3481195858439605,2.2145646447680747,-0.31657957703168643,1.0005149020883957,289,248,0.8581314878892734,0.8213726891501216,ok,1767.6690416103422,-389.91712399067774,-1.1099549419253043
936,3.536640048180743,-2.1373585760272817,-0.20963434347033108,0.9980406058237149,313,282,0.9009584664536742,2.051595270458286,ok,1764.166422307033,-387.7244583688836,-0.9003205984549719
937,-0.4448827961052757,13.684435515054474,-0.33158430680222745,0.9993398666915383,286,240,0.8391608391608392,0.8302736591643465,ok,1764.475449318665,-401.4126356899893,-0.5687362916527425
938,-5.412205529309858,1.212654596627317,0.05684729341095007,1.0000141434271872,307,263,0.8566775244299675,0.5392717862801141,ok,1769.8740921491828,-402.6843099606698,-0.6255835850636929
939,-9.208160838769572,0.46296228462324507,0.2678993133269106,0.9999623995294913,306,269,0.8790849673202614,0.6312172077418882,ok,1779.073914149622,-403.29080420620676,-0.893482898390605
940,-2.723849244111534,-0.0326367810348529,0.1937292164264238,0.9998780387362592,342,322,0.9415204678362573,0.44484376149300464,ok,1781.7978922841808,-403.3098564125952,-1.0872121148170297
941,-2.8828657657547865,-0.8997456634349419,0.7801240386287436,0.9998448653407064,304,259,0.8519736842105263,0.798973452735513,ok,1784.708545686193,-402.5045278736833,-1.8673361534457775
942,-0.13857245086023795,-0.12744365542607738,0.375529968862108,1.0000418797345412,310,283,0.9129032258064517,0.42205209803885035,ok,1784.8519995376769,-402.38260493925236,-2.242866122307887
943,0.9079100658457264,0.41365004394310745,0.13774686754377052,1.0003404232398545,329,294,0.8936170212765957,0.5918378104984071,ok,1783.9276910284516,-402.7581855914319,-2.380612989851658
944,0.7386151691628129,0.20423588048470265,-0.023215323216295974,1.000240570348583,345,317,0.9188405797101449,0.36395020016938767,ok,1783.1813001741816,-402.93186735690256,-2.357397666635362
945,2.6990721180218316,1.2851720007550966,-0.45542541739805664,1.0007351703492209,339,289,0.8525073746312685,0.974175038992158,ok,1780.4410607238651,-404.1267502485432,-1.9019722492373032
946,1.3426109533422732,1.2520202418536428,-0.44663599613930705,1.000736267390918,323,278,0.8606811145510835,0.9151309927787175,ok,1779.067084453537,-405.34426742157234,-1.455336253097994
947,5.096459034225973,0.42489201325906834,-0.05167891353165975,1.000004732257246,328,268,0.8170731707317073,1.1384977549804907,ok,1773.9617465718609,-405.6441891186837,-1.4036573395663339
948,-7.474375273181067,7.328218275780273,-0.0016791490776326783,0.9990690444699282,289,248,0.8581314878892734,0.960370563850097,ok,1781.2545870858012,-413.15308691130645,-1.4019781904887012
949,-5.253580869021789,6.907907408416804,-0.03188110092136967,0.9985456524935891,340,294,0.8647058823529412,1.278273958071824,ok,1786.3414949700607,-420.1846347414553,-1.3700970895673312
950,-2.4797393625403856,1.1223579719730878,0.0038601678337879496,0.9989432073221053,344,279,0.811046511627907,1.1402053756018082,ok,1788.7936097347542,-421.3661286704096,-1.3739572574011194
951,-1.4433176550396638,-1.0273862187384566,0.044974670302078495,0.9991017840335533,353,319,0.9036827195467422,0.9750553778095007,ok,1790.2619254680333,-420.37479764436034,-1.4189319277031978
952,-1.2603115809129122,-0.7660090504814434,0.07156417148120646,0.9994610313067523,334,313,0.937125748502994,0.7605377988024655,ok,1791.5417353880127,-419.6418298994191,-1.4904960991844047
953,-1.050426382631258,-0.6503322882929297,0.10682692841984866,0.9998737223394465,346,310,0.8959537572254336,0.5724129757573478,ok,1792.6098815646053,-419.02103088528133,-1.5973230276042543
954,-0.5630399003355251,-0.3502987541414768,0.081394255638755,1.0001587524034679,365,329,0.9013698630136986,0.4597050700689692,ok,1793.182941799499,-418.6873767024721,-1.6787172832430097
955,0.31124770854580674,-0.15714785181887692,0.035958800432171104,1.0005369035353526,335,307,0.9164179104477612,0.5513043264328166,ok,1792.8765356802755,-418.52098597704344,-1.714676083675181
956,0.7161786031065276,0.15957218448124877,-0.019034930400932553,1.0009009384460896,338,312,0.9230769230769231,0.7529926153693011,ok,1792.155948908611,-418.65929641811726,-1.6956411532742484
957,1.1137660584877267,0.5299580757365447,-0.06520055560890962,1.0010820068870405,358,330,0.9217877094972067,1.0106457943134233,ok,1791.0275550232282,-419.15735026511345,-1.6304405976653384
958,0.5898127792834202,0.37520034223121,-0.042758560518508175,1.000620906951842,366,341,0.9316939890710383,0.6323934747369787,ok,1790.4275731004836,-419.5160647808448,-1.58768203714683
959,1.769108366750288,1.1201435525288161,-0.2792148355357676,1.0013068618530172,312,268,0.8589743589743589,1.3045652896240116,ok,1788.6333474734524,-420.5955185273674,-1.3084672016110617
960,-3.3472405660227196,3.897531405518521,-0.3078396205105145,0.9973946044069465,272,203,0.7463235294117647,2.2483365677359473,ok,1791.9120136117203,-424.55090963541295,-1.0006275811005458
961,-4.864150742205538,4.828975641214356,-0.17389610632961403,0.9994969141657852,332,275,0.8283132530120482,0.9852840895368232,ok,1796.7059822300048,-429.4495658872074,-0.8267314747709311
962,-1.3108779484859951,0.20965267719338954,-1.2712940152494829e-05,0.9996749684513901,347,308,0.8876080691642652,0.6284436957237618,ok,1798.0136987556868,-429.67811069537197,-0.8267187618307786
963,-3.038004760833701,-1.2533616646512655,0.3323025397755758,0.9996706248830054,316,257,0.8132911392405063,1.0094737835023886,ok,1801.0764341545469,-428.48645627154144,-1.159021301606356
964,-0.8357905207503791,-0.012645818408145715,0.1601626316531483,0.9998067860129667,353,319,0.9036827195467422,0.5799290526104866,ok,1801.9122942878132,-428.49305543178434,-1.319183933259505
965,-2.9124154663720674,0.025974679357659625,0.6280140430939086,0.9998115179255765,336,282,0.8392857142857143,0.7505686452513831,ok,1804.8221454433785,-428.6179745463621,-1.947197976353416
966,-0.5749959311178827,0.4923966127125823,0.15699878631324535,1.0000580154598435,377,356,0.9442970822281167,0.4404403841007184,ok,1805.3786743782816,-429.1311512114869,-2.104196762666662
967,-0.6242567367341962,1.3692220982384242,0.16928683305740277,1.0002638916729139,367,331,0.9019073569482289,0.6318974581390585,ok,1805.9481235704297,-430.5240594084704,-2.2734835957240653
968,-0.08424088475499047,1.8118354801579244,-0.013862428717746475,1.0005160494549497,350,308,0.88,0.7160006276089779,ok,1805.9608626150944,-432.3378074754753,-2.2596211670063187
969,0.7659760891672249,2.764072986591941,-0.23011772251300758,1.000715067255308,376,323,0.8590425531914894,0.8696272614657197,ok,1805.0974798181137,-435.07302026249215,-2.02950344449331
970,1.2835091560571072,3.120101966912216,-0.3469176313032593,1.0008333644133367,356,298,0.8370786516853933,1.110607928808402,ok,1803.722910260203,-438.15408997414704,-1.6825858131900497
971,1.6639333178170546,3.1233915369580245,-0.2584292144011211,1.0006609065396355,310,259,0.8354838709677419,1.035105660794235,ok,1801.9818632128613,-441.2351618587718,-1.4241565987889278
972,-5.1881904353051596,2.987158917396755,-0.21239657459622613,0.9991512455930938,304,192,0.631578947368421,1.0178199484619104,ok,1807.1057220635043,-444.33137064847915,-1.211760024192701
973,-0.033745386333293936,4.785110597650828,-0.04127559355093309,0.9996929051829597,343,285,0.8309037900874635,0.46422329485253655,ok,1807.0417131061135,-449.11617211105033,-1.1704844306417677
974,4.45520498569158,5.195255117614124,-0.021680396257488785,0.9993765795538213,302,250,0.8278145695364238,0.7853414464937241,ok,1802.4832435984295,-454.22106025371716,-1.1488040343842787
975,2.9945163351658266,0.7616944944870738,0.12283265810605316,0.9995657240698422,338,281,0.8313609467455622,0.6986133939987974,ok,1799.472560911278,-454.9161115768527,-1.2716366924903322
976,-2.883919776100811,-0.05484130109994112,0.2647154501133364,0.9997032514885057,328,263,0.801829268292683,0.6110562765254448,ok,1802.3569143232603,-454.9386113118777,-1.5363521426036695
977,-7.241483123388207,0.02316050697515948,0.2197595700506585,0.999822423214312,306,253,0.826797385620915,0.6930022587714858,ok,1809.5942865652376,-455.1836771529371,-1.7561117126543289
978,-5.470801663392194,-0.10131260763671435,0.13235178776890058,0.9999787228687548,329,280,0.851063829787234,0.4739593867928316,ok,1815.0654555296278,-455.26270403271064,-1.8884635004232297
979,-1.1508895689703422,-0.09979609889808216,0.03592536738186559,1.0000074817426057,339,316,0.9321533923303835,0.38183577391833523,ok,1816.2190472247257,-455.2016117883454,-1.924388867805095
980,-0.6990997846260143,-0.1347857736112701,0.012176244873759111,1.0003254939818893,360,324,0.9,0.45048369867841603,ok,1816.9223025368444,-455.0905276778285,-1.9365651126788541
981,1.3655317017930884,-0.09793979249207041,-0.10571763143471805,1.001156074898902,323,298,0.9226006191950464,1.1207634948736418,ok,1815.5605969997373,-454.94901067613944,-1.8308474812441353
982,0.7207362146959895,0.07907531498130993,-0.04989926566450606,1.000466763424903,320,298,0.93125,0.5640833209046264,ok,1814.8377514022166,-455.005648461746,-1.7809482155796292
983,1.68648346927057,0.10288748315701923,-0.28345985924187106,1.0010307451860843,300,267,0.89,1.302648723277868,ok,1813.1491551434337,-455.0644277194597,-1.4974883563377572
984,-3.8668701462083845,3.6025329512604003,-0.38497009973977897,1.0000813682954932,306,246,0.803921568627451,1.3765081851889334,ok,1816.9453499902806,-458.7413602830683,-1.1125182565979772
985,2.5317610579631946,6.026538920958956,-0.29196614155648265,0.9984745270643183,350,277,0.7914285714285715,1.482129794086479,ok,1814.3275434217421,-464.7310242294151,-0.8205521150414934
986,1.475387519511969,0.12584571782497278,0.027078526447728058,0.9996776470664395,383,339,0.8851174934725848,0.6264232918508507,ok,1812.8504556647645,-464.8350301696995,-0.8476306414892216
987,0.45966148739057644,-0.5049998789265828,0.2528838987998945,0.9993342096606173,358,305,0.8519553072625698,0.872587648780418,ok,1812.4005782070424,-464.3212949910916,-1.100514540289117
988,-4.881140672531501,-0.3056483837867745,0.45812711938764517,0.9995220759736747,326,287,0.8803680981595092,0.6832164916446621,ok,1817.2882265627054,-464.1485270804891,-1.5586416596767636
989,-6.490789437147214,0.028516206579297432,0.43611611145320284,0.9996354503488851,349,278,0.7965616045845272,0.642342051239668,ok,1823.7740900911144,-464.4029577827939,-1.9947577711299684
990,-3.343456645524384,0.4295937631561628,0.3053426336207967,0.9998622599268389,328,287,0.875,0.5739043125323043,ok,1827.097611876504,-464.9663901956742,-2.300100404750766
991,-0.759389529757982,0.7085663608847881,0.13596298732303172,1.0002961011771565,358,318,0.888268156424581,0.5768376682049263,ok,1827.8261978548699,-465.7065936932423,-2.436063392073798
992,0.5679818424505356,0.9497897078867936,-0.03828930017402193,1.0006357714854706,341,312,0.9149560117302052,0.7510740407016439,ok,1827.2189771069307,-466.63178925410125,-2.3977740918997763
993,1.3517890461964726,1.425199670473944,-0.235418198209922,1.0010196290608662,347,311,0.8962536023054755,0.9641112992897602,ok,1825.814376044168,-468.0049693517658,-2.1623558936898535
994,1.4813349997084515,1.749041278368395,-0.3199212492533502,1.001031804274463,353,299,0.8470254957507082,1.139697870403504,ok,1824.2775734188315,-469.7054800002345,-1.8424346444365023
995,4.759909243633274,-1.5412452192925912,-0.293714400426699,0.9970995191904002,302,237,0.7847682119205298,2.6249379613658825,ok,1819.5610581459168,-468.0361518377757,-1.548720244009802
996,3.594409740955143,8.534676576344623,-0.1610653892756044,0.9995360893578159,279,222,0.7956989247311828,0.6948431881417649,ok,1815.7610201625766,-476.4812804320512,-1.3876548547341971
997,-7.35667434472839,10.096496693221184,-0.12691737263986264,0.99981588084842,322,250,0.7763975155279503,0.6105115688716356,ok,1822.8937680247504,-486.7371963260737,-1.2607374820943338
998,-9.56351619484758,2.205121565231366,0.08786251340570242,1.0001744751298267,294,233,0.7925170068027211,0.6469397483178552,ok,1832.4027369001312,-489.166787660763,-1.3485999955000365
999,-5.5573183060173506,-0.03360045118824928,0.1936884635636699,1.000146280889891,327,270,0.8256880733944955,0.5848442699054144,ok,1837.9589463167872,-489.282773276155,-1.5422884590637074
1000,-2.3504371834485482,0.5030566006416848,0.2383610699866936,0.9997716291497053,293,245,0.8361774744027304,0.94715276876787,ok,1840.2926169260195,-489.85862254844096,-1.7806495290504019
1001,-1.2959384791765842,-0.27335397720639776,0.4724771377586533,1.0002771507524553,321,259,0.8068535825545171,0.5421925685519907,ok,1841.5983002375692,-489.6364288748025,-2.2531266668090573
1002,-0.11107487483172918,0.2508944584922119,0.17353998375412022,1.0001893279868936,361,315,0.8725761772853186,0.6615946336094086,ok,1841.6986524666086,-489.8918013229012,-2.426666650563178
1003,0.6374716007783263,0.3026587799382696,0.1956728398167725,1.0005097875798161,332,299,0.9006024096385542,0.8237262211471214,ok,1841.0480010316023,-490.16497725338763,-2.6223394903799515
1004,1.2503678338650843,0.3295515833378886,-0.028053704234682075,1.000818038955997,357,321,0.8991596638655462,0.7198966030758085,ok,1839.7839981020031,-490.4375952278665,-2.5942857861452695
1005,1.6021400814549906,0.5741352790969358,-0.26229517127738405,1.0007337368880673,302,244,0.8079470198675497,0.8995381283217718,ok,1838.1598234818641,-490.9460644625342,-2.3319906148678844
1006,1.3688972907716561,0.9427577747319447,-0.41797227439243495,1.0007701627709127,320,270,0.84375,0.9576569314357177,ok,1836.7602020989718,-491.8425754769954,-1.9140183404754478
1007,0.7215020838943929,0.43967224374455327,-0.08752738938550263,1.0003931078624284,347,319,0.9193083573487032,0.6438369180229137,ok,1836.0250529666941,-492.25902798604614,-1.826490951089945
1008,4.615009745408315,-11.091093916593309,-0.24978504669608628,1.001313145602301,309,201,0.6504854368932039,2.2583269337785903,ok,1831.7169646064885,-481.0451502491718,-1.5767059043938572
1009,2.475682688368124,12.143804881661936,-0.07713492833511473,0.9988304643702158,324,248,0.7654320987654321,1.177096755189044,ok,1828.9243329351157,-493.1200088456691,-1.4995709760587421
1010,-7.713712032006924,4.421042815957094,0.07506758089427647,0.9991607951463345,324,267,0.8240740740740741,0.8319721735746894,ok,1836.5136455093327,-497.75134855941167,-1.5746385569530188
1011,-7.94077911872364,1.35204056504881,0.11880841573147072,0.9992224250405081,319,244,0.7648902821316614,0.9237621779083844,ok,1844.411001067749,-499.3374639038444,-1.6934469726844898
1012,-2.5075484304625206,0.40020306002020334,0.06417133507042246,0.999369662266864,366,325,0.8879781420765027,0.5705086454751238,ok,1846.905094956161,-499.81438873665434,-1.7576183077549128
1013,-3.389151755540979,0.9389342172539727,0.19573654138411065,0.9990438963125814,334,298,0.8922155688622755,1.0123106272010096,ok,1850.2602729130376,-500.8682995317913,-1.9533548491390247
1014,-0.03875324693785842,-0.011710433621487937,0.0016427081937139783,0.9999987988985665,429,417,0.972027972027972,0.15945792066393805,ok,1850.2994030987477,-500.8579179630201,-1.9549975573327385
1015,-2.2180680823998955,1.4316843576382325,0.34504682493822325,0.9993090619558935,328,266,0.8109756097560976,1.1205414828315807,ok,1852.4582270579847,-502.3774656691128,-2.300044382270963
1016,0.8139970449810789,0.8836548333028986,-0.02112494904091282,1.0003951311336055,326,294,0.901840490797546,0.7182198780704712,ok,1851.6097360159793,-503.228053704118,-2.27891943323005
1017,1.4788537114973224,0.7312727334766578,-0.1355828331771547,1.0007779008844435,312,281,0.9006410256410257,1.0841020059595308,ok,1850.1045676466422,-503.9035063602553,-2.143336600052895
1018,1.6326979900240985,1.3564987701947757,-0.21047430340567075,1.000808141099469,332,278,0.8373493975903614,0.8425811580832734,ok,1848.4270460537164,-505.20416501856516,-1.9328622966472233
1019,3.024901119658807,0.3477030801370802,-0.4246432363733779,0.9987929393929955,296,227,0.7668918918918919,1.1874271216166323,ok,1845.3940412157046,-505.4721311885313,-1.5082190602738441
1020,5.50670769406247,6.781153656744323,-0.2212187152056773,0.9996879771421464,276,217,0.7862318840579711,0.4761370096836282,ok,1839.7364145600666,-512.1278907371958,-1.2870003450681662
1021,-4.156013388681458,6.635919058290824,-0.21085551645008602,1.0000543432814542,330,271,0.8212121212121212,0.7886531175509768,ok,1843.7670646055492,-518.8406941192366,-1.0761448286180793
1022,-8.664470285046946,0.18650243219906315,0.10369210621866327,1.000052672223741,306,238,0.7777777777777778,0.8539711013500366,ok,1852.4258577548674,-519.2055635136755,-1.179836934836743
1023,-5.586271757068744,-1.5092840492463893,0.3026320338098595,0.9999997729138745,316,262,0.8291139240506329,0.49408011851948996,ok,1858.0493065227406,-517.8413075112205,-1.4824689686466033
1024,-2.5678066393275003,-1.3319605320368737,0.4050018469316085,0.9998061039735343,324,263,0.8117283950617284,0.6482475367121714,ok,1860.659590259694,-516.5946445220866,-1.887470815578213
1025,-2.036830248083561,-0.9815336262040546,0.2196735095956641,0.9998209029765678,324,260,0.8024691358024691,0.6688658505760972,ok,1862.731132576644,-515.6886654119726,-2.1071443251738775
1026,-0.8651755669436625,-0.14613999757091278,0.10433449637118954,0.9998323417617841,353,319,0.9036827195467422,0.7079089958039689,ok,1863.6013030164797,-515.5760196567816,-2.2114788215450676
1027,-0.08444901987559206,0.2605222492275061,0.05062060012158731,1.0001187037002621,332,300,0.9036144578313253,0.5403646440747378,ok,1863.675403198618,-515.8396721597234,-2.262099421666655
1028,0.26235334435796176,0.3580154885972888,-0.0011286680359340786,1.0001384137448763,342,317,0.9269005847953217,0.3708974545552247,ok,1863.3991299758713,-516.1870587941303,-2.260970753630721
1029,1.206480403663818,1.0631723812558675,-0.049652316117779365,1.0005901577779064,323,298,0.9226006191950464,0.8111686098969808,ok,1862.1525252955953,-517.202887149614,-2.2113184375129413
1030,1.5029763437789825,1.4470652552219008,-0.09141290263990061,1.0007510925191008,351,327,0.9316239316239316,0.9884685479486239,ok,1860.5970493525012,-518.5933656044219,-2.1199055348730402
1031,2.0584299288236707,2.340785739593116,-0.27932457331654476,1.0007425958021008,328,270,0.823170731707317,1.0509903914962444,ok,1858.4644985133928,-520.8668296065956,-1.8405809615564954
1032,-4.270593527111487,9.025780241915527,-0.31879291474098725,0.996886143449871,255,182,0.7137254901960784,2.2951582818436145,ok,1862.493887343494,-530.0028409739822,-1.5217880468155074
1033,0.7826702028130512,8.35569638550669,-0.23469580530563086,0.9998529951806586,294,235,0.7993197278911565,0.5926325985000315,ok,1861.523728056808,-538.3388487529849,-1.287092241509876
1034,2.603509074849626,1.0320901251296846,0.020070370538469714,1.0003601216883118,301,261,0.867109634551495,0.8778469055986377,ok,1858.8973521429143,-539.3112782301885,-1.307162612048346
1035,-0.553456335758483,-0.7993952359040577,0.2553657681865214,0.999802032944346,293,238,0.8122866894197952,0.5397586094933778,ok,1859.4724004997097,-538.5272718232479,-1.5625283802348675
1036,-2.095356013370065,-0.016780133075144477,0.17380896280173475,0.9998603864673605,323,289,0.8947368421052632,0.5929535171588111,ok,1861.5673028598183,-538.5739890282498,-1.7363373430366027
1037,-9.794019386842137,-1.0906725827333048,0.8012710966952777,0.9998722126814881,280,193,0.6892857142857143,0.7518613688625168,ok,1871.4000076722343,-537.918017607791,-2.5376084397318817
1038,-2.5945925294302015,-0.3835690647758838,0.35580052642249327,1.0002631670978575,319,253,0.7931034482758621,0.4117053176659448,ok,1874.0106543578177,-537.665907504307,-2.8934089661543756
1039,-0.49308000036444355,0.1435148725581712,0.08304218583452264,1.000038570382743,337,311,0.9228486646884273,0.4878420856669705,ok,1874.4956170909304,-537.8348322002414,-2.9764511519888983
1040,-0.064294859706024,-0.10940346548636626,0.024460570491230904,1.0001840297242146,340,316,0.9294117647058824,0.4079896191753028,ok,1874.5655512566982,-537.7289447141848,-3.000911722480129
1041,0.8736555722714456,0.39379455879998204,-0.19329787784982438,1.0006349794660403,340,298,0.8764705882352941,0.7192657683527188,ok,1873.6736553472736,-538.0794727448086,-2.8076138446303047
1042,2.2508722043482976,1.1807334322396628,-0.6649956480345804,1.0012399013179554,331,270,0.8157099697885196,1.2401204275173883,ok,1871.38021270364,-539.1752272605092,-2.1426181965957225
1043,0.7160439638178104,0.4580561111407633,-0.0685101534844071,1.0003697335380903,306,279,0.9117647058823529,0.7431999285923216,ok,1870.648059838778,-539.6070681357719,-2.0741080431113157
1044,-2.2355462121461187,5.086541171295494,-0.18620564267016576,0.9991102920363795,270,169,0.6259259259259259,1.298853218232215,ok,1872.7148208040041,-544.7644964742508,-1.8879024004411493
1045,-2.4718340240965517,4.7572054926854435,-0.019009127614602554,0.9995490876345694,287,238,0.8292682926829268,0.6851438600947954,ok,1875.0301953468854,-549.5997842907614,-1.8688932728265473
1046,-3.059708489964123,4.106040337087734,0.051782976338129214,0.9991058008414289,321,280,0.8722741433021807,1.4076308890158546,ok,1877.9505674329564,-553.8060665176508,-1.9206762491646763
1047,-2.020571256897483,0.5405866893731854,0.08824146690337309,0.9992932075398687,330,294,0.8909090909090909,0.7919935740499191,ok,1879.9509465217711,-554.4171521695536,-2.0089177160680496
1048,0.005727903819433777,0.00025389904305939126,0.00021492837910283446,0.9999901303921127,445,444,0.9977528089887641,0.007614953127265759,ok,1879.9452132377778,-554.4172050991133,-2.0091326444471527
1049,-3.9868580604174895,-1.5465459739948528,0.533941957038119,0.9993559578492394,279,211,0.7562724014336918,1.0273576695099493,ok,1883.9967657725244,-553.049080944739,-2.543074601485272
1050,-1.1923082658977364,-0.10308058945440735,0.3098078446699863,0.999922516819862,309,260,0.8414239482200647,0.5331124798519494,ok,1885.192726809158,-553.0054712244429,-2.852882446155258
1051,-0.4656328451810623,0.043476700451037686,0.11649540950174389,1.0002497988225452,303,281,0.9273927392739274,0.7263285799338424,ok,1885.65548228889,-553.0730103684376,-2.9693778556570023
1052,0.0338108687053591,0.06944912280846438,-0.020188775757797987,1.000261533933036,332,301,0.9066265060240963,0.38963884109231617,ok,1885.6181430203223,-553.1406279292062,-2.949189079899204
1053,1.3627017890642037,1.011178634648104,-0.40168754392687706,1.001353647893261,293,239,0.8156996587030717,1.21790231099148,ok,1884.2118434633308,-554.0902383509546,-2.5475015359723274
1054,0.6500948017189785,0.46639758796357,-0.18529576750798707,1.000468084259545,301,261,0.867109634551495,0.6090136273184911,ok,1883.5430777712834,-554.5294449201454,-2.3622057684643405
1055,0.8039426203613402,0.636278836403676,-0.21612425807900382,1.0006363004555394,289,236,0.8166089965397924,0.6627203592668629,ok,1882.7158720294638,-555.1351718843705,-2.1460815103853363
1056,3.892988509299812,-0.7875854957245565,-0.512834420063006,0.9998140065639454,235,176,0.7489361702127659,0.9868264643474185,ok,1878.8469125766032,-554.2369496408604,-1.6332470903223308
1057,0.0009114139656958287,0.0048044189852589625,0.00012732158097855827,0.9999928320531764,430,430,1.0,0.00653035158763905,ok,1878.8458645882824,-554.2417261288678,-1.6333744119033096
1058,-5.961341739391173,15.630392800299092,-0.22922196171183648,0.9988703785713892,235,183,0.7787234042553192,1.2414852957079274,ok,1884.4223992365737,-570.0135058553873,-1.4041524501914733
1059,-3.5943342680384376,0.13915022359105933,0.1561917728577561,0.9994774786271227,317,282,0.889589905362776,0.7093991423444062,ok,1888.011611698805,-570.2504774066017,-1.5603442230492293
1060,-4.573548807237557,-1.4023534680551393,0.5035911585419912,0.9996125817701802,286,230,0.8041958041958042,0.6859291392364495,ok,1892.6326987752695,-569.0137485869794,-2.0639353815912207
1061,-2.6368575799028804,-0.7738036119146727,0.40364301135555336,0.9996314560988919,279,222,0.7956989247311828,0.7082721491103621,ok,1895.3004266972753,-568.3541899006947,-2.4675783929467747
1062,-1.7026996978431725,-0.5652186861079826,0.2786271532201894,0.9998456703918118,307,258,0.8403908794788274,0.5200075366531806,ok,1897.0282516953405,-567.8712000454998,-2.746205546166964
1063,-0.47716452520603525,0.09974599346628565,0.11854967703536204,1.0000754052140504,287,256,0.89198606271777,0.6615834920272593,ok,1897.4998347399846,-567.9946693912174,-2.8647552232023257
1064,0.4962998193193471,0.1994725897546914,-0.021949241576163084,1.0005023846392245,303,277,0.9141914191419142,0.5402182082053487,ok,1896.9942526492769,-568.1692820318699,-2.842805981626163
1065,1.2885916309210188,0.2941459865555771,-0.15028732228513456,1.0006716229263912,291,268,0.9209621993127147,0.9183882710029658,ok,1895.6932657930802,-568.4025703785353,-2.692518659341028
1066,1.939474967116439,1.1757472198896721,-0.30611692377941235,1.001050845946167,274,232,0.8467153284671532,0.9556216764384442,ok,1893.7065164725846,-569.4965410411497,-2.386401735561616
1067,0.8643996286418769,0.241444010289797,-0.12899174185648343,1.0004991024928656,279,241,0.8637992831541219,0.9747458733921281,ok,1892.833277412009,-569.7037498034792,-2.257409993705133
1068,3.5601370601980307,-5.278195042022844,-0.4138351026832518,0.9982953234856605,260,189,0.7269230769230769,1.8678600099429352,ok,1889.444787425283,-564.3137540336396,-1.8435748910218812
1069,0.013086100474311024,11.886383349288053,-0.2773905156819298,0.9996463938916397,294,225,0.7653061224489796,0.7546107211180164,ok,1889.1068315061539,-576.1953392043557,-1.5661843753399514
1070,-7.923956441163455,3.2324928385395424,0.051603014432500316,0.9999251128794119,282,226,0.8014184397163121,0.673604205932584,ok,1896.9363698232962,-579.6502524265752,-1.6177873897724515
1071,-7.725410799552947,-0.02834834283555665,0.24912797701618822,0.9998509733819343,265,200,0.7547169811320755,0.6867539773272368,ok,1904.658603464642,-579.873597985857,-1.8669153667886398
1072,-4.0317425089742756,-0.548621233806216,0.3718502190554309,1.0000351516112291,292,236,0.8082191780821918,0.5113893186890406,ok,1908.7086998838258,-579.4828910468768,-2.2387655858440705
1073,-2.018759487524221,-0.1070461960873672,0.23746110407446097,1.0000609124558169,276,219,0.7934782608695652,0.5067285969875531,ok,1910.7301992383705,-579.4631650198218,-2.4762266899185312
1074,-0.9813434682610023,0.5087238230676121,0.13488072659057748,1.0001043667432103,270,247,0.9148148148148149,0.544937788895625,ok,1911.6873480810598,-580.0160673835292,-2.611107416509109
1075,0.0540531094391099,0.8819781219556262,0.07348359421203048,1.0003291539954784,287,260,0.9059233449477352,0.5212724765200516,ok,1911.5920443708305,-580.8945458118727,-2.6845910107211393
1076,0.01017535674895953,-0.0042058003673446365,0.0001115976314457775,1.0000100893517707,405,401,0.9901234567901235,0.012516769446308045,ok,1911.5820771810486,-580.8898680165005,-2.6847026083525853
1077,2.311004656455225,3.3882709057621696,-0.12020702448355033,1.0009372927307667,273,206,0.7545787545787546,1.26836930746019,ok,1909.1217824048363,-584.1713420552724,-2.5644955838690353
1078,0.6289213327158905,0.8676661604507672,-0.05376286002271345,1.0002724043990772,291,273,0.9381443298969072,0.4664787377187675,ok,1908.4554553723033,-585.0106244239971,-2.510732723846322
1079,1.5344894416866737,2.444947836050005,-0.2980533187718911,1.0006707058894895,261,216,0.8275862068965517,0.8759822835946967,ok,1906.8277132006565,-587.3945042847063,-2.212679405074431
1080,-2.610798494304163,2.608341561225643,-0.4185676687648814,0.9982198276333814,211,155,0.7345971563981043,1.693182132519548,ok,1909.3555697755462,-590.0833061767513,-1.794111736309549
1081,-4.268238263351805,5.5388713457786025,-0.19149671454078265,0.9998215601535199,284,218,0.7676056338028169,0.6344254352680618,ok,1913.4672314091447,-595.7393818718442,-1.6026150217687662
1082,-2.2296047712454765,1.2955447613154547,0.08249805912684857,0.9995184836410606,260,228,0.8769230769230769,0.6375566361683442,ok,1915.6577744750173,-597.0999312980282,-1.685113080895615
1083,-0.8234433335246649,0.20060298810153654,0.11224856791066691,0.9999135382573011,291,258,0.8865979381443299,0.6764019732275178,ok,1916.4745208197887,-597.3262626716022,-1.7973616488062818
1084,-2.6875705142949755,-0.3842207006096032,0.6527896363591853,0.9995097972348753,262,202,0.7709923664122137,0.7445990586705482,ok,1919.176059841478,-597.0572873374642,-2.450151285165468
1085,-0.6941967631673833,0.32764483534651845,0.21683340417513217,1.0001490307363514,277,242,0.8736462093862816,0.779348708294874,ok,1919.8542590926695,-597.416878855446,-2.6669846893406004
1086,-1.2455620460575574,0.19631000807123655,0.3748265448150404,1.000025585910416,280,230,0.8214285714285714,0.4504193930034827,ok,1921.0876491088356,-597.679007636524,-3.0418112341556407
1087,-0.3826406013031374,0.5945898539463315,0.1865102293593591,1.0002160944298841,240,218,0.9083333333333333,0.7788663943939687,ok,1921.4361981328525,-598.2942023228134,-3.2283214635150004
1088,0.37234100207706433,0.5293515334317362,-0.02802226214009051,1.0005237371189133,270,235,0.8703703703703703,0.6413318565682238,ok,1921.0348858474904,-598.8019417416016,-3.2002992013749094
1089,1.2355907619842128,1.0856276631287756,-0.3023196938750064,1.0008382526448947,256,211,0.82421875,0.8498509017684633,ok,1919.7459883718027,-599.8237123867164,-2.8979795074999037
1090,1.5460187758983466,1.2223237891051895,-0.4049144330809511,1.000845919083658,256,206,0.8046875,0.9420637458963889,ok,1918.148263703693,-600.9776297952667,-2.493065074418952
1091,0.8965503297854411,0.07478613333159956,-0.19094867854472256,1.0004941730841281,254,220,0.8661417322834646,0.9822811032102938,ok,1917.249432907067,-601.01634230764,-2.3021163958742292
1092,3.0611399083279593,-2.389485413909938,-0.47131954502221934,0.9994819116681025,234,179,0.7649572649572649,0.8623494544571448,ok,1914.2661948809991,-598.5302793636522,-1.8307968508520103
1093,2.991806947202349,11.923510449208152,-0.2965297038405774,0.9990728658858274,211,157,0.7440758293838863,0.9380990148930889,ok,1910.9562107604356,-610.3694100480951,-1.5342671470114326
1094,-7.359342224466218,3.745261527721823,0.10490691519397499,0.9977350150585156,231,202,0.8744588744588745,0.8909798774951915,ok,1918.205407962335,-614.3236535681406,-1.6391740622054078
1095,-8.01439760550602,0.032873782307206056,0.3469695581454668,0.9993298597915984,240,169,0.7041666666666667,0.8354244166955562,ok,1926.2138514881644,-614.63426901898,-1.9861436203508749
1096,-4.297431776846224,-0.6612359002225503,0.49176315401297654,0.9994215376712047,235,180,0.7659574468085106,0.6344139330832719,ok,1930.5358529973157,-614.1594472131591,-2.477906774363852
1097,-2.5175417842406205,-0.8514006183559104,0.46552015980037204,0.9992756222409183,243,189,0.7777777777777778,0.7212986896428356,ok,1933.0937927832215,-613.438445340751,-2.9434269341642247
1098,-1.2891370185177493,-0.9130135052577089,0.3195166616202051,0.9996355665616523,237,178,0.7510548523206751,0.6259759284235786,ok,1934.4328071064438,-612.6002875062707,-3.26294359578443
1099,-0.12764490060362732,-0.26959555209248265,0.0726930692525647,1.0001912361788612,268,227,0.8470149253731343,0.5891622853837208,ok,1934.5759221604485,-612.338575711207,-3.335636665036995
1100,0.7207783817282234,-0.5071601657436986,-0.09375729523613002,1.0004962974032663,238,212,0.8907563025210085,0.6655712521022841,ok,1933.8849778016327,-611.7914662136612,-3.2418793698008646
1101,0.03152815155135613,0.022451585063208768,0.0011773882621578617,1.0000711125037036,274,254,0.927007299270073,0.14649150752162,ok,1933.852230014792,-611.812098238989,-3.2430567580630227
1102,2.4888465964650095,0.13007565550014988,-0.5053445472203848,1.0014137565231298,221,171,0.7737556561085973,1.1996787819163561,ok,1931.3600111337137,-611.8231483831706,-2.737712210842638
1103,1.9542074104770109,0.5115571961362093,-0.3179970535989223,1.0013218550504435,235,178,0.7574468085106383,1.0705305243364331,ok,1929.3859485089654,-612.251743905375,-2.419715157243715
1104,-4.408096750787081,2.817105183383319,-0.22258722240336246,1.0006694362258166,244,168,0.6885245901639344,1.2727371210852962,ok,1933.6828032138947,-615.2357744386082,-2.1971279348403527
1105,-0.31841691939348493,7.084115325605353,-0.1214072255371848,0.9988082456935707,242,204,0.8429752066115702,1.0516971105563457,ok,1933.7444228660638,-622.3267745302385,-2.0757207093031673
1106,2.0912086556265876,2.2717257198562493,0.027747591563768166,0.9998940818159825,208,179,0.8605769230769231,0.8788721976516123,ok,1931.5712414436352,-624.5202133583888,-2.1034683008669357
1107,0.2314550940789104,0.9527069232956364,0.13407230975301415,0.9996112139344507,207,188,0.9082125603864735,0.7964362795117711,ok,1931.3027667385227,-625.4631572989201,-2.2375406106199502
1108,-5.077355617777357,0.527238452734764,0.3112056366035412,0.9991759228225817,238,185,0.7773109243697479,0.719089788666739,ok,1936.351653630979,-626.2156608554558,-2.548746247223492
1109,-6.709168410055099,0.37446874146371556,0.23815066093481185,0.9997770155448638,217,168,0.7741935483870968,0.6987861208540298,ok,1943.034679816477,-626.91589552809,-2.7868969081583046
1110,-2.2945486630706,0.4821744676531807,0.08325292511180528,0.9995645397523938,216,192,0.8888888888888888,0.5625608383772693,ok,1945.3022064139016,-627.5123592021121,-2.8701498332701103
1111,-1.9228724994900404,0.2981992978136532,0.12069635976499617,1.0000469514259356,225,199,0.8844444444444445,0.6277630469801303,ok,1947.2069007679092,-627.9104809025048,-2.9908461930351065
1112,0.49535395808266003,0.011704936525802623,-0.037683018091105074,1.0005577770328384,237,220,0.9282700421940928,0.6386865809866037,ok,1946.711601614394,-627.8966498557459,-2.953163174944002
1113,0.6204337325129927,-0.015455308480341046,-0.052912789730298726,1.0003977961271215,233,209,0.8969957081545065,0.5654629934709506,ok,1946.0927445700127,-627.8498220689104,-2.9002503852137025
1114,1.221642665318086,-0.026476674275386358,-0.12412349035280136,1.0009236766202168,222,207,0.9324324324324325,1.030741521102276,ok,1944.8738179795314,-627.7642079169071,-2.7761268948609006
1115,1.414071936428627,-0.008560902429735506,-0.12039860781319976,1.0011081253151095,222,196,0.8828828828828829,1.1502131759142649,ok,1943.4616614573192,-627.6901357411633,-2.655728287047701
1116,9.495695221016149,0.4714013904321064,-0.2563220019439074,0.9977712936390458,202,123,0.6089108910891089,1.7881812069119327,ok,1933.9545560935267,-627.7635837027802,-2.399406285103793
1117,-5.1464599541716325,4.254495032891555,-0.04124681845693337,1.0001261345438628,198,135,0.6818181818181818,0.8095111007382645,ok,1938.9216021629068,-632.2262321753184,-2.3581594666468595
1118,-10.773493689102452,0.6433267221410688,0.09680221082047974,0.9999447673980205,189,141,0.746031746031746,0.8035951686128092,ok,1949.6576516545922,-633.3304408750809,-2.454961677467339
1119,-7.246079149921343,-0.9130758548899394,0.13223733768180387,1.0002155669264214,203,148,0.729064039408867,0.4916197228400693,ok,1956.9375607891973,-632.7453822834884,-2.5871990151491437
1120,-2.27812528161553,-0.1960552541091829,0.10376522360660903,0.9993571099342508,202,158,0.7821782178217822,0.9673808115956606,ok,1959.2223785452043,-632.6564987460043,-2.6909642387557526
1121,-1.154303070555443,0.253874136928971,0.10488592000280629,0.9998988635094549,220,188,0.8545454545454545,0.8514236326237237,ok,1960.3629242900847,-632.9663746242697,-2.79585015875856
1122,-0.2826450320474123,0.6093851327347011,0.08754153595481294,1.0000732391254892,225,204,0.9066666666666666,0.6555779052735875,ok,1960.6145573198369,-633.5892062808806,-2.883391694713373
1123,0.6205118644097638,1.0519044578575176,0.042268778315260915,1.0002419977829264,213,190,0.892018779342723,0.5455989377310494,ok,1959.9411647953416,-634.6080686220669,-2.9256604730286337
1124,1.3356878906492966,1.2856253031959568,-0.0050270600250159805,1.0006207319147047,210,175,0.8333333333333334,0.8044567503324284,ok,1958.5417059185197,-635.8239672253756,-2.9206334130036176
1125,1.1717367140443002,1.6317408376846743,-0.027392303860752174,1.0007037091575437,205,176,0.8585365853658536,1.0305945832691892,ok,1957.289100471461,-637.3944845549222,-2.893241109142865
1126,1.1547569800075053,1.9163648705629157,-0.049247492152216285,1.0007751435486227,206,175,0.8495145631067961,1.2931627489365707,ok,1956.0406821184692,-639.251193906414,-2.843993616990649
1127,0.7088800058968445,1.4224085845753507,-0.2235131584646091,1.0003695478587848,188,148,0.7872340425531915,0.6968582255207049,ok,1955.267510776655,-640.6397050228372,-2.6204804585260395
1128,-4.390948051495798,3.8927799584705554,-0.5410492150583814,0.9983930998983964,157,97,0.6178343949044586,1.4211384696475882,ok,1959.514317974142,-644.6892468763532,-2.0794312434676563
1129,-0.4007733120854482,3.0662176442656346,-0.09563977146796193,0.9996475072155031,223,179,0.8026905829596412,0.5754692112578547,ok,1959.8087085189786,-647.7675002929511,-1.983791471999694
1130,2.0356800810743607,2.2004097007138625,-0.004427258576802724,0.9995059754031663,206,146,0.7087378640776699,0.9244833635640488,ok,1957.6982418996824,-649.8962856020688,-1.9793642134228915
1131,2.3195527356776893,-1.274965624367269,0.41596341275669946,0.9989256821218279,183,132,0.7213114754098361,0.9705375165768624,ok,1955.4340020312777,-648.525490192376,-2.395327626179592
1132,-1.8882710430989391,-0.3437982386121803,0.23766391315916677,0.9996702059992536,209,165,0.7894736842105263,0.4372621704238054,ok,1957.3360730676484,-648.2687986777552,-2.63299153933876
1133,-6.638703598818438,-0.6415222197942967,0.46253378419107605,0.9996384613648551,183,122,0.6666666666666666,0.6715269137481068,ok,1963.9997328042955,-647.9867080085692,-3.0955253235298374
1134,-6.056663548031111,-0.3750327143568484,0.3808469139381865,0.9998673273465921,182,127,0.6978021978021978,0.6016850285196571,ok,1970.067992247586,-647.9796228268636,-3.476372237468025
1135,-1.6926964333574688,0.6520096400347484,0.13198096874279588,0.9999916563184287,185,167,0.9027027027027027,0.888979754978222,ok,1971.7162981246724,-648.7368714793962,-3.608353206210822
1136,-0.1250517204814514,0.4662695941444781,-0.01700134945055738,1.0001983346665968,209,183,0.8755980861244019,0.5348680287312241,ok,1971.811897197375,-649.2100586353055,-3.5913518567602645
1137,0.8474772833840234,1.2031823817645773,-0.2003534252508925,1.0006372989553383,178,141,0.7921348314606742,0.7246661142438481,ok,1970.894736046685,-650.3610065113216,-3.3909984315093715
1138,1.3547832376507358,1.7320621302969812,-0.3352935795009112,1.0008800779001281,193,150,0.7772020725388601,0.8375135854294418,ok,1969.4495483218493,-652.0183867586431,-3.0557048520084584
1139,1.3668041854332387,2.1988076565927486,-0.19598814005018175,1.0007619747295815,187,137,0.732620320855615,1.1565752284623807,ok,1967.9747460760952,-654.1462653096719,-2.8597167119582756
1140,8.642046360500444,3.64286356575019,-0.22927115409345966,0.9969975602829224,164,111,0.676829268292683,2.358044529424766,ok,1959.1746207445012,-657.3886740445394,-2.6304455578648156
1141,-4.8492688173523675,6.333743911300758,-0.01970835646200714,0.9997806949886643,203,154,0.7586206896551724,0.7130695907474589,ok,1963.730353005847,-663.9367289893162,-2.610737201402808
1142,-4.700737573253718,0.9762541380447374,0.04110286254809965,1.0000621234318507,178,136,0.7640449438202247,0.659231481074666,ok,1968.3808884686136,-665.1294258427538,-2.6518400639509077
1143,-8.686071529883748,0.08187003490388634,0.14435672044686126,1.0002732776149696,185,146,0.7891891891891892,0.6920577942189312,ok,1977.0526242638093,-665.634935113877,-2.79619678439777
1144,-4.745468187192046,-0.8520927213510276,0.16561789212084074,1.0000674928302755,201,160,0.7960199004975125,0.5313045010398623,ok,1981.8357813906978,-665.0291808560067,-2.9618146765186113
1145,-0.05539927194467964,-0.0029627465628436767,-0.0014783481152994438,0.9999873990854893,263,257,0.9771863117870723,0.11683090657562764,ok,1981.8912597436872,-665.0290831381003,-2.9603363284033115
1146,-4.151323248949211,-0.37590660286321054,0.42266099634671045,1.0001566282064074,181,143,0.7900552486187845,0.6701686303730441,ok,1986.0575311288944,-664.8988017651255,-3.3829973247500233
1147,-0.281604073231847,0.7553159152178068,0.08459504902228145,1.0001447157508951,210,176,0.8380952380952381,0.6150915469185284,ok,1986.2929351312732,-665.669767355477,-3.467592373772306
1148,0.5435251381122725,0.7474677995521688,-0.007776565539269911,1.000532119358744,190,157,0.8263157894736842,0.8355948277064531,ok,1985.7052920886235,-666.3830718777903,-3.459815808233036
1149,1.2520992923180074,1.5734351919167011,-0.1343906441985063,1.0003256131409264,199,160,0.8040201005025126,0.6452690640587521,ok,1984.3640307980907,-667.8812271072321,-3.3254251640345287
1150,1.123688689978053,1.3374731314195287,-0.1466728604834834,1.000552254563729,178,155,0.8707865168539326,1.2099481592602557,ok,1983.1679064796954,-669.1543324697994,-3.178752303551045
1151,1.9015901516695521,2.393897025975207,-0.19426626488950002,1.0006634672692216,159,108,0.6792452830188679,0.8160077936615941,ok,1981.1442559344828,-671.4459752313925,-2.984486038661544
1152,1.6904198492493379,-2.7351645169239873,-0.12418418820800114,0.9988668023829237,150,112,0.7466666666666667,1.4582214384459167,ok,1979.592429371482,-668.6298647009372,-2.860301850453543
1153,-8.66301447087244,9.11376189026737,-0.011358908006522176,1.0004072226675846,151,104,0.6887417218543046,0.765240446598193,ok,1987.791755914624,-678.1629397428092,-2.8489429424470205
1154,-2.6033612604956033,3.3072775568300585,0.07067814202011471,0.999424095372841,184,156,0.8478260869565217,1.076683043511954,ok,1990.2232819212286,-681.598526442307,-2.9196210844671358
1155,-2.0159560092242828,0.4195033697234294,0.1855987868176369,0.9997768144673754,206,175,0.8495145631067961,0.9018474617383471,ok,1992.213553574984,-682.1266177720912,-3.105219871284773
1156,-0.7633530334105671,0.07657516550887067,0.07756796040948957,0.9999499156113842,222,208,0.9369369369369369,0.5149990004640271,ok,1992.9714775547047,-682.2454573721999,-3.182787831694263
1157,-1.6888042421037426,0.09315448112579361,0.2522017623645047,1.0000484367768898,204,167,0.8186274509803921,0.6162876011669964,ok,1994.6516662910321,-682.4396308405716,-3.4349895940587687
1158,-1.0064094087308604,0.6352053705365961,0.15722288423312408,1.0005167418192447,186,152,0.8172043010752689,0.9155315082738447,ok,1995.616299651022,-683.1366446435451,-3.592212478291893
1159,-0.8654215768856375,0.3280897791591997,0.09746773644275973,0.9999967891731295,195,172,0.882051282051282,0.5558343531028993,ok,1996.4588139839789,-683.5197464677258,-3.6896802147346532
1160,-0.24987764264574253,0.19648839063938794,-0.03180845208727034,1.0003652245936132,210,188,0.8952380952380953,0.5782505941657585,ok,1996.6956469014622,-683.7317764022787,-3.6578717626473822
1161,0.4267464076760916,0.2756251992473153,-0.14328742150528143,1.0002006000333996,188,165,0.8776595744680851,1.0631806141558968,ok,1996.2528065637011,-683.9807225454023,-3.5145843411421005
1162,1.3061620044829851,0.7484383497949239,-0.29845422851342335,1.000728649961701,207,170,0.821256038647343,0.8134027370766904,ok,1994.9067124239805,-684.6547030439397,-3.2161301126286763
1163,1.860840130561428,1.0272402366811093,-0.2737413993359315,1.0006713742148525,200,158,0.79,0.8094843044144816,ok,1992.99559543269,-685.585068746749,-2.9423887132927438
1164,1.158481754932609,0.3629044957106089,-0.13716886784202434,0.9999203639698158,191,167,0.8743455497382199,0.8529899175208391,ok,1991.8207410829618,-685.8908413852307,-2.8052198454507193
