frame,step_center_dx,step_center_dy_down,step_rotation_deg,ransac_scale_diagnostic,good_matches,inliers,inlier_ratio,median_reprojection_error_px,status,center_x_in_reference,center_y_in_reference,rotation_to_reference_deg
242,0.0,0.0,0.0,nan,0,0,0.0,nan,reference,1280.0,720.0,0.0
243,0.002762687130825725,0.1940569173334552,-0.00014801238272967542,0.9999964953064356,879,865,0.9840728100113766,0.13273673712621029,ok,1279.9972378141772,719.8059430755302,0.00014801238272967542
244,-0.016553337182131145,0.020898532714682005,0.00044161117666620994,0.9999988171575667,1007,999,0.9920556107249255,0.05967580101222298,ok,1280.0137910442695,719.7850444579922,-0.0002935987939365345
245,-0.0030875107445353933,0.043922171216991046,0.0006045043750736882,0.9999904964459088,959,949,0.9895724713242962,0.09521374431912878,ok,1280.0168778665397,719.7411222383843,-0.0008981031690102226
246,-0.0046794825659617345,0.15050061160661699,-4.043050573186315e-05,0.9999999488597314,918,908,0.9891067538126361,0.12490859884441792,ok,1280.0215550962296,719.5906215567464,-0.0008576726632783595
247,-0.015745892721724886,0.053895189594300064,0.0005203466122981562,0.9999913463409338,936,923,0.9861111111111112,0.08517157178293314,ok,1280.0372996927151,719.5367259884634,-0.0013780192755765155
248,-0.010493323621858508,0.047922772934157365,0.0009251421248318472,1.0000084822821043,915,910,0.994535519125683,0.11320409539363657,ok,1280.047791089941,719.48880279376,-0.002303161400408362
249,-0.011367235877742132,0.1369059417677363,-0.00014878070043698532,1.0000067363608869,917,903,0.9847328244274809,0.1251499866610618,ok,1280.0591531780055,719.3518964246693,-0.002154380699971377
250,-0.005190401878735429,0.037878769784356336,0.0007431528262024975,1.000003002289583,943,933,0.9893955461293743,0.08661416597575898,ok,1280.0643416642913,719.314017392447,-0.002897533526173874
251,0.0010652768480667874,0.009349864964633525,-0.0004684148172159955,0.999996651079217,967,955,0.9875904860392968,0.05534607097206493,ok,1280.063275991046,719.3046675726544,-0.002429118708957878
252,0.0030624144396824704,0.19311768628244863,0.0009110239491693249,0.9999720902491396,860,844,0.9813953488372092,0.12555032516009945,ok,1280.060202318529,719.1115500652281,-0.003340142658127203
253,-0.002633093014537735,0.008992551938149518,0.00023722013626142693,1.0000005597021524,991,979,0.987891019172553,0.052325189718266135,ok,1280.062834850073,719.1025573489056,-0.0035773627943886297
254,2.774554568454505,-0.6801973360966258,-0.8850722476688097,0.998551312900996,672,610,0.9077380952380952,1.0966732986052283,ok,1277.2781442256241,719.739989380946,0.8814948848744203
255,9.0240726731015,12.952386317075025,-0.6010307082224721,0.9989958210005812,717,659,0.9191073919107392,0.9584042746075286,ok,1268.5921972411916,706.5584673178535,1.482525593096892
256,-0.4972365706448727,8.659549667673673,-0.36886944450058545,0.9991610176773492,706,645,0.9135977337110481,0.8211063201091992,ok,1269.3689410559389,697.9195024666489,1.851395037597477
257,-2.8359581275008168,5.547478854343808,-0.09287101143226018,0.9993859408406678,725,665,0.9172413793103448,0.6376849697209696,ok,1272.3914776856811,692.4714337756178,1.9442660490297368
258,-8.102147830697504,1.730554268758965,0.7156789385661608,0.9993292829813889,721,662,0.9181692094313454,0.7876983194597462,ok,1280.528868155501,690.9149974970379,1.2285871104635764
259,-0.2208814905120562,-0.21724806051418,0.7037516993780165,0.9999569006585476,735,677,0.9210884353741496,0.32373158167891786,ok,1280.7477503918433,691.1342597128022,0.52483541108556
260,2.0428932902807446,-1.0134700888628458,0.9296422745127949,1.0001059942763955,739,681,0.9215155615696887,0.31799513355866155,ok,1278.712068411209,692.1621378622992,-0.40480686342723465
261,2.3526936776247567,-1.0770386294151422,1.0950429384032576,1.0004007088364486,770,697,0.9051948051948052,0.4831820629815141,ok,1276.3883715435995,693.3003876668023,-1.499849801830492
262,-0.07182459102841676,-0.5851450321392804,0.32403936318767274,1.0003613276180516,785,735,0.9363057324840764,0.38518216641549485,ok,1276.4787834473261,693.8829502541506,-1.823889165018165
263,-0.08221294399368162,-0.3438835568495051,0.032799101727530644,1.0003222828895983,868,845,0.9735023041474654,0.35500275595339364,ok,1276.5720949366378,694.223989599086,-1.8566882667456952
264,0.29763481479790244,-0.3169817196221629,-0.7383963438124784,1.0009592652805481,776,716,0.9226804123711341,0.8958201031274856,ok,1276.2807032287717,694.5467197745286,-1.1182919229332169
265,0.6321415124120904,0.1595914886280525,-0.5738077794718899,1.0005441735864524,725,664,0.9158620689655173,0.542916194266905,ok,1275.6470736781587,694.3931426683348,-0.5444841434613273
266,1.002111546202741,0.4170622868366536,-0.5264157430132034,1.000557632564116,715,664,0.9286713286713286,0.569657021713837,ok,1274.644830659911,693.9763964211918,-0.018068400448124175
267,-2.744434905848493,14.204606652372945,-0.31242934504808795,0.9973363805195967,689,625,0.9071117561683599,2.1591743923356024,ok,1277.4622061536115,679.7860768888988,0.2943609445999635
268,2.109304739671643,9.762352822359844,-0.059066141990129314,0.9991420892166895,734,680,0.9264305177111717,0.8155735600769076,ok,1275.4131599060788,670.0108987018523,0.35342708659009275
269,9.88894101936853,8.328876845853983,0.07138165701242909,0.9992470799661651,740,683,0.922972972972973,0.9086212225946088,ok,1265.5653384435723,661.6334434533564,0.2820454295776637
270,3.92391273088856,1.7509119627704877,0.24290612700268824,0.9997084686754462,797,741,0.9297365119196989,0.46734509450114625,ok,1261.642622693056,659.8798514364802,0.03913930257497551
271,-0.9109728460650786,0.2712267192325726,0.14348678596552242,0.9999410577565575,808,780,0.9653465346534653,0.291271384419514,ok,1262.5531000685987,659.6069660977042,-0.10434748339054686
272,-2.5232357431139008,-0.08364054849391778,0.4081669860143789,1.0001028355098585,741,694,0.9365721997300944,0.3168962447380167,ok,1265.0769830252193,659.6680330933782,-0.5125144694049256
273,-3.0673503918158076,-0.017551552200984588,0.30981415160726145,1.000220698526148,776,723,0.9317010309278351,0.3750243385155404,ok,1268.1442693983647,659.6415606875133,-0.8223286210121871
274,-1.337700643956623,0.05702092878937037,0.05700613999085454,1.0001318992404897,765,743,0.9712418300653595,0.3143976193197584,ok,1269.4809374227411,659.5640172044103,-0.8793347610030415
275,-1.9704408858606257,0.18847282313276992,-0.1160006881770882,1.0006153637623563,770,723,0.938961038961039,0.638736919927588,ok,1271.4486925490714,659.3493103052903,-0.7633340728259533
276,-0.3658489071292479,0.1587462432605662,-0.15170911392118464,1.000261707652963,802,781,0.9738154613466334,0.4038909187603412,ok,1271.8128260484207,659.1866677916328,-0.6116249589047686
277,0.8346560616328134,0.9264857104495832,-0.4402537359109606,1.0007235789142852,752,703,0.9348404255319149,0.7290209316415116,ok,1270.9754026129212,658.2626826713175,-0.17137122299380825
278,0.9063405255756152,0.6498396415280467,-0.35869980422299524,1.0004078405792622,744,690,0.9274193548387096,0.4955917547719879,ok,1270.0711915788293,657.609883227515,0.18732858122918686
279,3.6939522061065873,11.35657115455956,-0.603512193512348,0.9962923503343459,728,669,0.9189560439560439,3.062496063718847,ok,1266.5343384702032,646.2034086898861,0.7908407747415346
280,-2.0694100031098515,9.968997671447028,-0.10713057064154248,0.9994509756357671,786,722,0.9185750636132316,0.618082035216134,ok,1268.7597276087492,636.2680669485904,0.897971345383077
281,-8.275617796494771,9.779021296458723,0.10863295090285868,0.9993744169736868,736,677,0.9198369565217391,0.7566368181693015,ok,1277.1692770411394,626.6039795227426,0.7893383944802184
282,-6.187082677460012,3.1143231251761563,0.4692299074179929,0.9998369900024745,758,709,0.9353562005277045,0.46512808864226596,ok,1283.3736626250395,623.5242717262101,0.32010848706222533
283,-1.6603783224059043,0.6096297883977968,0.6091080992230511,1.0001223601714082,732,674,0.9207650273224044,0.34660434858253486,ok,1285.0309448694895,622.9062747888,-0.28899961216082554
284,-0.35852053763755976,0.17443737835856155,0.2315599418447547,1.0001042985082134,761,717,0.9421813403416557,0.34703822877542323,ok,1285.387865784837,622.7285873242331,-0.5205595540055802
285,0.051382072916339894,0.3110082600858277,0.33592920147111227,1.0002925611215399,744,690,0.9274193548387096,0.3798908017548016,ok,1285.3318405037062,622.418381871133,-0.8564887554766925
286,0.29672455731656555,0.23374331209322463,0.0677415464152642,1.0001995344520414,792,763,0.9633838383838383,0.3127966672691158,ok,1285.031384232562,622.1894551841938,-0.9242303018919568
287,1.2644316480966609,0.4149112099494232,-0.08796986168006166,1.0005567079222797,749,725,0.9679572763684913,0.5848872153761082,ok,1283.7610316413418,621.7930425218952,-0.836260440211895
288,1.83379459272237,1.0758815267531645,-0.3798591679088995,1.0005736797443276,765,691,0.9032679738562092,0.6165063582635003,ok,1281.918725163566,620.7318024407391,-0.4564012723029954
289,1.0102763246316044,0.7178746305100958,-0.2857483005486208,1.0003789962123455,766,712,0.9295039164490861,0.4219047044741666,ok,1280.9063151651055,620.0169400538012,-0.17065297175437447
290,0.7539419207655556,0.676826055118454,-0.24539763696098435,1.000292895524085,739,685,0.9269282814614344,0.4189098060725228,ok,1280.1532568326331,619.3391310271069,0.07474466520661
291,2.0870790372346164,-1.4445082403474316,-0.5537839311044899,0.9975366759530487,582,525,0.9020618556701031,1.889924872740849,ok,1278.0504575885166,620.7606577778363,0.6285285963111
292,-7.811291110913544,26.64233012087618,-0.19660778503844,0.9988146430693468,691,621,0.8986975397973951,1.1337296565956345,ok,1286.2446108559454,594.2335796251436,0.8251363813495401
293,4.66261280721892,9.195800729631742,0.15052300112879932,0.999618657962684,772,701,0.9080310880829016,0.5079887194808059,ok,1281.6905921615792,584.9835189236942,0.6746133802207408
294,3.3618229375513238,2.6555852355006664,0.34593476778553744,1.0000500076348087,755,694,0.919205298013245,0.3893095360783713,ok,1278.3440582836192,582.3086923105991,0.3286786124352033
295,-1.6993593286626947,0.6725820362638615,0.32003745327261585,1.0000646635634782,819,772,0.9426129426129426,0.3165054225907865,ok,1280.0435190295436,581.6363665737131,0.008641159162587349
296,-4.531540784106028,0.022353303642375977,0.12008812862093586,0.9999504621639573,790,767,0.970886075949367,0.42317844210936284,ok,1284.5750077614052,581.6051989429013,-0.11144696945834856
297,-3.8112109740968663,-0.516451995755915,0.07358369660861862,1.0000177707640394,751,726,0.966711051930759,0.47155492499012064,ok,1288.3878666862358,582.1093403638686,-0.1850306660669672
298,-0.8735421891556143,-0.5041000312097594,-0.0009665091402179247,1.0002679082014039,776,763,0.9832474226804123,0.40571986369081475,ok,1289.2630237992341,582.6106315220484,-0.18406415692674927
299,0.03526584175597236,-0.3169824183547689,-0.028031988168565312,1.0001458327588775,856,827,0.9661214953271028,0.25735675161893606,ok,1289.228621317503,582.9277088034664,-0.15603216875818396
300,0.0024696078962733736,5.22080775908762e-05,-0.00012187154327382512,1.000002833026385,1124,1120,0.99644128113879,0.002702880043629302,ok,1289.2261515766843,582.9276633157424,-0.15591029721491015
301,2.1190337613245447,-0.5757058301123834,-0.2716075301739759,1.000987697829416,799,737,0.9224030037546934,0.8701728275345304,ok,1287.105959614965,583.4990890151289,0.11569723295906556
302,1.760269273534277,0.2739258480862645,-0.38042209190251175,1.0006359002923624,665,612,0.9203007518796993,0.6962011946144011,ok,1285.3481282019036,583.2099316032372,0.4961193248615769
303,2.5741109152052104,-0.4028691732187326,-0.14903068898516875,0.9972666599218806,730,681,0.9328767123287671,2.210473089764892,ok,1282.7696442596377,583.5837913817455,0.6451500138467454
304,-10.776635900822384,20.966961443581113,-0.14058165666802722,0.9987554192611434,711,631,0.8874824191279888,1.2062417735283104,ok,1293.8327904418043,562.7665833540698,0.7857316705147724
305,-2.9997891263142265,9.079343477808152,0.11849381321811474,0.9996310996208237,729,678,0.9300411522633745,0.6545287570712527,ok,1296.9381072402343,553.7227887759208,0.6672378572966579
306,-0.09555160835975585,1.89347899395284,0.26829887579597844,1.0000100041408355,735,709,0.964625850340136,0.4460046472552589,ok,1297.046840339035,551.8300209814923,0.3989389815006797
307,0.3247597790582404,-0.6168772941987299,0.4519920604465354,1.0001207291071323,736,690,0.9375,0.3223562790876663,ok,1296.722651897207,552.4471987228089,-0.053053078945855085
308,0.1501949106466327,-0.32886834123587505,0.23500457055781324,1.0000534052137418,759,714,0.9407114624505929,0.24902384885916362,ok,1296.5741122812592,552.7768180176712,-0.28805764950366786
309,0.35124041443532406,-0.8604959798617529,0.3692347131239246,1.000303464325329,703,649,0.9231863442389758,0.3925980693730196,ok,1296.2327663000126,553.6412866875359,-0.6572923626275918
310,0.2802854276947073,-0.30666715834672686,0.08858155650436844,1.0001651746085765,772,753,0.9753886010362695,0.28582826537576533,ok,1295.9564966882951,553.951576501465,-0.7458739191319602
311,1.4514075840290843,-0.9711144317827802,-0.18807116561354287,1.000706160815614,723,698,0.9654218533886584,0.7065016700691076,ok,1294.51461201581,554.936774860094,-0.5578027535184177
312,0.6821931282377136,-0.2172623111920302,-0.21034883256558223,1.000240102160716,726,700,0.9641873278236914,0.45922427696944734,ok,1293.8337489485318,555.1581701168102,-0.3474539209528358
313,1.293994641474228,0.1724531670588476,-0.4876603790673075,1.0004986555547177,755,695,0.9205298013245033,0.5290254204798533,ok,1292.5401801849277,554.9825509811209,0.1402064581144711
314,1.2796936659940457,0.6442634739780715,-0.3446165232076773,1.000501296315919,756,716,0.9470899470899471,0.5634655908947122,ok,1291.2659838686548,554.3274822440526,0.4848229813221479
315,3.530259541548048,-2.569115675132025,-0.2821702325600344,0.9975816869953783,692,648,0.9364161849710982,1.9698999256088552,ok,1287.7016500473997,556.8491111210994,0.7669932138821822
316,-11.964971223702833,21.312001612551512,-0.06408203866010814,0.9990054969182978,698,651,0.9326647564469914,1.1896789996006985,ok,1299.9744823407352,535.712897254442,0.8310752525422903
317,-2.127805639047665,4.8687126205725235,0.06698478181717175,0.9997335602359712,792,766,0.9671717171717171,0.4689136613070728,ok,1302.167025484951,530.8729929186067,0.7640904707251185
318,-1.3478311021146965,4.961160448850251,0.22793486571574528,0.999793172903831,735,712,0.9687074829931973,0.46416574371600894,ok,1303.561221852679,525.9246620720203,0.5361556050093735
319,0.414069739013712,-0.038046702152769285,0.4242293430593528,1.0000663779832228,718,670,0.9331476323119777,0.30763344529092096,ok,1303.1470785802364,525.9618998243976,0.1119262619500211
320,0.20184172848712478,0.054709022114025174,0.18899405165050878,1.0000669578414918,753,724,0.9614873837981408,0.24411597174482164,ok,1302.9451634459867,525.9074623463132,-0.07706778970048758
321,0.9590002005236329,-0.2976874014607347,0.40778060631398666,1.0003398778500445,691,640,0.9261939218523878,0.413024293632376,ok,1301.9887166422327,526.2132542448027,-0.484848396014474
322,0.9422531484394767,-0.16324350085596961,0.0321733628027402,1.000382995657933,750,729,0.972,0.4054970788784311,ok,1301.0479749019153,526.3849936239216,-0.5170217588172142
323,1.0879573154495574,0.10472666661326002,-0.175164286885492,1.0004034615983513,740,721,0.9743243243243244,0.461215507623599,ok,1299.9594120998443,526.2867601220637,-0.34185747193172233
324,0.5532574899307292,0.12839812460947542,-0.147864432196945,1.0002466669077597,741,715,0.9649122807017544,0.3966888211761084,ok,1299.4057230493586,526.1602359586008,-0.19399303973477752
325,1.2757355627682045,0.7382678854571623,-0.39728102864461584,1.0004399551173906,742,688,0.9272237196765498,0.5168679720172861,ok,1298.1326149184474,525.4174463626746,0.20328798890983793
326,1.1092548089991396,1.1830381756956285,-0.5000030935723871,1.0005771788695912,711,663,0.9324894514767933,0.6001696177756959,ok,1297.037964801022,524.2208818316684,0.7032910824822244
327,3.9272522603293964,-5.4459170620989426,-0.4260579000748899,0.9973326483303342,712,657,0.922752808988764,2.2421089408172286,ok,1293.0041386719347,529.588336509988,1.129348982557114
328,1.3760051093129277,22.68955161871429,-0.06321027332769334,0.9988992092118393,626,577,0.9217252396166135,1.1728734305384971,ok,1292.1006597821713,506.87506134732354,1.1925592558848073
329,-2.998139950191444,5.769473660715221,0.0817148486652172,0.9997199789978022,692,623,0.9002890173410405,0.4394183020805892,ok,1295.2100871908983,501.1647959706114,1.11084440721959
330,-7.712036569995462,6.537437961315163,0.33079778104671176,0.999715694329102,666,600,0.9009009009009009,0.6262491463686071,ok,1303.0104094814626,494.7329552295546,0.7800466261728788
331,-6.154274591472813,2.20358353108918,0.6663756650810728,1.0000858730567987,689,635,0.9216255442670537,0.40970967139806974,ok,1309.1690437195562,492.5415856926851,0.1136709610918067
332,-0.281222312822365,0.14845237695158175,0.09652677575505665,1.0000942035927165,761,723,0.9500657030223391,0.2764145704064166,ok,1309.450310440077,492.3932174704163,0.01714418533675023
333,0.3408174400558437,-0.1092373811491143,0.15569722843977749,1.0003503016912987,729,703,0.9643347050754458,0.48650061213624796,ok,1309.1097581548431,492.5032786984151,-0.138553043103027
334,1.241411615938432,-0.46900232866437364,0.014656301949453878,1.0004863845401548,762,731,0.9593175853018373,0.4683663402581771,ok,1307.8696050914025,492.97559889035847,-0.15320934505248085
335,1.5557755167506002,-0.4762669155686581,-0.09807938851496055,1.0005105642435757,744,714,0.9596774193548387,0.5728457543101801,ok,1306.3142885584436,493.4533625512737,-0.05512995653752047
336,1.7375913855400995,-0.31238603495194184,-0.1859042688057024,1.000624538317779,717,682,0.9511854951185496,0.6139132931887838,ok,1304.575988696441,493.7617818238514,0.1307743122681816
337,0.7455995724585591,-0.061459719840058824,-0.1042310816671994,1.0002771884589456,780,746,0.9564102564102565,0.34981269327382025,ok,1303.8301433121057,493.8201828707493,0.23500539393538084
338,1.248793666703932,0.20121379463580524,-0.4300124400639113,1.0006674839362761,736,671,0.9116847826086957,0.6382112987692414,ok,1302.5837691470485,493.6044885179504,0.6650178339992914
339,1.2218029810833286,0.6747238918683252,-0.31605853795922245,1.0006112114922843,728,680,0.9340659340659341,0.6125094654093175,ok,1301.3736980177705,492.90894361147036,0.9810763719585134
340,-0.3701727288503207,7.780165333246487,-0.12431657139975072,0.9976621062025255,741,664,0.8960863697705803,2.0189994579641493,ok,1301.8938933030672,485.13736736678294,1.1053929433582637
341,4.469546403102868,18.291615267721227,0.18779124126828606,0.9986299351928069,700,645,0.9214285714285714,1.2370312034206696,ok,1297.7178508975896,466.77652032805764,0.9176017020899782
342,3.5213162900327006,5.545805190279793,0.16636198767591864,0.9994813011899724,717,653,0.9107391910739191,0.5587254668613698,ok,1294.2695496172937,461.18502304170465,0.7512397144140596
343,7.176854607092764,7.493053656753318,0.7574217951143105,0.9990429059483907,696,635,0.9123563218390804,0.9087349700702251,ok,1287.0918865690019,453.6927437944052,-0.006182080700249913
344,-0.33648644811546546,1.0095695757860312,0.226031077225255,0.9999001607118739,723,689,0.9529737206085753,0.3286158577732919,ok,1287.4242785962267,452.6818187732711,-0.23221315792550462
345,-1.4489007008469343,0.8970247215454492,0.3602590782401551,0.9999554920762085,680,635,0.9338235294117647,0.3417321287535977,ok,1288.8638262331826,451.7698597868505,-0.5924722361656594
346,-2.7131489617072475,0.40575675808327105,0.10207325641776968,1.0001782210095411,702,667,0.9501424501424501,0.4307023602804172,ok,1291.5718573490606,451.331244567574,-0.6945454925834289
347,-1.800204409214757,-0.07778523765978207,-0.2626042880689017,1.0005046831668194,678,623,0.9188790560471977,0.47964233930369965,ok,1293.3725970041046,451.39545634924553,-0.43194120451452767
348,-0.6245201524261574,-0.09643373201777194,-0.18517767656599085,1.000208873594314,677,653,0.9645494830132939,0.43414073734660763,ok,1293.9975266874667,451.4891994893149,-0.24676352794853704
349,-0.6247836900697621,0.06402134551763083,-0.4265179346615123,1.0006596742730047,703,638,0.9075391180654339,0.6454748564003876,ok,1294.6225081570003,451.42713859342336,0.17975440671297488
350,0.5142468849403485,0.2376535070347927,-0.25110133056398704,1.0008207017593167,697,651,0.9340028694404591,0.707827879896863,ok,1294.1100629140205,451.18562478217393,0.43085573727696175
351,0.7084127073974287,0.27404710222413087,-0.10956138988732478,1.0005422743027557,713,678,0.9509116409537167,0.5628248437671857,ok,1293.404266507798,450.90490817916884,0.5404171271642864
352,2.8881626370921367,-2.035744010323924,-0.09042554929069133,0.9974938673956008,701,683,0.9743223965763196,2.217455594151582,ok,1290.4938652672822,452.9087299559417,0.6308426764549776
353,10.936856043321995,22.09788584552507,0.09116367293597064,0.9990160335906001,568,481,0.846830985915493,1.0319096951142896,ok,1279.765635171576,430.7088097315854,0.5396790035190071
354,-3.9034900191472843,11.191251903385137,0.2598997716558041,0.9994588457869433,679,606,0.8924889543446245,0.6213351673329189,ok,1283.7237260882505,419.5367521865339,0.2797792318632035
355,-5.448279962218294,3.1941924165488444,0.3035524061432481,0.9998094353606496,689,658,0.9550072568940493,0.4559291152794836,ok,1289.1706802466783,416.340299443784,-0.023773174280043982
356,-0.5904326059082905,0.6132295957572751,0.18535102819143742,1.0000479410994567,739,707,0.9566982408660352,0.34556188605245763,ok,1289.7588706944377,415.7249189140326,-0.2091242024714811
357,2.684100481854557,-0.38239234381273945,0.12857002071957585,1.0003055632967934,728,674,0.9258241758241759,0.38976531052925323,ok,1287.0770705923194,416.12312428011626,-0.3376942231910568
358,1.3736719216738038,-0.48649328352712473,0.01584235055718919,1.000344010401714,764,713,0.9332460732984293,0.37702884561266414,ok,1285.7064266488842,416.61808432258084,-0.3535365737482459
359,-0.2300831858390211,-0.3567191888078014,-0.031539876381105725,1.0001385370047162,794,772,0.9722921914357683,0.2586867541398735,ok,1285.938510917865,416.9735048399418,-0.32199669736714026
360,-0.7346569125211317,-0.511990724616453,-0.11775041327893024,1.0003156061868521,745,710,0.9530201342281879,0.4358816986768241,ok,1286.6749882879155,417.48287343399863,-0.20424628408821016
361,-0.5049360582613645,-0.376622634618343,-0.18804362502918123,1.0005195088684566,681,645,0.947136563876652,0.5889791207899169,ok,1287.1800308310055,417.85935326281884,-0.016202659059029085
362,0.3007606287969793,0.018752474606799296,-0.2617322287773296,1.0005018117303808,734,688,0.9373297002724795,0.49573449571655503,ok,1286.8793533234796,417.8393121149968,0.24552956971830023
363,0.5230904657494193,0.14319128186150465,-0.09812524241578482,1.0002964241659869,783,759,0.9693486590038314,0.35443471381471453,ok,1286.3571311097455,417.69298597911575,0.34365481213408494
364,1.5336155497720938,0.6822149287957018,-0.1147831048934054,1.0006849959799322,683,648,0.9487554904831625,0.6452766015761384,ok,1284.8290231654444,416.99852217578353,0.45843791702749026
365,2.604954444417899,-1.7512191613985806,0.01322754300140909,0.9984764806633453,628,562,0.8949044585987261,1.2862301895074788,ok,1282.2105398493095,418.72944716892073,0.4452103740260812
366,-1.2304587566236478,19.41047341345643,0.2559632697585533,0.9988640437212436,659,523,0.7936267071320182,1.0626626029170423,ok,1283.5051042812634,399.32314381620125,0.18924710426752825
367,4.680808247604546,3.403097916441311,0.19053773184123016,0.9996795661576423,654,596,0.9113149847094801,0.5037707353738279,ok,1278.8242193776819,395.92015133910843,-0.0012906275737016896
368,7.706677207581151,1.5479519641963861,0.4091353207844681,0.9995676821540824,634,566,0.8927444794952681,0.5865493210089427,ok,1271.1066515693133,394.42744373594456,-0.4104259483581695
369,0.21244499324211574,-0.4062777672658058,0.2651991986831739,0.9999077097522224,593,532,0.897133220910624,0.34384552352306785,ok,1270.8990120149854,394.83619832589613,-0.6756251470413431
370,-2.1373463339739374,-0.9173332779719203,0.09803608550656989,0.9999210710910844,617,584,0.946515397082658,0.38112652322868157,ok,1273.0485498174723,395.72458840345575,-0.7736612325479129
371,-3.6916651609149085,-0.95007778461013,-0.18013189105847552,1.0003368194957336,661,604,0.913767019667171,0.4234188164731441,ok,1276.749858623262,396.6363737846207,-0.5935293414894376
372,-1.9504146245017182,-0.47109537672292845,-0.2585542535326451,1.0001934904670893,635,607,0.9559055118110236,0.5560763866428363,ok,1278.7029941195751,397.0960582356112,-0.3349750879567927
373,-1.2071435443870087,0.12949258483399717,-0.37161502054790696,1.000506910590061,625,579,0.9264,0.5342841522481726,ok,1279.9102202260135,396.9673376303632,0.03663993259111387
374,-0.2364347453458322,0.12237965494023229,-0.17578646073774049,1.0002111150984572,712,692,0.9719101123595506,0.3716652827004038,ok,1280.1471070727869,396.8458354057914,0.21242639332885416
375,0.5398011043823772,0.3942588307245387,-0.2563602968718219,1.000569183908918,668,642,0.9610778443113772,0.6941216605642913,ok,1279.6105497752562,396.4471732375796,0.46878669020067576
376,1.3859827368789865,1.1241904706065498,-0.07614254682265731,1.0005823246954655,637,595,0.9340659340659341,0.6635969165699414,ok,1278.2353215228602,395.3098519923101,0.544929237023333
377,-1.8925398266669617,8.423343041568842,0.17458944428655632,0.9979952519443808,549,483,0.8797814207650273,1.6065427181853602,ok,1280.1822669671658,386.89891753599886,0.37033979273677675
378,1.9750168245111581,5.8868740533825985,0.16105576064696348,0.9997808847685792,624,591,0.9471153846153846,0.507937083683985,ok,1278.2287662283054,381.00486863556023,0.2092840320898135
379,8.83621624898501,6.261363251015268,0.48550414832879407,0.9993586936990203,543,487,0.8968692449355433,0.7596624501887954,ok,1269.362467057565,374.78617694237226,-0.2762201162389798
380,6.031923569971923,0.035651749778480735,0.3807264830639707,0.999715433007097,565,498,0.8814159292035398,0.4506271010354135,ok,1263.330531211211,374.819687339549,-0.6569465993029499
381,-0.06852280216708095,-1.1529730224223158,0.24016800949308795,0.9999208953319554,617,574,0.9303079416531604,0.31385866302613524,ok,1263.4170976710277,375.9714461740647,-0.8971146087960373
382,-1.8768760200252927,-1.211657984145404,0.05999718577349676,0.9998701306696093,608,585,0.962171052631579,0.4116838144148972,ok,1265.3139513321482,377.15158381577555,-0.9571117945695339
383,-2.564627338794253,-1.141000438132096,-0.12453607536535231,0.9999460984815609,608,582,0.9572368421052632,0.4009095800425142,ok,1267.8948874161324,378.25519802241604,-0.8325757192041819
384,-2.7234493892490264,-0.700428082753433,-0.2995172228086003,1.0002776499756243,603,543,0.900497512437811,0.42280648231858664,ok,1270.624735365629,378.9302582030945,-0.5330584963955822
385,-0.984886583133175,-0.11257399629698739,-0.17258836885506204,1.0001543512365603,611,570,0.9328968903436988,0.3951568766404342,ok,1271.610310699443,379.03663370617386,-0.3604701275405205
386,-1.2492135223978948,0.2075446472438216,-0.13019126301236394,1.0004188111344348,603,583,0.966832504145937,0.5603646216730037,ok,1272.8586799868494,378.82407000418823,-0.23027886452815677
387,-0.059495910056512,0.32740840612950706,-0.03446534420596535,1.000239416643041,636,620,0.9748427672955975,0.3619450903321336,ok,1272.9170566037228,378.4964601778396,-0.19581352032219146
388,0.5071340668891935,0.6410288473792889,-0.030826898494824992,1.000436050107905,589,566,0.9609507640067911,0.48663723625066563,ok,1272.4080787610449,377.8568943089609,-0.16498662182736654
389,1.5698659079014305,1.8372242816034259,0.01042054958434289,1.000779472188799,556,525,0.9442446043165468,0.6605309342667421,ok,1270.8325956801627,376.0244846681986,-0.1754071714117094
390,0.0003642537089945108,-0.00024201840551540954,0.0001443928731524381,0.9999949306706674,838,837,0.9988066825775657,0.0024660181544802306,ok,1270.8322321696955,376.02472780152243,-0.17555156428486185
391,2.619742243170549,-2.9152420113596236,0.047397795297817645,0.9984670458741918,463,410,0.8855291576673866,1.0126223717727767,ok,1268.2238535220602,378.9501416587413,-0.2229493595826794
392,-7.67924672443678,12.95249463977973,0.07688021680452613,0.9995281054512218,578,513,0.8875432525951558,0.6491799463778182,ok,1275.8352148334468,365.95763895003205,-0.29982957638720537
393,-0.021219167756044044,0.006984380131029866,0.002422264703965073,1.0000210780988383,765,753,0.984313725490196,0.13496792883898762,ok,1275.8563968614944,365.9505427303439,-0.3022518410911704
394,-3.6459504741922046,11.026617277464652,0.11241246900811011,0.999431958676763,590,534,0.9050847457627119,0.6244986028296307,ok,1279.4224500805312,354.8978277750516,-0.41466431009928034
395,-0.6379364242466181,3.570810708671047,0.8314063757011753,0.9993544490711463,542,473,0.8726937269372693,0.6052662518729651,ok,1279.982583647195,351.31398871811325,-1.2460706858004542
396,0.1506424047101973,-0.5758505746903211,-0.12874105295947239,0.9998626638260415,583,518,0.888507718696398,0.428275600044753,ok,1279.8431988825484,351.8926673040765,-1.117329632840982
397,0.337381053554509,-0.6825103961664354,-0.4378496415897589,1.0001758862134973,613,562,0.9168026101141925,0.2894729032292509,ok,1279.513935365658,352.57913066990005,-0.6794799912512237
398,0.397041136354801,-0.33235090167431736,-0.3947375641993029,1.0002344511918198,611,564,0.9230769230769231,0.3282561951175581,ok,1279.118550807432,352.91345063179006,-0.2847424270519216
399,1.1770085630282665,-0.16806963629483107,-0.5641549656583258,1.0005337303063904,531,467,0.879472693032015,0.5546018099640491,ok,1277.9407366234273,353.0757784114308,0.27941253860640314
400,1.8751486442713485,0.20356126533033603,-0.33843126671931784,1.0007582221957219,594,545,0.9175084175084175,0.663363500569253,ok,1276.067892042797,352.8520088789678,0.6178438053257201
401,0.8540291814247212,0.3123416088859585,0.021401543704678505,1.00049400609395,538,498,0.9256505576208178,0.5227903388480154,ok,1275.217160514997,352.5307940116695,0.5964422616210416
402,2.878278369807049,-2.812225504688854,0.11311970173296346,0.9980270362152948,574,517,0.9006968641114983,1.551678735581988,ok,1272.3152621082513,355.3186398288281,0.48332255988807843
403,-9.983469760707749,17.889725170017527,0.5542493965208012,0.9997190350203305,577,507,0.878682842287695,0.6982887350558359,ok,1282.2765784122892,337.4165697638152,-0.07092683663272145
404,2.6050407477314366,4.635174305694363,0.2315366396047597,0.9998510313213547,578,527,0.9117647058823529,0.4258675734950535,ok,1279.6471050675202,332.79521194704085,-0.3024634762374806
405,6.151624321620375,2.525367342113327,0.22430709879539037,0.9999464970227603,577,544,0.9428076256499134,0.43623444186279337,ok,1273.472523135042,330.3265078404136,-0.5267705750328704
406,0.11078375433203291,0.42203429443384266,0.05312285269105537,1.0000508964954173,641,623,0.9719188767550702,0.22321965121161338,ok,1273.3574736976511,329.90561639020535,-0.5798934277239257
407,-5.814534255721355,-0.24320661033573288,-0.030946212784807407,1.000062339409017,588,543,0.923469387755102,0.3843433197427289,ok,1279.1740711961418,330.09310400798125,-0.5489472149391184
408,-5.124324533093386,-0.5374653248508139,-0.23295589988920132,1.0003137962532085,579,540,0.9326424870466321,0.4267275930072151,ok,1284.3012819521766,330.6023001971672,-0.31599131504991773
409,-0.3686206823315388,-0.34893392661274447,-0.13927229759363527,1.0001033102875705,646,620,0.9597523219814241,0.29513981298343384,ok,1284.67097710637,330.95009551851314,-0.17671901745628293
410,0.7749440780658006,-0.4386012040225751,-0.2795909991604071,1.0003619432062167,597,559,0.9363484087102177,0.37941299502493964,ok,1283.8952467891718,331.3873046392772,0.10287198170412334
411,0.9153547056937441,-0.23425831994973123,-0.11487437826842198,1.0002601586156832,606,585,0.9653465346534653,0.36558895247421347,ok,1282.979008422643,331.6180825702016,0.217746359972545
412,0.8493761567406182,-0.12712123859500934,-0.07839980544808675,1.000271228240307,627,605,0.9649122807017544,0.3473892897172188,ok,1282.1289865598453,331.7408119379493,0.29614616542063155
413,1.8875392464474317,0.21119003651347157,-0.03129942549161382,1.000707094204315,600,573,0.955,0.5307463959923413,ok,1280.242685083292,331.51883811527,0.32744559091224534
414,2.9597646056333815,-3.444218440016016,0.036917115571889834,0.9980184681714062,607,566,0.9324546952224053,1.5827605520876218,ok,1277.2654940785517,334.9480043265524,0.2905284753403556
415,9.409053012367849,23.965628148703672,0.24917484851355812,0.9988830434879152,488,429,0.8790983606557377,1.088692325383342,ok,1267.8737408740017,310.97559137131765,0.04135362682679817
416,-6.160440608451154,8.052927229666011,0.261169412346469,0.9996029454163569,559,508,0.9087656529516994,0.5023550585877525,ok,1274.0032410916974,302.89908887717985,-0.21981578551967018
417,-2.052882520958292,1.7054212080998923,0.07724555777291345,0.9998661163180975,581,557,0.9586919104991394,0.31160484499553553,ok,1276.0472539656478,301.1830470615416,-0.2970613432925834
418,-1.4640813674495803,0.8652305912097518,0.06400325837335966,0.9999053749880576,566,546,0.9646643109540636,0.2437127310281276,ok,1277.5058538174767,300.30860741312466,-0.36106460166594284
419,1.6795469372868865,0.3714429940756645,0.001211191293141193,1.000165587327279,579,550,0.9499136442141624,0.3751395440509745,ok,1275.8239918702334,299.9477913896263,-0.3622757929590841
420,2.0131266277744544,-0.40974287084554817,-0.13540965080802436,1.0002793788933448,574,550,0.9581881533101045,0.374653185374987,ok,1273.8125034211732,300.36550212561656,-0.22686614215106007
421,-0.2863414145954266,-0.4115648939246057,-0.16269439370627134,1.0002382431532721,601,570,0.9484193011647255,0.40185897222458483,ok,1274.0993056121724,300.7767460567107,-0.06417174844478911
422,-0.392684528877453,-0.43434658323565145,-0.5154317996775576,1.0004205302457534,544,497,0.9136029411764706,0.4808108533655776,ok,1274.488557094924,301.214171909586,0.45126005123276725
423,-0.014941428708880267,-0.28629347330922883,-0.21503329867320783,1.0002128151075917,589,563,0.9558573853989814,0.46879403770447503,ok,1274.5001682779402,301.50061977496546,0.6662933499059746
424,0.8392220441076006,-0.15892221581498234,-0.165827675242127,1.0006428846214743,623,591,0.9486356340288925,0.6424885250299517,ok,1273.6587267524662,301.6473374262675,0.8321210251481012
425,0.7176456376637361,0.14758143596782247,0.05607203661685233,1.0003415988634268,573,556,0.9703315881326352,0.35013160795204346,ok,1272.9431458140355,301.49004959439515,0.776048988531249
426,3.3359333873324886,-3.0041315563564694,0.387054909466886,0.9993743868107852,518,471,0.9092664092664092,0.6804616616958903,ok,1269.586893733271,304.4714636788491,0.3889940790643639
427,4.464877822193557,12.638919312127882,0.2939368426092108,0.9991772790090208,585,531,0.9076923076923077,0.7172841914548573,ok,1265.1429907938557,291.82515425630794,0.09505723645515388
428,-0.006196751269271772,-9.43361258123332e-05,0.00012298055067614156,1.0000033065027205,808,806,0.9975247524752475,0.006521986061605792,ok,1265.149187380312,291.82525885979163,0.09493425590447774
429,0.007659559557396278,-0.0019676377979749304,-0.0001226266804780756,1.0000057328517982,807,804,0.9962825278810409,0.00814549372813635,ok,1265.141524566877,291.8272137872526,0.0950568825849558
430,-13.043558974293092,14.421145925168616,0.9193196878072593,0.9986334554710368,505,455,0.900990099009901,1.0976898512739353,ok,1277.9762769285962,277.219920666205,-0.8242628052223019
431,-4.660834599425243,0.9779210039002919,0.18403728486701249,0.9995231609144529,528,505,0.9564393939393939,0.4167156050743565,ok,1282.6191811092883,276.16013322431814,-1.0083000900893142
432,-2.482235378287669,1.7079964871809352,0.07741116015352062,0.9996569231486921,571,539,0.9439579684763573,0.38482254806029365,ok,1285.0686075566664,274.4054097269175,-1.0857112502428345
433,0.6124538945193763,-1.9534426400472285,-0.6878505522205929,0.9999188819069313,530,481,0.9075471698113208,0.44844982473102196,ok,1284.469732983939,276.3630581036714,-0.3978606980222428
434,2.039185534099488,-0.6927529695187786,-0.4493566086414817,1.0003243707200007,538,477,0.8866171003717472,0.4297108022770909,ok,1282.429925645746,277.0539780283454,0.0514959106192381
435,2.6031123607594964,-0.7605964572620678,-0.2815527083463875,1.0007371594493066,533,507,0.9512195121951219,0.7100629774945437,ok,1279.822436096241,277.7994303626783,0.33304861896562504
436,-0.004636566315411983,-0.00018832925559308933,0.0002229425185099931,1.0000012526409858,768,766,0.9973958333333334,0.005491115568419195,ok,1279.8270714903495,277.7996456219731,0.3328256764471151
437,2.0644503415062445,-0.29403170122532174,-0.06510105222550117,1.0008862674501562,545,520,0.9541284403669725,0.6964202830433877,ok,1277.7606288654304,278.0793324679056,0.39792672867261614
438,0.8867568691202905,0.15898647623032502,0.07544746792316086,1.000608771189697,531,510,0.96045197740113,0.5679639482720757,ok,1276.874780864447,277.9153575804695,0.3224792607494554
439,2.994342266683134,-4.911389093291177,0.2970152623839808,0.9987520350070727,497,446,0.89738430583501,1.1675937125005682,ok,1273.8782561218934,282.8254154113925,0.025463998365475346
440,-9.876954272470357,12.016087625606929,0.21040666419761148,0.9994119232864584,556,502,0.9028776978417267,0.6726359525429414,ok,1283.7163727774894,270.7775090290527,-0.18494266583213548
441,2.6083699793741744,13.037007865608985,0.2781642555193318,0.9989899801099511,517,475,0.9187620889748549,0.8390849093508781,ok,1281.0027143959878,257.7620095678043,-0.46310692135146636
442,5.292841286332532,2.6535559721270374,0.0860042654235708,0.9995445005197147,557,506,0.9084380610412927,0.5049329498496374,ok,1275.6846854238167,255.15930020433905,-0.5491111867750369
443,-1.198522003619928,-0.13361910956314205,-0.08314560339442915,0.9997707565507097,567,542,0.9559082892416225,0.38848106978797603,ok,1276.8842544559802,255.28316786225173,-0.46596558338060795
444,-5.029263263333405,-0.35511358287942585,-0.18728602337455233,1.0000805070672134,549,491,0.8943533697632058,0.39974355851644505,ok,1281.915185451645,255.61381562879546,-0.2786795600060562
445,-3.8830731701470995,-0.4067229518095701,-0.27482450653504775,1.0002383102240164,560,515,0.9196428571428571,0.36541617486072164,ok,1285.7982859786957,256.0202773134126,-0.003855053471009424
446,-0.6290400700581813,-0.4459342469017429,-0.5171696886878628,1.0003348343420309,535,496,0.9271028037383178,0.4218640913243735,ok,1286.423305719148,256.47182917792395,0.5133146352168517
447,0.9481210447092963,-0.3501794893686565,-0.36062963339721366,1.0006228648134734,542,493,0.9095940959409594,0.5765512349435434,ok,1285.4699538149373,256.80750660780666,0.8739442686140642
448,0.6572769441452238,-0.03053792607181549,-0.052034169569054885,1.0002839659518823,562,543,0.9661921708185054,0.32604652734824036,ok,1284.8122691926778,256.8274185107122,0.9259784381831189
449,0.001240609028855033,-0.0038486947445335318,0.00040616528393610846,0.9999980898164874,796,795,0.9987437185929648,0.0080004629928906,ok,1284.8109665753182,256.8312466630098,0.9255722728991825
450,2.9755413957318524,0.7619663965100472,0.44706256351252815,1.001481019651739,480,433,0.9020833333333333,1.240788049287792,ok,1281.841892490756,256.04445668626505,0.4785097093866559
451,1.2628140796814478,-2.5132469028542346,0.27803801749618434,0.9971902378505786,565,513,0.9079646017699115,2.29562132300167,ok,1280.570292581673,258.55326976534616,0.20047169189047248
452,-6.883401946451386,16.14216021560503,0.4881396214817015,0.9994794262029226,460,406,0.8826086956521739,0.773149498671709,ok,1287.372562318918,242.37675329224749,-0.28766792959122744
453,-1.3520556584637689,6.67093583198573,0.31985748270193015,0.9998542879194999,523,487,0.9311663479923518,0.4715654985306285,ok,1288.6538092385902,235.69185645617858,-0.6075254122931566
454,0.3580713111357454,0.28461048418671453,0.08463972704097618,0.9999665736221115,572,536,0.9370629370629371,0.3448750488109958,ok,1288.2923258850042,235.4115923367346,-0.6921651393341326
455,0.03943094780834144,0.06662983285195878,-0.004938066851518098,1.000022796522376,676,661,0.977810650887574,0.15636997954209936,ok,1288.252098609482,235.34544023491634,-0.6872270724826144
456,-0.3111382395338751,-0.6340797789874841,-0.2540491425307302,1.0001107224151407,560,508,0.9071428571428571,0.335907127194643,ok,1288.5680217959498,235.9771495909282,-0.43317792995188503
457,-0.13907441845435642,-0.3919125521180149,-0.18791348747617392,1.0000442570190624,537,508,0.9459962756052142,0.39982469156429545,ok,1288.7087725841834,236.36846322215985,-0.24526444247571172
458,-0.3839253737103263,-0.344352155036745,-0.3488150028841539,1.000389278911833,559,510,0.9123434704830053,0.4366145294413245,ok,1289.0920749841825,236.71350868208066,0.10355056040844102
459,0.12759659270386692,0.06538702891771209,-0.04641675060433441,1.0001494052493443,603,577,0.956882255389718,0.3345357260510391,ok,1288.9646499738951,236.64778790322373,0.14996731101277533
460,0.5995849272308078,0.5999323667913359,-0.055972186510332575,1.0006731117136043,585,562,0.9606837606837607,0.6406258115612655,ok,1288.3672252653607,236.04570431490777,0.20593949752310772
461,0.7134389460145485,0.660848049453648,0.008755441402460555,1.000533421120994,584,562,0.9623287671232876,0.49621643683324695,ok,1287.656064855677,235.38240487584972,0.1971840561206472
462,0.7569001387871594,0.8065919401615247,0.03321099492756149,1.0004070973037547,587,549,0.9352640545144804,0.42673802386319154,ok,1286.9014761744722,234.5736500921065,0.1639730611930858
463,4.134229918423898,-5.30811151835951,0.08833291873976111,0.9978987152655066,497,425,0.8551307847082495,1.8120606157596129,ok,1282.7602422536484,239.87629910205862,0.0756401424533249
464,10.802419180441348,23.096131681255315,0.32977018821163545,0.9992657181927415,465,404,0.8688172043010752,0.8695790440611986,ok,1271.8554889443221,216.82830756156665,-0.2541300457583097
465,0.9384176881972053,4.8336578267085315,0.15842855984170037,0.9999791190577426,527,495,0.9392789373814042,0.41305682548985023,ok,1270.8822911016757,212.0015320641678,-0.4125586056000097
466,-1.2090887142205702,4.876861319862542,0.142045131648428,0.999881845128568,502,471,0.9382470119521913,0.4230379352016068,ok,1272.0441175446329,207.1131958269117,-0.5546037372484373
467,-1.1489169979772669,0.7894566190312844,-0.008957040019689692,0.9999303811124174,522,486,0.9310344827586207,0.3044051380943641,ok,1273.1854642997744,206.31283365507858,-0.5456466972287477
468,-2.8040935107148925,0.8334135075895119,-0.1926584752054315,1.0001305899644384,482,435,0.9024896265560166,0.37829200703633825,ok,1275.9843701281802,205.46216059497732,-0.35298822202331664
469,-1.350979305938381,-0.08514836684184957,-0.14472137600972093,0.9999997488200961,512,481,0.939453125,0.4877267229054784,ok,1277.3356500177244,205.5423976784383,-0.20826684601359605
470,-2.663825126371421,0.06021407374930732,-0.33137385232262323,1.0003957915793422,494,443,0.8967611336032388,0.5227856227228524,ok,1279.9995983724384,205.4879072941252,0.1231070063090263
471,-0.37225080134248856,-0.02676476029182595,-0.057213691978635454,1.0001256205262847,511,482,0.9432485322896281,0.4115343823332728,ok,1280.3717630966025,205.5158434638937,0.1803206982876616
472,-0.12246281687066585,0.15932717301302546,-0.045601720771508,1.0005286230366432,529,507,0.9584120982986768,0.6276187046627856,ok,1280.494853201216,205.3570004101506,0.2259224190591695
473,0.9002084459109483,0.6232418418428551,0.08816926979154821,1.0006751280758734,525,506,0.9638095238095238,0.6348929100516968,ok,1279.5961457823535,204.73159604912098,0.13775314926762147
474,0.5905589073674946,0.3740992077230203,0.07636773136351302,1.000261519242953,529,502,0.9489603024574669,0.3965411183684954,ok,1279.0059880153779,204.3568643446065,0.06138541790410866
475,0.8530334427614434,0.6533120083677204,0.11623726667729896,1.0004223179667107,518,494,0.9536679536679536,0.5197789210014774,ok,1278.152329518398,203.70436928310767,-0.05485184877319001
476,-1.049513424577981,8.275502757941354,0.2975430954362208,0.9978321936564667,511,463,0.9060665362035225,1.7960894591347885,ok,1279.1509253305537,195.4225681064911,-0.35239494420941
477,4.6292629901386135,10.886665500993672,0.1544163267467113,0.9992691713469349,446,388,0.8699551569506726,0.7442481284985949,ok,1274.4255464236396,184.577276236353,-0.506811270956121
478,3.905136197909087,2.604127172127505,0.049394300866599364,0.9997912372767972,480,431,0.8979166666666667,0.3730125991041212,ok,1270.4953147539388,182.01118074410886,-0.5562055718227202
479,6.280551085593743,2.9345020696164283,0.01405804586267403,0.9995658968823559,486,439,0.9032921810699589,0.5045689420618039,ok,1264.1858681954757,179.13933317481997,-0.5702636176853942
480,-0.16111113360716445,-0.42915319968756194,-0.06220617492586747,0.9999364708912446,519,497,0.9576107899807321,0.3312730562127297,ok,1264.350778364796,179.56704090473488,-0.5080574427595269
481,-2.6936012337414468,-0.5181876948427089,-0.18331294129360706,1.0000678763950894,495,448,0.9050505050505051,0.34985462180304383,ok,1267.047273333147,180.0699534012574,-0.32474450146592043
482,-1.1807320822965721,-0.34725682509167655,-0.10679482183232444,1.0000288352150117,511,491,0.9608610567514677,0.3436790788677989,ok,1268.2293178136558,180.412716291366,-0.21794967963359627
483,-2.5993122613265314,-0.5099080201396191,-0.23838253703755924,1.000364494145204,489,442,0.9038854805725971,0.4426070031541294,ok,1270.8284480659747,180.92355124745654,0.02043285740396228
484,-1.5061862746381394,-0.2974196596364891,-0.07212630530946976,1.0003780191151341,520,497,0.9557692307692308,0.6189258964549347,ok,1272.3341519052613,181.22340370484983,0.0925591627134318
485,-0.29675815641121517,-0.03002774121262064,0.03369827876839135,1.0003767396825958,556,540,0.9712230215827338,0.4038909374030185,ok,1272.6308790570959,181.25373629463274,0.058860883945040555
486,0.15106169002274328,0.0680975781226607,0.065548049546502,1.000410530965938,511,484,0.9471624266144814,0.4547690982780561,ok,1272.4798094202256,181.18565634784557,-0.006687165601461261
487,1.6981052585383622,0.651661552970836,0.3429188497068836,1.0009262279484896,493,442,0.896551724137931,0.8295639036118748,ok,1270.7777595050534,180.5443683197659,-0.34960601530834384
488,2.8333358112399765,-6.442676705662166,0.12656897590472999,0.9994356869842328,521,481,0.9232245681381958,0.7525642856295431,ok,1267.998064861294,187.01036960652687,-0.47617499121307344
489,7.439549250537993,19.410711688407105,0.1767629926936531,0.9986800929838004,474,424,0.8945147679324894,1.1894669986799733,ok,1260.337800597513,167.68569696478005,-0.6529379839067261
490,-3.3797406057228727,4.305721122088471,0.08091133854411886,0.9993173049476508,490,461,0.9408163265306122,0.6345459194016729,ok,1263.662117446264,163.33704218056425,-0.7338493224508447
491,-7.39279372860301,3.0283470634058176,-0.002820719349591376,0.999253941432866,459,410,0.8932461873638344,0.6636535565941595,ok,1271.0156722565187,160.21462057182976,-0.7310286031012533
492,-0.9640016275741345,0.13467523739950593,-0.048720809114439365,0.9997957524772035,486,462,0.9506172839506173,0.3388061230859416,ok,1271.9780017865028,160.06847532471363,-0.6823077939868141
493,0.7054337702072644,0.2735495765742826,-0.06774274866425567,0.9999088452938437,521,486,0.9328214971209213,0.3576007549498974,ok,1271.2696745096464,159.80250795104848,-0.6145650453225587
494,3.0919561618266016,-0.6632581636932855,-0.2814575420160441,1.0002306694888694,489,458,0.9366053169734151,0.558121569390037,ok,1268.1816266462001,160.48373088917458,-0.33310750330651545
495,0.2516507536699919,-0.10150402441468032,-0.1367195655833567,1.0000458763317532,516,495,0.9593023255813954,0.37882568859711596,ok,1267.9303252869443,160.58609687781927,-0.1963879377231592
496,-0.3263203919868829,-0.1927892437254286,-0.16124942917791354,1.0004260307901207,506,473,0.9347826086956522,0.6395202316647003,ok,1268.2567638518583,160.77868595866096,-0.03513850854524603
497,-0.08718516283443023,0.10511065561775013,0.00498460366750587,1.000239696913444,579,562,0.9706390328151986,0.23354762431628462,ok,1268.343875386388,160.6735142747591,-0.04012311221275189
498,0.36155547781368114,0.802705379725694,0.19570619924720037,1.0007596738866658,503,461,0.9165009940357853,0.7229085968403469,ok,1267.9790190468302,159.87230385192242,-0.23582931145995176
499,0.6301313118706275,0.525417133779456,0.13970154348698025,1.0004429902646772,501,472,0.9421157684630739,0.4917543171392107,ok,1267.3454575790415,159.35102801208131,-0.37553085494693156
500,3.7011569881442483,-2.4854430562268135,0.380661417999062,0.9995082826186273,436,378,0.8669724770642202,0.6295681772994062,ok,1263.6774249723533,161.8851012219368,-0.7561922729459926
501,10.64628629499839,16.47356914839304,0.1064308585627593,0.9989042358466834,514,448,0.8715953307392996,1.0581180468151574,ok,1252.7843349333684,145.57367940271672,-0.8626231315087517
502,-1.5622150284459622,11.58865825587202,0.10955554404695964,0.9990684144074888,517,446,0.8626692456479691,0.7687741883991385,ok,1254.1497014241006,133.96018336093516,-0.9721786755557109
503,-6.1410040734192535,5.2638262131386,0.0425077076970336,0.9993224760499023,529,469,0.8865784499054821,0.634131067781254,ok,1260.1965270392357,128.588433421481,-1.0146863832527444
504,-8.601803010762751,3.8234484059995566,-0.12076757031401322,0.9991407392403282,502,442,0.8804780876494024,0.7580852529164757,ok,1268.737632800003,124.63125195828115,-0.8939188129387314
505,2.0450587996747345,0.6735206791945529,-0.2730043813488302,0.9998357034699009,491,431,0.8778004073319755,0.4140465709536458,ok,1266.685395284067,123.97993269891947,-0.6209144315899019
506,2.4281165937788955,-0.3236960629975556,-0.2444508071356237,1.0001673157729427,515,481,0.9339805825242719,0.5031245542066881,ok,1264.2594579425681,124.31957567220957,-0.3764636244542787
507,1.7913842963569095,-0.42575276528850736,-0.24091050933095232,1.0001853901474327,510,483,0.9470588235294117,0.5010791814110833,ok,1262.4690859250718,124.74956538528488,-0.1355531151233271
508,0.07849704482282505,-0.591303543436311,-0.31271545574659265,1.0004907817173663,457,405,0.8862144420131292,0.5628275907407387,ok,1262.3887609087385,125.34062338436559,0.1771623406232648
509,-0.3518135467711545,-0.3846788601887283,0.04573739648389535,1.0007320318981383,491,473,0.9633401221995926,0.7848112603399788,ok,1262.7396911551507,125.72610822105946,0.1314249441393696
510,-0.048512245759866346,0.08376450599359941,0.18179882141662093,1.0005533621589842,478,455,0.9518828451882845,0.6394590174250492,ok,1262.7881297372533,125.64230109596315,-0.050373877277250866
511,0.30313773145235245,0.058988130550005735,0.21040524238870772,1.0005650639176822,447,417,0.9328859060402684,0.5976687980705048,ok,1262.4847266648048,125.58469328915862,-0.26077911966595807
512,1.4583837081768252,0.6003476776367052,0.6983569599566047,1.0010237121161016,439,371,0.8451025056947609,0.9322868674763763,ok,1261.0164978932376,125.00884205085049,-0.9591360796225613
513,1.5544995613522588,-3.416245211511068,0.3081460611023587,0.9973640111133764,414,360,0.8695652173913043,2.2825390661979172,ok,1259.5379337508741,128.45863165433843,-1.2672821407249193
514,-2.703299827475803,31.983120516931763,0.31073797504275524,0.9989253772422765,378,322,0.8518518518518519,1.1991127100525263,ok,1261.3594519127876,96.41319672916359,-1.5780201157676736
515,-5.256043100312809,6.03448647725304,-0.05674023040392384,0.9998647897972149,430,367,0.8534883720930233,0.5102025159379565,ok,1266.4534375411615,90.24129859857112,-1.5212798853637501
516,-8.125842431216824,5.408657491217923,-0.4081905598381415,0.9998481101461193,431,356,0.8259860788863109,0.5944381740826676,ok,1274.4726788507744,84.67581030979795,-1.1130893255256096
517,-1.6106414465416492,0.5153978814881839,-0.36934761561460294,1.0000617014448574,440,385,0.875,0.29304863582032525,ok,1276.0764945441092,84.13954911655946,-0.7437417099110073
518,0.008501182475129099,0.0050698230436410086,-0.0004913891506845165,0.9999961237832494,616,614,0.9967532467532467,0.012623915295044329,ok,1276.0679283121633,84.13458999572867,-0.7432503207603227
519,-1.201704989679456,0.3617380038840565,-0.8843487516303893,1.0003408460193466,381,324,0.8503937007874016,0.573498559633754,ok,1277.2705204846916,83.77581244313137,0.1410984308700651
520,0.8015302139804135,-0.7201297368299038,-0.2010451074419478,1.0003250965616863,455,412,0.9054945054945055,0.6089047155162484,ok,1276.4647043099499,84.49114300609881,0.3421435383120126
521,0.6679237392847881,-0.19967314575251294,0.02447736762689767,1.0002996183696435,477,450,0.9433962264150944,0.3443778162080119,ok,1275.7956837901932,84.6871099185588,0.317666170685115
522,1.7522320424354803,-0.27806014021962255,0.2859923303857219,1.000478174801735,450,391,0.8688888888888889,0.5463061685616004,ok,1274.0432983003034,84.96420136003837,0.03167384029939338
523,1.103516913329031,-0.07656745440090162,0.27064197715502175,1.0004085552412876,447,386,0.8635346756152126,0.4208940900521007,ok,1272.9401103301689,85.04537066228477,-0.23896813685562804
524,0.835682883106756,0.07369088000518786,0.25740846660387606,1.0002647777134235,456,389,0.8530701754385965,0.41076040157181665,ok,1272.1038204017598,84.97892231727246,-0.49637660345950385
525,3.9381363898078234,-2.163397037131176,0.2332683142509918,0.9980830111961678,417,350,0.8393285371702638,1.6626104944433415,ok,1268.193552817809,87.19229358908854,-0.7296449177104954
526,-8.641597206518554,16.564589124976692,0.07198787753226202,0.9993651490007602,435,366,0.8413793103448276,0.7143579560296259,ok,1276.6025544477582,70.50842393164646,-0.8016327952427575
527,-0.0007671818325434288,-0.002787063463983941,0.0002584087364050718,1.0000040094800124,620,619,0.9983870967741936,0.005927144517200342,ok,1276.6033605599234,70.51119998530135,-0.8018912039791626
528,0.0014898651027124288,0.00039861861682766175,-0.00018523271763557994,0.9999944237522869,614,614,1.0,0.003024398141786817,ok,1276.6018652632144,70.51082225182756,-0.801705971261527
529,-6.472007235145611,21.809006521701008,-0.11521450958271469,0.9990617666799416,399,339,0.849624060150376,1.0397976400987665,ok,1282.8121088011046,48.62583839724232,-0.6864914616788124
530,-0.007555464205552198,0.9494531199461562,-0.1045545451095059,0.9998745309279448,449,414,0.9220489977728286,0.4513135662368828,ok,1282.8100207164389,47.67635751174896,-0.5819369165693065
531,-0.3322749508317884,2.23578847201145,-0.12276772497286133,0.9998983427871045,423,371,0.8770685579196218,0.35581908002262186,ok,1283.124367548434,45.43797800778975,-0.4591691915964453
532,1.2073125273584537,-2.3137551034566286,-0.7542323218042499,1.0005496835272267,421,364,0.8646080760095012,0.6750381893979742,ok,1281.9051556535476,47.74548501164816,0.2950631302078046
533,1.0374140259716569,-0.38800384711589686,0.03406092979005095,1.00064464285488,446,409,0.9170403587443946,0.6259161371620233,ok,1280.8659849050068,48.12875906769261,0.2610022004177536
534,0.6761144657871228,0.09653437237466278,0.11653384870349372,1.0003496345382668,465,435,0.9354838709677419,0.46785976356751235,ok,1280.190115994667,48.03052021625297,0.1444683517142599
535,0.670122864415589,0.2507118715108163,0.16737260493734452,1.0003609270374463,444,418,0.9414414414414415,0.5133024645040685,ok,1279.5198929605665,47.780076249486115,-0.022904253223084606
536,1.8463621949749722,0.7516647040453108,0.38529877191134276,1.0008677198197997,424,366,0.8632075471698113,0.7248913551788617,ok,1277.6682224445453,47.041584893789604,-0.4082030251344276
537,0.6959881719835721,0.6936994716016898,0.08782567016754632,1.0003566004237656,438,401,0.9155251141552512,0.4663090617079677,ok,1276.9662548414126,46.35393674495674,-0.4960286953019738
538,5.645658118196479,9.018632576292475,0.07676860790664816,0.9974132312377912,430,361,0.8395348837209302,2.147875237197383,ok,1271.2307192839294,37.39219467086377,-0.572797303208622
539,-2.157315264488716,8.993452547805646,0.002343282815102409,0.9996988991777278,417,368,0.882494004796163,0.44859848492398935,ok,1273.2976502281972,28.37754024866581,-0.5751405860237244
540,-10.10263462868329,8.968445690153885,-0.09769943579612052,0.9996551190238486,382,322,0.8429319371727748,0.7020340330109691,ok,1283.3252016316956,19.325222457729524,-0.47744115022760386
541,-6.004429494093756,2.3945869492089287,-0.1523186534153902,0.9999418961799559,439,370,0.8428246013667426,0.3619603287871089,ok,1289.3159465460635,16.896602360258157,-0.32512249681221345
542,-0.8517260588539557,0.1882638775033456,-0.11983262771186376,0.999919737729368,443,416,0.9390519187358917,0.4018778743309923,ok,1290.1669925927463,16.70528797676991,-0.20528986910034958
543,0.0068174133577940665,-0.002294578573810213,0.0004741492754337765,1.0000014635611607,620,615,0.9919354838709677,0.012530047269159683,ok,1290.1601834637606,16.707607023595415,-0.20576401837578337
544,-0.08168052181281382,0.14067370529573964,-0.28463449384952527,1.0003969250445908,418,359,0.8588516746411483,0.5325715254393277,ok,1290.2420575524404,16.56704588882451,0.07887047547374208
545,0.668152301228929,-0.10141739790526572,0.009577314794215478,1.0002294845485267,462,438,0.948051948051948,0.2918685944050072,ok,1289.5737830862995,16.667655153506075,0.06929316067952661
546,1.7129440755870746,0.00487669849633221,0.1148752818895794,1.0005080413883114,436,396,0.908256880733945,0.5544479854778971,ok,1287.8608356730876,16.664141202935298,-0.04558212121005293
547,0.9468599093331704,0.08603049496684889,0.09482701638215013,1.000319407386038,418,384,0.9186602870813397,0.41538292440171765,ok,1286.9137677806418,16.58043134052309,-0.14040913759220316
548,1.9085653994836775,0.32212067609566475,0.44096592560762155,1.000581057576931,417,359,0.8609112709832134,0.5932916243395385,ok,1285.0020321599227,16.277692954209783,-0.5813750631998252
549,0.8352665850261474,0.3628427227613429,0.24548165034856914,1.0003693442397887,410,359,0.875609756097561,0.45079808610230127,ok,1284.1616164149868,15.926941638907124,-0.8268567135483945
550,3.1418307528049354,-4.3685233211406285,0.17209816847798337,0.9994034146817418,400,341,0.8525,0.7613187721350382,ok,1281.0964247500742,20.349576209383486,-0.9989548820263779
551,-11.286600355745577,23.722102086726068,0.0332095702364376,0.9984963993087032,401,329,0.8204488778054863,1.1449602012093707,ok,1291.9538710627835,-3.5719900974036136,-1.0321644522628155
552,3.1178819813999326,4.44092913977363,-0.21265191673716607,0.9994853874626769,455,400,0.8791208791208791,0.5412501858975363,ok,1288.7727907097442,-7.96787083531467,-0.8195125355256493
553,4.73749799629536,3.5380082074524353,-0.4683331351947732,0.999452842347105,426,362,0.8497652582159625,0.6680703810083285,ok,1284.0136965469214,-11.47677552058201,-0.35117940033087575
554,0.18306135297666515,-0.025853043254414843,-0.23652256285203346,0.9997919562364963,473,413,0.8731501057082452,0.36169618071941645,ok,1283.8306872959918,-11.450556198064874,-0.11465683747884221
555,-5.525125380363761,0.11392553673522343,-0.16118131457182397,0.9999836370887766,424,367,0.8655660377358491,0.47462314949885487,ok,1289.3559033629829,-11.559995266598094,0.046524477092981804
556,-2.968573716892706,-0.12423117300147624,-0.03382963138562261,0.9998119175846483,426,397,0.931924882629108,0.4692240094669083,ok,1292.3242999333324,-11.431600959446541,0.08035410847860441
557,-1.0975667826514837,-0.0715255301236084,-0.0038059644996294587,1.000071446185454,479,450,0.9394572025052192,0.28240156465725114,ok,1293.4217604702458,-11.35846332373535,0.08416007297823387
558,0.38863749666302283,0.35594519909432165,0.09263442809463346,1.0004597795042434,443,407,0.9187358916478555,0.6190978632263702,ok,1293.0330703316174,-11.714351037352458,-0.008474355116399582
559,0.8375769328547449,0.3975666063395238,0.08292873409052118,1.0003783543095601,481,444,0.9230769230769231,0.4704612435674933,ok,1292.1948602328353,-12.110580964574297,-0.09140308920692077
560,-0.00459676082596161,0.008004220620591695,0.00032427533516830534,0.9999853477318373,672,671,0.9985119047619048,0.009027436902003791,ok,1292.1994441734628,-12.118592534093295,-0.09172736454208906
561,2.6145634633705868,2.1242394533971947,0.4986869990339165,1.0012007918163734,417,346,0.829736211031175,1.008175106539814,ok,1289.5631303153618,-14.21577745701893,-0.5904143635760055
562,3.468752549744977,-3.68044755016615,0.14226914343056554,0.9979871387199393,407,335,0.8230958230958231,1.7239191540531607,ok,1286.1417246999333,-10.491274532385773,-0.7326835070065709
563,-11.81194969299554,23.25155750045701,0.028884604514271987,0.9992221999339911,375,312,0.832,0.9586619201876057,ok,1297.6435833739467,-33.89777638101623,-0.7615681115208429
564,2.3158355749671955,5.884097810524963,-0.14369133010252025,0.999831243968771,442,374,0.8461538461538461,0.3588301624470265,ok,1295.2644296689507,-39.75655860107781,-0.6178767814183228
565,3.691467109989617,2.3521984493119135,-0.2315987773204,0.9999507245350053,408,333,0.8161764705882353,0.3782816183988736,ok,1291.5571884657777,-42.08381656498693,-0.38627800409792296
566,0.652879451217359,1.8476265498156863,-0.42372741967156374,1.0000503327562655,402,342,0.8507462686567164,0.31189952744553373,ok,1290.9055167914782,-43.93186945230411,0.03744941557364057
567,-6.115930875283766,0.5726882857718465,-0.339755068587005,1.000240349301115,416,367,0.8822115384615384,0.553587635430411,ok,1297.0250853723635,-44.46428163074552,0.37720448416064534
568,-2.978142963677101,0.450346621115159,-0.04421229948414229,1.0001077031046217,439,398,0.9066059225512528,0.5630526118516869,ok,1300.006460100388,-44.89271169778772,0.4214167836447876
569,-0.019358569264340986,0.2931381233978527,0.054889402479037806,1.00008977289179,468,440,0.9401709401709402,0.3268160860275185,ok,1300.027693497461,-45.18571998511413,0.36652738116574984
570,0.8944798848335722,0.780645717646621,0.23566818898723096,1.0002192965381285,426,360,0.8450704225352113,0.5335835244169134,ok,1299.1349988793206,-45.96840658880319,0.13085919217851905
571,0.6501778992665095,0.5680767412939076,0.1689992229217792,1.0002689140295287,411,376,0.9148418491484185,0.5379275988864182,ok,1298.4844429729933,-46.53605040092168,-0.03814003074326006
572,1.9188655365619525,1.566455371601137,0.3218928581723491,1.0005820024015082,425,362,0.851764705882353,0.6200241735090877,ok,1296.5557721563412,-48.09041723652297,-0.3600328889156088
573,0.5304304958046941,0.9277202174309878,0.08627417086902539,1.0002764548308443,462,425,0.9199134199134199,0.36236764198995663,ok,1296.01813132363,-49.01397754733716,-0.44630705978463414
574,0.4094499431080294,0.8793898053066869,0.06153602943382561,1.0001380373329432,458,429,0.9366812227074236,0.3377816289875673,ok,1295.6009030646967,-49.889703683486914,-0.5078430892184598
575,10.45944100274778,9.949945383922,-0.027571320817424392,0.9975541165054859,377,304,0.8063660477453581,2.0962207371877155,ok,1285.0584268315424,-59.751626118102195,-0.4802717684010353
576,3.9346431945336917,15.0919486218678,-0.049627533380280316,0.9995787713148332,407,345,0.8476658476658476,0.5168816295293429,ok,1281.0104623461123,-74.81357532124605,-0.4306442350207551
577,1.440800553950794,11.832620110946891,-0.20090066412573993,0.9996967405214481,372,320,0.8602150537634409,0.5162883238255997,ok,1279.5222272779913,-86.64032302753742,-0.22974357089501535
578,-0.6505665166391736,2.628587552289332,-0.051982713633677194,0.9998733301595679,393,346,0.8804071246819338,0.4011323968369497,ok,1280.1646354516197,-89.27091631633698,-0.17776085726133817
579,-3.0125182363208296,2.128148692618879,-0.11582906038765341,1.0001677413738237,361,303,0.8393351800554016,0.4950422470032288,ok,1283.1748515832935,-91.40232003751976,-0.06193179687368491
580,-2.7023944452303112,0.7014052792947041,-0.017268456635187886,1.0000557324582064,366,317,0.8661202185792349,0.5082639580899933,ok,1285.8766984464312,-92.10583168034191,-0.04466334023849706
581,-1.0911882533773678,0.19171889318101876,0.019499120375273283,1.0000593073077324,394,365,0.9263959390862944,0.2560367380739482,ok,1286.9676713199751,-92.29877241606698,-0.06416246061377034
582,-1.753445177537742,0.32821798606642005,0.1044538306538806,1.000231280486251,370,338,0.9135135135135135,0.5271396548116254,ok,1288.7201429900526,-92.63214920377652,-0.16861629126765082
583,-0.585236412976883,0.5488699842654796,0.14895723078270892,1.0003221838972618,397,361,0.9093198992443325,0.5222686368127318,ok,1289.302328205316,-93.18425453234227,-0.3175735220503596
584,0.2923750111663139,0.5119701408133324,0.1326852985780344,1.0001681233298219,408,372,0.9117647058823529,0.46516748469700475,ok,1289.0059389466783,-93.69391125956486,-0.45025882062839384
585,0.4445000194618842,0.4298415525697692,0.08753992278247696,1.000178434420846,379,346,0.9129287598944591,0.3613081788558925,ok,1288.5574239203388,-94.11956170155293,-0.5377987434108707
586,1.4603646824907628,1.5170804951355876,0.13956907461003185,1.000472300032919,379,342,0.9023746701846965,0.5162932256032634,ok,1287.0792263309388,-95.61927171394848,-0.6773678180209025
587,0.2928533374449671,12.69163975588026,0.003892403162750469,0.9988468582053033,339,265,0.7817109144542773,1.1760653658458318,ok,1286.6354906849303,-108.3065323105767,-0.6812602211836528
588,2.093207852047499,8.546251165521312,-0.0803788425725507,0.9993868327831033,328,269,0.8201219512195121,0.6813297169901161,ok,1284.4527719856148,-116.83036168332399,-0.6008813786111022
589,3.1672541845598516,4.363414175188723,-0.0955271773520164,0.999536418326591,362,285,0.787292817679558,0.6337073440836728,ok,1281.247155769802,-121.16567101608985,-0.5053542012590859
590,5.851526508753068,3.7814039031839,-0.42589983320429026,0.9992913460739635,343,275,0.8017492711370262,0.8496152309649927,ok,1275.3903910638267,-124.93895673817508,-0.07945436805479644
591,0.5782870880880182,0.13924885912786067,-0.29207752772030865,0.9998407976674332,386,328,0.8497409326424871,0.3432597533827339,ok,1274.812624705363,-125.08035064202284,0.2126231596655117
592,-0.6278724656433496,0.32899283829374326,-0.2105519042815157,0.9998524200363028,368,324,0.8804347826086957,0.34965651464461595,ok,1275.4429098984722,-125.40469720992348,0.4231750639470271
593,-2.771208580546727,-0.7795541285424861,-0.061371927834114874,0.9998439757237673,360,324,0.9,0.5675464307014507,ok,1278.2074268172016,-124.60173529159692,0.4845469917811418
594,-2.380805819260104,0.15749380649640443,0.42622235430642336,1.0002468324241538,371,310,0.8355795148247979,0.4895158256704543,ok,1280.5883917248118,-124.75680545905982,0.05832463747471914
595,-0.9194267403916001,0.23512398400714574,0.3311133476196793,1.0003532596717697,353,290,0.8215297450424929,0.4672956853103856,ok,1281.5066886091397,-124.99630420861172,-0.27278871014495976
596,-0.7282889329335376,1.2246920417669571,0.3527252095116743,1.000582187902356,331,275,0.8308157099697885,0.7019749177292098,ok,1282.2215641040623,-126.2288740418303,-0.6255139196566335
597,0.1281134070986809,0.6989078261790382,0.06958762316499062,1.0003270502288533,371,344,0.9272237196765498,0.3747748696048482,ok,1282.084981315412,-126.92617622626472,-0.6951015428216241
598,-0.0065152453330483695,-0.005942839563203961,-0.0003026612107786611,0.9999911996264756,511,510,0.9980430528375733,0.008868951154218846,ok,1282.0915681459533,-126.92031282902087,-0.6947988816108455
599,0.4191342203116619,1.063415332405043,0.06355349119303935,1.0003348758415838,366,329,0.8989071038251366,0.5380915316782381,ok,1281.6583959540517,-127.97808762357488,-0.7583523728038847
600,4.15840881917029,-3.098760852560531,0.01734084078146646,0.9988705923644966,322,236,0.7329192546583851,1.141016475829656,ok,1277.5423192070023,-124.82331426545352,-0.775693213585351
601,8.541767096152398,18.229267944721187,-0.15787954723939496,0.9988432796845607,304,235,0.7730263157894737,1.0219350712558763,ok,1268.8044884362425,-142.95941936955228,-0.6178136663459564
602,-7.230807647090614,5.445339378000881,-0.2303651111601061,0.9996476146987371,305,235,0.7704918032786885,0.7407781886738394,ok,1275.9983082767974,-148.45353042344163,-0.3874485551858504
603,-4.703731807314625,0.7833924482696375,-0.3049436596974652,0.9999219666317523,325,261,0.803076923076923,0.4664872481722513,ok,1280.7009071367115,-149.2436953466589,-0.08250489548838559
604,0.5544825624747318,-0.11063021884478985,-0.080450034633024,1.0000851336738998,339,313,0.9233038348082596,0.44191184298109487,ok,1280.1464285422453,-149.1330452418739,-0.0020548608553616647
605,0.0008337879589817021,-0.0001236096260299746,-3.3867826271037843e-05,1.0000004637027584,486,484,0.9958847736625515,0.0009646784779255496,ok,1280.145594758647,-149.13292160283788,-0.0020209930290906266
606,1.7487033113675352,-0.1639884244689256,-0.021235454063725543,1.0000329449606546,382,359,0.9397905759162304,0.3327409289313765,ok,1278.3968365511748,-148.9695196250434,0.019214461034634898
607,1.573087067038614,0.3943418348862906,0.046384431323328854,1.000170507998537,351,321,0.9145299145299145,0.4631719997247269,ok,1276.8235626619708,-149.36311544917623,-0.027169970288693928
608,0.2652810017862066,-0.07583277453420578,0.46276183903926743,1.0007327023195691,333,276,0.8288288288288288,0.8155657403439492,ok,1276.5589397908998,-149.2850170771817,-0.48993180932796093
609,-0.3456149335606824,0.5382313170881616,0.3642725033310527,1.0005853527193804,343,281,0.8192419825072886,0.5767591193022902,ok,1276.896492295485,-149.82834105018742,-0.8542043126590132
610,-0.1428243952595949,0.9685138943243601,0.275185499891234,1.000374288892083,342,290,0.847953216374269,0.5489945665376644,ok,1277.0201992508107,-150.7994819053597,-1.1293898125502468
611,0.5971973980508665,1.535095468069244,0.16425747025174664,1.0004900425990138,296,260,0.8783783783783784,0.8761204531254774,ok,1276.388497005677,-152.32070348745037,-1.2936472828019934
612,3.499491722920993,-1.5694535903312499,-0.013150475692288447,0.9979355184463731,325,268,0.8246153846153846,1.6017097908101834,ok,1272.9249518151678,-150.67343860155734,-1.280496807109705
613,-2.27610917483662,12.169234321260546,-0.1993801120012472,0.9994344958221888,295,228,0.7728813559322034,0.7427116593622205,ok,1274.9710475922898,-162.88345207461975,-1.081116695108458
614,3.180801746440693,7.797684078279985,-0.3372527764575194,0.9996457285959562,277,224,0.8086642599277978,0.7269275719815165,ok,1271.6892804018094,-170.6391842026851,-0.7438639186509388
615,5.145854874079987,2.2339457339728597,-0.44321279644927514,1.0000105108790212,307,242,0.7882736156351792,0.5663370542819649,ok,1266.5317741265785,-172.84609719335447,-0.30065112220166423
616,2.19049748294492,-0.3353952558138644,-0.5691007281504674,1.0002243176767103,297,236,0.7946127946127947,0.6400612266609094,ok,1264.3397292552959,-172.52096878380996,0.2684496059488027
617,0.004214306405856405,0.014286972591889935,-6.675889655812729e-05,1.0000008777118832,430,419,0.9744186046511628,0.017113493035990312,ok,1264.3355819507456,-172.53527534976013,0.2685163648453608
618,-3.73197007874046,-0.41797486816017226,0.1828179366846202,1.0003303805263124,305,267,0.8754098360655738,0.8606536178027504,ok,1268.066922681921,-172.11171896992528,0.08569842816074073
619,-1.8995316614202693,0.17629897087329027,0.3416827707836658,1.0001970667760856,330,280,0.8484848484848485,0.5320561246909249,ok,1269.9656477245653,-172.29650282285377,-0.25598434262292485
620,-1.9120060172322155,0.9318687471110252,0.5692000756819303,1.0005754848898283,299,240,0.802675585284281,0.7716750406026589,ok,1271.8640349661155,-173.2558110386501,-0.8251844183048549
621,-0.301031252995017,1.597529957442589,0.3619751942488579,1.0005820283074087,334,298,0.8922155688622755,0.6772799665459914,ok,1272.1319034001474,-174.859234963336,-1.1871596125537127
622,0.35931757158937216,1.051528031668795,0.09823694917769207,1.000319723675571,374,347,0.9278074866310161,0.46630528008420974,ok,1271.7490878234821,-175.9024379890701,-1.285396561731405
623,3.346098613543745,-2.7602021714689045,-0.029351081179219442,0.9985650715631208,306,236,0.7712418300653595,1.8178825621014894,ok,1268.464297873457,-173.06955130881715,-1.2560454805521852
624,0.0007127251315068861,0.0023158052509870686,-1.937123039665082e-05,1.0000024373943401,516,515,0.998062015503876,0.00264961940503141,ok,1268.4635345570412,-173.07185093468297,-1.2560261093217884
625,-8.971138723811237,16.795136040704847,-0.27112177079745614,0.9989681291213103,300,235,0.7833333333333333,0.9569097263544968,ok,1277.1446566658963,-190.01871033572831,-0.9849043385243326
626,-2.778435388231401,6.154198195680351,-0.4384710019629627,0.9993723678559499,323,273,0.8452012383900929,0.6305091892958985,ok,1279.8642736250197,-196.19912636007007,-0.5464333365613699
627,-0.5045341864665716,0.7766962343193882,-0.15994759986890342,0.9999037198181542,323,279,0.8637770897832817,0.6267321056150633,ok,1280.363557208297,-196.97920820782042,-0.3864857366924666
628,-0.7802820631025043,-0.7121897347171853,-0.2424329617533479,0.9999617150274782,310,272,0.8774193548387097,0.6705556513871638,ok,1281.1456273873898,-196.26898250340685,-0.14405277493911886
629,-0.1935258661719672,-0.13679272968647638,-0.007888013539740772,1.0001565684795448,413,390,0.9443099273607748,0.2736852475771888,ok,1281.339477797877,-196.1326500783323,-0.13616476139937805
630,-0.1660046215965849,-0.02456200804215314,0.15863324754392377,1.0002413463335587,322,297,0.922360248447205,0.6087769787674893,ok,1281.50560659794,-196.1089425179324,-0.29479800894330166
631,0.044686134883704653,0.23766631085118206,0.12853132196887823,1.0003301952879238,319,287,0.8996865203761756,0.47567695480391714,ok,1281.4591657034164,-196.34627218164997,-0.4233293309121798
632,0.8184313211461358,0.7494266539670207,0.4412367205190333,1.0006943117376141,304,257,0.8453947368421053,0.6539960994454853,ok,1280.6295194938575,-197.0832642467858,-0.8645660514312126
633,0.612128918852477,0.6919148893117608,0.19309824312391582,1.0004569750159826,330,283,0.8575757575757575,0.5718357972298594,ok,1280.0047230342807,-197.76376216114465,-1.057664294555128
634,0.6911752630790033,1.1049723704450116,0.14404728849024873,1.000583884827806,329,289,0.878419452887538,0.5580718728222784,ok,1279.2905259934062,-198.8539959757668,-1.2017115830453768
635,0.6268980220854701,0.9509311805416019,0.02640455182918814,1.0005008050690234,334,300,0.8982035928143712,0.4740559799405377,ok,1278.6433906429916,-199.79127239095305,-1.2281161348745648
636,-0.0003919893015336129,0.0038637293049532673,-0.00011459349427324354,1.0000015850147685,464,462,0.9956896551724138,0.005330565541223091,ok,1278.6436997385688,-199.79514363360624,-1.2280015413802916
637,2.0789584276924415,-1.5435409393271584,-0.3143488428579876,0.9974493151820273,264,194,0.7348484848484849,2.0800050474209817,ok,1276.5896182701756,-198.2186487567809,-0.9136526985223046
638,-7.790393163383442,11.884367099711653,-0.21168737388933928,0.9995378153355802,319,264,0.8275862068965517,0.6531633948169246,ok,1284.2338278221125,-210.19756637595208,-0.7019653246329657
639,4.5741367004404765,14.839507130420316,-0.794150806411999,0.9993672663166335,288,230,0.7986111111111112,0.7749308630819247,ok,1279.6835729111442,-225.04441380809487,0.09218548177903117
640,1.7098233726201215,0.26183180875648304,-0.19051945747209134,1.0001017585977872,330,296,0.896969696969697,0.5520529369773506,ok,1277.9750622593347,-225.31467888961186,0.282704939251122
641,-3.2066841575419858,-0.42041530394567417,-0.054038564782261676,1.0004148240940511,323,273,0.8452012383900929,0.6083457256242305,ok,1281.1792201482226,-224.87542436533352,0.3367435040333835
642,-5.878147102235516,-0.6345428605231973,0.27861622665650826,1.0004557704141261,319,257,0.8056426332288401,0.7245009604752976,ok,1287.0567204739855,-224.23491837940037,0.0581272773768761
643,-1.5845441740648312,-0.22391190572307096,0.18572114752068658,1.0001591350389585,349,325,0.9312320916905444,0.4781684709710496,ok,1288.6417593554222,-224.01453569990792,-0.12759387014380993
644,-1.004221824834758,-0.4769220111248842,0.5559892932255424,1.0005799419697012,323,269,0.8328173374613003,0.624263305726636,ok,1289.6515996240416,-223.54962849406445,-0.6835831633693505
645,0.2508483499423164,-0.02138742356385137,0.21226439733585586,1.0001147201419456,326,283,0.8680981595092024,0.3996922966690673,ok,1289.4011163249509,-223.52432170777854,-0.8958475607052058
646,0.5359079051634126,0.1536528418190528,0.16158498732464455,1.000290475861383,346,313,0.9046242774566474,0.4300455309203174,ok,1288.8624640789226,-223.6680583992122,-1.0574325480298497
647,1.6052789703121562,0.769840049964273,0.07867705887438778,1.0006397490480823,348,295,0.8477011494252874,0.6155588535066174,ok,1287.2422366377,-224.4059183546001,-1.1361096069042371
648,-0.007935636479032837,0.00611717958315694,0.0007567094903614899,0.9999870071709025,456,454,0.9956140350877193,0.016415048162835264,ok,1287.2500493425887,-224.41219177907965,-1.136866316394599
649,3.7583649027064894,-6.946035050425735,-0.5146257695426733,0.9981294603305817,264,200,0.7575757575757576,1.8138170420356006,ok,1283.5673395476022,-217.42575075166428,-0.6222405468519272
650,10.057534190965953,24.535407786712312,-0.4608245304035951,0.9984893063222056,292,224,0.7671232876712328,1.3580236279907596,ok,1273.4407232049957,-241.93272671183445,-0.1614160164483332
651,1.2182264709990704,10.032771980930079,-0.18435659171981583,0.9995276874064991,295,243,0.823728813559322,0.7395757689555075,ok,1272.2265138387716,-251.9659856525252,0.022940575271482203
652,-1.1347884130391321,1.187115244078086,-0.023671050959860284,1.0000961066704144,322,282,0.8757763975155279,0.5326564313243112,ok,1273.3622676257169,-253.152177323601,0.04661162623134243
653,-2.6813141330117105,0.8928815298567088,0.028230268247130836,1.0000456533092204,338,309,0.9142011834319527,0.6537243575197944,ok,1276.0438680707227,-254.04419860114615,0.018381357984211665
654,-2.6388038731886354,0.39429155225161594,0.10064633294716856,1.0003019071125738,318,291,0.9150943396226415,0.6937696024354464,ok,1278.6821031024408,-254.4422785262209,-0.08226497496295662
655,-1.3129342122765593,0.13527554465383673,0.07064504477839778,1.000052918214114,335,308,0.9194029850746268,0.5881727958780422,ok,1279.9946716184095,-254.5810575218767,-0.15291001974135424
656,-2.6890796374627826,0.10466086399753749,0.20713852596062535,1.00034473373861,351,307,0.8746438746438746,0.8522536073232768,ok,1282.6830404734744,-254.7026144722629,-0.36004854570197925
657,-0.43638292859213834,0.11874318971035791,0.05996141294434886,1.0002749763726837,342,308,0.9005847953216374,0.4459436317943066,ok,1283.1185412312655,-254.82455337267004,-0.42000995864632795
658,-0.20502599062092486,0.31684243125891953,0.0875960665341303,1.0005861610215911,330,291,0.8818181818181818,0.60699336377303,ok,1283.320752179818,-255.14319975247327,-0.507606025180458
659,0.22462195960224562,0.1895774025172159,0.014122273683004782,1.0003130800996947,399,367,0.9197994987468672,0.2916933126863502,ok,1283.0944132880595,-255.33072394386784,-0.521728298863463
660,0.5325184958714999,0.4377679299677766,-0.007379651216258926,1.0002718808363902,339,300,0.8849557522123894,0.5253012336825527,ok,1282.557986425513,-255.7636938390017,-0.514348647647204
661,-3.532043214655914,10.676342687932106,-0.12203081949358653,0.9973591289650117,280,231,0.825,2.0964728830438557,ok,1286.016843955012,-266.4639708004164,-0.3923178281536179
662,-3.284762785782732,7.710825574182081,-0.14589057390955218,0.9995848288908411,290,242,0.8344827586206897,0.5221712196799972,ok,1289.2684124558202,-274.1888526686961,-0.24642725424406609
663,-2.7339045285909833,6.006862119416496,-0.4921868501617925,0.9996839095801066,274,233,0.8503649635036497,0.5193779807339498,ok,1292.0280570744496,-280.1839329910937,0.24575959591772506
664,-0.0929719554460462,0.39187907154416735,-0.11860540695108111,0.9999780270865676,329,305,0.9270516717325228,0.4052943163794168,ok,1292.12351923675,-280.5752128995771,0.3643650028688058
665,-0.20226028482011316,-0.3420731910368886,0.00990313724189203,1.0002356173257545,304,272,0.8947368421052632,0.5519455875381505,ok,1292.3236594196114,-280.2318949739662,0.3544618656269138
666,0.02903968628243092,-0.6312927315527759,0.32088339699218704,1.0002890167182614,318,261,0.8207547169811321,0.5106934232857514,ok,1292.2942497661793,-279.6006193696729,0.033578468634727576
667,0.1910442700486783,-0.27766103449266666,0.22284259600248332,0.9999778529909843,308,258,0.8376623376623377,0.5155515996107332,ok,1292.1041237295149,-279.32232877806723,-0.18926412736775516
668,0.6600077088578473,-0.4433665642283131,0.3448142090801946,1.0003360446921634,308,254,0.8246753246753247,0.5182762263194781,ok,1291.448277442665,-278.8728293519805,-0.5340783364479489
669,0.4796721331945264,0.0030791945877126636,0.12482420460854285,1.0002497606138148,302,272,0.9006622516556292,0.4993359678008894,ok,1290.9686016175294,-278.87039222599935,-0.6589025410564914
670,1.3462367806432667,0.022119457898497785,0.13296635469848905,1.0006242546603512,311,291,0.9356913183279743,0.6808634081360336,ok,1289.6221877116325,-278.87390420281736,-0.7918688957549801
671,0.6633169177075615,0.09958399392132833,-0.0015792392707080635,1.0004036716579354,354,337,0.9519774011299436,0.3843545077692501,ok,1288.9575603572694,-278.96432977992083,-0.790289656484272
672,1.0226165389653943,0.612016307062504,-0.16769100509645782,1.0005679953037954,295,258,0.8745762711864407,0.588818920250749,ok,1287.92835391135,-279.56519801635443,-0.6225986513878147
673,3.4436427438417923,-5.81798805898427,-0.14272698746131332,0.9973715270753747,289,225,0.7785467128027682,1.9564595431979583,ok,1284.5335590077257,-273.7185726680001,-0.4798716639265017
674,-11.275554822746926,12.065468455549308,-0.16150547163072493,0.9996093947884775,294,240,0.8163265306122449,0.6237367680163963,ok,1295.7418978714973,-285.84650759227657,-0.3183661922957771
675,4.30747350102456,11.538622586917427,-0.6934219763915627,0.9994894593585519,281,229,0.8149466192170819,0.5719899936370393,ok,1291.510047459846,-297.41307930816345,0.375055784095784
676,5.513536939515234,3.1030849834476157,-0.3035461522852406,1.0001130854038391,304,247,0.8125,0.5774321002830088,ok,1286.0336488025555,-300.5812465613759,0.678601936381024
677,-0.7934849451326045,0.3545575977700537,0.03106019020501703,1.000066225885733,342,316,0.9239766081871345,0.33593307794247634,ok,1286.83109010351,-300.9268139496247,0.6475417461760068
678,-7.224134084537127,0.31078424739462207,0.4071282134223729,1.0004581582636143,318,252,0.7924528301886793,0.6329406326079436,ok,1294.0564646416237,-301.2072830277265,0.2404135327536349
679,-3.393046028490062,-0.04384646699656969,0.299632676073239,1.000172503416151,315,269,0.8539682539682539,0.5168592576899748,ok,1297.4495541761207,-301.16694353082164,-0.05921914331960342
680,-2.1821087138928306,-0.18642980145330057,0.6329483178884181,1.0004615242683585,315,263,0.834920634920635,0.5441257340001736,ok,1299.6337557917655,-301.0068878769696,-0.6921674612080203
681,0.07614225427187193,0.10933509925200724,0.22643566016436278,1.0001676562024227,305,273,0.8950819672131147,0.44969015478261315,ok,1299.5558704671369,-301.1149882147189,-0.9186031213723828
682,0.5753685610316097,-0.026220139360020767,0.16455317981741488,1.000177065328738,322,274,0.8509316770186336,0.4324691331142092,ok,1298.9811003701195,-301.07789627076363,-1.0831563011897976
683,0.9344039425054689,0.14117967703555223,0.06601743796457034,1.000262025662149,331,301,0.9093655589123867,0.43414937338754367,ok,1298.044052934381,-301.2003075943984,-1.149173739154368
684,1.3459804839644676,0.5833613294305451,-0.203355862925643,1.0003245700391417,325,280,0.8615384615384616,0.5083100462993184,ok,1296.6886263583071,-301.76137149518104,-0.9458178762287253
685,0.8303849438943871,0.49600038026267157,-0.33407134242798187,1.0004071297515256,308,266,0.8636363636363636,0.4412776134825065,ok,1295.8529930540544,-302.24847775986143,-0.6117465338007442
686,2.781905073289181,-2.6522042980507194,-0.38519192023841076,0.9992889383594402,293,247,0.8430034129692833,1.0630443729847092,ok,1293.0815968456002,-299.58529422672746,-0.22655461356233414
687,-10.358426338231538,20.615970830672836,-0.31439661740481567,0.9984099733422779,301,239,0.7940199335548173,0.9358964082557641,ok,1303.4716180062205,-320.185359997923,0.08784200384248082
688,5.508965876823822,3.494946738857948,-0.1961747333948641,0.9993971903954229,294,237,0.8061224489795918,0.8067295521270227,ok,1297.9800442878213,-323.7075717795806,0.2840167372373445
689,3.517781213295166,0.12447775796442784,0.0014570937251542422,0.9994813402456807,332,295,0.8885542168674698,0.5254393487778029,ok,1294.4629197233241,-323.8493962296949,0.28255964351219026
690,-2.229298867320722,-0.045889922625292456,0.10035751618386597,0.9998362105158801,342,313,0.9152046783625731,0.4570190975597556,ok,1296.6920613877337,-323.7964173204032,0.18220212732832453
691,-7.77149107212108,-0.8575535123233067,0.38461330605019994,1.000045675580289,293,240,0.8191126279863481,0.6614243870737757,ok,1304.4665334733704,-322.96632377133096,-0.20241117872187467
692,-2.4655358352461008,-0.8937866310864138,0.46695644173521494,1.0003568741557285,297,254,0.8552188552188552,0.4729647344521466,ok,1306.9423426322462,-322.10140151724306,-0.6693676204570885
693,-0.08430110834706284,-0.3210673046592092,0.17278879932784275,1.0001980887715378,319,290,0.9090909090909091,0.5310066918729779,ok,1307.0313536409237,-321.78160794112887,-0.842156419784931
694,0.3011033293792025,-0.3021968540067519,0.08855518931059703,1.0000945861623307,335,312,0.9313432835820895,0.4796942137500876,ok,1306.7351987006468,-321.474560054172,-0.930711609095528
695,1.421482755546549,-0.4652708866209423,-0.030927627654150903,1.0007573950836626,363,331,0.9118457300275482,0.5436722666576599,ok,1305.3211976292175,-320.987024217284,-0.8997839814413772
696,0.6796339916809302,-0.13645450740068554,-0.1208193204192816,1.0003748247442807,336,314,0.9345238095238095,0.4842770742299068,ok,1304.6434815573612,-320.8413426426581,-0.7789646610220957
697,4.141949764708897,-1.1190740930421725,-0.4859540808953177,0.9983787356611826,274,220,0.8029197080291971,1.5072947200133455,ok,1300.507308873976,-319.70110134700656,-0.29301058012677844
698,-0.00022664897278446006,0.009746607467263857,0.000388229339854663,0.9999879614971027,453,450,0.9933774834437086,0.014675838275164615,ok,1300.5074856100089,-319.71084898729805,-0.29339880946663305
699,-0.42637007546136374,21.74507992688109,-0.7073638982664732,0.9987421222044153,283,231,0.8162544169611308,1.0332741579208817,ok,1301.0909525621694,-341.4522808348887,0.41396508879983956
700,5.74576703450748,4.219601775555589,-0.33363667232521943,0.9996060685457047,316,255,0.8069620253164557,0.5965486889370755,ok,1295.4007309136596,-345.74649270087,0.7476017611250587
701,6.6270775035823135,2.1310497297283746,-0.1122048288390975,0.9996081307273721,311,258,0.8295819935691319,0.6421615115524477,ok,1288.8063778877834,-347.97674769955984,0.859806589964156
702,-1.7479215647115325,0.11453828807327682,0.33352329781021317,1.000119910306844,324,273,0.8425925925925926,0.5355368422349871,ok,1290.555277778425,-348.07522606434986,0.526283292153943
703,-2.01095445056103,-0.23220146755068072,0.3393913938488376,1.0002477195156054,341,279,0.8181818181818182,0.43705907875682953,ok,1292.5654641191234,-347.8364663536918,0.1868918983051057
704,-4.265864008708377,-0.48086181313385623,0.45276422774385594,1.000518676739483,314,262,0.8343949044585988,0.7110882177327287,ok,1296.8335135577852,-347.37540473821764,-0.2658723294387502
705,-1.686705588593668,0.0414413834238303,0.09953248030396744,1.0000988595781135,326,304,0.9325153374233128,0.4277029777465251,ok,1298.519920553703,-347.4276021995786,-0.3654048097427176
706,-2.5081465912630847,0.5758211561200142,0.1393982084647178,1.000344117724745,307,273,0.8892508143322475,0.7946855440909059,ok,1301.0228966067095,-348.0254986832399,-0.5048030182074353
707,-0.5061449898994397,0.5293827156735915,0.01500390042687577,1.0003416412715433,337,306,0.9080118694362018,0.49312916463207285,ok,1301.5242180917442,-348.5594514705697,-0.5198069186343112
708,0.24405148392747833,0.7198222460446004,-0.031915718236371377,1.0004051102802216,357,319,0.8935574229691877,0.5710318793266442,ok,1301.274046021968,-349.27716947104875,-0.4878912003979397
709,0.8213628048733881,0.8879849657211025,-0.062155360687498815,1.000544804811536,353,307,0.8696883852691218,0.7451695565869133,ok,1300.446107787022,-350.15902684936475,-0.4257358397104409
710,2.4761276978911155,-3.2430851183197547,-0.13495524367074255,0.9994858863821305,330,262,0.793939393939394,1.0493814728357456,ok,1297.9864708190437,-346.90341700684905,-0.2907805960396984
711,12.29809750687241,22.128531826397193,-0.49785250962592487,0.9979891655045914,297,254,0.8552188552188552,1.6455150185519363,ok,1285.7684278866707,-369.0762506097765,0.2070719135862264
712,1.4760605309393213,5.539878109098709,-0.14495078725464705,0.9993945182942712,353,294,0.8328611898016998,0.6163324438051716,ok,1284.326431763567,-374.6250929517088,0.3520227008408735
713,-3.0537124020374904,2.6860521046340864,0.0578731258694263,0.9991647248198053,350,294,0.84,0.7716700723413216,ok,1287.393893727568,-377.295432338861,0.29414957497144717
714,-2.187340858517473,0.08959545931588764,0.16209332973208573,0.9995841043069978,356,318,0.8932584269662921,0.5891113462264115,ok,1289.581435277206,-377.3799861458522,0.13205624523936135
715,-2.42180383467894,-0.5821478850870108,0.2262690615717198,0.999929377124463,341,289,0.8475073313782991,0.47335975616857523,ok,1292.0041930770642,-376.8018212757638,-0.09421281633235855
716,-1.934415010753355,-0.30989732665261727,0.22039064610352938,0.9999745717547711,343,283,0.8250728862973761,0.5052192884722667,ok,1293.940280523183,-376.5025501814796,-0.31460346243588805
717,-4.021547346746274,-1.5227566812241093,0.30404804255058565,1.0005206687524386,337,287,0.8516320474777448,0.7518780001107952,ok,1297.9780350983272,-375.0233041021413,-0.6186515049864738
718,-1.0040602216427033,-0.617291484589714,0.08612250260242527,1.0003539310582055,327,303,0.926605504587156,0.6305848773018706,ok,1298.9896122418218,-374.4184095754746,-0.704774007588899
719,-0.23923107806012922,-0.7917374019440331,0.014226174011184157,1.0010333850996478,336,303,0.9017857142857143,0.8994068184264493,ok,1299.238759672568,-373.6297365252824,-0.7190001816000832
720,0.497446373149387,-0.26143088370372425,-0.049149568199050274,1.000589000115121,361,339,0.9390581717451524,0.5531483099691101,ok,1298.7444036396005,-373.3625079456315,-0.6698506134010329
721,0.8688205336220562,-0.15970760530638017,-0.08662169513052079,1.0008793465135435,332,302,0.9096385542168675,0.7478583634278427,ok,1297.8772537960156,-373.1939648128538,-0.583228918270512
722,0.6737263442414587,0.21446939324755476,-0.1421292844442634,1.0002913154862445,339,319,0.9410029498525073,0.550539212359548,ok,1297.201896310702,-373.4032411244516,-0.44109963382624856
723,0.002650007400461618,-0.001310326060774969,-0.00010297069137245813,1.0000035784548043,498,498,1.0,0.0028114400086990798,ok,1297.1992564670713,-373.40191044071184,-0.4409966631348761
724,-5.792554243679206,15.452194999153448,-0.3010874565923222,0.9972784765033875,304,226,0.743421052631579,1.8601733484522551,ok,1302.954061129577,-388.8682040579374,-0.13990920654255393
725,3.9306330409908696,4.425253659993359,0.00035568740063471853,0.9997040051069543,356,299,0.8398876404494382,0.6701600678755162,ok,1299.0126064840983,-393.2838219462798,-0.14026489394318867
726,0.717641322016334,0.21487938839266008,0.05222082726309978,0.9997898058194569,383,359,0.9373368146214099,0.4959745097774608,ok,1298.294247323828,-393.4962892037022,-0.19248572120628843
727,-3.5854404431579496,0.1171537089519461,0.2130961876071463,1.0000354549856563,351,294,0.8376068376068376,0.6596154120017994,ok,1301.8787686430555,-393.6388201650931,-0.4055819088134346
728,-3.6908200050193045,-0.3821654920336641,0.3343384436411877,1.0002585217752986,334,288,0.8622754491017964,0.4915274712730448,ok,1305.574216054241,-393.30434863579205,-0.7399203524546222
729,-3.8650292836073277,-0.7107247713333891,0.4751105240095721,1.0002640917521612,329,278,0.8449848024316109,0.507215776619756,ok,1309.453447011116,-392.6757404534135,-1.215030876464194
730,-0.36691115994563006,-0.18170869280936586,0.1181678518123969,1.0000688140381544,365,331,0.9068493150684932,0.3965853931917736,ok,1309.8244865915578,-392.502617727925,-1.333198728276591
731,0.33066208601394464,-0.38284476917920074,-0.020625391441266273,1.0004071860612025,384,364,0.9479166666666666,0.4311103490112079,ok,1309.502680988044,-392.11229902998434,-1.3125733368353245
732,1.619297981714908,0.005223945980219469,-0.42083960960687644,1.0005003769490146,380,327,0.8605263157894737,0.6885195758905518,ok,1307.883497821786,-392.09232110957805,-0.8917337272284477
733,0.6226248425366521,0.0960319250059456,-0.25005769809551265,1.0004456752274498,356,309,0.8679775280898876,0.46433571212120184,ok,1307.2598365518409,-392.1813741585705,-0.6416760291329351
734,0.7963973886012354,0.3823999065754151,-0.31641932484576324,1.0003238501782126,347,300,0.8645533141210374,0.6173460720103501,ok,1306.4612811992963,-392.5592469388057,-0.3252567042871718
735,3.7478767512677678,-0.5453451311979052,-0.219971906261076,0.9969202472025112,365,304,0.8328767123287671,2.219955031825875,ok,1302.7144128829748,-392.0070157598966,-0.1052847980260958
736,-11.60607115843868,16.00275377696198,-0.2902018536348403,1.0001560646845167,340,304,0.8941176470588236,0.7429006267028779,ok,1314.3720709773004,-407.97222869103575,0.18491705560874452
737,-2.350184142884018,2.561362993004991,0.03202996202167005,1.000018840524794,360,345,0.9583333333333334,0.7806258088640728,ok,1316.729081443002,-410.52731138088575,0.15288709358707447
738,-0.38520949106896296,-0.8233410316412346,0.11217124718076782,1.0000713666710328,383,360,0.9399477806788512,0.5672305123793313,ok,1317.113705749661,-409.7036968174393,0.04071584640630665
739,-0.9172814843200285,-1.4416359248111803,0.334415616121118,1.0001918745765965,379,328,0.8654353562005277,0.6626227925017347,ok,1318.038365016433,-408.2667818228922,-0.2936997697148114
740,-0.5165289656858931,-1.2201669773478443,0.3076120834883428,1.0001475229539587,364,318,0.8736263736263736,0.49903468204768,ok,1318.567670797301,-407.0521028466427,-0.6013118532031543
741,-0.510851706194444,-1.2870186691253593,0.44773317626032216,1.0002629744301244,370,312,0.8432432432432433,0.562504186452341,ok,1319.1019999606417,-405.77465270452274,-1.0490450294634766
742,0.13440098161163405,-0.37033143168685,0.1252911784297743,1.0000711759503118,343,313,0.9125364431486881,0.6039334939922085,ok,1318.9752170020736,-405.4016445617559,-1.1743362078932507
743,0.285414917472508,-0.025219040447723273,-0.05591426270247002,1.000230402864388,367,343,0.9346049046321526,0.4299988725585755,ok,1318.690348707638,-405.3708593389649,-1.1184219451907806
744,1.2086677463953492,0.7508620218478654,-0.4074953580687423,1.0005191140959122,359,314,0.8746518105849582,0.7464267911318538,ok,1317.4724575383325,-406.10666678439986,-0.7109265871220382
745,0.6907036697216427,0.7129691258828643,-0.26791680394170897,1.0002495600174819,372,310,0.8333333333333334,0.532044227175797,ok,1316.7762619072305,-406.81427414520374,-0.4430097831803289
746,0.8872028240589316,1.100291049299699,-0.3213502263476321,1.0003266505111386,366,309,0.8442622950819673,0.7113667281138779,ok,1315.8867247711537,-407.91267886466187,-0.12165955683269657
747,-6.713038522389525,7.303269142227009,-0.40870007514732415,0.9969716032778282,338,268,0.7928994082840237,2.3449853057963845,ok,1322.6362668316708,-415.18222550391,0.28704051831462785
748,-0.031268487614170226,6.179735188663699,-0.11980740200043107,0.9997599697321491,391,333,0.8516624040920716,0.4017909204067301,ok,1322.711415446861,-421.3615828658012,0.40684792031505906
749,5.570658609572774,4.355865648672307,0.0017434355907687696,0.9997249012847836,349,303,0.8681948424068768,0.6817429095631037,ok,1317.17169356384,-425.75672613450945,0.4051044847242903
750,1.6986087443629003,-0.12054004510139293,0.10755521044775074,1.0001898710414776,382,357,0.9345549738219895,0.5978333234152822,ok,1315.4724817372212,-425.645008914805,0.2975492742765395
751,-2.2599635864351058,-0.1526512398191926,0.3430930137663751,1.0000901280495196,358,302,0.8435754189944135,0.6010519120922286,ok,1317.7325659503383,-425.49415414142777,-0.045543739489835894
752,-7.8667565858622766,-1.1072649821007872,0.4886860203284409,1.00035633250694,333,280,0.8408408408408409,0.6977849374174,ok,1325.6093046423491,-424.4602864034773,-0.5342297598182773
753,-2.3981523064023804,-0.2819600861529352,0.14809122841946382,0.9999012994949179,376,343,0.9122340425531915,0.5018409294872976,ok,1328.010644612041,-424.2069046266116,-0.6823209882377411
754,-1.6452094487801787,-0.5585708971699432,0.15291570994290243,1.000258115630204,355,328,0.923943661971831,0.7039119985447437,ok,1329.6638216061094,-423.67237548446496,-0.8352366981806437
755,0.4926562203445428,-0.48110691566694186,-0.09764204120463038,1.0005174238690282,373,358,0.9597855227882037,0.5926764138749478,ok,1329.177399545445,-423.18496642151456,-0.7375946569760135
756,0.7532522438166325,-0.043538524635664544,-0.14938517047180092,1.0003313598222272,386,359,0.9300518134715026,0.5728595604357285,ok,1328.42463396269,-423.1336972947263,-0.5882094865042125
757,0.8406674695499987,-0.059228130180486005,-0.1858471579174247,1.0003786358043185,369,353,0.9566395663956639,0.6475364754777226,ok,1327.5844031512397,-423.06856704634697,-0.40236232858678783
758,0.9356907622443487,0.32725255334412395,-0.25561993304163894,1.0003458811531913,384,327,0.8515625,0.6128595272003532,ok,1326.6478773197725,-423.3934220958921,-0.1467423955451488
759,5.778767829697699,-8.859006174201568,-0.5528132064632221,1.0002166020910785,327,242,0.7400611620795107,1.5273083301312513,ok,1320.8064689550667,-414.5755937724989,0.40607081091807334
760,3.5479350038317534,8.703776931034668,-0.16241094697235325,0.9993188881882864,358,321,0.8966480446927374,0.6867012016013959,ok,1317.3450649852273,-423.314143893326,0.5684817578904267
761,-2.692950848422697,5.848066239581158,-0.007333952113111744,0.9995473004759757,346,301,0.869942196531792,0.5828066547581913,ok,1320.0966512154089,-429.1348514304235,0.5758157100035384
762,-10.356377263585046,5.452060173484369,0.22431021292144138,0.9997525181471161,351,299,0.8518518518518519,0.7033668749514972,ok,1330.4862813745688,-434.5232737706706,0.3515054970820969
763,-7.412955514626901,1.2756550996019769,0.3848458378450713,1.0000517717273414,340,289,0.85,0.6965712908853645,ok,1337.898493332132,-435.80324224338256,-0.03334034076297468
764,-1.23410772285456,0.20632816991019354,0.16457769585390877,0.9999162231237718,355,335,0.9436619718309859,0.6576472822781994,ok,1339.1318809697068,-436.0138321785298,-0.19791803661688356
765,-0.8953731167582646,0.17810451668481164,0.18420943461361813,1.0001089110930064,377,316,0.8381962864721485,0.6164854568919771,ok,1340.0260463347965,-436.1979042756833,-0.3821274712305019
766,0.37663052955440435,0.3366103333361252,0.07638243612541797,1.0003871322058242,370,344,0.9297297297297298,0.5803857880876935,ok,1339.6467341669327,-436.53148987431064,-0.45850990735591995
767,0.7604867939844553,0.162273512801562,-0.021952305279202222,1.000299088687377,406,377,0.9285714285714286,0.4450005434245778,ok,1338.8850330382102,-436.6879643044397,-0.4365576020767178
768,2.0683839322273343,0.6835952393710159,-0.16495110995043236,1.000846254746308,394,367,0.9314720812182741,0.9075191978910102,ok,1336.8134318243685,-437.3617468755983,-0.2716064921262853
769,0.008172470997578785,0.012025175103303809,-0.00019383174387292473,0.9999894149633981,528,525,0.9943181818181818,0.016872940333461588,ok,1336.805202481487,-437.37373320256745,-0.2714126603824124
770,2.564236791393796,1.8659867820722411,-0.6079791229694256,1.0011709426388482,330,275,0.8333333333333334,1.1900502918895695,ok,1334.2519710342394,-439.254750525718,0.3365664625870135
771,3.1739434628370873,-8.002029129444622,-0.27261724251599984,0.9979979020548952,360,270,0.75,1.6447523780798257,ok,1330.9931289064034,-431.2869192474085,0.6091837051030135
772,10.563662156055216,19.773884605408625,-0.31095978324087614,0.9985859516306471,356,294,0.8258426966292135,1.2625784186478384,ok,1320.7483746622713,-451.2278941737412,0.9201434883438896
773,-1.834821130174987,5.738240925786613,0.06509929206928376,0.9997410799068209,380,336,0.8842105263157894,0.49609891899878455,ok,1322.66862200505,-456.93811550436055,0.8550441962746058
774,-6.591900006581909,4.241686390400446,0.4754365503710513,0.9997872842578287,349,286,0.8194842406876791,0.5869541831538694,ok,1329.2884800105955,-461.13603512218367,0.37960764590355467
775,-1.8261155741902257,0.5782015068809869,0.3566826875575451,0.9997415779070289,386,325,0.8419689119170984,0.4848836982609769,ok,1331.114826786282,-461.7135059247346,0.022924958346009876
776,0.5823366789586544,0.21105888930333094,0.5869093784011182,0.9996970262815142,373,320,0.8579088471849866,0.8025870019416501,ok,1330.5304408186764,-461.9188225175385,-0.5639844200551081
777,0.6016563786665756,0.274469019344906,0.18181703629774834,0.9999510512064742,393,364,0.926208651399491,0.6919796886490048,ok,1329.925262832367,-462.18543693098377,-0.7458014563528563
778,-0.4377210913316958,0.5520148923352508,0.27868582146457216,0.9999457243121913,410,394,0.9609756097560975,0.8622675810840508,ok,1330.3530440782145,-462.7451899129836,-1.0244872778174283
779,-0.5807972033226179,0.25355762407900784,0.016767585320985746,1.0001241091966773,445,425,0.9550561797752809,0.45467479372340097,ok,1330.9291376426506,-463.0092601027652,-1.041254863138414
780,-0.9433197629878123,1.468172839705744,-0.5034717942023166,1.0011032321495212,370,311,0.8405405405405405,1.2524374965846663,ok,1331.8586356603253,-464.4862222206382,-0.5377830689360976
781,0.4367963178754053,0.7568941093423973,-0.27179585912139015,1.0004800907310747,410,366,0.8926829268292683,0.551218367854766,ok,1331.418330292536,-465.2410804186876,-0.26598720981470764
782,0.674251847831556,0.5959369967991961,-0.22707895719247065,1.0004038516788551,409,365,0.8924205378973105,0.4963105085817163,ok,1330.7436739130235,-465.8365594091159,-0.03890825262223701
783,3.6907183200842155,-0.7451384503568761,-0.5116153861812296,0.9981225891444805,305,234,0.7672131147540984,1.38957403523326,ok,1327.0469336580497,-465.1218954911359,0.4727071335589923
784,9.375233174837376,7.363452318597638,-0.1790302821628927,0.9992750959829007,340,291,0.8558823529411764,0.7860819303576878,ok,1317.7560642034928,-472.5915120749512,0.651737415721885
785,0.21742310409717902,8.67917822866093,0.0826667644675857,0.9996474564133256,345,288,0.8347826086956521,0.6854863167599057,ok,1317.624853362988,-481.2724216613017,0.5690706512542995
786,-2.3470323089479734,1.854051410776492,0.18132536090507412,0.9997909975117066,362,341,0.9419889502762431,0.4324961441787266,ok,1319.984378998318,-483.1105473559335,0.3877452903492255
787,-3.217871863072787,0.44380821271761306,0.30010689026809373,0.9999008941797534,389,343,0.8817480719794345,0.37986026293062364,ok,1323.2029259364024,-483.5494330633569,0.08763840008113181
788,-2.73954106488668,-1.3442127381520095,0.727085827617343,0.9996420651604774,370,305,0.8243243243243243,0.7574816386879236,ok,1325.9572981151146,-482.23587795117226,-0.639447427536211
789,0.6836448901374297,-0.4986308381323852,0.2576405192064529,0.9999216612164715,398,337,0.8467336683417085,0.5503144963341208,ok,1325.2815438327054,-481.7266047451685,-0.8970879467426639
790,0.36915492240382264,-0.7198013355362036,0.32386055026982435,0.9999187075804793,416,368,0.8846153846153846,0.6428357508737886,ok,1324.927810220365,-480.99910089577986,-1.2209484970124882
791,-0.6963046127673351,0.0651185602428086,0.014398883081463176,1.0000523341574399,491,472,0.9613034623217923,0.3550343019803902,ok,1325.6225490886814,-481.0792160972071,-1.2353473800939512
792,-1.1511948118720738,0.8011063631658999,-0.28822800751141736,1.000903950084431,413,361,0.87409200968523,0.9730253328313876,ok,1326.760344654039,-481.89924179890124,-0.9471193725825336
793,0.08892052329360922,0.7875074392088663,-0.22833123887445791,1.0004508331818758,437,395,0.9038901601830663,0.6062198440935552,ok,1326.6615519333343,-482.6855717707375,-0.7187881337080757
794,0.0007184579442309769,-0.013692306081111383,-0.0020885739168475348,0.9999860515587075,552,551,0.9981884057971014,0.044882832082045195,ok,1326.6610048009989,-482.67187154906617,-0.7166995597912282
795,0.03725678056252946,-0.005355490331567125,0.0015442230446688506,1.0000605937586535,550,547,0.9945454545454545,0.06013443780205452,ok,1326.623818080905,-482.6660494512272,-0.7182437828358971
796,0.6832856200826427,1.1010809610825163,-0.26787763898890293,1.0005033023045158,404,357,0.8836633663366337,0.72849489638711,ok,1325.9318987523814,-483.76172557321115,-0.45036614384699414
797,2.418028241866523,2.5875903749245026,-0.46795957453846504,1.0011928406111512,404,336,0.8316831683168316,1.4618312269073241,ok,1323.5146651785178,-486.3500583138475,0.017593430691470836
798,5.738114051850516,13.234463863285669,-0.190068735932297,0.996458276340729,397,337,0.8488664987405542,2.7811267619897624,ok,1317.824555549245,-499.6052323612721,0.20766216662376782
799,-10.04159241184152,5.838995288486899,0.41992730488083335,0.9996123580229914,455,386,0.8483516483516483,0.8807438246881993,ok,1327.8444472252331,-505.48138883859576,-0.21226513825706544
800,-12.161671891201422,0.8416718020033613,0.6608774833594839,0.9999086764874974,432,371,0.8587962962962963,0.8016147407989574,ok,1339.9918810492418,-506.50829005236903,-0.8731426216165491
801,-1.5941358917209527,-0.2695674809151569,0.32353760612917787,0.9999720876641413,468,420,0.8974358974358975,0.48403488996786503,ok,1341.591299032096,-506.272074083049,-1.196680227745727
802,0.15625637674111204,0.018949212444795194,0.07438514499742742,1.0000827097087814,472,456,0.9661016949152542,0.32542400204805705,ok,1341.4346607638734,-506.2875524826039,-1.2710653727431542
803,0.6788182615212008,0.026966100893218936,0.006717988558208989,1.0001953497352376,505,477,0.9445544554455445,0.39185081156612095,ok,1340.7554099678632,-506.2993744490914,-1.2777833613013634
804,2.8272231695666505,0.5278262254053061,-0.23137993586073774,1.0006559756973514,445,411,0.9235955056179775,0.7116824481115503,ok,1337.9190190345832,-506.7754814206497,-1.046403425440626
805,1.2569299623760344,0.37781847645067046,-0.14979737119952022,1.0003836889872022,464,448,0.9655172413793104,0.54534564086932,ok,1336.6563308320858,-507.1335850854456,-0.8966060542411062
806,3.26876001843857,1.9268155209986162,-0.5569381997609697,1.0010067460662673,446,391,0.8766816143497758,1.1100543617259255,ok,1333.3762055370244,-509.04098859776354,-0.33966785448013714
807,-0.027635900066798058,0.017175218784927893,0.0020700200637693853,1.0000056381681859,580,568,0.9793103448275862,0.0919301544530784,ok,1333.4037385053787,-509.05832834304476,-0.3417378745439065
808,2.3738278467189957,3.1612791338154693,-0.5321633347255667,1.0012177762896626,456,362,0.793859649122807,1.2174557487723487,ok,1331.0404304231954,-512.2274795411485,0.1904254601816598
809,2.2429045423800744,-2.347121228533979,-0.1100223756655072,0.998544453111595,410,374,0.9121951219512195,1.5401428828762211,ok,1328.785248930655,-509.8921518803335,0.30044783584716694
810,-8.35171644086222,16.255142323723476,0.40284613088183663,0.9988504152102036,406,352,0.8669950738916257,1.167730811166359,ok,1337.1079010636383,-526.1621943187051,-0.10239829503466939
811,2.8601656129476396,2.9649120742604964,0.27354096119385424,0.9993550430164612,444,394,0.8873873873873874,0.65345261295705,ok,1334.2283432492334,-529.1082760784473,-0.37593925622852337
812,4.656598413861502,0.9593871930494515,0.4710027296532617,0.9991186168658612,448,399,0.890625,1.0813504176365465,ok,1329.5580724976676,-529.998727470289,-0.8469419858817848
813,-0.40240420570216884,-0.2577521215049501,0.18274543347367014,0.9997376227115861,473,452,0.9556025369978859,0.5747033074938854,ok,1329.9650436487188,-529.7482483631383,-1.029687419355455
814,-0.011087387888665035,0.0009452058293391019,1.4107018766457778e-05,0.9999844406455871,628,628,1.0,0.011116489357599024,ok,1329.976112260122,-529.7493926646124,-1.0297015263742213
815,-9.653730400358427,-0.8255258265936618,0.22855443040475557,0.9995764617565764,414,353,0.8526570048309179,1.0658976718798217,ok,1339.6456425639878,-529.1360516209858,-1.2582559567789766
816,-3.3638915767053277,-0.14743161510989466,-0.35638075853706525,1.0003727513733331,424,375,0.8844339622641509,0.612647365224821,ok,1343.0114379944055,-529.0415860635391,-0.9018751982419114
817,0.16626952628234903,0.23751582694205808,-0.2320174110503857,1.0004090001045733,438,388,0.8858447488584474,0.4396190516736409,ok,1342.8424030437893,-529.2771418082968,-0.6698577871915258
818,1.6698081886211185,0.9689241093858527,-0.3512731857279733,1.0011964885400029,429,365,0.8508158508158508,1.0842890016731108,ok,1341.1672331386005,-530.2367662688463,-0.31858460146355244
819,1.3097638802701113,0.700252955037854,-0.09969593164482678,1.000862926494177,442,430,0.9728506787330317,0.9551001773913363,ok,1339.8548036268064,-530.9320103983953,-0.21888866981872568
820,1.5524241555187928,1.005658722954763,-0.07438942742603963,1.001096969160464,470,456,0.9702127659574468,1.1753739831259296,ok,1338.2998481522343,-531.9337507329086,-0.14449924239268602
821,8.271242517310156,4.011598471672414,-0.1400278932380639,0.9976073524536107,420,328,0.780952380952381,2.249454220806566,ok,1330.02829259591,-535.9447037065455,-0.004471349154622078
822,-3.563479648640623,8.46000303226515,0.07710524456947336,0.9997004596305636,452,401,0.8871681415929203,0.5822512061653461,ok,1333.5797234523548,-544.4097717738504,-0.08157659372409548
823,-13.48765429970399,5.302330111062702,0.3297354746904787,0.9997151279807063,415,362,0.8722891566265061,0.7422726233247233,ok,1347.0289664395937,-549.8087889237785,-0.41131206841457435
824,-3.7137193204687264,0.4575283926794782,0.23213918538864128,0.9997223821004443,454,427,0.9405286343612335,0.5680229985643608,ok,1350.737313481507,-550.3079939298242,-0.6434512538032158
825,-2.6471581267894635,-0.13046548296347282,0.3601420142240441,0.9999549615004008,427,376,0.8805620608899297,0.5383124105485876,ok,1353.3863506481719,-550.223913729418,-1.0035932680272601
826,-0.3592075246706372,-0.04521432544754589,0.09061114925283123,0.9999708983058259,442,422,0.9547511312217195,0.4248080174441434,ok,1353.7463560976707,-550.1855671867196,-1.0942044172800913
827,0.6995923941763067,-0.16791178806772677,-0.0660689189433673,1.0001557772843506,445,424,0.952808988764045,0.464520882234513,ok,1353.0498892408652,-550.0051293749027,-1.028135498336724
828,0.9381345466567836,0.03073649339421536,-0.13895801327398907,1.0002057296662197,447,426,0.9530201342281879,0.4421069831215971,ok,1352.1113906801002,-550.0213037712969,-0.8891774850627349
829,3.1214754654406534,0.8175659341890196,-0.5267115474276568,1.0006410212866004,400,352,0.88,0.8613762881563208,ok,1348.9848056061421,-550.8191063241853,-0.36246593763507784
830,1.5260147404826512,0.7552118268124559,-0.29014622500814935,1.000440609645862,462,415,0.8982683982683982,0.5869443811544206,ok,1347.4578388402483,-551.572391388011,-0.07231971262692838
831,1.2466638320968286,0.7006990524622552,-0.2157243514096875,1.0003819289181146,452,413,0.9137168141592921,0.5284945059873775,ok,1346.212932678957,-552.2762084963273,0.14340463878275914
832,2.57649409217629,2.7478463001674527,-0.27700861483141254,1.0009217309365734,443,382,0.8623024830699775,1.2197866112278426,ok,1343.6566703497924,-555.0428859261804,0.4204132536141717
833,3.7450729301981482,-5.394029988452758,-0.014382472761346587,1.0002599733754747,411,332,0.8077858880778589,0.9473431523027103,ok,1339.8707724182436,-549.6774309016065,0.43479572637551833
834,3.117756501663962,8.727296735317395,0.1346257860816946,0.9988233803774526,456,408,0.8947368421052632,1.1453749085547307,ok,1336.7987803974604,-558.4209415771986,0.30016994029382377
835,-2.3917487787293794,7.801820118551063,0.18600143785365786,0.9991113328892425,408,369,0.9044117647058824,0.8011770102924836,ok,1339.2060704513622,-566.2179803727391,0.11416850244016585
836,-13.224214160921065,6.9898181410948155,0.5925882712511352,0.9976878627554312,397,338,0.8513853904282116,1.7682553333166542,ok,1352.371459297847,-573.3179757488177,-0.47841976881096926
837,-2.2355075335810852,0.36860434595132574,0.05042920460837139,0.9994042016795713,409,386,0.9437652811735942,0.6905317310751155,ok,1354.60346937696,-573.7071981830243,-0.5288489734193408
838,-1.8245140277733753,0.16285000352263523,0.024860378409797792,0.9993189799575593,403,379,0.9404466501240695,0.8368231336827922,ok,1356.426324439878,-573.8876725046944,-0.5537093518291385
839,-0.4993465394211398,-0.1666785468952412,-0.02606542326227769,0.9997554109847075,467,455,0.974304068522484,0.45788901017723277,ok,1356.9271847468501,-573.725599504701,-0.5276439285668608
840,0.07793678176790308,-0.1327165498425984,-0.04652060401024213,0.9999857651051925,447,422,0.9440715883668904,0.37292300434735554,ok,1356.8503651453073,-573.5922331919634,-0.48112332455661866
841,1.0651754973655443,-0.07835387292243468,-0.11654949247755746,1.0005154876329976,417,386,0.9256594724220624,0.6635048265387083,ok,1355.785709774657,-573.5071032246437,-0.36457383207906124
842,1.927938473004815,0.2529953623251231,-0.1614575403457282,1.0010252759048377,426,400,0.9389671361502347,0.9836631315770243,ok,1353.856886537355,-573.7532623770089,-0.20311629173333304
843,1.4467426124901976,0.2854044290982074,-0.08957343942700155,1.0009103674804931,412,393,0.9538834951456311,0.8883070757489548,ok,1352.4095811810103,-574.0357992426369,-0.11354285230633152
844,2.44959777036388,0.8909285586530586,-0.0615648459511338,1.0017846306416136,395,376,0.9518987341772152,1.7042344673541125,ok,1349.9591761796357,-574.924505190874,-0.051978006355197705
845,4.284797576483925,-4.141417676710603,-0.011359760651169473,0.9981818110598314,400,346,0.865,1.6386703534717788,ok,1345.6773156222278,-570.7800509672967,-0.04061824570402824
846,-2.059823026275126,12.815767983715432,0.08248881771091061,0.999503077930514,424,370,0.8726415094339622,0.6150422066164618,ok,1347.7095976536177,-583.6002151494312,-0.12310706341493886
847,7.345233704580551,14.207686807911386,0.16898838732286317,0.9992901738333918,358,312,0.8715083798882681,0.9442064277868093,ok,1340.2920285375953,-597.7702712896037,-0.292095450737802
848,3.239448785756622,1.9832262750007885,0.11755311273234034,0.9997509869536712,433,390,0.9006928406466512,0.4318008543379425,ok,1337.0384831650351,-599.7302859329377,-0.40964856347014234
849,2.0271344259413127,1.0867322086371587,0.14211973486979418,0.9999804105718478,397,381,0.9596977329974811,0.5522043726927127,ok,1335.0009774788632,-600.7974463955411,-0.5517682983399366
850,-2.221853798954271,-0.262321310344646,0.28036230124482847,0.9997147285249753,407,363,0.8918918918918919,0.8196775515848953,ok,1337.2264066227772,-600.5674205291534,-0.832130599584765
851,0.001718997144507739,-0.0007019449323024674,0.00010863023613975981,1.0000074964829968,630,630,1.0,0.002971512915536773,ok,1337.224698002583,-600.566693690173,-0.8322392298209046
852,-4.162051756397659,-0.6775437236743755,-0.062051650504137496,1.0000360483522515,414,364,0.8792270531400966,0.596395784668439,ok,1341.3954812101563,-599.9451570815582,-0.7701875793167672
853,-2.8972019909956543,-0.6395367248832144,-0.31716419566711,1.0005245344512206,420,372,0.8857142857142857,0.6947419871172842,ok,1344.297649243962,-599.3285475595277,-0.45302338364965716
854,-0.43334246221434114,-0.21028121735548666,-0.09674462961367088,1.0003668092897686,435,418,0.960919540229885,0.5455411089659173,ok,1344.7322908983763,-599.1209650164784,-0.3562787540359863
855,0.12326386064592043,0.008149570585601396,-0.04841717454050202,1.0004068886168618,434,409,0.9423963133640553,0.5673342542829137,ok,1344.6089850280703,-599.1284521514526,-0.3078615794954843
856,1.9395661570656557,0.4658331133540514,-0.0479010411228032,1.001207442443885,466,441,0.9463519313304721,1.1628821889071168,ok,1342.667325279289,-599.5854803640316,-0.2599605383726812
857,0.013141697708078937,-0.006422051688787178,5.5371873816875685e-05,1.0000132571015237,663,663,1.0,0.015002560102448746,ok,1342.6542128609344,-599.5789987398955,-0.2600159102464981
858,5.490772683858722,-3.848987480538085,0.08901848212117944,0.998180929386552,402,320,0.7960199004975125,1.8842056933545899,ok,1337.1869891725096,-595.6966341985524,-0.3490343923676775
859,6.104466977325501,9.754181258180665,0.07615136190019665,0.9990795016071148,446,403,0.9035874439461884,0.9435666685421943,ok,1331.0103062248693,-605.4052467080221,-0.4251857542678741
860,2.077213695826231,7.000741896272871,0.11285587339204699,0.9993411964015303,436,395,0.9059633027522935,0.7574370752054084,ok,1328.8674439301296,-612.3861739402844,-0.538041627659921
861,-0.10002868016385946,3.575631063664332,0.1230707468873494,0.9995758915710455,470,446,0.948936170212766,0.6089208751991133,ok,1328.926209134531,-615.9627211426919,-0.6611123745472702
862,-3.6785511000978204,0.9360339732743341,0.16426483521137025,0.999475832015977,450,400,0.8888888888888888,0.8313122971203133,ok,1332.590894937283,-616.951647713405,-0.8253772097586404
863,-1.6908723213059602,0.08741059234807835,0.023168057673714104,0.9998808067986314,463,439,0.9481641468682506,0.4087281823566356,ok,1334.280287334017,-617.0640894693136,-0.8485452674323545
864,-2.838362426919957,-0.38732340999354165,-0.05370075918794775,1.00002191594762,471,435,0.9235668789808917,0.4946031871332515,ok,1337.1237496743495,-616.7161776851071,-0.7948445082444068
865,-1.066681108097555,-0.3085597076423028,-0.11843532359944423,1.0004825297812168,427,407,0.9531615925058547,0.7136229287129269,ok,1338.193999088679,-616.4202319625836,-0.6764091846449626
866,-0.011655616670168456,-0.0373652339766295,-0.04074571585610068,1.0002964656702766,481,463,0.9625779625779626,0.4376765460328399,ok,1338.2060685251463,-616.3829983378145,-0.6356634687888618
867,0.7005688958092833,0.014896603827310173,-0.0639127641116675,1.0009138511871947,463,438,0.9460043196544277,0.9167253995333177,ok,1337.5053858603203,-616.3909033863964,-0.5717507046771944
868,1.0479802142865537,0.18320641740797328,-0.0027973606207092874,1.0007144412501614,494,477,0.9655870445344129,0.7263666373847851,ok,1336.4556380849149,-616.5636943842718,-0.5689533440564851
869,0.9753279292060597,0.2766042011319314,0.015093410804349535,1.0005844417449583,487,461,0.946611909650924,0.6667584012772947,ok,1335.4775413007283,-616.8303423438313,-0.5840467548608347
870,2.3204205906852167,1.4618285719698179,0.1690268240170193,1.0002383410993643,440,413,0.9386363636363636,0.6555691363745544,ok,1333.138107982302,-618.2615468156454,-0.7530735788778536
