frame,step_center_dx,step_center_dy_down,step_rotation_deg,ransac_scale_diagnostic,good_matches,inliers,inlier_ratio,median_reprojection_error_px,status,center_x_in_reference,center_y_in_reference,rotation_to_reference_deg
325,0.0,0.0,0.0,nan,0,0,0.0,nan,reference,1280.0,720.0,0.0
326,0.1605461762142113,-0.0632776914067108,-0.0007694915660382283,1.0000252563486813,576,569,0.9878472222222222,0.14222211655423783,ok,1279.8394529739705,720.06327553524,0.0007694915660382283
327,0.05283648935005658,-0.030796732028420593,-0.0005403781577135616,1.0000235371286101,627,619,0.9872408293460925,0.10410793508766925,ok,1279.786615780574,720.094071059337,0.0013098697237517898
328,0.12769483170450258,-0.1616788120009005,-0.0011751221300863315,0.9999699614432178,554,539,0.9729241877256317,0.16453003844569955,ok,1279.658913936771,720.2557443328961,0.0024849918538381215
329,0.1632265426228514,-0.07944013262840599,-0.0011244870966301127,1.0000117632622476,565,548,0.9699115044247788,0.1565946656052195,ok,1279.4956823899588,720.335174182537,0.003609478950468234
330,0.01801872625901524,-0.013335362491375236,-0.0006133091505967443,1.0000065197820518,617,609,0.9870340356564019,0.06871351947833712,ok,1279.4776626809116,720.3485082169839,0.004222788101064978
331,0.1990414796496225,-0.16259638848509894,-0.0008502322468448525,0.9999643213324347,535,524,0.9794392523364486,0.1627480478165281,ok,1279.2786068056103,720.5110869815182,0.005073020347909831
332,0.07582563751043381,-0.05347030078314674,-0.00017707830312643322,1.0000057811095227,574,564,0.9825783972125436,0.10232015296654594,ok,1279.2027762688538,720.5645503340595,0.005250098651036264
333,0.1009168116793262,-0.025180166351447042,-0.0015682329391039555,0.9999889269631403,568,560,0.9859154929577465,0.12946918033337976,ok,1279.1018564613905,720.5897184908964,0.006818331590140218
334,0.1390375245116502,-0.1771949232308998,0.0007446456040842955,1.0000151661226313,549,531,0.9672131147540983,0.1633751941809048,ok,1278.9628001539672,720.7668986743452,0.006073685986055924
335,0.09514438508085732,-0.027874573544750092,-0.0004212189390845282,1.000008185529434,575,569,0.9895652173913043,0.1152699066488556,ok,1278.8676526097065,720.7947624623836,0.006494904925140452
336,0.08352794482811987,-0.04397924898148631,-0.001759534991983371,1.000006615115844,579,564,0.9740932642487047,0.12280842466637308,ok,1278.78411832978,720.8387296772753,0.008254439917123824
337,0.11402005811191884,-0.12113707850369337,0.0002453854519490674,0.9999766571744518,550,534,0.9709090909090909,0.1616054415219578,ok,1278.670081339712,720.9598508163734,0.008009054465174756
338,0.06597439836832564,-0.03260576899390344,2.5535332554194745e-05,1.0000144842816405,569,562,0.9876977152899824,0.11168809840027277,ok,1278.6041023987389,720.9924473922644,0.007983519132620562
339,7.842129871251927,6.313739952859578,-0.39672078559735113,0.9996274420753677,420,365,0.8690476190476191,0.5412980595941049,ok,1270.8067643989375,714.6234731242392,0.40470430472997154
340,4.240145535203737,9.09777857964059,-0.17195455119757155,0.9996118614612887,499,433,0.8677354709418837,0.45679808969112523,ok,1266.6583975342753,705.483480695356,0.5766588559275431
341,1.5246729125426555,3.3977235968869763,0.05076865703935557,0.999995055227447,484,467,0.9648760330578512,0.40877655663001866,ok,1265.1649744651631,702.0719061808936,0.5258901988881876
342,0.0035875123924142827,0.2296503943589414,0.10210291347208118,1.0000016975917627,532,502,0.943609022556391,0.26525927050980624,ok,1265.1630856407585,701.8422355336252,0.4237872854161064
343,0.11705338583465164,0.637667402914758,0.280377319303641,0.9999291398000115,528,474,0.8977272727272727,0.2291293394298309,ok,1265.0476286861824,701.2042771466472,0.14340996611246562
344,-0.07411296161262726,0.41517106446519847,0.5713785424415129,1.000003458526466,502,450,0.896414342629482,0.25796060415607536,ok,1265.1186385051835,700.7885640852052,-0.4279685763290466
345,-0.1970273668500795,0.3664210901633851,0.5838294669053246,0.9999783153300652,496,443,0.8931451612903226,0.22933206708209766,ok,1265.3091647819224,700.4187209610614,-1.0117980432343705
346,-0.20741222299216133,0.5221010558943817,0.3218499628977449,0.9999823470113905,500,455,0.91,0.2387390214381352,ok,1265.5043692063819,699.8919339305793,-1.3336480061321148
347,-0.3281287537834032,0.2603888260105123,-0.03186791790245797,0.999961458426108,500,474,0.948,0.3204602754917285,ok,1265.8264976555067,699.6241577515884,-1.3017800882296569
348,-0.25334127704104503,0.48424543070359505,-0.3773836163967261,1.00004913578809,486,440,0.9053497942386831,0.26871484108479626,ok,1266.0719935995064,699.1358881730871,-0.9243964718329315
349,-0.15161841825602096,0.2626991070206941,-0.2774325489315282,1.00004867668038,530,484,0.9132075471698113,0.22600307914264472,ok,1266.2206361085925,698.8714938273146,-0.6469639229014039
350,-0.13665875601532207,1.0937013503843218,-0.9128331997687436,0.9999986457435054,463,413,0.8920086393088553,0.333487173556659,ok,1266.3623684712065,697.7784383864442,0.2658692768673384
351,-0.13005200763791436,0.4351504611697692,-0.25772479518616964,0.9999556595774387,488,449,0.9200819672131147,0.2155671567014126,ok,1266.49639158974,697.3444945510859,0.5235940720535078
352,10.096307415753017,3.224200053665527,-0.45569258167648313,0.9997152551752286,265,213,0.8037735849056604,0.8469688976115036,ok,1256.456663472725,693.9482099994226,0.9792866537299904
353,-1.9916066840005442,9.027514134084868,0.13128746894071325,0.9994326509453167,418,354,0.84688995215311,0.6662592102701503,ok,1258.5816577709718,684.9511600463946,0.8479991847892773
354,-2.4590131136742457,2.6066300924758252,0.18797526031533476,0.9996551315048867,407,375,0.9213759213759214,0.3978652984129558,ok,1261.070534377209,682.3730291010879,0.6600239244739428
355,-5.059319625773014,2.456096859031504,0.5318244129750799,0.9997790287853691,443,386,0.871331828442438,0.48235728915160453,ok,1266.1353368593593,679.9282586264874,0.12819951149886327
356,-1.5489864589069384,0.9823622965197956,0.4805370128598892,0.9998612641714859,463,403,0.8704103671706264,0.3811518010183148,ok,1267.678253081096,678.9363895503476,-0.35233750136102543
357,2.449097034759234,0.9978803757715013,0.2549034594501226,1.0000434206357731,488,436,0.8934426229508197,0.2953145870199416,ok,1265.2187179009936,677.9645211292864,-0.6072409608111478
358,3.5545245986450027,0.5722641412386338,0.14644517106581986,1.0001079110383626,449,389,0.8663697104677061,0.3635982747490404,ok,1261.656973308098,677.4390624489918,-0.7536861318769675
359,1.3665664685536285,0.5631667489330994,-0.008248942902991874,1.0001186633375685,462,443,0.9588744588744589,0.38717384790979864,ok,1260.2831957160158,676.8937223463297,-0.7454371889739757
360,-0.04255169481893972,0.4241561556441411,-0.14208861752430585,0.9999167745235812,484,452,0.9338842975206612,0.40895260807711836,ok,1260.3212785920452,676.4691416288492,-0.6033485714496699
361,-0.7125255471746641,0.4291320126382061,-0.2676154609325145,1.0000884169773872,451,391,0.8669623059866962,0.2826843887628817,ok,1261.031277358573,676.0358418582782,-0.33573311051715565
362,-0.717171221991066,0.48492843450299006,-0.3945670060262595,0.9999799220658642,428,382,0.8925233644859814,0.3541507672337354,ok,1261.7489461488096,675.5516501031215,0.05883389550910348
363,-0.4033567918006611,0.5484626625764122,-0.3641816250997034,1.000006626944043,460,419,0.9108695652173913,0.29507069414797205,ok,1262.1563412179162,675.0061803501566,0.4230155206088067
364,-0.16319739902746733,0.5271737177014302,-0.17385208474380562,0.9999165589141614,483,462,0.9565217391304348,0.4295451343357387,ok,1262.3250213919453,674.4807352830239,0.5968676053526122
365,-0.09711026198010586,0.32791339785967466,-0.001966007161000822,1.0000664876776726,446,405,0.9080717488789237,0.377625578142852,ok,1262.4255535132343,674.1538547359323,0.598833612513613
366,11.84279360575374,6.930161600320275,0.22769947029122592,0.9995779943887926,485,435,0.8969072164948454,0.7008287060153762,ok,1250.6278982537901,667.1471272134478,0.37113414222238716
367,-1.2354613674408483,9.500904719237269,0.4276607836887508,0.99979157597424,506,463,0.9150197628458498,0.6107641118335072,ok,1251.853985656838,657.6450082416313,-0.05652664146636351
368,-4.68337505712384,4.687627428144879,0.47172589940204723,0.9996669286778008,412,387,0.9393203883495146,0.6489878122109847,ok,1256.4939435407202,652.9144011276783,-0.5282525408684107
369,-3.7390401825819026,1.6545121279320938,0.4623952250954814,0.9998926328115804,426,377,0.8849765258215962,0.32911422835184617,ok,1260.2038196536537,651.1954912710775,-0.990647765963892
370,1.2740856820037152,1.1459325717446518,0.2416497727127419,1.0000317068521578,508,461,0.90748031496063,0.3309429746048823,ok,1258.905384227016,650.0772242068552,-1.232297538676634
371,4.420953678032674,0.8709988636675234,-0.0060601765895993195,1.0003246782582922,485,469,0.9670103092783505,0.48124938676227286,ok,1254.4668034085275,649.3010343064029,-1.2262373620870346
372,4.168668680973724,0.524599499636679,-0.24307423177495824,1.0001359828932577,523,498,0.9521988527724665,0.5521712817194435,ok,1250.2897470481637,648.8480405215738,-0.9831631303120765
373,1.4699719842592458,0.5681802179838087,-0.4399632206641985,0.9999106269448115,514,474,0.9221789883268483,0.27285516370022056,ok,1248.8144545016557,648.2938218852635,-0.5431999096478785
374,0.10845165286605152,0.4859841765717192,-0.4017508383360227,1.0000269190586872,497,455,0.9154929577464789,0.32586489335759833,ok,1248.7048034060836,647.8081069296287,-0.14144907131185608
375,-0.44830535058349597,0.43053641371398044,-0.2807237318564391,1.0000309290868725,503,464,0.9224652087475149,0.2503058570741186,ok,1249.1541539796779,647.3786615280865,0.13927466054458273
376,-0.48460600078988136,0.44580683096455687,-0.13430692993473847,0.9998970537864572,458,438,0.9563318777292577,0.48830848388967835,ok,1249.6408831307883,646.9351737154064,0.27358159047932107
377,-0.0990791053322937,0.5386456171785312,0.026964328897366965,1.0000095621902603,528,515,0.9753787878787878,0.22954568861362812,ok,1249.7422797944355,646.3969595511368,0.24661726158195413
378,-0.07130228056439591,0.3483266119490054,0.07479057721422717,0.9999785509027024,542,527,0.9723247232472325,0.22210088526551308,ok,1249.8146263638928,646.0488483365899,0.171826684367727
379,1.2977074955510943,-0.5041295906437426,0.3286488049521734,1.0000028743498512,467,427,0.9143468950749465,0.3268427755188871,ok,1248.5183035616292,646.5565279407735,-0.156822120584446
380,9.137490444024024,11.701630936146898,0.31735876509852184,0.9994709866967493,518,454,0.8764478764478765,0.646681081390821,ok,1239.2842842411505,634.930918908579,-0.47418088568296746
381,-7.678525895308212,6.837818528103071,0.20528147810900135,0.9995823661023667,505,446,0.8831683168316832,0.5462308683992579,ok,1246.8811834173123,628.002524790501,-0.6794623637919687
382,-4.6480559807189366,1.1487917162395433,0.05219982680089205,0.9996777277279958,528,505,0.9564393939393939,0.4673716293154394,ok,1251.5141908492978,626.7944730770521,-0.7316621905928606
383,-0.7728221442710037,0.26348237662045904,-0.006754963779907945,0.9998894243278271,536,521,0.9720149253731343,0.2673659304083045,ok,1252.2836176453948,626.521234289702,-0.7249072268129527
384,1.9569836237274103,0.5904749754896557,-0.07223118367568652,1.0000899040926667,542,514,0.948339483394834,0.2980523353466069,ok,1250.3200348328717,625.953089819888,-0.6526760431372663
385,3.9201265559834155,0.4159324308252508,-0.13343206168906843,1.0002521171594296,505,482,0.9544554455445544,0.4607635523401312,ok,1246.396299911077,625.5727001966977,-0.519243981448198
386,2.4308939783547885,0.4166700190703523,-0.16608583240579597,1.0001544284392299,488,470,0.9631147540983607,0.44613429915467223,ok,1243.9628838670142,625.1710214752178,-0.3531581490424022
387,-0.0008355796153409756,0.4533967601611266,-0.16149986709319653,0.999971209841209,511,489,0.9569471624266145,0.3964630669903245,ok,1243.9622028017627,624.7176244566259,-0.19165828194920587
388,-0.7822349586110704,0.8395154669940439,-0.0900826491410823,0.9999356523741538,496,468,0.9435483870967742,0.34689522316887295,ok,1244.7429482143407,623.8767235406232,-0.10157563280812368
389,-0.8651351095343216,0.7271826638238963,0.02166257159753423,0.9999037353045417,487,466,0.9568788501026694,0.288544631291326,ok,1245.6065172176095,623.1476817304995,-0.12323820440565786
390,-0.3506635655867285,0.48786905491033394,0.04413592276239131,0.9999785570481984,572,547,0.9562937062937062,0.17588823784811058,ok,1245.955754111491,622.6587903898919,-0.1673741271680491
391,-0.33807039565772357,1.1352822927661919,0.16464342591608472,1.0000288703057958,503,479,0.952286282306163,0.30348522025698077,ok,1246.2872401345967,621.5215681191048,-0.3320175530841335
392,-0.29821564674966794,1.1207522965596581,0.20664705274366446,1.0000789560292036,473,459,0.9704016913319239,0.3896461355319857,ok,1246.5749060372293,620.3980617280804,-0.5386646058277975
393,7.018471340744554,3.7060952212593747,0.2350833241674443,0.9996445687393046,289,241,0.8339100346020761,0.7434853279463485,ok,1239.5070274140326,616.7870821493992,-0.7737479299952414
394,-2.2472901768962856,7.6844150127506055,0.12712571617687626,0.9994007724274934,447,371,0.8299776286353467,0.5936362888488566,ok,1241.633221107349,609.0682838228548,-0.9008736461721175
395,-5.97586070896341,3.4477536066652874,-0.005158602161991053,0.9989708854727043,443,382,0.8623024830699775,0.5682190458163149,ok,1247.5544544464867,605.5275336355786,-0.8957150440101265
396,-4.6538460572012355,0.9698002241955237,-0.14133597927116925,0.9998510333918095,469,416,0.8869936034115139,0.3812282313068123,ok,1252.1951287206973,604.4965448482219,-0.7543790647389574
397,-0.8918310426204243,0.26688683273926017,-0.2561948645213421,0.9999304915966353,438,382,0.8721461187214612,0.3584608793852153,ok,1253.0846055116724,604.2219137713437,-0.49818420021761595
398,0.4989793028780696,-0.018577114569325204,-0.20181353155385937,0.9999406409023285,449,417,0.9287305122494433,0.5209770760752249,ok,1252.5857289765568,604.2430716681613,-0.2963706686637569
399,0.904705659935189,0.04870204625945007,-0.12919329000059193,1.000022544025153,466,444,0.9527896995708155,0.37437189207460325,ok,1251.68088506532,604.1970095717468,-0.1671773786631652
400,1.1475420734245745,0.20064355408442225,-0.07467155097676585,1.0000904431094118,438,409,0.9337899543378996,0.3605247448092277,ok,1250.533020542399,603.9982190209289,-0.09250582768639946
401,1.0832720788027927,0.2314831847043024,0.0018553729232920417,1.0001782509492354,408,386,0.946078431372549,0.3855025687037575,ok,1249.4493687000472,603.7685202049058,-0.0943612006096915
402,0.9928624603207936,0.4750468334011657,0.06743857958786073,1.0001420931344425,409,395,0.9657701711491442,0.38711605014811795,ok,1248.4551686971336,603.2962790448559,-0.16179978019755215
403,0.46497100986812256,0.5978114912227284,0.12663123144365435,1.0001047122939046,417,399,0.9568345323741008,0.4658478649019987,ok,1247.987194166198,602.7008158155531,-0.28843101164120627
404,-0.13796940921292844,0.8052331072937022,0.12732551458718028,1.000063751382018,420,394,0.9380952380952381,0.4095654109444335,ok,1248.1193169650521,601.8946027661776,-0.4157565262283864
405,-0.08855051352861665,0.4575604547715102,0.05346621285322887,0.9999873609822925,450,432,0.96,0.23364836117875049,ok,1248.2041173680661,601.4363324803575,-0.4692227390816151
406,-2.8800274064203677,5.75102539273621,0.09134747507561883,0.9996717817706464,268,216,0.8059701492537313,0.6060464532865699,ok,1251.027740972499,595.6574051862899,-0.5605702141572338
407,0.7202379792895499,5.1584096487484885,-0.005897145060158102,0.9997570024167913,430,367,0.8534883720930233,0.41912750815703326,ok,1250.2575996229887,590.5062096791395,-0.5546730690970758
408,4.4836291370879735,5.672770658080481,-0.08133737996132356,0.9996292731787576,381,317,0.8320209973753281,0.4922833584119016,ok,1245.7272597498848,584.8706726317687,-0.47333568913575247
409,5.314804356206423,1.7371318421253363,-0.1445169737834966,0.9999269786388872,370,316,0.8540540540540541,0.45361529256143385,ok,1240.402573625562,583.1640707276564,-0.32881871535225615
410,2.615841502350804,0.4552897201303949,-0.25345274058415856,0.9999921570824064,368,312,0.8478260869565217,0.3882408972369308,ok,1237.7861355053983,582.7122222375277,-0.07536597476809831
411,-0.15311149238050348,0.058593139799313576,-0.3494761960495314,0.9999663139760295,393,350,0.8905852417302799,0.2784506954554639,ok,1237.939525561472,582.6543622701213,0.27411022128143225
412,-0.8023923141413434,0.012089748207699813,-0.18833267586682206,1.0000227457451794,395,348,0.8810126582278481,0.4031846880189851,ok,1238.7419893175663,582.6487490750368,0.4624428971482538
413,-1.1518237682662402,0.013664482177773607,0.002884091996040921,0.999983206102625,385,364,0.9454545454545454,0.3312616581741436,ok,1239.893885634725,582.6443234978419,0.45955880515221287
414,-1.2929088457094622,0.08780941701627398,0.1719912703710901,0.9998493973055828,413,392,0.9491525423728814,0.4306431477227312,ok,1241.1872189096864,582.5630042694445,0.2875675347811234
415,-1.290958766988524,-0.1217503385191776,0.32860988681785347,0.9999218750149549,387,342,0.8837209302325582,0.3866306594204383,ok,1242.47826455817,582.6838298318319,-0.0410423520367292
416,-1.01484516954406,0.06773716526731732,0.2967755818376253,1.0001000689963078,401,353,0.8802992518703242,0.3628021255401419,ok,1243.492692709718,582.6101103157497,-0.3378179338743536
417,-0.4852473814730729,0.25136169658935614,0.1800382217421499,1.0000678010412987,413,396,0.9588377723970944,0.46707141394094304,ok,1243.9756484209831,582.3543731368037,-0.517856155616503
418,-0.182668014561159,0.379173494241968,0.09574920034669526,0.9999896952118869,393,381,0.9694656488549618,0.3748598008130327,ok,1244.1542453045652,581.9732651528223,-0.6136053559631979
419,2.032130949035718,-4.321062669678895,-0.03537617463678437,1.000113846396139,385,338,0.8779220779220779,0.46445211016770077,ok,1242.1658252768084,586.3146157010431,-0.5782291813264137
420,-8.541333304728596,10.694652677899512,-0.11898862302122688,0.9995251896446199,353,287,0.8130311614730878,0.6292198444984161,ok,1250.6211647147768,575.551846284573,-0.45924055830518723
421,-1.0956932310391494,3.1382691670592067,-0.08855436489225603,0.9997988381321603,419,362,0.863961813842482,0.3903583218679981,ok,1251.6965315133707,572.4065540453778,-0.3706861934129317
422,-0.5024820809255743,4.1230733596523805,-0.26183052438104965,0.9998118409082758,399,347,0.8696741854636592,0.3215855443293523,ok,1252.191179306973,568.2825334669844,-0.10885566903188304
423,1.329208924594468,1.5313331244158235,-0.3945452985304943,0.9998301527123565,407,354,0.8697788697788698,0.35609515292503824,ok,1250.8696224453988,566.7445916719928,0.28568962949860965
424,1.2552134616942112,1.0771896624999044,-0.21559155181160553,0.9999754956320076,444,393,0.8851351351351351,0.2835825021563737,ok,1249.6238812433999,565.656461504661,0.5012811813102143
425,1.0462548148129827,0.8712009668342944,-0.014399318370010973,0.9999916193186636,434,418,0.9631336405529954,0.2892037669784235,ok,1248.5855097885544,564.775879320027,0.5156804996802251
426,0.9569893435009362,1.0839290239737238,0.16744784084549785,1.000068360859351,426,408,0.9577464788732394,0.4040348846119405,ok,1247.6351259907283,563.6861539558107,0.34823265883472804
427,0.8975190619783007,0.7626260872120838,0.3598825561256375,1.000008356385994,385,348,0.9038961038961039,0.3313301349990939,ok,1246.7374518832546,562.9237103760738,-0.011649897290908163
428,0.7784434762854744,0.6960435916723782,0.3192492129282285,0.9999962829192528,418,382,0.9138755980861244,0.25813874732654357,ok,1245.9550015654077,562.2321740954774,-0.3308991102191354
429,0.2938655206498879,0.7750121401124943,0.18454451485810383,1.000017325741987,388,379,0.9768041237113402,0.44605366828122617,ok,1245.654175874998,561.4598369504831,-0.5154436250772386
430,0.0987616923848691,0.7422723449026307,0.10085431725062967,1.0000369493383272,424,405,0.9551886792452831,0.30485092817409826,ok,1245.5474358506885,560.718669848474,-0.6162979423278677
431,-0.10959257662625532,0.7009309348918578,-0.01617779472723854,1.0000036118858218,421,407,0.9667458432304038,0.2506636133832049,ok,1245.6496809486955,560.0166295018603,-0.6001201476006293
432,-0.1895358316412512,0.6501038691867507,-0.13044698717392444,0.9999953842008726,423,400,0.9456264775413712,0.3779472556553476,ok,1245.8338813475505,559.3649938020483,-0.4696731604267054
433,-7.609462590226485,4.559117899227999,-0.23371287258930656,0.9996749521846705,197,154,0.7817258883248731,0.8325164741679643,ok,1253.4245037197359,554.7745767257909,-0.2359602878373999
434,2.6111392531349793,8.525967939440761,-0.21317551360607592,0.999534778885582,239,172,0.7196652719665272,0.7297969253456789,ok,1250.8099741571987,546.2496478304712,-0.022784774231324932
435,6.191320130899385,3.390801147512775,-0.14052441656282297,0.9998674943362916,233,175,0.7510729613733905,0.6137518067377321,ok,1244.625635001627,542.8461310324938,0.11773964233149735
436,4.043449168022335,0.5111640910901087,-0.04579922835587228,1.0011183631408582,286,237,0.8286713286713286,0.8014632966976734,ok,1240.5836613140118,542.3234278556996,0.16353887068736941
437,0.7006260026912514,0.07231137508688334,-0.0034752364053934606,1.0000579974291104,362,340,0.9392265193370166,0.33250431116426443,ok,1239.8832490713564,542.2490745037061,0.16701410709276288
438,-1.6419911369971487,0.605286891175183,0.05680838622016057,0.9998191289547783,322,301,0.9347826086956522,0.3727881619075864,ok,1241.5264014109189,541.6469470225232,0.11020572087260257
439,-3.2603859256137184,0.2762725504135233,0.12799604465305345,0.9997214326909039,320,288,0.9,0.5579029749525122,ok,1244.7867013968162,541.3696621365103,-0.01779032378045026
440,-1.6012418557077126,0.6098821017542377,0.216128521478695,1.000011936805563,302,283,0.9370860927152318,0.8527814215054548,ok,1246.3854399770366,540.7532478191679,-0.23391884525914414
441,0.07093112245070188,0.19646967285643768,0.2967345513256872,1.0000112194233035,343,300,0.8746355685131195,0.3851366718645217,ok,1246.3126922896072,540.5574435024172,-0.5306533965848298
442,0.2556493338827295,0.45595078320900484,0.16403692262611114,1.0001319094270202,345,318,0.9217391304347826,0.5702026157710134,ok,1246.0515336459548,540.104625811211,-0.69469031921094
443,0.4712098206819064,0.4366353399966556,0.008507109918204112,1.00010144298874,361,336,0.9307479224376731,0.33551705262775244,ok,1245.5750005746036,539.6738064208054,-0.7031974291291441
444,0.1083562599801553,0.38385886382343415,-0.13747506138274765,0.9999648170349703,372,348,0.9354838709677419,0.4959476807549186,ok,1245.4628595438448,539.2910361298566,-0.5657223677463973
445,-0.31528579115342836,0.7953449861663557,-0.318846736222181,1.0000370528414961,325,277,0.8523076923076923,0.4081393111028091,ok,1245.7747154422557,538.49434002986,-0.24687563152421813
446,1.0878594258958856,-2.3491331264567634,-0.2452748660782397,0.9999291746742666,326,297,0.911042944785276,0.4789016598628282,ok,1244.6869216483396,540.8435035486993,-0.001600765445979808
447,5.489130308584436,13.96812019038498,-0.11868938629217209,0.9993557543119088,339,286,0.8436578171091446,0.7635255225060776,ok,1239.2263477801127,526.8641950455118,0.11708862084619158
448,-4.40694878964905,7.735162946108403,-0.0439527996947174,0.9997029005595204,364,321,0.8818681318681318,0.4478446009600467,ok,1243.6550203794427,519.1414492614413,0.16104142054090875
449,-2.9321255499567087,2.3607077352573924,0.022525452631089685,0.9996448369023164,407,379,0.9312039312039312,0.5235389037190677,ok,1246.5928445072009,516.78783700655,0.13851596790981915
450,-5.917233726220729,4.760501267257268,0.12592214657133027,0.9998722712993271,391,332,0.8491048593350383,0.5523899136131533,ok,1252.5111244660154,512.0286364838386,0.012593821338489535
451,0.21026200028404674,2.4601708461106,0.13442828075255495,1.0000518226625474,405,388,0.9580246913580247,0.34266306791659584,ok,1252.2956316070984,509.56891830311724,-0.12183445941406475
452,0.4521666458394975,1.0134749500216458,0.1064310747033821,1.0000333313170329,416,395,0.9495192307692307,0.3022638754644789,ok,1251.8394308912211,508.55725281652377,-0.22826553411744635
453,1.1941323142223155,1.7978556228116531,0.19967414116401533,1.000016678603301,381,329,0.863517060367454,0.3104706997377896,ok,1250.6319039040711,506.7683661796321,-0.4279396752814607
454,1.293517953365381,1.655351336202898,0.11247172185206036,1.0001839216837718,386,368,0.9533678756476683,0.4203923615863531,ok,1249.3228305140387,505.12528870079666,-0.5404113971335205
455,1.3760225922669633,1.2748079996595152,0.010045735581778808,1.0001126987691504,403,386,0.9578163771712159,0.3589447080447981,ok,1247.9346241638104,503.8637591769206,-0.5504571327152992
456,1.5370896505000928,1.6889550850629576,-0.2039976481814446,0.999909472066719,385,337,0.8753246753246753,0.32198099231212,ok,1246.3873498041198,502.1841294769931,-0.34645948453385556
457,0.2430795946111175,0.34306350737597313,-0.09158972677248015,1.000068852624572,402,386,0.9601990049751243,0.4008094897539932,ok,1246.1427465644697,501.8421506551895,-0.25486975776137577
458,-0.15235398118898047,0.941417762654055,-0.3158468695395221,0.9998721341957542,383,345,0.9007832898172323,0.2907657203194894,ok,1246.296102364332,500.9008955685774,0.06097711177814476
459,-0.25230956794803205,0.914881072600906,-0.359597346097585,0.9999873219443927,407,353,0.8673218673218673,0.244658550056761,ok,1246.555120675876,499.9878911822975,0.42057445787572795
460,1.622910187679281,-3.4345563669548937,-0.21240372455695644,1.0001092193995444,376,359,0.9547872340425532,0.33645521093180825,ok,1244.8943668510433,503.40430913804676,0.6329781824326833
461,-8.653225256101223,9.230856205165537,0.006816556136173432,0.999461117276048,215,164,0.7627906976744186,0.7713520835053648,ok,1253.6479535292035,494.2685697656036,0.6261616262965101
462,2.359138992821954,11.439680759344128,0.16926962397753584,0.999436411669945,311,263,0.8456591639871383,0.6078533350529676,ok,1251.3801116772265,482.8104405117689,0.45689200231897503
463,5.993190254424917,5.622644156832052,0.36839557605549605,0.9998117391313173,311,259,0.8327974276527331,0.5063797447689279,ok,1245.3956130457705,477.17854625937116,0.08849642626348102
464,4.044997949297567,2.9997846310279783,0.2851377789588499,0.9998825476803282,299,245,0.8193979933110368,0.43688392596621745,ok,1241.3403435614623,474.19266185906156,-0.19664135269536737
465,-0.4038315717095884,1.0827507738301847,0.054128835920091455,0.9999520092587446,339,317,0.9351032448377581,0.3009861425073926,ok,1241.7394323342082,473.10815398541206,-0.2507701886154585
466,-5.331714540989424,2.9586674262690167,0.093443594342799,0.9998488978134215,336,285,0.8482142857142857,0.4450121667523695,ok,1247.0532760868991,470.11750899513845,-0.34421378295825705
467,-2.722824094319776,1.4627563045335137,0.006412694397134901,0.999734108581883,346,324,0.9364161849710982,0.6977774732707285,ok,1249.7670977895712,468.6381176266474,-0.35062647735539193
468,-0.4420036669566798,1.1584681764265952,-0.05908257677524524,1.0000756500399486,353,332,0.9405099150141643,0.5248278505287707,ok,1250.203201009234,467.4774153654295,-0.29154390058014706
469,0.01399995767656037,0.505396596678338,-0.0402736526827547,0.999867723384415,376,366,0.973404255319149,0.2912354406678824,ok,1250.1869847799824,466.9720850252977,-0.2512702478973926
470,0.6801062764302515,1.4428843203779707,-0.3913641088890938,0.9999522899292412,321,275,0.8566978193146417,0.40148850046159257,ok,1249.5104085282521,465.52754209245455,0.1400938609916992
471,0.23211608633573633,0.8741530015889794,-0.3050551428156034,1.0000369350231266,372,323,0.8682795698924731,0.3834500207348837,ok,1249.2850909497904,464.6516121086322,0.44514900380730105
472,-0.13317103722943102,0.33477659854020203,-0.07787754690783222,0.9999317822421544,380,361,0.95,0.35537591720434075,ok,1249.4213124160594,464.318065098131,0.5230265507151328
473,-0.2362270965722928,0.7623471900117238,-0.022047904164374958,0.9999658462384201,337,309,0.9169139465875371,0.5623148027900448,ok,1249.6647811845967,463.55799968119595,0.5450744548795077
474,-7.469614008884037,6.531219510649635,0.19127089429550667,0.9998381669114889,310,267,0.8612903225806452,0.6564008071377209,ok,1257.1745830477707,457.0730295414128,0.3538035605840019
475,1.609179628947004,9.154678137062774,0.3664127600456882,0.9996968794683692,324,268,0.8271604938271605,0.554935144408355,ok,1255.5633887690535,447.9187057614898,-0.012609199461684416
476,5.225115236467445,5.829780062366126,0.2673974889565504,0.9998132580498948,311,256,0.8231511254019293,0.5588297133455895,ok,1250.3098456815349,442.11453055414916,-0.2800066884182334
477,1.3604299531557444,1.6133351980447515,0.06687714136135521,1.0000109530173933,378,361,0.955026455026455,0.420034090707004,ok,1248.9396731619129,440.50946127677645,-0.3468838297795882
478,-1.5591513710701292,3.897112302278174,0.12010313720004287,0.9997661887070752,306,295,0.9640522875816994,0.5901989165574556,ok,1250.4670098392555,436.59977075596527,-0.46698696697963055
479,-1.9744711922046463,1.0658279907644328,0.00628392512260551,0.9997522739987669,349,323,0.9255014326647565,0.4140025109561234,ok,1252.4326098896026,435.51766991185707,-0.47327089210223605
480,-4.283069288525439,2.2411094240956118,-0.073355437512565,0.9999444921872431,338,292,0.863905325443787,0.4332383497184049,ok,1256.6999323855136,433.2467201772805,-0.3999154545896714
481,-1.8846463218196732,1.779754714500541,-0.14821997800456566,0.9999680824108774,361,314,0.8698060941828255,0.3144573675194438,ok,1258.57674223705,431.45870357128683,-0.2516954765851066
482,-0.6041843069506285,1.82964861667665,-0.2163796872125974,0.9998769114159297,362,320,0.8839779005524862,0.28112920492883464,ok,1259.1797986763372,429.62868289700293,-0.03531578937251031
483,-0.014158056992528145,0.4700382986364957,-0.12004616346650802,0.9999159497911608,373,358,0.9597855227882037,0.5526700988594475,ok,1259.194651821514,429.1586660496014,0.08473037409399707
484,-0.09211777339328364,1.9223011970148036,-0.21636402858609693,0.9998510762952241,379,336,0.8865435356200527,0.3620518870435358,ok,1259.2968701397263,427.23687548046,0.30109440268009297
485,-0.1459166873983122,0.5284193703533901,-0.013930193600762263,0.9999516486846981,391,372,0.9514066496163683,0.2803492030630177,ok,1259.4456899709971,426.70926637473264,0.31502459628085516
486,-0.43830782019244907,1.174105092737591,0.06677529392713567,0.999968666574654,368,356,0.967391304347826,0.21951456647401585,ok,1259.8890807857429,425.53707138266265,0.24824930235371978
487,0.5793398813950716,-3.8738494912811348,0.21734876947793372,0.9999346824577096,218,168,0.7706422018348624,0.7882112714960037,ok,1259.3076517595382,429.4106078632912,0.03090053287578698
488,-8.68758159783647,13.715272287154448,0.21612134310107298,0.9988459496600752,296,231,0.7804054054054054,0.9651970210314601,ok,1267.9508505013737,415.6673228324484,-0.18522081022528505
489,-2.0832292556406173,7.780515660887772,0.089880115451002,0.9995307585794467,343,286,0.8338192419825073,0.6169885153397903,ok,1269.9966983880208,407.87689444207217,-0.27510092567628663
490,-0.06545778569375216,3.8894534206374374,0.08280881925010944,0.9999330565702007,316,283,0.8955696202531646,0.7868994296209291,ok,1270.037858792412,403.9871080142426,-0.35790974492639566
491,0.5670813083413577,2.5310031979147425,0.015538986227497094,0.9999987698611238,304,276,0.9078947368421053,0.7424275380519607,ok,1269.454292795617,401.45985473736107,-0.37344873115389265
492,0.6725988156154017,2.003657307874164,-0.04138685188981488,1.0000505968276212,337,304,0.9020771513353115,0.5139997851792578,ok,1268.770092998404,399.4601291532724,-0.332061879264078
493,0.2716587742431784,0.9099696303569544,-0.036039080416453234,1.0000081687602032,317,299,0.943217665615142,0.3818057352296544,ok,1268.493736446758,398.5515752065209,-0.29602279884762495
494,0.6971065055772669,2.3290538420460507,-0.1583910534255006,0.9999631032601629,296,248,0.8378378378378378,0.4363006181279676,ok,1267.7910372744054,396.224202620869,-0.13763174542212506
495,0.8223543239073479,2.5462198115237697,-0.37110497240767837,0.9999543981059515,314,254,0.8089171974522293,0.3898965037067228,ok,1266.9790652805555,393.67465296576347,0.23347322698555176
496,0.07315398473315327,0.5684769959245841,-0.04979922233629957,1.0000196733561884,336,319,0.9494047619047619,0.4073673487592978,ok,1266.9087227496966,393.10582124308064,0.2832724493218511
497,-0.060775774841431485,1.963770814815689,0.04530607099650532,0.9999300538693907,317,300,0.9463722397476341,0.5270265076149265,ok,1266.9776540999653,391.1423197847468,0.23796637832534595
498,-0.16402678966278472,0.7082013072486006,0.07131793635674367,1.0000354381128649,334,311,0.9311377245508982,0.32823336996225505,ok,1267.143740041743,390.4345985548408,0.16664844196860257
499,-0.3926673391786153,1.5195988802624925,0.20786108661208627,1.0000511497849354,303,283,0.933993399339934,0.6077107100271957,ok,1267.5353142375186,388.9147176235323,-0.041212644643482746
500,-0.5069060186601746,1.3444930481100528,0.2973742357946339,0.9999434323788463,272,225,0.8272058823529411,0.5921496477468243,ok,1268.0342662291139,387.5672525300128,-0.33858688043811525
501,-4.2220108757715025,5.843523508901171,0.2914819528703645,0.9993862062191897,312,291,0.9326923076923077,0.8105601005620748,ok,1272.1917632035997,381.6776547728348,-0.6300688333084785
502,-2.4166034731192667,11.192210526352369,0.16852978495638055,0.9994919272181323,379,318,0.8390501319261213,0.6097794752336136,ok,1274.4521379992452,370.4528494473205,-0.7985986182648581
503,-0.7258449237015157,6.150261878498441,-0.0014347114000046954,0.9997481734979354,365,306,0.8383561643835616,0.4489551450203044,ok,1275.0923460090132,364.29308437618323,-0.7971639068648534
504,0.4931061545460125,2.755777244432579,-0.16980109411741393,0.9999722054489192,358,319,0.8910614525139665,0.3603285385019692,ok,1274.5690955054042,361.5428715096843,-0.6273628127474403
505,0.4559484300486929,2.1253611259312493,-0.27714897966189067,0.9998998164573778,413,363,0.8789346246973365,0.2747878564411296,ok,1274.1001646492762,359.42033700144793,-0.3502138330855511
506,0.46291242242818953,2.034919799035265,-0.37709863850557457,0.9998383031150738,380,327,0.8605263157894737,0.36434049491549647,ok,1273.6382071198811,357.3852002147973,0.026884805420021533
507,0.2842289636037094,1.4740521573367005,-0.2790079407233621,1.0000101736163693,393,339,0.8625954198473282,0.3077041666207531,ok,1273.361851891697,355.90965162049235,0.3058927461433822
508,0.07377168923540012,0.41783681340723433,-0.07731414441527305,0.9999972796116046,387,370,0.9560723514211886,0.3246660427618108,ok,1273.2908764169595,355.4913307547006,0.3832068905586548
509,0.04997979995937385,0.9897219745637358,-0.020056187037521548,1.0000489676416213,390,364,0.9333333333333333,0.31165204721300543,ok,1273.2478637263666,354.50128152572955,0.4032630775961763
510,-0.29402725807267416,1.7851465813499772,0.24957272330279015,1.0000611624988138,339,302,0.8908554572271387,0.7062224984871335,ok,1273.546678402922,352.71693006526255,0.15369035429338745
511,-0.3985874222746588,0.971977303227959,0.33889181343522673,0.9998953306878169,361,320,0.8864265927977839,0.28069942222685673,ok,1273.9421219530284,351.74366945788944,-0.18520145914183753
512,-0.34835359072690153,0.5096606250875766,0.076787889856528,0.9999658584350174,363,350,0.9641873278236914,0.27788469484110745,ok,1274.2881414477922,351.23242129292413,-0.2619893489983652
513,-0.2952329500292308,0.5556417571593784,0.05031322441295536,0.99994738079023,374,363,0.9705882352941176,0.2631168659142208,ok,1274.5803413860467,350.6751785691796,-0.31230257341132034
514,0.34662632567392393,-3.799523851886761,0.09646725934752341,1.0000110307873438,357,312,0.8739495798319328,0.4768154205604872,ok,1274.2608308968536,354.4770786675517,-0.4087698327588433
515,3.711004417047434,15.751227036270393,-0.01144615867568034,0.9994364555737468,249,203,0.8152610441767069,0.7863835141240422,ok,1270.4406880253214,338.7519645066764,-0.397323674083163
516,-2.115096892897782,4.526282185379841,-0.023227737279177485,0.999896635334197,361,304,0.8421052631578947,0.3894457255012082,ok,1272.526187016539,334.21196899504156,-0.3740959368039857
517,-9.640217304143107,7.337338956564054,-0.12076025496102911,0.9996408139512881,305,250,0.819672131147541,0.6787909614490117,ok,1282.1338678426573,326.8320772764552,-0.25333568184295713
518,-3.2730783807721764,2.27044164437325,-0.1660375458880417,0.9999198860234685,335,281,0.8388059701492537,0.47028744543042805,ok,1285.4034830900905,324.5566512765743,-0.08729813595491619
519,-0.40142803297067076,1.9608228792524187,-0.14450995357342866,0.9998556568742368,364,313,0.8598901098901099,0.4114926129673617,ok,1285.8068688720764,322.59623021457116,0.057211817618511775
520,0.2968858411363726,1.3431769230089685,-0.05250677363785186,1.0000643605819741,373,354,0.9490616621983914,0.38488019053598255,ok,1285.5125556912594,321.2524872329081,0.10971859125636338
521,0.26963288495903726,0.6111696498851416,0.006405320323295845,1.0000616146649413,353,330,0.9348441926345609,0.2884370994933875,ok,1285.2440252787144,320.64083238650323,0.10331327093306758
522,1.1703234304497983,1.9498762180110134,0.14667149136762933,1.0003575900898407,307,284,0.9250814332247557,0.5794682109754146,ok,1284.0722266269522,318.6918423616048,-0.04335822043456103
523,0.8039232446155893,1.1529127908149803,0.15459610474655522,1.0001293522768455,376,339,0.901595744680851,0.46441790153523566,ok,1283.264324926842,317.54171396467825,-0.19795432518111544
524,0.4116051315320419,1.0768869497292144,0.15294234368638457,1.0000875365557054,350,325,0.9285714285714286,0.5432568893758558,ok,1282.846132374444,316.46736798878413,-0.3508966688674992
525,-0.011291893650422935,0.5449269336213547,0.06464705950734297,1.0000313905802554,381,351,0.9212598425196851,0.3359200174198689,ok,1282.853471865282,315.92237349181903,-0.4155437283748419
526,-0.3491536269812059,1.0168854304188244,0.08792888336349648,0.9999877905422184,350,332,0.9485714285714286,0.32827289761348455,ok,1283.193676495901,314.9024592585928,-0.5034726117383379
527,-0.49767868366916446,1.0377260464940719,0.01593105798593506,0.9999250700159357,339,319,0.9410029498525073,0.46571304672170527,ok,1283.6819275567348,313.8602643049754,-0.5194036697242729
528,7.413926408093403,5.172732181620972,-0.13682191864446566,0.999819219387345,337,273,0.8100890207715133,0.5770796428887225,ok,1276.23362674255,308.737152165971,-0.3825817510798078
529,-1.0874512871544084,4.918880873017656,-0.06699740900994493,0.9998238493469509,362,314,0.8674033149171271,0.39976765628003763,ok,1277.2939685450567,303.8123562710401,-0.31558434206986313
530,-10.165076799559529,8.340139909641039,-0.21336598730928089,0.9998536178564075,339,274,0.8082595870206489,0.6637697637926565,ok,1287.4441499753868,295.45409467040173,-0.10221835476058318
531,-6.051571645340346,1.8576739962986721,-0.08968597577399992,0.9998905954525027,373,319,0.8552278820375335,0.41517468783004746,ok,1293.495315144562,293.59509705056195,-0.0125323789865836
532,-1.4843259608251174,0.990586943125777,-0.03511538403422099,0.9998385176398925,350,323,0.9228571428571428,0.5126557860045866,ok,1294.9800314277377,292.6050952281679,0.022583005047637248
533,-0.05791046116178222,1.053234115729424,0.02141908880116556,0.9999739681992331,374,349,0.9331550802139037,0.36505482106846615,ok,1295.0379632844651,291.55186228905876,0.0011639162464717754
534,0.8002969361978103,0.699018722103574,0.07377282461689431,1.000190651087831,354,333,0.940677966101695,0.3372343733776459,ok,1294.236781149503,290.8538583158922,-0.07260890837042228
535,0.9964029561826919,0.741376371057413,0.10095458866514175,1.0001333186082322,341,313,0.9178885630498533,0.49671303819568635,ok,1293.2381369507423,290.115503699916,-0.1735634970355637
536,0.5185785562930505,0.4338829604006378,0.098152182520037,1.0001582735572303,356,322,0.9044943820224719,0.40490027276187746,ok,1292.7175066159111,289.68408488156626,-0.2717156795556004
537,1.0398015925691197,0.6082707864272834,0.2521928868305801,1.0000152252853276,366,307,0.8387978142076503,0.2827702954380519,ok,1291.6721865850384,289.08534726408584,-0.5239085663861796
538,0.538649391150102,1.093039521050514,0.16113854933176777,1.0000969197004863,339,307,0.9056047197640118,0.5443204128308331,ok,1291.1205072670762,287.99882598435977,-0.6850471157179467
539,-0.4375450630600426,0.5370077096193882,-0.05004975985969887,0.9999016519014091,345,317,0.9188405797101449,0.3711597748538925,ok,1291.5520740346362,287.45700213149155,-0.6349973558582481
540,-0.21640165535836786,0.22997852327580404,-0.07185857391065852,0.9999205197603372,366,345,0.9426229508196722,0.4027005852724976,ok,1291.7662049011992,287.2249078196374,-0.5631387819475898
541,1.419211293958142,-1.9821484264491573,-0.22956431584165446,1.0001254954766434,344,312,0.9069767441860465,0.6147398651898922,ok,1290.3585576084183,289.2152852161379,-0.33357446610593633
542,3.3939968098138706,10.33055308247367,-0.3985044263709914,0.9996096969292708,279,205,0.7347670250896058,0.760242655456177,ok,1286.9762699878445,278.8808925495828,0.06492996026505342
543,-6.017598455052166,4.131844231223681,-0.2606223595670601,0.9998178534371704,315,246,0.780952380952381,0.5814524143448861,ok,1293.0172481518548,274.783306584738,0.32555231983211236
544,-6.811643009458976,1.5642645928696766,-0.11935241988846947,0.9997160514243438,323,265,0.8204334365325078,0.5903203414100991,ok,1299.8408322795171,273.2719813856051,0.44490473972058125
545,-2.9300309021914472,0.5862820445138368,0.0461113593900178,0.999625906431296,320,270,0.84375,0.5188255627906155,ok,1302.7748728501128,272.7061071472686,0.39879338033056366
546,-0.4044204481263023,0.7763709263144847,0.1890088463292779,1.0000573584881243,310,278,0.896774193548387,0.5911189660592613,ok,1303.1821332094964,271.9312221791837,0.2097845340012867
547,0.3010025555554421,0.5173931533054201,0.3031945698669857,0.9999786399127699,309,263,0.8511326860841424,0.46824655177555485,ok,1302.8802875417166,271.41432044153856,-0.09341003586569747
548,0.32312001390459955,0.5964404948160791,0.1196682319823923,1.0000218853945844,352,323,0.9176136363636364,0.40847030508217386,ok,1302.5549516544559,270.81908572505915,-0.21307826784808914
549,0.7538676185708937,0.9843641703853336,0.2062614243360324,1.0001365050181308,328,299,0.9115853658536586,0.7724961058161265,ok,1301.7938998689401,269.84026531965714,-0.41933969218412054
550,1.0807269583954167,1.415298980225316,0.12139313974089386,1.000124295937255,346,314,0.9075144508670521,0.4685093408448042,ok,1300.6998642566177,268.4352286507405,-0.5407328319250138
551,-0.0038537987663858075,-0.002156767803398907,0.0003319215544286746,0.9999993912366458,464,461,0.9935344827586207,0.006938788336233696,ok,1300.7037382503854,268.43734893010367,-0.5410647534794424
552,0.34047054398797627,1.3848858023002322,-0.12297268304724009,0.9998963423015644,318,292,0.9182389937106918,0.7648438422788391,ok,1300.3531712337003,267.05498441828036,-0.418092070432203
553,-0.15324102404201767,0.5356833074142742,-0.09882279395983543,1.000042312718691,313,285,0.9105431309904153,0.507111329779176,ok,1300.5034249059545,266.5184555269186,-0.319269276472368
554,-0.7375525236066096,2.020173624186782,-0.2860464506648098,0.9998379527546646,309,258,0.8349514563106796,0.464460316924301,ok,1301.239805912612,264.49785457423815,-0.033222825807559773
555,4.742286300509704,5.103077330505926,-0.1523922401315435,0.9993680278473197,226,169,0.7477876106194691,0.7093720412654803,ok,1296.508143745598,259.38492481387794,0.11916941432398294
556,-0.7206617320900932,4.534284808203893,-0.03037191876259839,0.9999083047841444,319,250,0.7836990595611285,0.36755781415796523,ok,1297.2406374414602,254.85253636632308,0.1495413330865812
557,-4.642720003202612,5.912473113324154,-0.00978855343008359,1.0000318303581333,288,231,0.8020833333333334,0.5783149386571297,ok,1301.8997810615656,248.95299671723632,0.15932988651666474
558,-7.608028103020388,2.6485455834217646,0.1363807662180138,1.0001030543609843,295,236,0.8,0.5399387642856367,ok,1309.5088693966597,246.3074986483379,0.02294912029865158
559,-0.8894612609155956,0.4321192302518284,0.06490276517183248,0.9999165890631181,336,306,0.9107142857142857,0.29754364515951026,ok,1310.3980140088233,245.8747282444471,-0.04195364487318061
560,-0.51510344081521,1.0145747357423716,0.22305531109538324,0.999981565698543,310,279,0.9,0.6752445777163808,ok,1310.908419265478,244.857781872643,-0.2650089559685628
561,0.23427938502754841,0.6038627508805803,0.3323512023015979,1.0000145794111006,314,262,0.8343949044585988,0.3518754108673183,ok,1310.6678569138005,244.2563944707918,-0.5973601582701593
562,0.5460226118602804,0.8124455674980027,0.16893430661673625,1.000283831974706,302,275,0.9105960264900662,0.6606237567162265,ok,1310.1110175189679,243.45132405078385,-0.7662944648868948
563,0.662899112050809,0.43378248247563533,-0.007537755125310304,1.0001549950655533,306,273,0.8921568627450981,0.5024423436399518,ok,1309.442432205007,243.0263579900016,-0.7587567097615845
564,0.527856215077918,0.3418341297056031,-0.17756639024705217,0.999992343318112,335,305,0.9104477611940298,0.6515097280500721,ok,1308.9111357482511,242.6898957617105,-0.581190319514533
565,0.14967245524121608,0.21219695613478962,-0.1375897594317098,0.9999037573728761,310,287,0.9258064516129032,0.6160662036214898,ok,1308.75982490487,242.47886396143826,-0.4436005600828238
566,-0.27013389952367106,1.2251561286219612,-0.4035879811913453,0.9998951228736728,300,245,0.8166666666666667,0.4417316052836999,ok,1309.0291031492857,241.25351948323794,-0.040012578891479925
567,-0.3547704847098885,0.47408760848941256,-0.04363435019666963,0.9998870932753312,350,329,0.94,0.3087776225872335,ok,1309.3839036012337,240.77945430138857,0.003621771305189527
568,0.11081427666226773,-0.2297869434310087,-0.06081451511288753,0.9999519030870835,329,260,0.790273556231003,0.39796795612386054,ok,1309.272830970481,241.00911647498538,0.06443628641807682
569,-7.652196901344723,11.456982554049318,0.017903663883156073,0.9997155797195244,312,249,0.7980769230769231,0.7954515064210607,ok,1316.9343301065987,229.5583524110462,0.04653262253492081
570,-1.6130940616747012,5.501317503531595,0.05955111175220387,0.9998250899331084,343,292,0.8513119533527697,0.4612162058813841,ok,1318.546174142035,224.0566685295512,-0.013018489217282847
571,0.44800106817706364,1.6678460463452893,0.10467543738657173,1.0001260736451578,362,336,0.9281767955801105,0.33430608543562584,ok,1318.0947480212744,222.38974626114975,-0.11769392660385422
572,0.3018814177551121,0.45205987317592644,0.07346279727974357,1.0000239581115116,366,338,0.9234972677595629,0.34906753967817516,ok,1317.7913600726529,221.93869607330703,-0.19115672388359753
573,0.8028128474854839,1.4817897627648335,0.31369167301010037,1.000240093454401,322,303,0.9409937888198758,0.8033264690328579,ok,1316.9755221136072,220.46403753869555,-0.5048483968936969
574,0.3199464251349582,0.23560822618617294,0.0671467679696325,1.0000263693979445,370,335,0.9054054054054054,0.272542049047998,ok,1316.6532395472298,220.23163508902581,-0.5719951648633291
575,0.27254074677443896,0.9503087418277119,0.03599690160336451,1.000079742052353,356,326,0.9157303370786517,0.3492636308422544,ok,1316.3706301676166,219.28427185245755,-0.6079920664666936
576,0.31315012578670576,0.05202276786360471,-0.1353311803100031,0.9998357569572616,341,317,0.9296187683284457,0.43665615671174535,ok,1316.0570615409706,219.23483415389035,-0.4726608861566908
577,-0.041229859269606095,0.21681979210973168,-0.09303760702461612,0.9999827470196876,353,334,0.9461756373937678,0.3756124914105211,ok,1316.0968539280445,219.0177459472166,-0.3796232791320749
578,-0.23374217998525637,0.9307965615572584,-0.40326332665984155,1.0000568394949625,315,269,0.8539682539682539,0.3879211194741017,ok,1316.33098013168,218.08704590612803,0.02364004752776553
579,-0.23978431242790066,0.16205163122106114,-0.11002673733980463,0.9998974819770113,372,337,0.9059139784946236,0.47023226384342803,ok,1316.5711418456294,217.92555411432164,0.13366678486756986
580,-0.6698119759896599,0.6209930735976741,-0.11414747183569203,0.9998366873106184,353,315,0.8923512747875354,0.4436145082107638,ok,1317.2436334516617,217.30746389400423,0.24781425670326157
581,-0.3270403579699632,0.3698751275810537,-0.018961598928869828,0.9999280217998376,338,311,0.9201183431952663,0.22922394948824762,ok,1317.5723924402782,216.9391155084395,0.26677585563213135
582,0.44087549345977095,-3.1233818666751176,0.013905165467429073,0.9999508115524384,212,159,0.75,1.1624257367437405,ok,1317.117736470192,220.06052119092817,0.2528706901647023
583,8.378727461061999,13.242382340399786,0.21080361317559845,0.9998044987016428,265,194,0.7320754716981132,0.804028781729571,ok,1308.7487339428847,206.81199068320757,0.04206707698910455
584,2.1895056139499047,6.450099992857304,0.27226655205022265,1.0005026121663436,319,269,0.8432601880877743,0.7481800638587477,ok,1306.533331253526,200.37073958770156,-0.23019947506111724
585,0.00044305511119091534,1.3575997923551313,0.13165641970457048,1.0000461706619976,325,275,0.8461538461538461,0.5963969602688791,ok,1306.5243142385218,199.0131696683453,-0.3618558947656873
586,-0.453973643062227,1.8209437310501926,0.23317667910968973,0.9998586063488102,288,240,0.8333333333333334,0.7714938389138125,ok,1306.959352734218,197.18760957689142,-0.5950325738753762
587,-0.0957116534304987,0.4549375590439695,0.014849412495133593,1.000002598588739,346,325,0.9393063583815029,0.2212799786304732,ok,1307.0502164973623,196.73167901224542,-0.6098819863705098
588,-0.624236600318909,0.24959639391715882,-0.08707432692085659,1.000038646736198,294,259,0.8809523809523809,0.6143721816453988,ok,1307.672149646401,196.4763971069703,-0.5228076594496536
589,-0.20070560868884968,0.16420849066810206,-0.06261339991171007,0.9998228814129609,266,239,0.8984962406015038,0.5752357364072196,ok,1307.8715298883938,196.31058188188672,-0.4601942595379436
590,-0.6960692321654278,-0.07509848679330844,-0.2041523257796664,0.9999958297455016,293,256,0.8737201365187713,0.9813813731226604,ok,1308.5679277674437,196.38256905255696,-0.25604193375827783
591,-0.34518666203257453,-0.04296104124318845,-0.036631308682516274,0.9998407176260996,290,271,0.9344827586206896,0.47424362998228453,ok,1308.9132764147023,196.424207911169,-0.21941062507576167
592,-0.32403171542000564,0.1325847128644,-0.037627409275173954,0.9999342018977562,303,269,0.8877887788778878,0.5031650836041375,ok,1309.2368858463653,196.2905958068443,-0.18178321580058782
593,-0.31297029710481183,0.4031273925053256,0.026845549414541457,0.9999556065593653,327,303,0.926605504587156,0.2816877364597158,ok,1309.5483861807234,195.88633148347083,-0.2086287652151292
594,-0.19919948337496862,0.31179399297548116,0.04573965487442634,0.999970783073279,350,324,0.9257142857142857,0.266894050461826,ok,1309.7461994754142,195.5736562067442,-0.25436842008955546
595,-0.40710047056859366,0.9325768392034206,0.13865859626659371,1.0001710205979928,265,224,0.8452830188679246,0.7078614078657578,ok,1310.1468932997432,194.6383087775497,-0.3930270163561487
596,-3.1764191334589214,3.100242232385199,0.23389717702486015,0.9993323290727185,179,152,0.8491620111731844,1.1581595803247464,ok,1313.2892004500036,191.50349679207295,-0.6269241933810079
597,0.573371136565811,3.6488417800187563,0.14311818027321369,1.0001838182315061,256,204,0.796875,0.7542526947451013,ok,1312.6668429604686,187.8626902947326,-0.770042373654221
598,5.480627449996518,5.675210551380815,0.20348005057697025,0.9996224326868822,209,133,0.6363636363636364,0.8722359846279106,ok,1307.0905827829247,182.28141674109827,-0.9735224242311904
599,6.9174879368661095,2.486994543671244,0.06756416768028105,1.0001761903512034,241,162,0.6721991701244814,0.9186924972104421,ok,1300.1290495927774,179.9205192720383,-1.0410865919114711
600,1.7331474359218646,0.6957648114585027,-0.1136541483594712,1.0002175659365788,296,259,0.875,0.7397768831761157,ok,1298.3848675245506,179.25289840629011,-0.9274324435520004
601,-0.1872282802846712,0.5002452777680446,-0.08623118820978208,1.0000186941178313,283,263,0.9293286219081273,0.5022514829120528,ok,1298.5647314233265,178.74995830569674,-0.8412012553422185
602,-1.4479336467275061,0.9361536613625958,-0.230867321488458,0.9999549321956099,257,206,0.8015564202334631,0.522503813610123,ok,1300.0026108852735,177.79843417257223,-0.6103339338537612
603,-1.8470946701645516,0.42693118345766834,-0.08941617710505136,0.9996209217414447,272,246,0.9044117647058824,0.5989841986247664,ok,1301.8457477263842,177.35472757931473,-0.5209177567487102
604,-1.5886831457344215,0.5369014948630593,-0.03353492519534825,0.9998024923049312,292,261,0.8938356164383562,0.48544825157358545,ok,1303.4298063316971,176.80433164213844,-0.487382831553362
605,-1.515019157191773,0.5736612790317395,0.0294127924846758,0.9997360893193403,278,250,0.8992805755395683,0.5461583431222947,ok,1304.939589629606,176.21702873641254,-0.5167956240380377
606,-1.1675348413896245,0.9220346300485289,0.10471300254027378,0.9999497600517371,293,271,0.9249146757679181,0.547647984388657,ok,1306.0970543260348,175.28238391543061,-0.6215086265783112
607,-0.32789707638130494,0.44456284961847814,0.06613144325814958,0.9999593637100382,315,293,0.9301587301587302,0.36143089143706186,ok,1306.4195924578974,174.83391789279926,-0.6876400698364606
608,-0.30154651879752237,0.8287821500598511,0.2051488083439465,1.0000705041134874,282,261,0.925531914893617,0.6520735532073706,ok,1306.70818872112,174.0005378161768,-0.8927888781804065
609,-0.2806932899975436,0.6632819069222933,0.14199577077077974,0.9999142785370119,268,232,0.8656716417910447,0.745116560534627,ok,1306.9768577495788,173.33229492302576,-1.0347846489511858
610,10.275627515630276,0.5482828144660061,0.22360114118136667,0.9999585251930793,185,120,0.6486486486486487,1.175986594568749,ok,1296.6916675194648,173.00980955129785,-1.2583857901325515
611,-1.809673416671103,7.715982671000461,0.06378271068249754,0.9998807774230867,237,188,0.7932489451476793,0.7916496764921538,ok,1298.3228194146302,165.25412454292598,-1.3221685008150486
612,-5.7400980973593505,2.9382589684915956,-0.1604972817554777,0.9999358063213865,248,190,0.7661290322580645,0.6997636336413637,ok,1304.0021686639184,162.20009703194387,-1.1616712190595715
613,-1.1719847937845316,0.6472954657399441,-0.09831152215890412,0.9997122198575871,304,255,0.8388157894736842,0.7221441982510216,ok,1305.1619390738856,161.5311632736433,-1.063359696900668
614,0.18828097634286678,1.062483211241215,-0.296146149359843,0.9999340583556967,299,243,0.8127090301003345,0.3904898842045727,ok,1304.9594483242897,160.4712963968375,-0.7672135475408259
615,3.4385332352603655,0.6225700719494398,-0.1333097763694721,1.000503418530854,295,246,0.8338983050847457,0.8092366048617363,ok,1301.5142377418688,159.8868065789186,-0.6339037711713543
616,1.527931069857459,0.29935613853331233,-0.044863903972986584,1.0001330065381038,305,267,0.8754098360655738,0.435649249404368,ok,1299.9833098847344,159.60317416158466,-0.5890398671983679
617,1.140875816329526,0.5185413241529204,-0.02017090316894251,1.0001824803696284,291,278,0.9553264604810997,0.4738935577507637,ok,1298.8373419767713,159.09598555065304,-0.5688689640294254
618,0.32307139600538903,0.27543055530486527,0.0035101750373889634,1.0000300903817234,315,287,0.9111111111111111,0.33910119655218224,ok,1298.511535223501,158.82379613639228,-0.5723791390668144
619,-0.24734584300472306,1.2915598883207622,0.08449657777112925,1.0000081219071215,266,234,0.8796992481203008,0.47138302519433883,ok,1298.744057861356,157.52948545728304,-0.6568757168379433
620,-0.6623916010148605,0.5007558071110907,0.11802953369538509,0.9999823959093358,286,258,0.9020979020979021,0.4650649279044023,ok,1299.3996165426831,157.01981710748396,-0.774905250533328
621,-0.4429114893728183,0.8118405639309003,0.09993020035855615,0.9999259233443331,281,248,0.8825622775800712,0.42948573960901065,ok,1299.8300810876747,156.20130872990467,-0.8748354508918837
622,-0.576627575516568,0.4433261995967541,0.3360547788084926,1.0000869275862818,253,193,0.7628458498023716,0.5545854230305688,ok,1300.397211325595,155.74589597938996,-1.210890229700375
623,-0.2756323553464881,0.8798749111789448,0.19726492568404064,1.0000093012193736,274,243,0.8868613138686131,0.7820520217549367,ok,1300.6511379811839,154.85951326959844,-1.4081551553844147
624,-0.352329038970538,0.7551107442067178,0.12942536415344216,0.9999694285421135,239,196,0.8200836820083682,0.7810970240004496,ok,1300.9830785597792,154.0952204984693,-1.5375805195378562
625,6.117711385315488,5.314180720438685,-0.12638031902861047,0.999859379677795,243,180,0.7407407407407407,0.7260662739280677,ok,1294.736347193383,148.93331614449505,-1.4112002005092463
626,2.030634406022955,6.7313131095774,-0.2721355040355982,0.9998673499915172,283,225,0.7950530035335689,0.4316431526402238,ok,1292.5723014796667,142.24370042914666,-1.1390646964736495
627,0.7290748027105565,3.652599006541095,-0.26085649761104307,0.9998862111889815,318,262,0.8238993710691824,0.2974191120775946,ok,1291.7873288440724,138.60270502515323,-0.8782081988626076
628,-0.9679721618001622,0.8455137864123117,-0.22991172688600206,0.999940087682763,306,252,0.8235294117647058,0.45955062826063153,ok,1292.7456723366388,137.74629308029876,-0.6482964719766066
629,-1.1991740916228082,-0.098008380165993,-0.0449325361601333,0.9998727433850936,317,294,0.9274447949526814,0.48199617086344493,ok,1293.9458120139716,137.83166813223738,-0.6033639358164735
630,-0.8608078504917103,0.13861692868954378,0.06584962545809288,1.0000149065741877,328,298,0.9085365853658537,0.36015660868681987,ok,1294.8049421424464,137.68300666872142,-0.6692135612745661
631,-0.7836744137910046,0.18023948763334374,0.11928074584103547,0.999903350049616,298,265,0.889261744966443,0.5330522988900719,ok,1295.58606200283,137.4919998011818,-0.7884943071156009
632,-0.3876464965626383,0.16102099553040716,0.06947299075718956,0.9999885225499916,302,274,0.9072847682119205,0.3780399308304262,ok,1295.9712539436541,137.32519231926597,-0.85796729787279
633,-0.7795116404424789,0.3274806095986378,0.17222466297188205,0.9999981968137727,311,285,0.9163987138263665,0.7204939389880365,ok,1296.7447517204516,136.98374959121634,-1.0301919608446712
634,-0.9824212563755736,0.7057592085841407,0.1473241682220973,0.999833569646683,293,270,0.9215017064846417,0.6453367120909308,ok,1297.7124621007194,136.25795057950484,-1.1775161290667677
635,-0.30995650908698735,0.2062405674762431,0.0032563740964658265,0.9999013410430819,352,319,0.90625,0.2581980154246855,ok,1298.0181028114794,136.04536656052767,-1.1807725031632337
636,0.8841803092698228,-2.1306722644650335,-0.10310016435925151,1.0001429446332362,316,277,0.8765822784810127,0.39956645861824436,ok,1297.174152202191,138.1922914513758,-1.077672338803983
637,-4.351873078460358,13.572462653820821,-0.16670207109328833,0.9995990841742122,283,216,0.7632508833922261,0.8670006355618137,ok,1301.3096898973724,124.55235487703214,-0.9109702677106953
638,6.891500130886698,5.681916547558444,-0.1701856029438003,0.9998770761024566,298,207,0.6946308724832215,0.6041971376366044,ok,1294.3453055591988,118.96001185307227,-0.7407846647668959
639,7.757066553209597,1.164985943245938,-0.11657279031484816,0.9999963944936557,289,224,0.7750865051903114,0.63532527024176,ok,1286.5760076001077,117.87960314256145,-0.6242118744520483
640,3.115550182653351,-0.1949998046973178,-0.047626471973606,1.000285231442485,308,270,0.8766233766233766,0.6166455208684929,ok,1283.46257748353,118.10594530313006,-0.5765854024784425
641,0.1967771594752321,-0.06007533208548921,0.00098825228544359,0.999990187901899,349,325,0.9312320916905444,0.1832638552101463,ok,1283.2664159048445,118.168001173633,-0.577573654763886
642,-0.7381405515648112,-0.28003751856704184,0.08386024299217451,0.9999099587299841,319,288,0.9028213166144201,0.48330220862475665,ok,1284.0077400086207,118.43949897994082,-0.6614338977560601
643,-0.5703767934980988,-0.049593889329344165,0.047576467875557804,0.9999411149282363,310,298,0.9612903225806452,0.3664600497297448,ok,1284.578686818975,118.48203108741734,-0.7090103656316176
644,-1.2638533903927964,0.027053848328478125,0.107124163525727,0.9997765086423215,320,295,0.921875,0.4933731450802309,ok,1285.8420266464,118.43697796812353,-0.8161345291573441
645,-1.694844793344373,-0.15285898213210203,0.11403823105518215,0.9998743339416638,298,273,0.9161073825503355,0.5953103290749451,ok,1287.5391295886827,118.56230292669193,-0.9301727602125257
646,-1.2804714526366752,0.03951170761263256,0.06084183975151567,0.9998240546274998,326,283,0.8680981595092024,0.45167966345764293,ok,1288.8187261292846,118.50065060041288,-0.9910145999640412
647,-0.8942670983849439,0.03057420382106102,0.002320388224431341,0.9998533436231102,324,304,0.9382716049382716,0.26168318986780814,ok,1289.712328798546,118.45457788959698,-0.9933349881884723
648,-0.16226276299494202,-0.0008499654613842722,-0.02244770449380518,0.9999919018782609,311,286,0.9196141479099679,0.25820589608516825,ok,1289.8745826682334,118.45267829292663,-0.9708872836946673
649,-0.42666955788695304,0.27172944986330094,-0.07377509578118163,0.9998504444378244,283,252,0.8904593639575972,0.42313178685116054,ok,1290.2969454794838,118.17430181902273,-0.897112187913486
650,7.6121103013827,8.692828782159495,-0.22771070119118522,0.9998737566915854,201,140,0.6965174129353234,0.7667779866148929,ok,1282.5837964252557,109.57099854971875,-0.6694014867223022
651,1.132973429002277,3.6401297953214,-0.09311640185309242,0.9998753593077631,264,200,0.7575757575757576,0.5380441104474684,ok,1281.4142682334534,105.94244821574352,-0.5762850848692104
652,-0.11732428985101251,0.6631545319493171,-0.015517980815511473,0.9998461339577941,331,280,0.8459214501510574,0.5616739354734797,ok,1281.5250965602702,105.27817718355186,-0.560767104053699
653,-0.5520640781467137,0.2653593470669193,-0.0028593618839077802,0.9998587336327327,308,270,0.8766233766233766,0.38607220542385967,ok,1282.074550616588,105.00745487296206,-0.5579077421697912
654,-0.7370220979541955,0.40328224365089227,0.0562154145309257,0.9997525111030298,297,265,0.8922558922558923,0.5413815290445442,ok,1282.8072078920202,104.59629619596069,-0.6141231567007166
655,-0.9293188534140882,-0.07071387124335615,0.10777773289617051,1.0000019456229734,304,257,0.8453947368421053,0.6157123409171191,ok,1283.7373439215785,104.65529576726965,-0.7219008895968865
656,-0.9020567655165905,0.28288225988535487,0.14227685074207283,0.9998429729323318,274,248,0.9051094890510949,0.7599695288661387,ok,1284.6350316051717,104.3588407050803,-0.8641777403389586
657,-0.7876468060230764,0.4067066750797039,0.1259826508506273,0.9999882869695902,296,259,0.875,0.6893523180245358,ok,1285.4155326223265,103.93858367323833,-0.9901603911895853
658,-0.8277092495352463,0.42130365917182644,0.07249733301183886,0.9999412722920132,291,259,0.8900343642611683,0.48893240253183373,ok,1286.2352860966905,103.50200193259207,-1.0626577242014235
659,-0.6673063375271795,0.31768225171083486,-0.015307659974692338,0.9998342482899436,303,261,0.8613861386138614,0.4616380434723382,ok,1286.8966741327947,103.17217527076139,-1.0473500642267315
660,-0.3718411070069578,0.0844623256923569,-0.04371446967373462,0.9999952450614178,302,266,0.8807947019867549,0.4785377641141936,ok,1287.2669787646582,103.08121278980275,-1.003635594552997
661,-0.5711953819136397,0.3722882474725111,-0.13446299623756536,0.9997385636257092,294,249,0.8469387755102041,0.8743363535785332,ok,1287.8324610565446,102.70030272024746,-0.8691725983154324
662,-0.5505184541500512,0.9289186065973354,-0.2892817925281072,0.9999976930244161,277,203,0.7328519855595668,0.40837043072041074,ok,1288.373549886535,101.76585998572489,-0.5798908057873269
663,1.4628479203913685,-2.3411362214667406,-0.2873359169923284,1.0002093438964377,264,233,0.8825757575757576,0.9577391532359117,ok,1286.9226749329912,104.11443502494251,-0.2925548887949999
664,-4.711238719636185,10.149678749903387,-0.1250998559435411,0.999431823823429,236,160,0.6779661016949152,0.8067813154984456,ok,1291.6042296994872,93.95103038043794,-0.16745503285145946
665,2.5942447756415277,2.5288997869816967,-0.011652798286621826,1.0000152157948419,290,235,0.8103448275862069,0.42221070739285804,ok,1289.0031177827084,91.42919436575937,-0.15580223456483772
666,8.901988271099526,3.066815962455962,0.1204660693363953,1.0000050592619087,281,199,0.708185053380783,0.6205210278122929,ok,1280.086445505662,88.4053374197174,-0.27626830390123236
667,6.24521414058745,0.9586983568168534,0.2689752505057468,0.9999132526644633,304,238,0.7828947368421053,0.47473127172400553,ok,1273.8323910269282,87.50611287702282,-0.5452435544069777
668,1.1390702523242453,0.6977407071470907,0.27575052597785293,0.9998499041073201,280,215,0.7678571428571429,0.3587677204279754,ok,1272.6834400912662,86.82476503518205,-0.8209940803848292
669,-0.5400810212463512,0.8783222302578224,0.13634004646673456,0.9999559437205069,288,250,0.8680555555555556,0.6067839820571984,ok,1273.2087708442182,85.93754181091538,-0.9573341268515629
670,-1.0471046263508015,0.7477663491119984,0.07699507852702843,0.9999206044188934,289,252,0.8719723183391004,0.40704624831990277,ok,1274.2422065726607,85.17099552622813,-1.034329205378591
671,-1.53116091871766,0.5974386478820861,0.008409926505596417,0.9997535316791433,263,227,0.8631178707224335,0.5233561300874472,ok,1275.7622416051142,84.54579140187764,-1.0427391318841877
672,-0.9585992222600908,0.31341871954828093,-0.022844161875235275,0.999857164021987,295,268,0.9084745762711864,0.5084675036017784,ok,1276.7151102379237,84.21535966718989,-1.0198949700089524
673,-1.6211787838285545,0.49753800091400535,-0.10064392153966734,0.9998350330157092,287,264,0.9198606271777003,0.7565870409649375,ok,1278.328098237511,83.69187669260828,-0.9192510484692854
674,-1.4012701190033567,0.7057443204822675,-0.2972317777016272,0.9999280001164755,265,202,0.7622641509433963,0.4482745409406509,ok,1279.721624170766,82.97096167289374,-0.6220192707676601
675,-0.304728501316049,0.026647617014873504,-0.17228078976643002,0.9997177147273953,248,224,0.9032258064516129,0.9970328498770278,ok,1280.0261341183411,82.94192296020185,-0.449738481001231
676,-0.5935326320723107,1.1533254178769994,-0.33536358853900633,1.000013135968397,237,178,0.7510548523206751,0.49376249367567643,ok,1280.6173632798784,81.78741502025366,-0.11437489246222667
677,10.379206838513255,5.320328705756083,-0.042476561839288336,0.9998079537474948,184,122,0.6630434782608695,0.9332239467935128,ok,1270.2314883335905,76.48011497842515,-0.07189833062293857
678,-2.9528294222664044,7.875665866089207,0.28606524770771113,0.9996420382529356,240,184,0.7666666666666667,1.5046052313363494,ok,1273.1350560981173,68.58615471325504,-0.35796357833064824
679,-6.3632006610305325,3.6715800799454428,0.42703672409259347,0.9998359427237711,215,161,0.7488372093023256,0.8845186935149965,ok,1279.4473573835858,64.82774076353337,-0.7850003024232394
680,-2.1869248197651814,0.8143717001091773,0.14783930907403312,0.9996851032494335,252,220,0.873015873015873,0.7982434158196753,ok,1281.6207340605122,63.97787297767718,-0.9328396114972715
681,-1.1180577537443241,1.209182481606831,0.19355320358310343,0.9999518160081653,222,181,0.8153153153153153,1.3194337329917751,ok,1282.7148056584572,62.746945379033605,-1.126392815080374
682,2.996329551360759,0.3865024507938415,0.02259715077110365,1.0003919116738498,273,231,0.8461538461538461,0.6628637452558303,ok,1279.711328304199,62.420603982201555,-1.1489899658514773
683,-0.00916904445716682,-0.006100723345753067,0.00041402207245857614,1.000002403629507,366,366,1.0,0.012881939840081989,ok,1279.720617881422,62.426519551203455,-1.149403987923936
684,2.0328568441002517,0.1410333750711743,-0.09129422701041612,1.0002789955597993,253,202,0.7984189723320159,0.9376002815532332,ok,1277.6855032931899,62.32304987326154,-1.0581097609135206
685,-0.6757835748319394,0.05997288755793306,-0.11892726063122949,0.9998736389023445,246,211,0.8577235772357723,0.8918993067617017,ok,1278.3602130600689,62.25200821131341,-0.9391825002822919
686,-0.9117345150016263,-0.13151365010890004,-0.158952703294589,0.9998348332548753,225,200,0.8888888888888888,1.1589252818889915,ok,1279.2736538832114,62.37109443480995,-0.7802297969877037
687,-0.8439075796509314,0.37273722104839635,-0.12925375536115097,0.9996029352657687,222,187,0.8423423423423423,0.9772833912539346,ok,1280.1132721662614,61.98879327379211,-0.6509760416265535
688,-0.5475322398151548,0.5505679889183739,-0.07616266423720214,0.9999183725177928,255,235,0.9215686274509803,0.6547293301219124,ok,1280.6552534341447,61.4327600289929,-0.5748133773893518
689,-0.4870537656495344,0.8422029332165266,0.00853730581799185,0.9997679263318308,255,226,0.8862745098039215,0.54031635107129,ok,1281.1337073073685,60.58564194835162,-0.5833506832073436
690,1.007729247856787,-0.2812492772463884,0.08356760573396049,1.0003054303248085,198,175,0.8838383838383839,0.9404327306715948,ok,1280.1293199713768,60.878601795835266,-0.6669182889413037
691,6.947538427682048,7.093373960728513,0.04448342754205436,0.9995445838960786,195,124,0.6358974358974359,0.7679018311863828,ok,1273.0942458567558,53.87203512216058,-0.7114017164833577
692,4.875787990855315,9.18064679525503,0.4182451395912024,0.9995736148080893,262,181,0.6908396946564885,0.8152010108188026,ok,1268.038411071357,44.78929771905666,-1.1296468560745576
693,0.1981175105595412,1.5774378177188737,0.2908627659372314,1.000120578163662,274,222,0.8102189781021898,0.6334631037751401,ok,1267.8012497152022,43.2172560186217,-1.4205096220117872
694,-0.28038670338719385,0.1293605418113657,0.0832549458207953,0.9999225776042916,296,265,0.8952702702702703,0.5853352303995688,ok,1268.0781450934032,43.08058194373871,-1.5037645678325817
695,-0.7294639861429459,0.1386720896883844,-0.03166539074656774,0.9998325765009479,301,275,0.9136212624584718,0.4779259475019491,ok,1268.8038058156847,42.92321558241554,-1.4720991770860146
696,-0.6187144372029252,0.26251131967637775,-0.2516573176069174,1.0000191644547587,285,223,0.7824561403508772,0.4155619206936145,ok,1269.4167886367266,42.64758574210646,-1.220441859479099
697,-0.39178633651749806,-0.017204974392143413,-0.14497487528054984,0.9998160822276572,282,256,0.9078014184397163,0.8434068206449796,ok,1269.8088288823196,42.65743411563744,-1.07546698419855
698,-0.7782129324345988,0.39283456835391917,-0.32418179102865163,1.0000155275915408,273,220,0.8058608058608059,0.4503775935670294,ok,1270.5818240581925,42.254429370777984,-0.7512851931699006
699,-0.574441220898052,0.5483915873201113,-0.1765306795778376,0.9998878608078641,244,204,0.8360655737704918,0.7187626446628875,ok,1271.1507353564184,41.700303045775286,-0.5747545135920642
700,-0.421588524129902,0.5517604892179406,-0.08208876808903948,0.9999633756610555,250,219,0.876,0.687357926005965,ok,1271.5675639642313,41.14493791106793,-0.49266574550302533
701,-0.42571537054232067,1.1086686849885155,0.015524751839117045,0.9998365466889593,249,234,0.9397590361445783,0.4160168851754502,ok,1271.9834292734604,40.03253696070419,-0.5081904973421423
702,-0.2968533395880968,1.35640098426029,0.10658246136106235,1.0000020758506354,271,239,0.8819188191881919,0.4951525364264144,ok,1272.265711876339,38.67302893666067,-0.6147729587032039
703,-0.0015647121599613456,-0.014460020915066707,-0.0004798309017812444,1.0000031536222338,335,326,0.9731343283582089,0.021193326181081593,ok,1272.2674315278111,38.68747135085721,-0.6142931278014226
704,-5.81212045199436,4.319485458565623,0.5963207341666164,0.9995459193641302,204,157,0.7696078431372549,0.9639174527876915,ok,1277.986994165693,34.24615375282383,-1.2106138619680349
705,2.7220214023973313,7.107815566833324,0.2894824771414038,0.9997275813842343,226,165,0.7300884955752213,0.604707804934737,ok,1275.0798327839525,27.21203295859914,-1.5000963391094364
706,2.7788711095618055,2.3092653049207,0.09118867828549267,1.0004711918501052,253,219,0.8656126482213439,0.6950178626927567,ok,1272.2379059880009,24.980826339185228,-1.5912850173949282
707,7.546815016828077,2.130171035590479,0.008735942020298267,1.0002287584898752,254,209,0.8228346456692913,0.6696377389662598,ok,1264.6345547929138,23.062208049044443,-1.6000209594152266
708,2.5733103170427967,0.5892648529691087,-0.152454427315314,1.0002887642321296,266,224,0.8421052631578947,0.749681635986009,ok,1262.0471796411948,22.538138512618843,-1.4475665320999136
709,-0.22720683930810992,0.8299184893239726,-0.30263493929617646,0.9999580528334302,252,192,0.7619047619047619,0.47135506194981935,ok,1262.2577581055696,21.703845783960787,-1.1449315928037396
710,-1.2106322401002672,0.8838887455914346,-0.4472046348486669,0.999894694190974,247,181,0.7327935222672065,0.5391061866195643,ok,1263.4575371751262,20.80528030520759,-0.6977269579550758
711,-1.7182389878253161,0.8079173653984526,-0.32998363018271676,0.9998210520306863,223,180,0.8071748878923767,0.48363292193239577,ok,1265.1705553254853,19.986351428482408,-0.36774332777236135
712,-2.017146358309674,0.8657336135789819,-0.17096444443060207,0.9999181635082591,229,184,0.8034934497816594,0.48136286812581774,ok,1267.1847164835106,19.11369516738921,-0.1967788833417605
713,-1.7506521531413455,0.9090180134348884,0.03510064836364855,0.9997757071094171,253,227,0.8972332015810277,0.4573362700811285,ok,1268.9316754583867,18.19759962098135,-0.2318795317054088
714,-1.4063690455909637,1.2686557242377603,0.22235347039326447,0.9999173609064596,238,217,0.9117647058823529,0.6212446960455792,ok,1270.327942686904,16.91783438250775,-0.45423300209867157
715,-0.6873891414820719,1.1633585677336669,0.3516199841374482,0.9998950383830081,235,183,0.7787234042553192,0.5831146461647981,ok,1270.9989019884003,15.744923215930157,-0.8058529862361171
716,-0.289019483847369,0.7726632438298111,0.165027494197443,1.0001204674147741,245,222,0.9061224489795918,0.6438432028093193,ok,1271.2747877801621,14.967473680388935,-0.9708804804335589
717,1.1393787815409269,-1.900566629006562,0.3581512505148076,0.9997878126969885,206,127,0.616504854368932,0.7055330293424515,ok,1270.1797970596378,16.893955666052534,-1.329031730948364
718,-8.19047827604436,11.34045554445538,0.22300592824725463,0.9995468521712959,259,189,0.7297297297297297,0.7825402523274011,ok,1278.0601159706341,5.335822589853706,-1.552037659195617
719,4.0810638873529115,5.5313451967592755,-0.04212182006249396,0.9997146072107471,259,183,0.7065637065637066,0.671790275593304,ok,1273.834718427408,-0.08606617146074313,-1.5099158391331233
720,5.042867594667314,2.483848014047794,-0.22637999952104867,0.999853492005346,255,203,0.796078431372549,0.6239850769758024,ok,1268.73747782542,-2.4563304562351505,-1.283535839612076
721,2.2640859281293615,1.198371663041712,-0.33666162038151637,0.9999314574684824,231,187,0.8095238095238095,0.4524498493019715,ok,1266.4538975879254,-3.6171237331192287,-0.9468742192305619
722,-2.6061220250965107,1.2224727568666367,-0.35263699585980957,0.9997736770959554,248,186,0.75,0.5195338848204685,ok,1269.0472009275372,-4.8665593816143655,-0.5942372233707548
723,-3.988464439006293,1.1029439613316754,-0.22053129945843342,0.9998830843221062,263,215,0.8174904942965779,0.4407447570860845,ok,1273.0283867394726,-5.995494053729431,-0.3737059239123229
724,-2.0492018910440493,0.8671982567443592,-0.09121069944931788,0.999518632014689,256,220,0.859375,0.7983881189572501,ok,1275.073288043761,-6.872785261070817,-0.2824952244630056
725,-0.2612763320266822,0.8660899369552908,0.02133077460498091,0.9999442114581393,242,208,0.859504132231405,0.4678062497668103,ok,1275.329968053295,-7.740248501374708,-0.3038259990679864
726,-0.04015952329496031,1.2386937186902287,0.15685558580053746,1.0000548903289876,249,212,0.8514056224899599,0.5940213451852803,ok,1275.3601667798566,-8.97922507619262,-0.4606815848685229
727,0.10051383860059104,0.5074075036345675,0.09830355245630296,1.0000410329410672,270,232,0.8592592592592593,0.46864113466095014,ok,1275.2547074691724,-9.485627821332173,-0.5589851373248252
728,-0.15701328929549163,1.4551132735789452,0.22535136026590005,0.999984368468745,252,210,0.8333333333333334,0.8541595371290047,ok,1275.3917872533448,-10.942754083785871,-0.7843364975907238
729,-0.4124836787955246,1.4791594658140639,0.21292871260522445,1.0000164917847927,251,224,0.8924302788844621,0.716553796034457,ok,1275.778464150998,-12.428868644444378,-0.997265210195947
730,-0.7508268590395346,1.4258025174128761,0.11315519262292963,0.9998446473524761,234,201,0.8589743589743589,0.45121523763887417,ok,1276.5015189832166,-13.868953885158135,-1.1104204028188758
731,6.857068110467253,2.023902102538159,-0.06147114271158052,0.9998639519881171,194,136,0.7010309278350515,1.161260927860873,ok,1269.6085492212678,-15.7669872497504,-1.0489492601072956
732,-2.944062753369508,5.555373613303573,-0.15162435280387784,0.9996830594644763,202,153,0.7574257425742574,0.49662608493235305,ok,1272.4652502565555,-21.367785467339786,-0.8973249073034186
733,-3.1896215204917553,1.47285319126604,-0.10882656310537267,0.9997221276337012,224,165,0.7366071428571429,0.5119880741547779,ok,1275.6343011339866,-22.884393031365562,-0.7884983441980467
734,-6.8923897239712915,0.9083102294355285,-0.24329672417131934,0.9999828609719214,252,193,0.7658730158730159,0.5258624617704311,ok,1282.517735868235,-23.85824612056649,-0.5452016200267288
735,-2.9707184899418735,-0.4058009561753124,-0.27989747539127713,0.9999071542700493,236,187,0.7923728813559322,0.5510192105457168,ok,1285.4903015373588,-23.46620517211636,-0.2653041446354532
736,0.0065006894687940076,-0.019141068291673946,-0.042334680607841194,0.9998780139578726,252,228,0.9047619047619048,0.4759507358648264,ok,1285.4838753853744,-23.44703895105988,-0.22296946402761225
737,0.665523859732275,0.08216649335349757,-0.029788743928271424,1.000102135905671,269,248,0.9219330855018587,0.3700005593255551,ok,1284.8180782731815,-23.526961075021177,-0.193180720099341
738,1.182340145826629,0.2554352842469143,0.06137086121477269,1.0001263640519595,246,217,0.8821138211382114,0.615413634964064,ok,1283.6346149611863,-23.777140998341338,-0.2545515813141134
739,1.193816915838397,0.4578540707547063,0.12565573956863868,1.0000812803654,264,242,0.9166666666666666,0.6309921527427567,ok,1282.4377860923687,-24.227063033157833,-0.38020732088275144
740,0.9638197086433138,0.6339722949256839,0.13528117145166896,0.9999691660483705,265,233,0.879245283018868,0.6470138540165302,ok,1281.468301638208,-24.85233832824224,-0.5154884923344197
741,0.5693885625732946,0.8856498032359923,0.1311840491996156,0.9999430550529959,254,216,0.8503937007874016,0.6611302517984756,ok,1280.8889536095955,-25.731505417540006,-0.6466725415340346
742,-0.1710058717769698,0.9622829645389857,0.057782376967765975,1.000063158055719,260,224,0.8615384615384616,0.2930799637719297,ok,1281.0481155296438,-26.69581812368392,-0.7044549185018002
743,-0.3808890147033708,0.9531317516143645,-0.0208441929424955,0.999944904006711,268,238,0.8880597014925373,0.527189596254217,ok,1281.4176056429653,-27.653426411876467,-0.6836107255593048
744,-0.21664941316544173,0.5538019917551082,-0.038032245096664766,0.999993866262015,234,223,0.9529914529914529,0.47492966216010163,ok,1281.6280014884865,-28.209634288919233,-0.6455784804626402
745,-7.157784442358206,2.5728445760364593,-0.13632547175416432,0.9998099494373046,212,151,0.7122641509433962,0.7866147826954294,ok,1288.7626356974254,-30.84599580440613,-0.5092530087084766
746,2.6110753106436277,4.667855501632175,-0.29739228544781676,0.9998199223180281,174,119,0.6839080459770115,0.5723770379241674,ok,1286.1343181003006,-35.50416452941124,-0.2118607232606613
747,6.714187053554724,0.8925256837569577,-0.4451499283661797,1.0000795821171695,161,101,0.6273291925465838,0.6824683578917771,ok,1279.4238207574022,-36.42402065796716,0.23328920510551623
748,3.18686086508842,-0.5886240201773489,-0.18808179039515247,1.0003230019958305,243,210,0.8641975308641975,0.7491207182132202,ok,1276.2327171888066,-35.85884951126934,0.4213709955006678
749,-0.9601221274231193,-0.3487525041343815,-0.008566368133391521,0.9999521563776823,286,258,0.9020979020979021,0.48721807901784614,ok,1277.190195333035,-35.50290230727353,0.4299373636340593
750,-3.6032990945309393,0.3705717522384475,0.18767344834330266,0.999303197784983,233,198,0.8497854077253219,0.9674031319446261,ok,1280.795029101715,-35.85823495197235,0.24226391529075758
751,-1.5514556411419562,0.11456841808728768,0.13332139018939246,0.9998569339502519,255,231,0.9058823529411765,0.4682356060660756,ok,1282.3466997792536,-35.96985321804493,0.1089425251013657
752,-1.872614756373423,0.2303810110354334,0.35343190292291987,1.0000439537680863,252,208,0.8253968253968254,0.438847203441054,ok,1284.2183144207681,-36.20822282538495,-0.24448937782155247
753,-0.18417942482619765,0.6800967624170653,0.1119511416824585,0.9999758369635418,273,236,0.8644688644688645,0.4631168160655804,ok,1284.3982593856686,-36.88945221141171,-0.35644051950401046
754,0.21414827182820773,0.8408982314360856,0.07275132712671785,1.0000622040081846,242,215,0.8884297520661157,0.46520756235036215,ok,1284.1778181712982,-37.728722721418194,-0.4291918466307279
755,-0.04479699811827231,1.1705523793299335,-0.006180954220963163,0.9999110672360235,254,235,0.9251968503937008,0.5388522116545891,ok,1284.2139719174338,-38.89957392905967,-0.4230108924097648
756,-0.08843831761805632,0.5560369982929387,-0.027318751270188076,0.9999833415117807,252,226,0.8968253968253969,0.3985972783618901,ok,1284.2985680923912,-39.456208429137064,-0.39569214113957685
757,-0.39473468194091765,1.186539587946072,-0.09576489067942492,0.9998727188810093,233,200,0.8583690987124464,0.7231526972279638,ok,1284.6870861942145,-40.64479807550174,-0.29992725046015234
758,1.0358740330641467,-3.2443801790363977,-0.2559312871711971,1.000098041709667,209,181,0.8660287081339713,0.9096357140254367,ok,1283.653703742836,-37.39962343186801,-0.04399596328895605
759,5.153505495203717,10.67076389947647,-0.37393358073524896,0.9997115319528648,225,170,0.7555555555555555,0.7146204053877827,ok,1278.5617309235909,-48.09988669477559,0.32993761744629146
760,-4.511389951075671,4.814948756256058,-0.1286457828111251,0.9996839497045027,229,178,0.777292576419214,0.5632423996387335,ok,1283.1115138024854,-52.87857339416837,0.4585834002574161
761,-6.10703515527598,1.4207593555859148,0.05202455034480617,0.9998782789088816,215,177,0.8232558139534883,0.5397915417202687,ok,1289.2284765392403,-54.25596310351591,0.4065588499126101
762,-2.901516091275653,0.18423708755017287,0.18515544240412285,0.9997725397896475,233,205,0.8798283261802575,0.6983696041791307,ok,1292.130682898135,-54.42898675146762,0.22140340750848794
763,0.10243454229589588,-0.10950003414200182,0.2943758288950505,0.9998134138119438,244,193,0.7909836065573771,0.4442144140859819,ok,1292.0283878991106,-54.319356344613084,-0.07297242138656149
764,0.60382186630045,-0.18178043900866214,0.34891439269480007,1.0000533720774742,228,179,0.7850877192982456,0.4584770256822291,ok,1291.4259208962135,-54.13313474369318,-0.4218868140813603
765,1.029754795211602,-0.1747150391543073,0.2934237464549,0.9999906391971847,236,185,0.7838983050847458,0.4589057370123651,ok,1290.3984275279934,-53.94557765523405,-0.7153105605362592
766,1.169185639426587,0.05632765297275455,0.10544606682082086,1.000106586197625,239,214,0.895397489539749,0.750088119780044,ok,1289.228554985957,-53.985151628003905,-0.8207566273570797
767,0.45536787884225305,-0.09783157310835122,-0.00664421440474761,1.0000383161430815,257,230,0.8949416342412452,0.3283812604163209,ok,1288.774623110753,-53.88085985243299,-0.814112412952332
768,0.7645814210402477,-0.3384100683193765,-0.1523625307858813,1.0001231755476954,225,202,0.8977777777777778,0.6229787277805501,ok,1288.0140011378573,-53.53364185450084,-0.6617498821664513
769,0.3518775600780373,0.042917118515561015,-0.3474760409504284,1.0000075962695183,206,167,0.8106796116504854,0.49228285195988825,ok,1287.6618934670662,-53.57462824880554,-0.31427384121602403
770,-0.15560232122561501,-0.14978074116334028,-0.1759955620070046,1.0000013041648506,212,175,0.8254716981132075,0.7196811561280482,ok,1287.8178568173107,-53.42522347587396,-0.13827827920902
771,-0.5687174104828046,0.41387351174330433,-0.23545697427965073,1.0000758015779752,226,181,0.8008849557522124,0.426688499916507,ok,1288.387275375414,-53.838131797897404,0.09717869507062998
772,7.250986336448705,2.909845293325816,-0.17353618990591127,0.9996348004209334,164,107,0.6524390243902439,1.2478136086834288,ok,1281.1501185537882,-56.78220442296174,0.2707148849765406
773,-3.000238061167238,5.43370122116994,0.03249054165743252,0.999568143175539,204,137,0.6715686274509803,0.7462075442831566,ok,1284.1729228552167,-62.203384325887555,0.23822434331910824
774,-3.147374117068466,1.0639713391242367,0.06924481043656097,0.9994447483151047,235,209,0.8893617021276595,0.45891402260136105,ok,1287.3234211963431,-63.258068660571325,0.16897953288254755
775,-6.237954870764952,0.6652380842861021,0.18393227786760288,1.000024364150253,213,153,0.7183098591549296,0.6055055704049475,ok,1293.5612022444188,-63.92493467016334,-0.014952744985054705
776,-2.2952217137326443,-0.10907941304935775,0.18212573602405466,1.0000047245696777,216,185,0.8564814814814815,0.8598262455814623,ok,1295.8567855766835,-63.82375068837257,-0.1970784810091087
777,0.19710446413864702,0.012880783219543446,0.1416583577400036,1.000010502663019,209,178,0.8516746411483254,0.8804371948704095,ok,1295.6596084055036,-63.83546595726557,-0.3387368387491118
778,0.9020536714135687,0.13799383443529223,0.08077775115053665,1.0000473742367968,219,182,0.8310502283105022,0.7077649872740055,ok,1294.7565685441753,-63.96685139521264,-0.4195145898996482
779,1.00470102681129,0.14411449559520406,-0.01151326314427265,1.0000516205785472,210,196,0.9333333333333333,0.45537702759316956,ok,1293.7508667647057,-64.10380785503833,-0.40800132675537554
780,1.1467862286835953,0.08000397756291022,-0.10002590717829382,1.000012307764578,219,185,0.8447488584474886,0.7992995967446285,ok,1292.6036670686922,-64.17764651829089,-0.30797541957708213
781,0.9308922100515247,0.26893245453925374,-0.14798745255307652,1.0000940947261467,227,196,0.8634361233480177,0.7528881466796287,ok,1291.672027544105,-64.44397858182504,-0.15998796702400617
782,0.42892372796404743,0.710722770275197,-0.23280355557588864,0.9998498625705003,217,185,0.8525345622119815,0.5673377614258924,ok,1291.2440073997814,-65.15524588506014,0.0728155885518816
783,0.05294227083891201,0.2348818743200809,-0.12910412462291193,1.0000208272938091,214,195,0.9112149532710281,0.6766117152214167,ok,1291.1918932181964,-65.39031287764624,0.20191971317479304
784,-0.2043130960939834,0.9770871581706615,-0.17028183693028281,0.9997847124719823,225,183,0.8133333333333334,0.5573340932154961,ok,1291.4025492561143,-66.36605218175657,0.3722015501050752
785,1.5437207008462792,-4.907481465741284,0.021577942861362723,0.9996465817700245,207,137,0.6618357487922706,0.8655487912571095,ok,1289.8288261364326,-61.46810940122168,0.35062360724371255
786,-8.843396700617404,12.438839545747896,0.18664528813628442,0.999189320602697,163,112,0.6871165644171779,0.948134522353491,ok,1298.7077860518825,-73.88158857787414,0.16397831910742894
787,5.350977595390077,4.280986670964921,0.21869385073843833,1.00001660555774,231,175,0.7575757575757576,0.7133801102642993,ok,1293.35272269957,-78.15746329494266,-0.054715531631008486
788,6.23311259423167,0.8865759856312252,0.2807558730835537,1.0002336795392774,193,148,0.7668393782383419,0.8444983220293902,ok,1287.11452600256,-79.00752891598427,-0.33547140471456105
789,1.9525538818811583,-0.3366138128617422,0.28642912693358724,0.9998432246379011,195,132,0.676923076923077,0.7235777779924184,ok,1285.1657407444695,-78.64974191439353,-0.6219005316481471
790,-2.9257877013274083,-0.16706459708450438,0.18672756089602532,0.9998474548841596,210,161,0.7666666666666667,0.45524232712339835,ok,1288.0935948085512,-78.52398487770051,-0.8086280925441716
791,-2.6088811595009247,-0.23481773126559347,0.02266755228503674,0.9997038722204679,221,202,0.9140271493212669,0.5721126223071882,ok,1290.7056081942856,-78.32704238847884,-0.8312956448292081
792,-3.1061128501596613,-0.3085417971797142,-0.09920371204833574,0.9994418561332751,191,169,0.8848167539267016,0.8757844057588638,ok,1293.8154097515,-78.05821278951203,-0.7320919327808729
793,-0.7164493148757174,-0.3156754200258547,-0.3107222358883481,1.0001301567214353,210,157,0.7476190476190476,0.5194336719156872,ok,1294.5341612388904,-77.74781483370668,-0.4213696968925264
794,0.2870380823810592,-0.21156621398199604,-0.29479745634698656,1.000162506745193,201,153,0.7611940298507462,0.6044618384060894,ok,1294.2475912279394,-77.5356150399765,-0.12657224054554125
795,0.34427681188640236,-0.10973371544037036,-0.08765868990688183,0.9998344575698247,199,173,0.8693467336683417,0.7999873271014609,ok,1293.9033890232515,-77.42564752752423,-0.038913550638659894
796,-0.02861421887882898,0.26715860067861286,-0.04612399492015302,0.999921351017833,214,194,0.9065420560747663,0.624975474522065,ok,1293.9320368627432,-77.69280252510248,0.007210444281492874
797,-0.1348723697076366,0.6922132803260865,0.010719237026926304,1.000028048728148,220,205,0.9318181818181818,0.48789218696380193,ok,1294.0668668410663,-78.38502406371254,-0.003508792745433379
798,1.4725059149286608,-2.7278425584439674,0.04741190102743617,1.0004345480446464,165,126,0.7636363636363637,0.9773420422557337,ok,1292.5967858331298,-75.65587391700717,-0.0509206937728693
799,-0.002521747584296463,-0.0016894321177005622,-0.00014315258482921307,0.9999946141684776,369,368,0.997289972899729,0.003758647593223357,ok,1292.5993090769578,-75.65418672041403,-0.05077754118804009
800,3.1186817836201044,15.325620747041057,0.4376287628215054,0.9992891662377412,163,103,0.6319018404907976,0.7883009367892021,ok,1289.3501020224912,-90.95266641176966,-0.48840630400954355
801,3.2680911111046953,0.6706881471110364,0.10177689784259474,1.000113145846601,213,182,0.8544600938967136,0.5620822553294722,ok,1286.0752758922638,-91.58965614319084,-0.5901832018521378
802,5.440119844520268,-0.40138702750789435,0.1381133025410801,1.0001059245345665,184,134,0.7282608695652174,0.787390297333061,ok,1280.6406974946187,-91.11915310553366,-0.7282965043932172
803,1.0361762272336819,-0.5325436073358105,0.000444912104839466,1.000200322422841,192,172,0.8958333333333334,0.5759427985806338,ok,1279.6113782841048,-90.57347386782624,-0.7287414164980567
804,-0.3117015538243777,-1.1232176308352564,-0.19684682468571424,0.9999797001585138,185,157,0.8486486486486486,0.8403805291229828,ok,1279.9334934366557,-89.45319821720591,-0.5318945918123433
805,-0.2753218789675884,-0.5295132673984426,-0.10897413765792582,0.999782369130882,182,163,0.8956043956043956,0.7951976966431644,ok,1280.212716304878,-88.92573160475467,-0.42292045415441815
806,-1.1340269770355462,-0.4658270037841703,-0.26033581085792096,1.0000114785971923,202,175,0.8663366336633663,0.5316589888318524,ok,1281.3480605625443,-88.46312442940643,-0.16258464329649858
807,-1.2702548350082452,-0.5606338295981459,-0.2363105347732892,0.999758176652271,197,159,0.8071065989847716,0.7208708524914094,ok,1282.6175929452054,-87.90085655185396,0.0737258914767894
808,-1.2497572366360146,-0.30480911395068233,-0.08350366632368711,0.9997511433656083,209,187,0.8947368421052632,0.7244950864026856,ok,1283.8665090281706,-87.59261903924107,0.1572295578004761
809,-0.3284208091529308,0.005814031118688945,0.0087207828391612,0.9999250034084224,245,235,0.9591836734693877,0.22853434529800598,ok,1284.1949438038712,-87.59758179585356,0.1485087749613149
810,-0.5980256196455684,0.14631414855398361,0.28149417851395847,0.9999645575893116,208,178,0.8557692307692307,0.7097136741947998,ok,1284.7926282129931,-87.74528358633745,-0.13298540355264193
811,-0.038364910027667065,0.3682724822981527,0.12363931742090843,0.999850253525783,222,198,0.8918918918918919,0.6853658684104975,ok,1284.8293432710377,-88.11372420849023,-0.25662472097354966
812,0.4842205453412589,-4.156867881654989,0.3003836694167683,1.000627849394686,204,163,0.7990196078431373,1.0336341648752279,ok,1284.3855565038925,-83.95234541927005,-0.5570083903903161
813,8.432441004226348,11.94385108026313,0.1482737997372208,0.9993917492261533,164,116,0.7073170731707317,0.81676105206902,ok,1275.806735270255,-95.79149514205619,-0.7052821901275359
814,-3.1658273922691933,4.33304531366548,0.15006840200227148,0.9997185480765968,198,166,0.8383838383838383,0.7920026528190813,ok,1278.9075256301217,-100.17131750284648,-0.8553505921298065
815,-4.759223932304394,1.2817440581027313,0.07057570434272632,0.999977366012568,199,157,0.7889447236180904,0.5589174317648901,ok,1283.6454154399773,-101.5298021063544,-0.9259262964725323
816,-0.7515588553135331,-0.35795446472889125,-0.07412526276106121,0.9998741220562792,218,197,0.9036697247706422,0.6342914638411449,ok,1284.4022126594355,-101.18306001136125,-0.8518010337114715
817,1.4449662440479187,-0.2048840548906128,-0.057108893786633,1.0001602728918018,235,210,0.8936170212765957,0.46463327259559706,ok,1282.9602270516868,-100.95815463251779,-0.7946921399248388
818,3.5828196780094004,-0.43235393551151446,-0.27075362046369605,1.00014750052834,188,147,0.7819148936170213,0.6907568297010498,ok,1279.3815107569421,-100.4930563069862,-0.5239385194611446
819,1.9564695900728566,-0.685520012261577,-0.2961342735134849,1.0002410076792663,224,186,0.8303571428571429,0.9002057089032651,ok,1277.4277822060762,-99.79976293933953,-0.22780424594766152
820,-0.24488042753137051,-0.6301586014056966,-0.14745616306582116,0.999992664496984,203,168,0.8275862068965517,0.8817925121163941,ok,1277.67354608826,-99.1699483627159,-0.08034808288184127
821,-0.24353616339180917,0.04338200909774059,0.034815730596914694,0.9999283062695754,252,226,0.8968253968253969,0.45239021675737434,ok,1277.916994562456,-99.21381978855004,-0.11516381347875575
822,-0.8044048454723907,0.11654285997269653,0.24537973566224608,0.9997601996311026,206,173,0.8398058252427184,0.48415026120674926,ok,1278.7206501205264,-99.33542216357978,-0.3605435491410002
823,-0.37028407520688233,0.20823125756010086,0.36587336207186083,1.0000651536808873,202,159,0.7871287128712872,0.6499967737309796,ok,1279.088264474673,-99.54833115728877,-0.7264169112128587
824,-0.2560717940186805,0.3524371200110181,0.2973127276934727,0.9998702023007379,189,155,0.8201058201058201,0.5821629873167204,ok,1279.337998576275,-99.90528712901437,-1.0237296389063293
825,1.6179002872411274,-2.7671670560500843,0.20419785430079254,1.0003367449500131,183,142,0.7759562841530054,0.9846550806242471,ok,1277.7797694915648,-97.1040843560778,-1.2279274932071205
826,7.846699526590328,10.89615411127329,0.055714625567658334,0.9994542118909449,147,114,0.7755102040816326,0.8843076640314437,ok,1269.6909444934902,-107.82172299654951,-1.2836421187747786
827,-2.7188136062907233,3.594626064742556,0.0004406810285372332,1.0001551298693632,202,163,0.806930693069307,0.6718080873986118,ok,1272.328521213282,-111.47637387156999,-1.2840827998033157
828,-3.646856515577383,0.3297571576642895,-0.07927488342372094,0.999576083095236,204,177,0.8676470588235294,0.7968877745527068,ok,1275.9676379132836,-111.88273808260737,-1.2048079163795953
829,-1.2449576699109457,-0.7181697353001937,-0.08053193349303016,0.9997460807352586,207,185,0.893719806763285,0.5743357108318433,ok,1277.2264471648564,-111.18913399040025,-1.1242759828865656
830,1.1824431792208543,-1.3718958709796425,-0.2679847985672504,1.0002521547855046,207,157,0.7584541062801933,0.7357856847886407,ok,1276.0646383945411,-109.79972025284178,-0.8562911843193168
831,3.38831338054365,-1.0606740682577538,-0.2459157262632064,1.0002329160583758,204,186,0.9117647058823529,0.7896303502137054,ok,1272.6878164904238,-108.70301114294978,-0.6103754580561122
832,2.8177423824085963,-1.0124302878996332,-0.1286252889710629,1.000217846546947,210,184,0.8761904761904762,0.7152809163070638,ok,1269.878686251577,-107.66692498693999,-0.4817501690850501
833,0.4577018749432682,-0.09164090768763344,0.03573749090180082,1.0000399778200615,226,210,0.9292035398230089,0.7299271245473591,ok,1269.4218307218375,-107.57115397235282,-0.5174876599868506
834,-0.10626616550939616,0.21380141571421518,0.17708539108473859,1.0000533238193638,224,193,0.8616071428571429,0.5720532911725148,ok,1269.525497316454,-107.78622786768665,-0.6945730510715881
835,-0.7296739300422814,0.6850651761237714,0.27626257807364063,1.0000589872825494,187,151,0.8074866310160428,0.8748828164197224,ok,1270.2434591216875,-108.48355790859023,-0.970835629145227
836,-0.3929240842553554,0.8823110118548811,0.20245303835591555,0.9999715253989421,200,178,0.89,0.7860146857969028,ok,1270.618234342885,-109.37372957248704,-1.1732886675011414
837,0.09225727334251133,0.5179958863639058,0.06907045242976395,0.9999512384591901,210,198,0.9428571428571428,0.49060697969596084,ok,1270.5147677988145,-109.88960341077768,-1.2423591199309048
838,-0.3607280977435039,1.178404904003628,0.09716732527201843,0.9997708200676335,214,187,0.8738317757009346,0.515205560125029,ok,1270.8478497251856,-111.07611902744964,-1.3395264452029227
839,0.862314430739616,-5.186253039000576,0.032459226451212436,1.0005062683424508,171,112,0.6549707602339181,1.1066204198895084,ok,1270.1099589278003,-105.87070608195347,-1.371985671654135
840,7.76116056210617,10.796425514669181,-0.12976867736592218,0.9996384838196549,139,87,0.6258992805755396,1.019474501806546,ok,1262.1165658328064,-116.49633942747653,-1.2422169942882135
841,-3.837074529119036,4.2354118151956754,-0.15520753138259408,0.9998359385018614,168,116,0.6904761904761905,0.6158769322154148,ok,1265.8726008739052,-120.80378123861567,-1.0870094629056204
842,-3.7031206961501084,0.3416118108433466,-0.14393005044711746,0.9986638758321431,177,131,0.7401129943502824,1.5023970026587212,ok,1269.5695973227266,-121.20629679975912,-0.9430794124585038
843,-1.369552536617448,-0.40898617081086286,-0.19349765258436719,1.000088375705208,182,130,0.7142857142857143,0.775822192867333,ok,1270.9443831356427,-120.81526252111439,-0.749581759874138
844,2.092313745582487,-0.4209353335297692,-0.10364065114445918,1.0005001620864709,208,182,0.875,0.8606355757897373,ok,1268.8569477935384,-120.37076611223972,-0.6459411087296794
845,2.9981219948112994,-0.18402185117520276,0.001427478506544807,1.0005090558424437,209,185,0.8851674641148325,0.8485247148435272,ok,1265.861096334104,-120.15288180696382,-0.6473685872362243
846,1.2798887374385686,0.1441594849034118,0.13008360188544296,1.0000659401564842,167,147,0.8802395209580839,1.0551890837130071,ok,1264.5793693672179,-120.2796616147657,-0.7774521891216664
847,-0.06533138382633297,0.24264662006112303,0.23410082698565024,0.9998544006841121,179,152,0.8491620111731844,0.5785283008689155,ok,1264.640406882808,-120.52342378088338,-1.0115530161073152
848,-0.7435180819104517,0.2317723609726272,0.3148032083937488,0.9999573997345791,170,128,0.7529411764705882,0.7292390669669757,ok,1265.3783608670974,-120.77234441584665,-1.326356224501062
849,-0.6746434288338605,0.5195217955338194,0.29697151842548697,0.9996149894536828,191,142,0.743455497382199,0.6163425559969654,ok,1266.0380161998544,-121.3107694283309,-1.6233277429265471
850,-0.5324751333469067,0.7035116613210448,0.10546706274347195,0.9998175767056591,214,197,0.9205607476635514,0.649324555722429,ok,1266.5490250135254,-122.03002488892741,-1.7287948056700186
851,-0.36719588136247694,0.7052734201040494,-0.04042900230019903,0.9998177392483936,181,160,0.8839779005524862,0.7351427573586431,ok,1266.8952818150049,-122.74581091828531,-1.6883658033698197
852,2.2210465331850173,-1.2940706759611658,-0.19595423753645952,1.000360579839448,170,132,0.7764705882352941,1.1307111829926861,ok,1264.7086921870086,-121.39433305472483,-1.4924115658333614
853,8.929355876293585,11.557469711846124,-0.3850739682823196,0.999627678536873,194,147,0.7577319587628866,0.778267242691823,ok,1255.5576502144386,-132.7770802328888,-1.107337597551044
854,2.1071686908312586,4.272502279801074,-0.37761863386584416,0.9998500531814363,211,169,0.8009478672985783,0.4930434081976831,ok,1253.3962393069296,-137.02239983351092,-0.7297189636852016
855,0.15321412415619307,0.3908426714926918,-0.143332421505109,0.9999933331325487,232,207,0.8922413793103449,0.5541647940057267,ok,1253.2390332457448,-137.41165401271405,-0.5863865421800935
856,-0.9383729809592296,-1.2168369605919906,-0.21480564315476458,0.9997299082513158,207,178,0.8599033816425121,0.9080200158743775,ok,1254.1852780028855,-136.20092823879122,-0.3715808990253299
857,-0.26222836886768164,-0.29194187544135275,0.021126511059592446,0.9999037279430222,230,208,0.9043478260869565,0.32839039033370643,ok,1254.4495011771558,-135.91079052967007,-0.3927074100849222
858,-0.9471573917919613,-1.0647199084921795,0.23358103182579115,1.0000862597661904,223,180,0.8071748878923767,0.35047004438272084,ok,1255.4082399889412,-134.85648720560175,-0.6262884419107122
859,-0.742834551977694,-0.7092978681582736,0.3402416872113066,1.0001049530604955,216,172,0.7962962962962963,0.4719522924215163,ok,1256.1629335227317,-134.1598206372629,-0.9665301291220171
860,-0.7836809746297604,-0.5945475895114214,0.26028959092475346,0.9999521056370998,211,171,0.8104265402843602,0.44603680803671986,ok,1256.9591643609897,-133.58218826421103,-1.2268197200467692
861,-0.5984207014287222,-0.0541255143973558,0.14699271879974976,0.9998939772338427,227,204,0.8986784140969163,0.6274994597658222,ok,1257.5587107206663,-133.5424255957182,-1.373812438846518
862,-0.4549145441349083,0.040770172095221824,0.06963931674986172,0.9998631822246276,222,199,0.8963963963963963,0.5651359728988199,ok,1258.0124538946527,-133.59464227369415,-1.4434517555963793
863,-0.1582146281759833,0.2096842380291264,-0.010686792856035292,0.9999621724907402,233,213,0.9141630901287554,0.42891522029530854,ok,1258.1653761424454,-133.80821693131236,-1.4327649627403443
864,-0.06905942169032642,0.3679951496853846,-0.0941796303095115,0.9997776981303822,211,197,0.933649289099526,0.6098748188516129,ok,1258.2258201320276,-134.17772492586687,-1.3385853324308332
865,-0.10449924545446265,0.250809786407558,-0.06822745260662368,0.9999328871824777,217,193,0.8894009216589862,0.4879146307700631,ok,1258.324733212077,-134.4307898263438,-1.2703578798242101
866,1.97740281906772,-1.7676814554922657,-0.16225630314773531,1.0003418721421158,190,165,0.868421052631579,0.9081797895840689,ok,1256.3818850570506,-132.62519832119654,-1.1081015766764755
867,5.786346074798985,7.646150781214942,-0.12293891748478578,0.9996481537667505,224,165,0.7366071428571429,0.5747341682709116,ok,1250.46493033589,-140.17073140336822,-0.9851626591916904
868,3.03795395280531,9.288452519916177,-0.12254109291803372,0.9995282344734646,189,141,0.746031746031746,0.5558670991930512,ok,1247.2874828664842,-149.41239478250452,-0.8626215662736574
869,-0.11163744286568544,0.3981852040681133,0.009802620687524759,0.9999656278929142,245,222,0.9061224489795918,0.32257237181988313,ok,1247.3930445657159,-149.812233628846,-0.8724241869611822
870,-0.9284005380395683,-0.5646749638794972,0.08573073442894688,0.9997267812688163,216,196,0.9074074074074074,0.6834313122194884,ok,1248.330757885418,-149.26316250055947,-0.9581549213901287
871,-0.6779658024461241,-0.3932578886374358,0.11295038833851867,0.9998968101860571,209,190,0.9090909090909091,0.6368173654406846,ok,1249.0159564828223,-148.88264669487342,-1.0711053097286467
872,-0.7959893809936602,-0.4308237941340849,0.131602315692215,0.9998589669266628,192,165,0.859375,0.7065813543539212,ok,1249.820813349279,-148.4686253659977,-1.2027076254208613
873,-0.5864738190070966,-0.40491503775524507,0.09875481302403404,0.9999283007198456,194,176,0.9072164948453608,0.5675814896330791,ok,1250.4163326506532,-148.0771352768869,-1.301462438444895
874,-0.5640784527779488,-0.3980699437177009,0.04143923425360994,0.999933743039033,206,187,0.9077669902912622,0.4708446471746835,ok,1250.9895853057205,-147.69239435829684,-1.3429016726985048
875,-0.47847022246605775,-0.2608562006973898,-0.014964054217764186,0.9998904911052388,220,196,0.8909090909090909,0.39190474575389245,ok,1251.473972317078,-147.44269667216918,-1.3279376184807405
876,-0.3590637145259734,-0.2246020192646938,-0.08459839545882412,0.9998746963550599,196,178,0.9081632653061225,0.5130804590027026,ok,1251.8378250552012,-147.22593873550443,-1.243339223021917
877,-0.09770820206222197,-0.053156616420778846,-0.05716092915447062,0.9999620688896897,198,178,0.898989898989899,0.40384481358775154,ok,1251.936612726785,-147.17481619094156,-1.1861782938674468
878,-0.16345596836185905,0.07854508242564862,-0.16212825205210282,0.9997232120867845,194,177,0.9123711340206185,0.8147719273405817,ok,1252.0986388231388,-147.25627002858414,-1.0240500418153444
879,1.378720944519273,-0.43587595184283145,-0.28276240104544653,1.000015597516683,198,149,0.7525252525252525,0.5286676079112496,ok,1250.7256724352517,-146.8025932868585,-0.7412876407698993
880,-5.592168602599031,5.5951080873702495,-0.023812743284941193,0.9998571143088628,136,93,0.6838235294117647,0.923581112815322,ok,1256.2473408084566,-152.46728767981563,-0.7174748974849582
881,-3.0310938744710256,4.894837746773192,0.12257041917364844,0.9993007864684071,196,144,0.7346938775510204,1.8697161892637153,ok,1259.206345535155,-157.40603829818713,-0.840045316658606
882,-0.4975842765268226,1.4696369392092947,0.12514379623799712,0.9998203303184396,198,162,0.8181818181818182,0.8528505222792613,ok,1259.6791032783594,-158.8838484895091,-0.9651891128966027
883,0.9226505748686122,-0.6664862717747155,0.16985371708328112,0.9999265825477339,211,170,0.8056872037914692,0.7573288976235875,ok,1258.7698361283358,-158.19921626440043,-1.1350428299798831
884,0.5539337134489415,-0.7988217784334211,0.18766550339445845,0.9997786163600376,202,139,0.6881188118811881,0.665633975928787,ok,1258.2344896710185,-157.3878205759521,-1.3227083333743408
885,0.9692464219215253,-0.5016720102306635,0.09876378403121301,1.000284291531535,214,184,0.8598130841121495,0.937579883550881,ok,1257.277986410813,-156.8622590234461,-1.4214721174055533
886,0.38067278734524734,-0.20495202142024027,0.02564213538810025,1.0000110783822567,219,203,0.9269406392694064,0.5287778538449662,ok,1256.9026109388608,-156.6477587736416,-1.4471142527936534
887,0.7855767766347981,-0.6019205205623166,-0.05082226097807218,1.0001255152297963,196,170,0.8673469387755102,0.5234384973675124,ok,1256.1319347109593,-156.02687445526203,-1.3962919918155816
888,0.027069684438629338,-0.07893978667084411,-0.0557852550083322,0.9998938671106506,216,201,0.9305555555555556,0.44113359746168684,ok,1256.106719161934,-155.9473230013308,-1.3405067368072496
889,0.24323996458178954,-0.1886105618293641,-0.19730631688133668,0.9997012284646314,211,170,0.8056872037914692,0.7989670956982964,ok,1255.8672906370177,-155.75389703135852,-1.1432004199259136
890,-0.028344176707832958,0.5925749007819832,-0.25624523131207666,0.9998434123924039,204,137,0.6715686274509803,0.5731606667307916,ok,1255.886458553639,-156.34683968993727,-0.886955188613838
891,-0.5534064696093992,1.0915733468225426,-0.3564592578396222,0.999773036273366,197,156,0.7918781725888325,0.5793573153653993,ok,1256.4297346776345,-157.44349011062525,-0.5304959307742173
892,-0.02462013144827324,0.3123159723875233,-0.06097287427967617,0.9999551552210926,220,196,0.8909090909090909,0.517262715609353,ok,1256.451794668108,-157.7559973494233,-0.4695230564945414
893,2.2579375058030564,-4.039977424292601,-0.136331302158877,1.0010177621499432,160,113,0.70625,1.4194691139402085,ok,1254.21738886189,-153.70295774166652,-0.33319175433566484
894,-6.991451457075982,5.92884329641015,0.1083907576879203,0.9997894507123659,232,165,0.7112068965517241,0.5649268082377717,ok,1261.1629391271435,-159.68550801917127,-0.44158251202358484
895,1.1707525417259603,5.486891207024655,0.21314927688140214,1.0004673381397537,201,162,0.8059701492537313,1.0742989531966618,ok,1259.9295644456986,-165.15866282484342,-0.6547317889049863
896,4.871388312767522,2.009665794152056,0.1956128047551749,1.0000585868000287,201,143,0.7114427860696517,0.5895174606270203,ok,1255.0288876361872,-167.0958121496683,-0.8503445936601606
897,1.8976484993502254,0.40333396288701806,0.06878499619234496,1.0004624470781116,186,156,0.8387096774193549,0.9615281722600366,ok,1253.1250133621336,-167.4686537531693,-0.9191295898525054
898,-1.5167193871002382,-0.21284720091125564,0.042026051126047674,0.9997950379495615,224,187,0.8348214285714286,0.7724514812375511,ok,1254.645089757625,-167.2812787761561,-0.9611556409785529
899,-3.0674531966838003,0.003826255113381194,-0.012026499063833357,0.9995466473820384,223,201,0.9013452914798207,0.715067685515375,ok,1257.7120587081106,-167.33591585910256,-0.9491291419147196
900,-1.8512197485531487,-0.15872848866001732,-0.09146646033121775,0.9995960551850906,221,199,0.9004524886877828,0.7747611047209464,ok,1259.565446981192,-167.20491509670035,-0.8576626815835021
901,-0.1469572185415018,-0.23977851011500206,-0.07606405771728478,1.0000623468908207,204,183,0.8970588235294118,0.6243892779520948,ok,1259.7156613560996,-166.9671635466201,-0.7815986238662176
902,-0.047103706247526134,-0.1902054154625148,-0.16089239550287793,0.9999253148818504,199,186,0.9346733668341709,0.8242561443763707,ok,1259.7648228231221,-166.77747957425095,-0.6207062283633401
903,0.20045021204850855,-0.18059369144214088,-0.1734561655189633,0.9997392493111265,216,189,0.875,0.9270606297680107,ok,1259.5657884156435,-166.59532668918268,-0.44725006284437735
904,0.0573549517448555,0.21589159541963454,-0.09400181525537028,0.9998181263689093,223,197,0.8834080717488789,0.6677455544403406,ok,1259.5071035162334,-166.81086057061123,-0.3532482475890074
905,-0.14820102240764754,0.1594637413475084,-0.021987795802656467,1.000012074427822,232,222,0.9568965517241379,0.3526387371842725,ok,1259.6543801135813,-166.97117847890866,-0.331260451786351
906,-0.21149259052617708,0.5678187665737369,0.04775652415840979,0.999982900083452,224,205,0.9151785714285714,0.3130753315873491,ok,1259.8621119295153,-167.54038385499848,-0.3790169759447606
907,-2.488135142221381,4.917385760603679,0.21359754880600254,0.9999496542776353,173,143,0.8265895953757225,1.3787882613225466,ok,1262.2992540024013,-172.48324109763792,-0.5926145247507624
908,-2.1974489494855334,6.440376592155758,0.22927852259747655,0.9998375316464275,170,142,0.8352941176470589,1.0174339763650408,ok,1264.404094511598,-178.95447583030125,-0.8218930473482381
909,-0.4444522323296951,1.0836078979538115,0.06402459347022,0.9998435941329548,187,168,0.8983957219251337,0.43823335343187453,ok,1264.8317393429265,-180.04482612335767,-0.8859176408184579
910,0.31666249884665376,0.441470972869638,0.0813646867350486,1.0003438098392052,205,175,0.8536585365853658,0.7461204054694758,ok,1264.5076692947737,-180.48088846058988,-0.9672823275535061
911,0.6940337516321051,-1.0083044893349324,-0.014301207543661947,1.00016694766423,208,179,0.8605769230769231,0.7597317592586845,ok,1263.830501552261,-179.4611803454328,-0.9529811200098443
912,0.6358144823821021,-0.830932228485608,-0.08155583257895266,0.9998733538843705,192,174,0.90625,0.5588880308372026,ok,1263.2073979679144,-178.62067433860295,-0.871425287430892
913,0.37812207159004174,-0.9583817640440202,-0.1439696214950363,0.9999280443717006,216,193,0.8935185185185185,0.6845611910443222,ok,1262.8414741365766,-177.65756912299332,-0.7274556659358562
914,0.19528060896141142,-0.34252742802596003,-0.08385333855677088,0.9998572642678928,202,179,0.8861386138613861,0.641539017416863,ok,1262.6500533704493,-177.31286976778392,-0.6436023273790856
915,0.21890317986435548,-0.8273456830454506,-0.12753827316083763,0.9998298993826102,195,165,0.8461538461538461,0.8720689524068274,ok,1262.438610885723,-176.48358600629956,-0.5160640542182485
916,0.21432324508032252,-0.392747048998217,-0.09036160013880452,0.9998865415486184,223,203,0.9103139013452914,0.6126320419809039,ok,1262.2272116044837,-176.08925741011353,-0.4257024540794443
917,-0.061211661808329154,0.08009024249963659,-0.011378774546468991,0.9999248478660757,217,205,0.9447004608294931,0.3327898961783509,ok,1262.287842513348,-176.1697881953777,-0.41432367953297533
918,-0.22788069536159128,0.3625821069244921,0.03357100296399567,0.9999103044719025,204,191,0.9362745098039216,0.5232238567181938,ok,1262.5128818845806,-176.53414060304863,-0.4478946824969709
919,-0.22583100505244147,0.7884632247562422,0.0778263817934608,0.9997759321163849,229,209,0.9126637554585153,0.6148603362753693,ok,1262.7314688903475,-177.32464273495327,-0.5257210642904314
920,2.3512362739170385,-3.014409758806778,0.2766131477477435,1.0005755099510802,183,121,0.6612021857923497,1.156784505891773,ok,1260.4226736716535,-174.2776043617281,-0.8023342120381738
921,-5.7164393938051035,7.43969100160075,0.2361607822911389,0.9999139262665496,250,187,0.748,0.49611327919747356,ok,1266.0033359214146,-181.81967903627492,-1.0384949943293118
922,-2.698295528615745,7.298118799697477,0.2862120168932338,0.9995951795948826,228,198,0.868421052631579,1.0320889487871026,ok,1268.5321891697386,-189.1782276718884,-1.3247070112225443
923,-0.3313051229940811,2.0343623562362154,0.026652865517396273,0.9999191072491148,311,279,0.8971061093247589,0.5219725937528343,ok,1268.8154247775874,-191.21983754437633,-1.3513598767399404
924,0.8326823543841329,-0.7331725055275911,-0.18653476625311718,0.9999983206760339,273,243,0.8901098901098901,0.7293900520002083,ok,1267.9978188901327,-190.46988925351638,-1.1648251104868241
925,0.42048124647612894,-0.41825375699727374,-0.13974875781573323,0.9999364858169535,275,257,0.9345454545454546,0.6462180622732406,ok,1267.5848874979895,-190.04418002262878,-1.0250763526710913
926,0.5900542535057411,-0.3573296342897265,-0.33372687814815183,0.9999946557191897,238,191,0.8025210084033614,0.3788493154723186,ok,1266.9991877495231,-189.67975678754613,-0.6913494745229412
927,0.7729526527634789,-0.6248889319044793,-0.2701397144712479,1.0000455838092568,205,163,0.7951219512195122,0.47892242547496633,ok,1266.230849811415,-189.04920243342985,-0.42120976005169436
928,0.41458453514133,-0.670156270087773,-0.1338355557030466,0.9998377957105034,212,194,0.9150943396226415,0.7393088887266362,ok,1265.8196317301656,-188.37697520044264,-0.28737420434864835
929,0.07075821255284609,-0.08260643626249475,-0.016675708978968792,0.9998343667791707,240,228,0.95,0.22013071308286777,ok,1265.7492645865982,-188.29403538454085,-0.27069849536967966
930,0.09915715627539612,0.12649327638757768,0.1286791201566975,0.9998838401286483,206,180,0.8737864077669902,1.1854054951093396,ok,1265.64922813073,-188.4198344231272,-0.3993776155263766
931,-0.5804974976958874,0.5008431997697471,0.20509348954110587,0.9999002459231788,226,198,0.8761061946902655,1.133292626986727,ok,1266.2244095199899,-188.9267738919358,-0.6044711050674815
932,-0.24592941743958363,0.18655355261716977,0.08905554589373611,1.0000390299990625,248,228,0.9193548387096774,0.5144548572281231,ok,1266.4680628721062,-189.11629051484465,-0.6935266509612171
933,-0.38352605804084305,0.7654417618941807,0.15668648822011447,0.9998386963780509,247,227,0.9190283400809717,0.7972815839873724,ok,1266.8401887176622,-189.88733894595464,-0.8502131391813309
934,-0.05587591809035075,0.17212891385804596,0.037920902624743,1.000298272282056,229,169,0.7379912663755459,0.5737956487484667,ok,1266.893389883141,-190.0603132712173,-0.8881340418060738
935,-5.767789704392726,3.1177891521958827,0.05967465644257549,1.000136852809466,221,153,0.6923076923076923,1.9015738008702834,ok,1272.6088171181545,-193.27308447267433,-0.9478086982486491
936,1.542323217594003,2.2475650014009716,-0.03044445976568226,1.0001728390451046,278,243,0.8741007194244604,0.8237888268895946,ok,1271.030707300819,-195.49566827255262,-0.9173642384829669
937,5.737286140344622,2.4080715784083395,-0.1908823800185167,0.9999683741406292,250,201,0.804,0.5112960413682676,ok,1265.2633500188867,-197.8308023084212,-0.7264818584644508
938,4.50434526008371,0.36245774805138353,-0.2200373874770574,0.999976833180811,276,226,0.8188405797101449,0.46609454589144494,ok,1260.755976953061,-198.15343195155504,-0.5064444709873942
939,-0.8459363809288334,-0.21490829585741267,-0.11652603526178075,0.9997334019278266,266,239,0.8984962406015038,0.5279712978783622,ok,1261.6033562623113,-197.9442854898059,-0.38991843572561397
940,-4.230750424000462,-0.19313956701512325,-0.03643735522823694,0.999201168296469,253,237,0.9367588932806324,0.7895792574711685,ok,1265.8352177213599,-197.77725066127027,-0.3534810804973772
941,-1.9349317557582708,0.03676281296418438,0.005966438287859828,0.9997573136346333,294,280,0.9523809523809523,0.319960109251213,ok,1267.7698807687975,-197.82615154814175,-0.35944751878523706
942,-1.9822791593821876,0.1640672297683068,0.05768906453705188,0.9995656174774332,259,242,0.9343629343629344,0.5265075156954547,ok,1269.7509129281043,-198.00464610099255,-0.4171365833222887
943,-0.13769835300104205,0.1821890596108915,0.12102998865274071,0.9999635402828421,262,244,0.9312977099236641,0.5978655872645167,ok,1269.8868939706413,-198.18812047503877,-0.5381665719750289
944,0.2504211114753616,0.14846760593320596,0.24568374578807825,0.9998723919234678,266,216,0.8120300751879699,0.5459568134347395,ok,1269.6344652059936,-198.33314834085184,-0.7838503177631062
945,0.010366501202042855,0.851409477564971,0.24655473678089723,1.000033802713968,264,243,0.9204545454545454,1.1203568397567278,ok,1269.6087894917787,-199.18423371878646,-1.0304050545440029
946,-0.14876261730159968,0.4294913476992406,0.0859803610458638,0.9999988667650042,289,273,0.9446366782006921,0.42169796845360347,ok,1269.7491559329987,-199.61654193780873,-1.116385415589866
947,-0.3661326881574496,0.7948761738484791,0.07371813278143065,0.9998438307573323,312,293,0.9391025641025641,0.4541783670706433,ok,1270.0987002762206,-200.41885112335456,-1.1901035483712963
948,-3.1926569897068475,1.1876824707153446,-0.09470985854000669,0.9990902286538668,212,166,0.7830188679245284,1.7979191377794144,ok,1273.2680688158434,-201.66735076901693,-1.0953936898312902
949,3.7311049288255163,5.449420526179665,-0.298989973315047,0.9997670365926687,284,241,0.8485915492957746,0.5352631733018433,ok,1269.4615805360993,-207.06438468008537,-0.7964037165162443
950,9.045427907773956,1.1853717808436386,-0.363113648694174,1.000188854398819,260,208,0.8,0.665577324817634,ok,1260.407447179427,-208.18131863209248,-0.4332900678220717
951,6.71332346811505,-1.2165321137898673,-0.2416943294663523,1.0002646901407481,232,183,0.7887931034482759,0.6140366090208346,ok,1253.6982292932462,-206.94234416618121,-0.19159573835572039
952,0.5929620353851988,-0.5183448336947549,-0.04288422334021807,1.0001236591965499,260,244,0.9384615384615385,0.35247824098017055,ok,1253.1066146205424,-206.42246204389994,-0.1487115150155025
953,0.05432864111003255,-0.6599585609683345,0.006341229091962817,0.9999907634252054,240,221,0.9208333333333333,0.5382298675582812,ok,1253.0540721434395,-205.76235887655378,-0.1550527441074653
954,-0.3717643057348141,-0.21353043912426983,0.06012829049790241,0.9999589567595226,269,246,0.9144981412639405,0.4132360863542497,ok,1253.4266357641502,-205.55022614458107,-0.2151810346053675
955,-0.3039310960050443,0.13042472238043956,0.08052616111829188,0.9999341697102588,255,231,0.9058823529411765,0.4638693176715213,ok,1253.7298896849456,-205.68221773086202,-0.29570719572365906
956,-2.375217659356622,-0.2916534059311289,0.3591141643637429,0.9998625086958284,240,192,0.8,0.5445875130202975,ok,1256.1082853964367,-205.41772864210645,-0.6548213600874004
957,-2.6517498370797057,0.5804505297626292,0.35401052884485784,0.9997050878637491,280,230,0.8214285714285714,0.7779702612411681,ok,1258.7494044752323,-206.04477730654605,-1.008831888932257
958,-0.6365858691142421,0.5115363771208195,0.07228251831456667,0.9998875705454573,326,302,0.9263803680981595,0.37555135282970986,ok,1259.376225412669,-206.5682336526387,-1.0811144072468233
959,-0.9264905424952303,1.6908713563070705,0.07140765461484687,0.9995788441983001,280,266,0.95,0.6974670444093443,ok,1260.2685184218008,-208.27739831842337,-1.15252206186167
960,-0.17448603649199868,0.5809802128862884,-0.021806237337619404,0.9998836643670611,270,257,0.9518518518518518,0.5057652320763647,ok,1260.4315057476647,-208.86170860953916,-1.1307158245240507
961,12.18283758105531,-0.30414115810742715,-0.2746915538721886,1.0007583504522444,283,200,0.7067137809187279,1.070316466740743,ok,1248.2545716826553,-208.37559118870183,-0.8560242706518634
962,-2.7284762628428325,6.759622721923506,-0.22410777903915835,0.9995759657246871,265,198,0.7471698113207547,0.6644943499021124,ok,1250.9083314765178,-215.16489461513072,-0.6319164916127059
963,-6.444477852694035,2.0028313361103756,-0.15644669414693735,0.9998687051236765,254,213,0.8385826771653543,0.6065271289966064,ok,1257.3359670979146,-217.2211359612087,-0.4754697974657692
964,-3.1616548492515903,-0.028641918542462008,-0.046368454299016267,0.9995567579644623,316,289,0.9145569620253164,0.6501354264380587,ok,1260.4977477851537,-217.21617298889748,-0.42910134316675314
965,-0.02878893266506566,-0.021087937307129323,0.0007812842639480875,0.9999920166169574,419,411,0.9809069212410502,0.043004195024751,ok,1260.5266941260243,-217.1953016426528,-0.42988262743070127
966,5.295322190620254,-0.039953610225666125,0.21408387236347703,0.9998592859825892,295,238,0.8067796610169492,0.4719211282803675,ok,1255.232155434077,-217.09583590524267,-0.6439664997941773
967,2.955684130970212,-0.133915970121393,0.28459679393282244,1.000024708838624,287,243,0.8466898954703833,0.41532410326964314,ok,1252.2790296625426,-216.914038362297,-0.9285632937269984
968,-0.006773351753281531,0.19238609076739976,0.27673642052395686,0.9999624148447486,301,259,0.8604651162790697,0.4246838377911477,ok,1252.2817546940405,-217.10652436287398,-1.2052997142509543
969,-0.2074914613206147,0.37744761052613285,0.10486231304588552,0.9999945414992971,317,303,0.9558359621451105,0.4316419485466345,ok,1252.4805617039133,-217.48861751648724,-1.3101620272968393
970,-1.2625327111913975,0.9706854528561735,0.1889996902016904,0.9997291742082249,290,273,0.9413793103448276,0.773410387608813,ok,1253.7172668741869,-218.49200149933392,-1.4991617174985292
971,-0.8092814935819206,0.5815502265872965,-0.011504680733012494,0.9997593575733538,303,287,0.9471947194719472,0.5145707450002114,ok,1254.5111776199851,-219.09436594848717,-1.4876570367655169
972,-0.2257905511039553,0.3182931561567557,-0.04733697840355439,0.9998460510693415,318,308,0.9685534591194969,0.38006670547983945,ok,1254.7288963174735,-219.41823393855088,-1.4403200583619626
973,-0.46267937476523,0.9155257588018912,-0.1788163227920966,0.9997691314790049,315,284,0.9015873015873016,0.5194655605337559,ok,1255.171307688726,-220.34372396953415,-1.2615037355698664
974,-0.6480093831539762,1.1195612542323943,-0.2738872105113552,0.9998296594714348,286,244,0.8531468531468531,0.4953057028048631,ok,1255.7999237051233,-221.474288194407,-0.9876165250585124
975,13.186446673072169,0.0961798950991124,-0.510572900854857,1.0009119093291607,190,134,0.7052631578947368,1.2621604196202418,ok,1242.613133301858,-221.46067590774612,-0.47704362420365665
976,-1.636885107002854,7.285269621305588,-0.14810990475147043,0.9996209536375981,271,206,0.7601476014760148,0.6154910806977216,ok,1244.2081671026422,-228.75522273966112,-0.3289337194521866
977,-6.46399493311219,3.452224031078231,0.11816190492595229,0.9996097319342342,252,199,0.7896825396825397,0.7517540729001224,ok,1250.6450268017313,-232.25778158574678,-0.4470956243781386
978,-3.2703455646817474,0.8874367876092037,0.2631279604175646,0.9996654392377003,291,263,0.9037800687285223,0.9800054709663493,ok,1253.9041209642278,-233.18568751008218,-0.7102235847957027
979,0.11386947202549891,0.0005569154527620412,0.1989529069203015,1.000144074205632,285,268,0.9403508771929825,0.7831198975882637,ok,1253.7902569910843,-233.18443753643112,-0.9091764917160038
980,3.8323189272057334,-0.1916101535875896,0.29032891003268874,1.000122282293141,279,239,0.8566308243727598,0.3521891692398023,ok,1249.9627889886785,-232.9126444141183,-1.199505401748692
981,3.336084898701756,0.043358517914612094,0.09811134471482989,1.0007555816663047,260,241,0.926923076923077,0.9647203199083102,ok,1246.6265777356732,-232.880443672782,-1.2976167464635215
982,1.0278481310128882,-0.1256816429945502,0.06517839816429098,1.0001703109898754,273,256,0.9377289377289377,0.5486263112542061,ok,1245.6020094266737,-232.73035224728858,-1.3627951446278121
983,-0.20726504585331895,-0.10653891148012917,-0.0005278852170089058,0.9998786245046117,311,301,0.9678456591639871,0.21552385826923004,ok,1245.8117487274947,-232.62877092723818,-1.3622672594108034
984,-0.284092461786031,-0.10195085284942706,-0.02920712998841532,0.9999543131765134,287,272,0.9477351916376306,0.4556377339285678,ok,1246.0981361042045,-232.5334568479966,-1.333060129422388
985,-0.6233272513845804,-0.12644655467624943,-0.08914218054712858,0.999738531961148,280,257,0.9178571428571428,0.624601386992201,ok,1246.724061458205,-232.4205717527543,-1.2439179488752596
986,-0.5578918782455276,-0.06361676547021489,-0.14924782814156393,0.9997405033103808,288,271,0.9409722222222222,0.6423007672785398,ok,1247.2830668800154,-232.3676248071639,-1.0946701207336962
987,-0.17850146647538168,0.03177842263767161,-0.11171309685462788,0.9998090744708568,305,286,0.9377049180327869,0.4505103234789532,ok,1247.4609969199369,-232.40246074511208,-0.9829570238790684
988,2.0977759359504944,-5.390676126296967,-0.2811086775923447,1.0007820234237417,250,222,0.888,1.1663274573733053,ok,1245.4294101530502,-226.98649285518763,-0.7018483462867243
989,6.537656706971575,10.885056975858447,-0.07167682276350276,0.9995309830959609,291,233,0.8006872852233677,0.5048217861990582,ok,1238.7724312423995,-237.7989880514432,-0.6301715235232217
990,-1.3201589804546074,2.41162697943696,0.07784646880551926,0.9996633873958652,267,244,0.9138576779026217,0.7360300812478684,ok,1240.0626891216964,-240.22674401663699,-0.7080179923287407
991,-6.32792962153394,2.109511441856739,0.4474949385819843,0.9998961527892885,272,226,0.8308823529411765,0.4733150483002813,ok,1246.3467912138544,-242.4634363767408,-1.1555129309107244
992,-0.1901838681390018,0.10107501505217442,0.09960602247521773,0.999980169282485,293,275,0.9385665529010239,0.5325569285822926,ok,1246.534715483977,-242.56865296795627,-1.255118953385942
993,1.8668186571280785,0.09399130258179866,0.19836125352677836,0.9999241534746727,300,259,0.8633333333333333,0.35242292915962375,ok,1244.6661133602604,-242.61526162385678,-1.45348020691272
994,3.0944753445837705,0.07056691248976676,0.11033842913201146,1.0000003319926136,303,253,0.834983498349835,0.32223643919652606,ok,1241.5708647608863,-242.60135279760152,-1.5638186360447313
995,1.274310057734965,0.24483793597278236,0.0008831869018192628,1.0001051216586916,290,281,0.9689655172413794,0.43481943154680713,ok,1240.2903443622,-242.8113033791301,-1.5647018229465506
996,-0.25390543240723673,0.2385049177861447,-0.09013327375180062,0.9997401120774153,291,273,0.9381443298969072,0.5060168387604372,ok,1240.5380282095045,-243.0562631231668,-1.47456854919475
997,-0.3648538258919416,0.026709213229878515,-0.08924655712183367,0.9998059118899821,298,280,0.9395973154362416,0.44807244464089746,ok,1240.902129670539,-243.09178526290975,-1.3853219920729165
998,-0.8246699089386311,0.5947789119460367,-0.23623198971815423,0.9996818280356935,307,259,0.8436482084690554,0.5610466889884528,ok,1241.7147060042853,-243.70298254255022,-1.1490900023547623
999,-1.1152296626962652,1.1148462226288984,-0.40948495433009197,0.9997559677278315,298,251,0.8422818791946308,0.5281557848448802,ok,1242.8154521116162,-244.8321314733222,-0.7396050480246711
1000,-0.2862739602387592,0.3140398678165184,-0.08806974714388308,0.9997174809926446,265,237,0.8943396226415095,0.7310751383165188,ok,1243.0981365557172,-245.149406313094,-0.6515353008807881
1001,-0.5751278839090901,0.991840501268598,-0.04751597264200429,0.9996513686357466,306,293,0.9575163398692811,0.6260947597596209,ok,1243.6627765672104,-246.14725465839888,-0.6040193282387838
1002,8.404997315681385,3.270120201411032,0.11038359099087577,1.0006650529451437,249,211,0.8473895582329317,1.1318864444439591,ok,1235.2176595612998,-249.3123241307436,-0.7144029192296595
1003,2.8186851081809436,5.2189048377567815,0.3182179913145272,0.9998144920059885,277,226,0.8158844765342961,0.5843940376298876,ok,1232.3053788926793,-254.47958401890673,-1.0326209105441861
1004,0.4547652909948283,1.1196655283285963,0.1644128587872391,1.0002179421750599,285,260,0.9122807017543859,0.6162520954227377,ok,1231.8273222941111,-255.58950485112246,-1.1970337693314248
1005,-0.2534468787755486,-0.33549779838210725,0.2659817909572647,1.0000624436214396,287,235,0.818815331010453,0.38826426151320703,ok,1232.0892523697476,-255.26058734085996,-1.463015560288689
1006,-0.4079571552458674,-0.2673359271161644,0.13546990141740206,1.0000069180774462,310,289,0.932258064516129,0.5444110772582111,ok,1232.5045081628484,-255.00473549947628,-1.5984854617060908
1007,-0.442028505098051,-0.22356293394830118,0.0037089993582496163,0.999954038170873,323,301,0.9318885448916409,0.3371531075730601,ok,1232.9526146573635,-254.79361905215808,-1.6021944610643404
1008,-0.6580521973451141,-0.35511155123367644,-0.1237034457723116,0.9997695263653285,326,309,0.9478527607361963,0.46967759668294146,ok,1233.6196102488623,-254.4556045714453,-1.4784910152920292
1009,-0.6294082644133141,0.18532507774489204,-0.2144301894232464,0.9998952340709798,299,260,0.8695652173913043,0.32091568955112715,ok,1234.2447770281192,-254.65476944250997,-1.2640608258687833
1010,-0.5991974003984524,0.48161870058265777,-0.3035079523317528,0.999811890968545,296,258,0.8716216216216216,0.37036827940203265,ok,1234.8358163576936,-255.14636542326218,-0.9605528735370311
1011,-0.39895076347988834,0.7236315267434748,-0.25395000521874805,0.9998423867177235,293,255,0.8703071672354948,0.4418560371672349,ok,1235.2258127897292,-255.8748618756748,-0.7066028683182835
1012,-0.31282111997779793,0.7178977970651204,-0.10444303268600989,0.9997843769795729,307,289,0.9413680781758957,0.6191996660448247,ok,1235.53107190251,-256.59600761281786,-0.6021598356322737
1013,-0.18856527295906744,1.2670193898869684,0.054450456141445724,0.999793378050816,308,300,0.974025974025974,0.3929088101516536,ok,1235.7051050543414,-257.86510471650195,-0.6566102917737193
1014,-0.26078438277500027,1.5867117843411052,0.19620945911779067,0.9999533647903134,299,284,0.9498327759197325,0.6014133190679014,ok,1235.9422439899731,-259.4555222422084,-0.8528197508915095
1015,10.409799240505436,1.304729957783593,0.19149943258925456,1.0009610521682983,259,204,0.7876447876447876,1.380430607265441,ok,1225.510394109361,-260.57030857094514,-1.0443191834807637
1016,-1.861637397767936,7.068237220904734,0.23521345443701433,0.9996874289605527,274,229,0.8357664233576643,0.9749974485460583,ok,1227.2137321483644,-267.6783540643728,-1.2795326379177776
1017,-1.9675017911486066,1.8721489988195117,0.09048890733341518,0.9996832746462324,253,215,0.849802371541502,0.6359443016442724,ok,1229.1359100892626,-269.59700909732635,-1.3700215452511924
1018,-6.076945384366809,1.1893316926020816,0.15421940096749714,0.9998088392544981,263,215,0.8174904942965779,0.6173121595773354,ok,1235.1790691234048,-270.9475660075195,-1.5242409462186894
1019,0.07055749627329533,-0.3843424693752695,-0.02476606390696825,1.0000044977286966,308,293,0.9512987012987013,0.228879503920124,ok,1235.1185931801474,-270.56150881702445,-1.4994748823117214
1020,1.037758386145697,-0.15251409534448612,-0.04012614902341817,1.0000220601459509,297,279,0.9393939393939394,0.3977911096297604,ok,1234.0850555763802,-270.3826148850601,-1.4593487332883033
1021,2.8610892979484106,-0.7185239462180562,-0.13587582146730368,1.000284933343623,291,270,0.9278350515463918,0.5239365936101157,ok,1231.2413252085878,-269.59820030881974,-1.3234729118209998
1022,1.514772976727727,-0.35930301312646407,-0.45893702984064505,0.9999264458962266,309,255,0.8252427184466019,0.43912846266790195,ok,1229.7321459853092,-269.21608265901807,-0.8645358819803559
1023,-0.2020177554898055,-0.3525185984503878,-0.12995221139925736,0.999883913392293,292,278,0.952054794520548,0.6518998112518726,ok,1229.9386666208136,-268.866183012123,-0.734583670581099
1024,-0.5920743717131245,-0.11678375320752821,-0.19510247691997043,0.9997776702063379,301,267,0.8870431893687708,0.43736697666005603,ok,1230.531814334528,-268.75497916161316,-0.5394811936611289
1025,-0.6506721777911935,0.2517778598808036,0.009831485648752037,0.9997917292160059,292,285,0.976027397260274,0.38491306815304593,ok,1231.1800427721164,-269.01298355378424,-0.5493126793098809
1026,-0.4716660920009872,0.587895649081247,0.2570500202231294,0.9998297174593473,284,241,0.8485915492957746,0.5118830295133467,ok,1231.6433885692675,-269.60745884243306,-0.8063626995330097
1027,-0.34142915035840815,0.8735269880842225,0.37662409067300706,0.9998581791632817,289,253,0.8754325259515571,0.39476017417946524,ok,1231.9667105037454,-270.48784863696255,-1.1829867902060158
1028,2.520039361076442,-0.8567267412156525,0.2951368336663652,1.0006207394874775,273,234,0.8571428571428571,0.8266335418434332,ok,1229.469609184834,-269.5664018975467,-1.47812362387238
1029,5.2120316926268515,8.010714546991608,0.11963110843650121,0.999754830905224,227,166,0.7312775330396476,0.622579168759859,ok,1224.03624540477,-277.42867764645143,-1.597754732308881
1030,-5.394123667764688,2.842761143164239,0.10687212566088516,0.9997727506843548,271,213,0.7859778597785978,0.5340233445293818,ok,1229.3434184547953,-280.4306395511579,-1.704626857969766
1031,-3.415008866810922,0.29617395621403375,0.012800247261758359,0.9994638844885786,262,247,0.9427480916030534,0.8037738439899003,ok,1232.7480168542813,-280.8290291983034,-1.7174271052315244
1032,-6.061488467270692,-0.643141655600175,-0.08432311687241689,0.9999930541443373,267,220,0.8239700374531835,0.4754854833938559,ok,1238.8253722520915,-280.35889624186655,-1.6331039883591076
1033,-0.9713946775777913,-1.2662854914444779,-0.19582488170231485,0.9997437881975854,260,239,0.9192307692307692,0.7522029236791259,ok,1239.8282230711347,-279.1173742725829,-1.4372791066567936
1034,0.6287937819147373,-1.372733486254674,-0.32168891363160584,0.9999185248969155,247,223,0.902834008097166,1.0625871813609191,ok,1239.226274899422,-277.7326586905838,-1.1155901930251888
1035,0.9059456730858528,-0.3293275059588723,-0.3452150994318865,0.9999565580878835,284,246,0.8661971830985915,0.32610970209855195,ok,1238.3248389817174,-277.3911803530042,-0.7703750935933036
1036,1.1891205971242016,-0.47750875292615547,-0.18971780577118097,1.0000637329870157,269,241,0.895910780669145,0.6052106971525635,ok,1237.14061862183,-276.90164532580536,-0.5806572878221233
1037,1.0745310746556243,0.22858867123079563,-0.01403168195933979,0.9999663253446525,266,258,0.9699248120300752,0.48935798650529205,ok,1236.0638795055133,-277.1195964359405,-0.5666256058627837
1038,0.8763717133801947,0.7093038299423142,0.17560802704156933,0.9999678837974624,274,259,0.9452554744525548,0.6672286110214879,ok,1235.1783929629203,-277.8174881797447,-0.7422336329043524
1039,0.17699280510032622,0.543931748098089,0.1289980360918428,0.9999998500714484,278,267,0.960431654676259,0.5297792610199076,ok,1234.993149987486,-278.35866582128074,-0.8712316689961949
1040,-0.4841506839761678,1.68403165466043,0.29938621894360545,0.9998763422828344,268,239,0.8917910447761194,0.9719010527159344,ok,1235.4427953383477,-280.05223706487857,-1.170617887939799
1041,-0.7032042001019363,1.8683518128314063,0.2350475574871692,0.999739443946444,268,260,0.9701492537313433,0.7118649112721049,ok,1236.099955329661,-281.9372769555355,-1.4056654454269675
1042,2.5519377609309686,-1.98049189827384,0.09539480654999918,1.000792688021604,254,197,0.7755905511811023,0.9813987805952369,ok,1233.6007731609222,-279.8906155320823,-1.5010602519769662
1043,-7.368479126470675,11.097475322159198,-0.008086757594601262,0.9992260853335546,286,226,0.7902097902097902,0.882215167004379,ok,1240.6776133368808,-291.17630453573213,-1.492973494382365
1044,-1.7180188720296883,4.308321225596956,-0.16942630781916965,0.9997837404877247,272,230,0.8455882352941176,0.6024364975770045,ok,1242.295659370017,-295.5231594519022,-1.323547186563196
1045,0.1518482757885522,0.6919297996161049,-0.2769514132180199,1.0000185647429194,264,232,0.8787878787878788,0.41931700889816315,ok,1242.1311979648642,-296.21220022912235,-1.0465957733451774
1046,0.51499620916411,-0.7166105792499593,-0.3585534733162505,1.0000867912552174,292,251,0.8595890410958904,0.30469639175363206,ok,1241.6248441736732,-295.4894570825669,-0.6880423000289284
1047,0.6491778382660414,-0.4976833683534778,-0.2883735469757627,0.999913284391244,287,256,0.89198606271777,0.4340063290202416,ok,1240.9791537091514,-294.98725749589164,-0.3996687530531669
1048,0.31340618852391344,-0.44740839414907896,-0.09234066881451149,0.9999493473726052,283,272,0.9611307420494699,0.4007049318911656,ok,1240.6681518657067,-294.5381744706792,-0.3073280842386559
1049,0.41592176216067855,-0.47403595332446,-0.010493080449953016,0.9999366750973537,304,285,0.9375,0.33194426652015196,ok,1240.2546915351384,-294.06199010267756,-0.29683500378870287
1050,0.23644940589133512,-0.12400902365254751,0.0926495889295814,1.0000387930440962,290,275,0.9482758620689655,0.395458276874399,ok,1240.0190905730071,-293.9363766235581,-0.3894845927182838
1051,0.09416888796545209,0.31883692181781953,0.23667258264722055,1.000027613226511,284,261,0.9190140845070423,0.8164771714192559,ok,1239.9214429670571,-294.2541654012506,-0.6261571753655031
1052,0.037696367059879776,0.20886901841890904,0.1948307555610107,0.99989866447503,279,250,0.8960573476702509,0.41064506923498373,ok,1239.88075770007,-294.46247284709693,-0.8209879309265129
1053,-0.2674724178136785,0.5021664666787728,0.07461969520483855,0.9998245582277394,286,275,0.9615384615384616,0.42900894424008884,ok,1240.1403482457808,-294.9687587378003,-0.8956076261313511
1054,-0.3870061521392927,0.739168441213792,0.043761315335299276,0.999769247205028,302,282,0.9337748344370861,0.3398527945686718,ok,1240.5151842022165,-295.71417255041933,-0.9393689414666503
1055,-0.3681001876868777,0.8414136788372844,-0.0077682431672515834,0.9998543944453888,311,298,0.9581993569131833,0.3900300739267814,ok,1240.8695553709194,-296.56145986998763,-0.9316006982993985
1056,8.747640298885244,0.07811141585762016,-0.19383723658242913,1.0010340822222985,282,231,0.8191489361702128,1.1804359382702725,ok,1232.1216344827403,-296.5269297942698,-0.7377634617169702
1057,-3.185046764312574,6.635561380281615,-0.0930906719622091,0.9996015901369458,266,219,0.8233082706766918,0.4988460149456215,ok,1235.2318201121914,-303.1979074641996,-0.6446727897547616
1058,-7.45029713883082,2.8063849355115735,-0.08338868911408534,0.9997733361921687,275,242,0.88,0.5576566208235083,ok,1242.654268139541,-306.0771415888288,-0.5612841006406767
1059,-3.0151572271888654,0.29978549858299175,-0.029800611191401198,0.9996817903910493,303,287,0.9471947194719472,0.3959931989216875,ok,1245.6665148340553,-306.40488279956617,-0.5314834894492756
1060,-3.207768475732564,0.21196487569091005,-0.04489138706180836,0.999568542180044,292,273,0.934931506849315,0.5189959517508916,ok,1248.8723675120589,-306.64408210844863,-0.4865921023874674
1061,0.032388609335157525,-0.01076279254664314,-0.016825733677937767,0.9999439930743215,338,319,0.9437869822485208,0.24913792160200546,ok,1248.840068234172,-306.63305412739794,-0.46976636870952987
1062,0.843743389746578,0.1903913044636738,0.05058379122226138,1.0000854885675396,278,260,0.935251798561151,0.43610298098694655,ok,1247.9946305634965,-306.81577495696945,-0.520350159931791
1063,1.2205694507210865,0.14474702662016625,0.08966696819938198,1.0000318952010996,278,259,0.9316546762589928,0.5038051458097748,ok,1246.7725892260498,-306.9475188574768,-0.6100171281311726
1064,0.6231434251119481,0.22386686773063502,0.04954489646321117,0.9999613694440527,293,281,0.9590443686006825,0.3191055331725083,ok,1246.146910095488,-307.16419771732876,-0.6595620245943834
1065,1.0629790559162302,0.38989736904420624,0.09688558606277793,1.0000398469111667,279,266,0.953405017921147,0.5129473135830214,ok,1245.078876209035,-307.54002753133,-0.7564476106571609
1066,0.5558759308842127,0.6245356933656012,0.05991273110620258,0.9998631629152641,284,273,0.9612676056338029,0.4763117807950686,ok,1244.5141585082222,-308.1565798820783,-0.8163603417633633
1067,-0.2377176667753247,0.7415206653970472,-0.0028981186750831165,0.9998340690818088,273,268,0.9816849816849816,0.4318589953912858,ok,1244.7413247610575,-308.90140071951555,-0.81346222308828
1068,-0.32631985124066887,0.45100632107096317,-0.028485990739112354,0.9998463100808228,279,270,0.967741935483871,0.3354285497945454,ok,1245.0614352047796,-309.35683529306004,-0.7849762323491678
1069,1.0957948594314075,-4.11367784306276,-0.16467273913924757,1.0005426219083413,244,229,0.9385245901639344,1.0073651680065787,ok,1244.0102397616167,-305.2315353147874,-0.6203034932099211
1070,-6.42030189356251,10.111248044346212,-0.1912304114293026,0.9993416758910553,180,141,0.7833333333333333,0.8970596526659217,ok,1250.3546418471149,-315.3905793444343,-0.4290730817806195
1071,-1.0789316903221788,4.001584774424828,-0.27287671455469475,0.9997152534173197,218,179,0.8211009174311926,0.5799608497212524,ok,1251.4226606578563,-319.395090565444,-0.15619636722592617
1072,0.3711432470752243,1.148868052295029,-0.16727458749642626,1.000127464143369,242,209,0.8636363636363636,0.49371861267615336,ok,1251.0517395529857,-320.54403035733685,0.01107822027049911
1073,0.11803187770578916,0.009480626103822942,-0.010929980530573416,1.0000969544432907,294,275,0.935374149659864,0.47612530553349625,ok,1250.9337113256436,-320.5535563206216,0.02200820080107246
1074,0.9333497691106913,0.7047541722479309,0.193805855538939,1.0001577948746814,277,248,0.8953068592057761,0.7142144137752098,ok,1249.9982525960074,-321.25550874062446,-0.17179765473786546
1075,0.41850650530341227,0.13548624456723246,0.31059446736527074,1.000099468250003,261,228,0.8735632183908046,0.3971198505989555,ok,1249.578620233523,-321.3874666801504,-0.48239212210313454
1076,-0.061657216599087405,0.03680826657546277,0.0013360393668136003,0.9999497106978084,325,317,0.9753846153846154,0.18632942945746891,ok,1249.6399644971366,-321.424794178978,-0.4837281614699481
1077,0.46691878394972264,0.5708197244561006,0.6986954967946878,0.9998743480115553,262,214,0.816793893129771,0.49751788836881883,ok,1249.1613658618232,-321.98585714773435,-1.1824236582646317
1078,-0.1956912692780861,0.5860378757417948,0.1260155456095222,0.9999183427053069,280,261,0.9321428571428572,0.5431884225579107,ok,1249.3436241728973,-322.5762107474693,-1.3084392038741535
1079,-0.2020531706125439,0.38927966793244195,-0.06682562498427132,0.999783924257674,284,268,0.9436619718309859,0.48178784883532155,ok,1249.537194777782,-322.9697772152289,-1.2416135788898826
1080,-0.27320569096127656,0.17300348737785498,-0.09531259984426281,0.9998661033935469,293,278,0.9488054607508533,0.4049152200089171,ok,1249.8068847901477,-323.1482116666356,-1.1463009790456204
1081,-0.6365186120078761,0.8516979658761556,-0.3414037302630353,0.9996945714473785,278,245,0.8812949640287769,0.4037718583728428,ok,1250.4313762441998,-324.0087671804324,-0.8048972487825874
1082,-0.5429655849322899,0.9909395988559027,-0.30075008080175986,0.9998724674056586,251,209,0.8326693227091634,0.5348623158590454,ok,1250.9656016175236,-325.00444592656424,-0.5041471679808295
1083,7.124818189554617,4.885486791393305,-0.19160476281839492,1.0003489014983957,217,183,0.8433179723502304,0.7992040974513774,ok,1243.8142397497545,-329.8509950967783,-0.31254240516243587
1084,-2.405955375118765,5.863896877620505,-0.0581390750326791,0.9997559999942248,247,212,0.8582995951417004,0.5793012813747785,ok,1246.194134760916,-335.72551700024235,-0.25440333012975713
1085,-6.403514008565708,1.6900094000558283,0.04256305683367332,1.0001288950956297,242,215,0.8884297520661157,0.6344111728917841,ok,1252.5888034087777,-337.4486932286736,-0.29696638696343014
1086,-4.758472370965592,-0.6545411484283932,0.09542172937185718,1.0000903118969524,272,233,0.8566176470588235,0.45270762416612487,ok,1257.3516467573404,-336.826755404384,-0.3923881163352867
1087,-1.1001231006951002,-1.0201460857672373,0.10793404357659223,0.9999368710200908,290,260,0.896551724137931,0.4559096248569525,ok,1258.4606359915615,-335.81625466149933,-0.5003221599118781
1088,0.22348408835091504,-0.8751139289798857,0.20264156660576355,1.0000036276899518,259,227,0.8764478764478765,0.3842359244234974,ok,1258.2479052544727,-334.93846473222357,-0.7029637265176403
1089,0.7504258466797182,-0.48819324922408214,0.20831859143289816,0.9999341302162107,251,224,0.8924302788844621,0.29066813321191254,ok,1257.5053386477236,-334.43839830214176,-0.9112823179505369
1090,1.0403826131173446,-0.18905267748823462,0.09819578641855178,1.0000228994342877,271,255,0.940959409594096,0.45790974037895527,ok,1256.4684482010175,-334.2310457085432,-1.0094781043690881
1091,0.8139040651815321,0.14340683335012727,-0.02409030689945984,0.9999541448772263,294,276,0.9387755102040817,0.3278433747355856,ok,1255.6521982745855,-334.36043428906873,-0.9853877974696285
1092,0.7528853834573965,0.38551566055434705,-0.16142028720049487,0.9999101811655522,264,246,0.9318181818181818,0.5248502774966642,ok,1254.893846853709,-334.73508325491673,-0.8239675102691346
1093,0.12559728624228228,0.344206689379007,-0.1035909284770214,0.9998463642408365,273,265,0.9706959706959707,0.39895206458310023,ok,1254.7639319173381,-335.0776836528038,-0.7203765817921138
1094,-0.19955378832946735,1.240212572257633,-0.2764813793885321,0.9998110734949777,269,234,0.8698884758364313,0.4680026671817413,ok,1254.9538713493573,-336.31940501888664,-0.44389520240358327
1095,-0.7287246671867251,1.9536875399808196,-0.3532618549344086,0.9996466165712538,268,242,0.9029850746268657,0.5432615444745186,ok,1255.6795046648363,-338.27424284743154,-0.09063334746917691
1096,1.1729439966909467,-6.212290526254378,-0.2588264421242379,1.000718651174056,270,239,0.8851851851851852,1.0708781496067732,ok,1254.4883294246692,-332.0654222871983,0.16819309465505936
1097,-4.24783036816757,7.120427724781393,0.023601193440947747,0.9995433327193793,222,172,0.7747747747747747,0.6374075789632578,ok,1258.7541153926582,-339.17510750497445,0.14459190121411175
1098,3.487334241730423,6.590769324309008,0.10277252853515491,0.9997543101356234,270,225,0.8333333333333334,0.5677198473589312,ok,1255.271592587984,-345.7684204290455,0.041819372678957446
1099,7.2185458361830115,2.6216962269520536,0.24518645360690175,1.0000889941763629,264,216,0.8181818181818182,0.6452995863784277,ok,1248.043786727895,-348.36447850704576,-0.2033670809279428
1100,5.485157990815196,0.1152824119997149,0.3230378738876618,1.0000950835782905,264,219,0.8295454545454546,0.5550792968518059,ok,1242.5578010947354,-348.4293618753694,-0.5264049548156028
1101,0.9377124758848367,0.07075617696818881,0.1713059704656558,1.000217904047725,270,235,0.8703703703703703,0.6630557373842155,ok,1241.6192965420687,-348.48869423275767,-0.6977109252812576
1102,-0.2678720061430795,0.17278342095096377,0.11768961542056564,0.9999708260712218,312,290,0.9294871794871795,0.4108316387499654,ok,1241.8846825510025,-348.66527222825187,-0.8154005407018226
1103,-0.40621286209284335,0.06646575491959084,0.02260611012568765,0.9999177198955626,316,309,0.9778481012658228,0.29163837366164,ok,1242.28987987369,-348.7376719215779,-0.8380066508275099
1104,-1.2994795601007354,0.14941410582537173,-0.006972508018335048,0.99976522264589,275,260,0.9454545454545454,0.4804310682008398,ok,1243.587055679364,-348.90591766837156,-0.8310341428091749
1105,-1.520574034555466,0.12566904810705637,-0.08206755964117035,0.9998591130820381,278,263,0.9460431654676259,0.48424468081493816,ok,1245.105857110823,-349.0514522553766,-0.7489665831680051
1106,-1.4256913173774137,0.642579806903882,-0.2046341678586868,0.9997809503751769,268,234,0.8731343283582089,0.4883251405307274,ok,1246.5253794202574,-349.70754748756656,-0.5443324153093196
1107,-1.1516671484214385,0.7661712303462309,-0.26220841746198037,0.9997513486735226,255,221,0.8666666666666667,0.4305812712712778,ok,1247.6732600009461,-350.4793802074229,-0.2821239978473406
1108,-0.6263646512554715,0.8827538390565906,-0.11694228934514526,0.9997344992498158,289,269,0.9307958477508651,0.4761210037311161,ok,1248.2970771045816,-351.36393616264775,-0.16518170850219602
1109,-0.27330845487335864,0.5206820236790008,0.004466512012912439,0.9999506354220234,285,269,0.9438596491228071,0.29991498632879565,ok,1248.5688426658278,-351.88542514719916,-0.16964822051510842
1110,1.6237460752104198,-0.8811817555265407,0.14246925620165543,1.0003413163169736,190,152,0.8,0.7155343483352952,ok,1246.9499208770533,-350.99541118951936,-0.312117476716763
1111,8.192851612517188,11.563170122190854,0.3331660249548598,0.99970114796123,190,146,0.7684210526315789,0.7499183878748397,ok,1238.627363460309,-362.46557940382445,-0.6452835016716209
1112,1.456193717010592,3.9298742638408157,0.38897150360987437,1.0006681216660727,178,137,0.7696629213483146,0.9376653800187721,ok,1237.1004720653852,-366.3685288704671,-1.0342550052814927
1113,-0.2336709837188664,-0.15515808493603345,0.20919938107870473,0.9999610353675451,281,245,0.8718861209964412,0.46290345535777117,ok,1237.3374550568974,-366.21847814008856,-1.2434543863601966
1114,-0.863086323093512,-0.8524322473190296,0.25955960080518714,1.000282978026068,265,235,0.8867924528301887,0.48336909806058354,ok,1238.2226033330128,-365.38897752726746,-1.5030139871653823
1115,-1.143853706726759,-1.404715771969677,0.06955961737477277,0.9999408992692055,294,278,0.9455782312925171,0.39061778153364,ok,1239.404576039,-364.01618175778333,-1.5725736045401546
1116,-0.9226821196568835,-0.9144528029581807,-0.13518471607075794,0.9998354517863396,286,275,0.9615384615384616,0.4768258755488845,ok,1240.349906446951,-363.1251617565621,-1.4373888884693973
1117,-1.1184624753934713,-0.5205515236750671,-0.27672760556728354,0.9999674786139982,259,226,0.8725868725868726,0.45197992762193956,ok,1241.478683722568,-362.6273725846081,-1.1606612829021155
1118,-1.0940793218794624,-0.1950722473825408,-0.338158731678026,0.9998391515840868,264,238,0.9015151515151515,0.39044461162188293,ok,1242.5754505537593,-362.44802581920396,-0.8225025512240912
1119,-1.443877941326491,0.6097455134326992,-0.3300399175995057,0.9996038155256195,226,211,0.9336283185840708,0.6388146779176771,ok,1244.0140344059853,-363.0701589245083,-0.49246263362458736
1120,-0.36311893199808765,0.36513837599454746,-0.040774942649301656,0.9998370382063799,290,272,0.9379310344827586,0.3682089033728735,ok,1244.3742635386654,-363.43814854986215,-0.4516876909752859
1121,-0.9005525044715341,1.7022234285209379,0.10133223745892338,0.99963518596483,262,251,0.9580152671755725,0.5520222781443364,ok,1245.2583444580123,-365.14898470273044,-0.5530199284342088
1122,-0.2733612711049318,0.8868325096329954,0.10582837088575694,0.9999090021532221,256,246,0.9609375,0.42406095205511696,ok,1245.521490129993,-366.0389019123629,-0.6588482993199651
1123,2.682216127276888,-4.595254356049054,0.2443956295121809,1.0010462060172851,214,189,0.883177570093458,1.1484412336038285,ok,1242.91204654737,-361.40193629470764,-0.9032439288321447
1124,7.498436103603581,11.05989647682486,0.3410086494484836,0.999539358631194,258,208,0.8062015503875969,0.625945991408933,ok,1235.1752172986432,-372.2963994413684,-1.2442525782806262
1125,-1.0134062745382835,2.9253552043476247,0.19272191666127114,0.9998917681383541,340,302,0.888235294117647,0.4723925817876027,ok,1236.1149448412739,-375.24624816537084,-1.436974494941896
1126,-6.669406094205669,3.06279229073607,0.42168041466241735,0.9997741429089044,247,201,0.8137651821862348,0.6332359010828873,ok,1242.681503554314,-378.5237443032504,-1.858654909604311
1127,-0.8343467724871516,-0.20276047408549402,-0.04214321808893743,0.9999204920356486,309,271,0.8770226537216829,0.36479147946048146,ok,1243.521858303353,-378.3475335136304,-1.816511691515374
1128,2.527643689116985,-0.014480862629739022,-0.2592683840162225,1.0000409016583378,293,253,0.863481228668942,0.4661560678850513,ok,1240.9955416683104,-378.26436757094234,-1.557243307499153
1129,3.3359474328162833,-0.16229908995353526,-0.40276698698872515,0.9999303460352859,287,264,0.9198606271777003,0.3717182073807316,ok,1237.66354141808,-378.03488859243225,-1.1544763205104305
1130,0.986796366063345,-0.09921763981606091,-0.10825079774325445,1.0000487792711892,306,291,0.9509803921568627,0.45728063493213933,ok,1236.6787211828314,-377.91766951390343,-1.0462255227671766
1131,0.20775476294761575,-0.09575967384944306,-0.14880725037217815,0.9998325519240191,306,278,0.9084967320261438,0.5715712671709486,ok,1236.472491716459,-377.8186676762292,-0.8974182723949994
1132,-0.43873206253056196,0.25678492502345307,-0.06795334325984898,0.9997665093977678,309,293,0.948220064724919,0.4643371807094699,ok,1236.9074604866562,-378.08177694889844,-0.8294649291351508
1133,-0.7610094367194051,0.5655606510464395,0.03020117241529766,0.9998452863161053,316,303,0.9588607594936709,0.3851321016085203,ok,1237.6598989098518,-378.65869170177496,-0.8596661015504484
1134,-0.6616577552099443,0.9475514847005115,0.1145241696063422,0.9998235101187899,295,272,0.9220338983050848,0.5539994615726597,ok,1238.3053507475731,-379.61735573383714,-0.97419027115679
1135,-0.43910110522119794,1.2759000487944832,0.17628986805378732,0.9999042794446803,277,255,0.9205776173285198,0.5977415687961197,ok,1238.7187454087477,-380.90181498551954,-1.1504801392105763
1136,-0.5374423922735332,1.377785365248542,0.16132219650849808,0.9998723602652423,285,275,0.9649122807017544,0.5349600259948316,ok,1239.224504933363,-382.29154306718397,-1.3118023357190733
1137,8.968326206607344,5.147891957222896,0.060900950087115706,1.0003450896231103,201,150,0.746268656716418,0.9098553295353997,ok,1230.1354301053495,-387.2231133365949,-1.3727032858061887
1138,2.267422348452328,5.652548542132536,0.03497972984194499,0.9999022357479027,233,177,0.759656652360515,0.5270718948982968,ok,1227.729830236681,-392.8182539424499,-1.4076830156481333
1139,0.3006030242297584,1.435255809604314,-0.01582924243588383,1.0000754211828986,205,186,0.9073170731707317,0.6522039748626505,ok,1227.3944534806417,-394.24578462467286,-1.3918537732122498
1140,-1.016212674659073,-0.7435094632189703,-0.07321837449414043,0.9999330178849063,286,253,0.8846153846153846,0.6869979091447922,ok,1228.4275070490514,-393.5258576514109,-1.3186353987181099
1141,-1.0427056249893667,-0.8981576726929461,-0.10150781678132716,0.999861959034019,305,281,0.921311475409836,0.5610832758545882,ok,1229.4890554412316,-392.6500510309395,-1.217127581936783
1142,-1.2956184136746742,-0.6509181743360841,-0.22331156930221818,0.9999460945031103,312,274,0.8782051282051282,0.3046181586715046,ok,1230.7957688038582,-392.02170261527556,-0.9938160126345662
1143,-1.242664241768125,-0.5130761614097992,-0.19470838409468352,0.9999580696832715,289,255,0.8823529411764706,0.43661712830766564,ok,1232.0454678573778,-391.52600730481936,-0.7991076285398839
1144,-0.5290839069277808,-0.12043769968340712,-0.052700494162893394,0.9998642965455269,316,294,0.930379746835443,0.46522682142241867,ok,1232.57607579874,-391.41247214445775,-0.746407134376991
1145,-1.4813284075717092,0.2168304650168693,0.01414972851576772,0.9997960541734021,313,297,0.9488817891373802,0.43037637119282185,ok,1234.0543955284525,-391.64894641024944,-0.7605568628927586
1146,-0.8782585832373115,0.7498432678453355,0.1523752043962123,0.9998068875007602,283,264,0.9328621908127208,0.7428850932549392,ok,1234.9205953771393,-392.4126877849949,-0.9129320672889698
1147,-0.745851115700134,1.1501602914145224,0.23454935911160302,0.9998987468278487,281,259,0.9217081850533808,0.7145139477103096,ok,1235.6432638209267,-393.5775538301226,-1.1474814264005713
1148,-0.4836949274465496,1.4094180717631843,0.3704531948963601,0.9997570468318709,298,267,0.8959731543624161,0.44739378058777934,ok,1236.089453726674,-394.9992903218325,-1.517934621296929
1149,-0.2007248444178913,0.9732631869695751,0.1603393762425879,0.9998998329198343,293,272,0.9283276450511946,0.5069950302212131,ok,1236.261588295948,-395.9780146876975,-1.6782739975395156
1150,-0.5934794284537475,1.8912708072709847,0.23869420663684313,0.9998126144574195,229,203,0.8864628820960698,0.826279320983067,ok,1236.7914703734202,-397.8880796296319,-1.9169682041763574
1151,9.825085398043257,3.741505093582873,-0.12247465089584024,1.0007673555246825,203,150,0.7389162561576355,1.1413536131662783,ok,1226.854039335505,-401.3200801848219,-1.794493553280518
1152,0.86659255502218,2.2385547845751717,-0.09896738646057796,0.9999662337370904,344,317,0.9215116279069767,0.5318107439299374,ok,1225.9215914016354,-403.53201396108807,-1.6955261668199408
1153,0.6545188245820555,3.199628698653896,-0.5272290077318227,0.9999196606684954,268,221,0.8246268656716418,0.541078590638033,ok,1225.2019707089817,-406.7176323876555,-1.168297159088122
1154,-0.5338288148666379,0.46960278170627134,-0.28586126957869484,1.0000547148766534,332,287,0.8644578313253012,0.4391342307611693,ok,1225.728503952219,-407.1954008670825,-0.8824358895094293
1155,-0.6144740090721825,0.17880854779332367,-0.19739755064762407,0.9998269510813822,348,319,0.9166666666666666,0.6059774081207302,ok,1226.3407962269832,-407.38154321812965,-0.6850383388618067
1156,-0.36553501889466133,0.07817719247429977,-0.045497737354372125,0.9999102289821888,344,327,0.9505813953488372,0.36591072712355815,ok,1226.7054358720266,-407.4637955902791,-0.639540601507435
1157,-1.1100353843903576,0.7103930736150232,0.05808188403037291,0.9998545695227012,316,298,0.9430379746835443,0.5283449297050371,ok,1227.8067395789935,-408.18765125176037,-0.6976224855378075
1158,-0.5977548777718766,0.6812593673673746,0.18809550575187253,1.0000017775481074,315,285,0.9047619047619048,0.5670386698074805,ok,1228.393892073608,-408.8780693624684,-0.8857179912896788
1159,-0.36187510253034816,0.38494615581316793,0.12125238469886195,1.0000037198724265,341,323,0.9472140762463344,0.3744623331307342,ok,1228.7489462292012,-409.269315677854,-1.0069703759885398
1160,-0.6203457392241489,0.925311783271809,0.2697840386441273,0.9998626860664654,316,296,0.9367088607594937,0.7149583009221453,ok,1229.3485204142598,-410.2082201080524,-1.2767544146326653
1161,-0.6578818944256,1.2319649802134336,0.28592301728783703,0.9997769469489746,304,282,0.9276315789473685,0.6482098734196992,ok,1229.9725613539347,-411.4576676680143,-1.5626774319205003
1162,-0.17442855615263397,0.49864802238994343,0.046635653431937645,1.0000146532688805,352,333,0.9460227272727273,0.3395940811266577,ok,1230.1329170186787,-411.96101767766913,-1.6093130853524376
1163,-0.44268294714424883,0.9453333422291053,0.011787907449383517,0.9998317109346899,286,271,0.9475524475524476,0.6736526902609148,ok,1230.5486795206846,-412.91849606465667,-1.621100992801821
1164,8.250443058189376,0.8811905458024967,-0.21759405657048786,1.0007724580925648,230,180,0.782608695652174,0.8416910561839133,ok,1222.2791283337006,-413.5973411134644,-1.4035069362313344
1165,1.9058224764935403,6.847415585673161,-0.23949279652363,0.9997020638574401,255,203,0.796078431372549,0.5260744899814073,ok,1220.2345974441998,-420.40462786786975,-1.164014139707706
1166,0.31392634537814956,2.4743576657361928,-0.356893724440885,0.9999372128965357,280,231,0.825,0.5480943163814472,ok,1219.885847348491,-422.87431792515486,-0.8071204152668232
1167,-0.9042535508531273,0.06668847380660736,-0.2820118286858041,1.0000438068355575,333,275,0.8258258258258259,0.5430009969555915,ok,1220.7894517403736,-422.9492908518655,-0.525108586581021
1168,-1.1328256604431317,-0.20198938577709669,-0.11324356509126614,0.9997581934103766,319,288,0.9028213166144201,0.5873877139198338,ok,1221.9237001007707,-422.7554498194138,-0.41186502148975546
1169,-0.7542811873249775,0.027937697260199457,0.04325959222204932,0.9998280436568986,335,315,0.9402985074626866,0.3831732695946361,ok,1222.6777355728016,-422.7893781468074,-0.4551246137118046
1170,-0.9685073210337123,0.14836626043643264,0.22393153745766486,0.9999166430714397,325,286,0.88,0.44655438510002904,ok,1223.6444165132734,-422.94921224035534,-0.679056151169468
1171,-1.010427216786411,0.28371219089422084,0.3484876834327923,0.9998964415082758,303,263,0.8679867986798679,0.42452055363395236,ok,1224.649593414725,-423.25099886112196,-1.0275438346022578
1172,-0.7943521330078056,0.28427120763421954,0.39585079876794854,0.999866200297436,295,256,0.8677966101694915,0.4078524650917531,ok,1225.4366390335658,-423.5549143503074,-1.423394633370204
1173,-0.9621453267868674,0.585742025561558,0.33287445309158187,0.9998988902792236,270,238,0.8814814814814815,0.4757308593800488,ok,1226.3803806360265,-424.1698689324935,-1.7562690864617838
1174,-0.6996655065813684,0.9666383899077573,0.14223759353065307,0.9999153660708435,283,262,0.9257950530035336,0.6544230445254644,ok,1227.047638193775,-425.1591560240754,-1.898506679992436
1175,-0.555492710051567,0.8291408252412111,-0.03649153423193026,0.9998278477868051,309,290,0.9385113268608414,0.44468361488436936,ok,1227.5758966704987,-426.00590843226337,-1.8620151457605059
1176,-0.703275161133206,1.211770488044408,-0.24014995055914007,0.9997669008674224,311,270,0.8681672025723473,0.48623139865717013,ok,1228.2445932198852,-427.2370983415791,-1.6218651952013672
1177,3.4215030433790616,-5.984858155248276,-0.408658985285788,1.00108013823755,259,222,0.8571428571428571,1.4353105712042828,ok,1224.950573742867,-421.18113880577323,-1.2132062099155818
1178,-8.272603375485915,7.761868392074916,-0.06003527658204924,0.9995114836393022,242,176,0.7272727272727273,0.8296497758072876,ok,1233.0652919332215,-429.10792354077876,-1.1531709333335327
1179,3.080297792512738,9.408033130515264,-0.23893693781936787,0.9996265500082947,286,223,0.7797202797202797,0.5486553904801961,ok,1229.835274357061,-438.46561066597826,-0.9142339955141664
1180,4.183477412628918,1.0926976295003215,-0.09773119271655581,0.9999786195586532,306,253,0.826797385620915,0.532997875076821,ok,1225.6366505925919,-439.49858203824635,-0.816502802797611
1181,1.1628541046095506,0.024367352985109392,-0.01693622167723504,1.000163845403622,337,311,0.9228486646884273,0.3735493119098775,ok,1224.4735696784871,-439.50671983550944,-0.799566581120376
1182,-0.6556443257265983,-0.21354863063788798,0.04947841448834334,0.9999080381068127,327,309,0.944954128440367,0.4077994541492041,ok,1225.13230640094,-439.3029100467435,-0.849044995608719
1183,-3.56904641138226,-0.16577838118496402,0.13055340342331698,0.9999294982622913,303,258,0.8514851485148515,0.4791843149514776,ok,1228.703665393348,-439.19817368431654,-0.9795983990320352
1184,-4.6226496673798465,-0.40546927635023167,0.424531379672147,0.9999225079774382,291,246,0.845360824742268,0.5259833218427754,ok,1233.3348627142984,-438.906100652673,-1.404129778704179
1185,-0.3248082192685615,0.04456703195864975,0.11274284745618153,0.9999349851641034,331,318,0.9607250755287009,0.4683017806898637,ok,1233.6583773634152,-438.95925017241734,-1.5168726261603598
1186,-0.42777232006505983,0.08536526171246805,0.12971645370651674,0.9999313083446825,284,267,0.9401408450704225,0.6372602305845966,ok,1234.083520124545,-439.05687198545036,-1.6465890798668754
1187,-0.10578607013394503,-0.03369833306453529,-0.028026082140684246,0.9999497766365331,306,293,0.9575163398692811,0.40478654477881565,ok,1234.190215813913,-439.02617507752836,-1.6185629977261917
1188,-0.4248907007820435,0.3756090075683005,-0.35406639274981844,0.9997836888682137,289,252,0.8719723183391004,0.4387481456082924,ok,1234.6067141648664,-439.41106903413277,-1.264496604976376
1189,-0.2438158681825371,0.010370048470349502,-0.15701961592184763,0.999876429989164,307,292,0.9511400651465798,0.5046522773090204,ok,1234.8502840564208,-439.42614959814546,-1.1074769890545293
1190,-0.7095579084937071,0.8607779296427225,-0.39112245764450915,0.9998171118956674,251,202,0.8047808764940239,0.5888951161652047,ok,1235.5490247003431,-440.29573144144547,-0.7163545314100229
1191,-8.908612816845562,5.456775856462173,-0.2993054892228964,0.999594237916251,190,146,0.7684210526315789,0.7975469379578322,ok,1244.4176826597534,-445.8172068843969,-0.4170490421871285
1192,2.296492787597799,5.743938805538505,-0.2274835951672971,0.9997856440154247,341,285,0.8357771260997068,0.47098765010808386,ok,1242.1021984178515,-451.55351622497153,-0.18956544701983294
1193,6.57920138845293,1.0734180320448559,-0.058662229658426004,1.0002496027114876,308,242,0.7857142857142857,0.6986357465832111,ok,1235.5205617728966,-452.61190001884256,-0.1309032173614073
1194,4.6115351574080705,-0.889846378184302,0.1385433278140506,1.000174681355808,320,281,0.878125,0.5111215934281363,ok,1230.9132623002486,-451.70037675851563,-0.2694465451754569
1195,-0.33187388406054197,-1.087361864093623,0.31547012461414514,1.0002777890644716,330,290,0.8787878787878788,0.43956373264525395,ok,1231.2562192727294,-450.6164595045551,-0.5849166697895999
1196,-3.65447334257874,-0.8298711669682461,0.28813000868843547,1.0000469635006648,322,284,0.8819875776397516,0.524164027460722,ok,1234.922913075959,-449.8423677020264,-0.8730466784780332
1197,-2.036463102521111,-0.04749832740344573,0.10480250516180831,0.9998976545847289,346,326,0.9421965317919075,0.4464455015513279,ok,1236.9598902032824,-449.82963028479037,-0.9778491836398411
1198,-3.1255953620850505,-0.596088279765354,0.176841887611197,1.0000399822178632,306,263,0.8594771241830066,0.5189762414950111,ok,1240.0968631066557,-449.2966494143403,-1.1546910712510368
1199,-0.3451755516175581,-0.04632229740434468,-0.05724833242365431,0.9998918773301815,320,304,0.95,0.48743091197963057,ok,1240.4428625445476,-449.2569466984405,-1.097442738827383
1200,-0.08056031275850728,0.08747304256121424,-0.06721416607935099,0.9999354817628233,328,312,0.9512195121951219,0.38324576715821823,ok,1240.5218370770103,-449.34585406815165,-1.0302285727480325
1201,-0.19597159386989915,0.6345466083162137,-0.21333451872881284,0.9998151993723244,312,270,0.8653846153846154,0.4790665927730484,ok,1240.7087420170742,-449.9831301520501,-0.816894054019221
1202,-0.598735092052948,1.1100106589290135,-0.26087576847549204,0.9997385501225629,305,268,0.8786885245901639,0.503190229538631,ok,1241.296677153962,-451.0988987876568,-0.5560182855437307
1203,-0.482526578426814,0.5513612648979915,-0.10153878569339789,0.9997537486348732,319,306,0.9592476489028213,0.46421112844264917,ok,1241.7748151104468,-451.65407014668654,-0.45447949985033353
1204,0.7456978508087104,-6.628632770234049,-0.2643102460916405,1.0003644134131604,293,242,0.825938566552901,1.2262291089181212,ok,1241.0511222865484,-445.022998861897,-0.1901692537586947
1205,-5.459931175994825,7.104715335719334,0.039419987046944716,0.9995146270858397,266,219,0.8233082706766918,0.6592203455741401,ok,1246.4825404835601,-452.1495355254789,-0.22958924080563917
1206,-1.3216325293478803,3.91898903222841,0.06143418096596634,0.9997154921652381,328,293,0.8932926829268293,0.6026403810062833,ok,1247.784250262572,-456.0751869655055,-0.2910234217716051
1207,-0.7576862990117661,5.5059376050921855,0.2783750720911811,0.9999247071898507,319,292,0.9153605015673981,0.5693467676477553,ok,1248.487182708653,-461.5883823561228,-0.5693984938627844
1208,0.5361705484147024,0.08527374541472454,0.07268815056705705,1.0001422412937118,361,341,0.9445983379501385,0.40260215887690914,ok,1247.950090225258,-461.6676422635488,-0.6420866444298411
1209,0.8357741726058521,0.021035869450088285,0.11305786978081181,1.000256484492401,350,321,0.9171428571428571,0.49760331886454434,ok,1247.1141114014615,-461.6776613234755,-0.755144514210652
1210,0.6646338308096347,0.16493867875897195,0.058848950497070646,1.0000807376203769,332,308,0.927710843373494,0.5863440451413868,ok,1246.4472014598318,-461.83314131113593,-0.8139934647077224
1211,0.5538509329667249,-0.14879835297551836,-0.013377294260204224,0.9999964236841654,367,351,0.9564032697547684,0.3481583212702667,ok,1245.8954837467174,-461.67661856252687,-0.8006161704475183
1212,0.11749672026280678,0.13418510157293895,-0.03459788636149611,0.9999474635371417,336,329,0.9791666666666666,0.3505897211422971,ok,1245.776203587454,-461.8092208414015,-0.7660182840860225
1213,0.09268617951329361,-0.16871350333326518,-0.12794587117447903,0.9997849300459278,326,310,0.950920245398773,0.5522030145465927,ok,1245.6854019884895,-461.639485624946,-0.6380724129115444
1214,-0.08687064654804999,0.07959883552371139,-0.07435314051652712,0.9998787920001168,359,340,0.947075208913649,0.40515923991803804,ok,1245.7714852894885,-461.7199352932952,-0.563719272395018
1215,-1.1902799891890936,1.1109113441641512,-0.2740247851682035,0.9996368310043384,312,263,0.842948717948718,0.6593214400793088,ok,1246.9561331842758,-462.8368506135557,-0.2896944872268165
1216,-0.8442608934433338,0.6572792847098299,-0.03661884821915942,0.9997878628353483,312,286,0.9166666666666666,0.5773903536334866,ok,1247.7974826467669,-463.49785257744986,-0.2530756390076574
1217,-0.8240176942485959,0.9964313582080422,0.021184181150139505,0.9996932300310815,311,284,0.9131832797427653,0.5776918492886141,ok,1248.616721264233,-464.49821686095254,-0.2742598201577967
1218,6.437187236403361,2.0391370979061776,0.034655548628956305,1.0001034376341298,255,216,0.8470588235294118,0.7794287304048486,ok,1242.1686334511699,-466.5026178127579,-0.30891536878675274
1219,-2.20485408486752,4.9844428009835156,0.1717556349803766,0.999610831772601,309,272,0.8802588996763754,0.8060134352414127,ok,1244.3315944936487,-471.5053821586523,-0.4806710037671279
1220,-5.9430338305608075,2.228586026758876,0.29861080499987985,0.9998840327871357,262,204,0.7786259541984732,0.7009852780720822,ok,1250.2437684990082,-473.8145909669257,-0.7792818087670054
1221,-2.6587603930847763,0.3340071309654604,0.12428823495081437,0.9998634459411396,311,274,0.8810289389067524,0.6405880214261961,ok,1252.896931115043,-474.1904842020956,-0.9035700437178188
1222,-3.10056533181114,0.13063958616726268,0.1559996142916488,0.9997722461398054,277,241,0.8700361010830325,0.7115738380717377,ok,1255.9945505029148,-474.37843687215604,-1.059569658009466
1223,-0.16966825873169,-0.24180368334509694,0.006323559612007264,1.0000226215786308,380,364,0.9578947368421052,0.22565302742503454,ok,1256.1686875008677,-474.1398312451389,-1.0658932176214733
1224,0.42824225418303286,-0.2541507520012374,-0.13706220163644312,0.9998915681340979,331,318,0.9607250755287009,0.6163225476055414,ok,1255.7446214147465,-473.87877188864604,-0.9288310159850313
1225,0.9185503580615659,-0.6273649468778331,-0.255342496572286,1.0000009703717985,293,267,0.9112627986348123,0.7538025129580639,ok,1254.8335087634582,-473.2406533467363,-0.6734885194127476
1226,0.7650848962343844,-0.023164891782585073,-0.3192635659637008,0.9999243641425277,325,278,0.8553846153846154,0.3474712216751076,ok,1254.0685817022256,-473.2127588732526,-0.3542249534490493
1227,0.5132246465179833,0.06636411245608542,-0.23620114957535446,1.0000465395625582,311,270,0.8681672025723473,0.5273216572847941,ok,1253.5552214409636,-473.2780656521694,-0.11802380387369672
1228,-0.03661152717154437,0.2232094063014074,-0.10266547529383256,0.9998209581139119,314,284,0.9044585987261147,0.5888566731976355,ok,1253.59177313478,-473.50128486429594,-0.01535832857986493
1229,-0.4701579856071021,0.6185488401172279,0.03703835355161215,0.9997941826292335,343,329,0.9591836734693877,0.3579543578737363,ok,1254.0613652642826,-474.1202634026557,-0.0523966821314768
1230,-0.45923938342525616,0.43319054068615515,0.06557849522076048,0.9999360665679645,336,322,0.9583333333333334,0.34960090670225064,ok,1254.5197117115476,-474.5543986236506,-0.11797517735223675
1231,-1.1354349119499147,1.3693542320058896,0.22970633678390195,0.9998731354404196,269,236,0.8773234200743495,0.8122215141515023,ok,1255.6468162717758,-475.93061763322,-0.347681514136137
1232,6.485695923358435,3.70227752230187,0.42178848575772376,1.0001401497474145,247,201,0.8137651821862348,1.1349364365067651,ok,1249.1119859203231,-479.5454624072239,-0.7694699998938576
1233,-4.700615285483082,4.178202194521987,0.3119357294914199,0.9996506402983576,308,270,0.8766233766233766,0.555898902532449,ok,1253.7329088930367,-483.81163499171646,-1.081405729385275
1234,-6.1781070686236035,1.3238697400723822,0.16307473647047788,1.0001563230232775,296,245,0.8277027027027027,0.5810159710340225,ok,1259.8808061315412,-485.2693721370364,-1.2444804658557516
1235,-2.992740344050844,0.04139898566972988,-0.028579905785275302,0.9996974878022198,318,290,0.9119496855345912,0.5172064939030889,ok,1262.8719941281975,-485.37426737803685,-1.2159005600704764
1236,0.009880846076612215,-0.03902277206066174,-0.22909560254756783,0.9999596995466352,293,251,0.856655290102389,0.41858237028978945,ok,1262.862786803374,-485.33508022417107,-0.9868049575229102
1237,0.4916388180672584,-0.06185785034369928,-0.3407346430682645,1.0000383370837076,314,254,0.8089171974522293,0.3961414896040605,ok,1262.3718767384566,-485.26768267790715,-0.6460703144546484
1238,0.34395534604914246,-0.07991664315591152,-0.15271004374663175,0.9998808332930735,323,302,0.934984520123839,0.5764371587804309,ok,1262.028622278269,-485.1848073167288,-0.49336027070801775
1239,1.6300943374135386,0.15190733914391785,-0.45110103190871803,0.9998498584373502,320,270,0.84375,0.4748917488787947,ok,1260.3984163430393,-485.33551231762726,-0.0422592387993032
1240,0.4438343525741857,0.02706606762581032,-0.07475028475695918,0.9999510693138842,318,298,0.9371069182389937,0.39302338499409767,ok,1259.9545974103373,-485.36283006857684,0.032491045957655396
1241,0.6232907661369609,0.23884874742361717,-0.00297095565810427,0.9999611534343616,332,309,0.9307228915662651,0.35525596231154927,ok,1259.3314545939156,-485.6020645427633,0.03546200161575964
1242,-0.015400619625324907,0.5936164389848955,0.16790334414696204,0.9999952359774531,313,294,0.939297124600639,0.6092742753363961,ok,1259.3454830069636,-486.1957149949194,-0.13244134253120107
1243,-0.7629124909344682,1.1280065275094557,0.27537812238420495,0.9999327558704227,286,261,0.9125874125874126,0.8610067534146812,ok,1260.1003473237613,-487.32912315536,-0.4078194649154038
1244,-0.6742800851184256,1.0511794669059782,0.21611223470434204,0.9999121329701585,312,283,0.907051282051282,0.7491524399895593,ok,1260.7631406662604,-488.38758283336904,-0.623931699619744
1245,2.7000784809549714,-4.731106665993252,0.12548942224065202,1.0009112546033136,265,217,0.8188679245283019,1.1495128178760685,ok,1258.1251736276606,-483.6215652094419,-0.749421121860395
1246,-4.046257934343203,10.831309480984942,0.11972689148322632,0.9993856274944772,269,210,0.7806691449814126,0.8175449799763783,ok,1262.0066668331124,-494.5130058322493,-0.8691480133436204
1247,5.077692194236533,3.8588696430267646,-0.05214682772372817,0.9997852113716814,273,212,0.7765567765567766,0.5107947031242206,ok,1256.8744677027164,-498.29908098037413,-0.8170011856198927
1248,5.573378251101758,0.33257361771802607,-0.12202349653051772,1.0006001740701624,279,236,0.8458781362007168,0.796766248724236,ok,1251.2974655453527,-498.5640286692069,-0.6949776890893758
1249,1.983901628007743,-0.3173707550504332,-0.07213607185642787,1.0001155786899576,316,279,0.8829113924050633,0.4916157085675784,ok,1249.317131090065,-498.2251108163683,-0.6228416172329486
1250,1.2181702496357047,-1.2701690488217992,-0.26672929552819274,0.9999144784658925,294,253,0.8605442176870748,0.9249524368376044,ok,1248.106878841698,-496.9473950165892,-0.35611232170475815
1251,-0.8602815260160241,-0.8363967449383836,-0.14680653396790974,0.9997758873378367,290,279,0.9620689655172414,0.5807527553668917,ok,1248.9702100408701,-496.1141465185502,-0.20930578773684963
1252,-1.3282991732880873,-0.3553164505942732,-0.038136168577146565,0.9997601993820556,322,303,0.9409937888198758,0.42607963330698706,ok,1250.2995647835069,-495.7627999061434,-0.17116961915970338
1253,-0.8180662770002982,-0.0858643710234901,0.027058351352317853,0.9998496093112453,335,319,0.9522388059701492,0.3346380451829166,ok,1251.1179232315058,-495.67976633241824,-0.198227970512021
1254,-1.5172543160263103,-0.035270019340487124,0.1399293890308807,0.9999265743905812,313,292,0.9329073482428115,0.592004212188281,ok,1252.6353592832656,-495.65345164861344,-0.3381573595429005
1255,-1.4740819925129927,0.09751988347284168,0.2539719678623022,0.9998329074163553,299,265,0.8862876254180602,0.42554391915373263,ok,1254.1083547458195,-495.76620011033253,-0.5921293274052005
1256,-1.0725670173549133,0.34499852972498957,0.2604655319757915,0.9998790598013482,302,264,0.8741721854304636,0.46630913184039896,ok,1255.1756694237572,-496.12712028223893,-0.8525948593809897
1257,-0.5517421542895136,0.7485943552831031,0.19611082861017404,0.9999642433794177,272,261,0.9595588235294118,0.6853174168801307,ok,1255.713618127872,-496.8856874218668,-1.048705687991162
1258,-0.4771046879700407,0.8510791421840622,0.12574570032293467,0.9999319880495027,303,274,0.9042904290429042,0.601402783085558,ok,1256.173178351123,-497.7463667993061,-1.1744513883140957
1259,7.671459324358693,4.980813888153989,-0.026163670407258564,1.0000621584485718,190,142,0.7473684210526316,0.7762364196539088,ok,1248.4034438174858,-502.5724439257641,-1.1482877179068371
1260,2.765619247878476,5.650229827985868,-0.11127518136837601,0.999771492431796,333,254,0.7627627627627628,0.6013968750015903,ok,1245.5360180174282,-508.1716953234476,-1.0370125365384624
1261,0.5680057009858501,1.094960146137737,-0.055587683557178226,1.000063837054898,307,260,0.8469055374592834,0.7369370986818822,ok,1244.9493408832593,-509.2567658917636,-0.9814248529812846
1262,-0.3015145967026456,-0.8349065591456792,-0.1833069577251971,0.999950183111871,280,242,0.8642857142857143,1.0013439635841965,ok,1245.2624559204826,-508.4261402311954,-0.7981178952560892
1263,-1.1006750458041097,-2.115624420351878,-0.17475462041889847,0.9997645350796375,302,249,0.8245033112582781,0.8265777529708485,ok,1246.386082817039,-506.32261584536593,-0.6233632748371922
1264,-0.9022372509703018,-0.840353186153834,-0.02941864789040574,0.9998522816368066,315,292,0.926984126984127,0.42530492169932643,ok,1247.2969827794916,-505.4916604958304,-0.5939446269467867
1265,-0.9934344758978568,-0.5813849669787032,0.06272079984897085,0.9999502044044378,317,290,0.9148264984227129,0.4676873434682654,ok,1248.2970151023383,-504.9216991892547,-0.656665426795757
1266,-0.5627142244268271,-0.05371829661476113,0.0632178024986853,0.9999175278210435,302,280,0.9271523178807947,0.466430937545392,ok,1248.8603598284121,-504.8750550752825,-0.7198832292944419
1267,-1.8280809258162662,0.024269046777817493,0.3163863262798122,0.9999841076261463,280,239,0.8535714285714285,0.520395963330167,ok,1250.687702852491,-504.9323815989543,-1.0362695555742516
1268,-0.6166276200031007,0.4211837465967392,0.1835855771513199,0.9998617281757954,289,273,0.9446366782006921,0.6805416752202488,ok,1251.2952241935157,-505.3665972024829,-1.2198551327255696
1269,-1.041922063337097,0.6666011621076677,0.38822421053053296,0.999872929882734,286,238,0.8321678321678322,0.5524715704860796,ok,1252.3180293562584,-506.0621748720922,-1.6080793432560987
1270,-0.8086462239748471,1.1287702889624143,0.18771495708266867,0.9997773624602483,307,284,0.9250814332247557,0.6661236065438124,ok,1253.090905707498,-507.2157316442049,-1.795794300338766
1271,-0.7277019876212307,1.3308344306018398,0.019524616982017687,0.9997332109675154,296,271,0.9155405405405406,0.6011149178367844,ok,1253.7760843188944,-508.56895030168357,-1.8153189173207835
1272,1.3384004471006392,-0.6315696105929192,-0.17233132551127575,1.0002419355616916,235,209,0.8893617021276595,0.7637564777077339,ok,1252.4563422282167,-507.8992662389213,-1.6429875918095094
1273,4.9534494650959005,7.0763103595948,-0.19909667821072508,0.999590295583936,287,213,0.7421602787456446,0.564871085977881,ok,1247.32615683085,-514.8485127950031,-1.4438909135987859
1274,2.942394232020888,6.932699138329099,-0.3987323950837398,0.9996852253558952,301,240,0.7973421926910299,0.5508396345240161,ok,1244.257796604848,-521.7263879525433,-1.0451585185150496
1275,0.6190682735727933,0.8754098071404997,-0.28623053126493553,1.0001108237653664,313,243,0.7763578274760383,0.4803365025422341,ok,1243.627187481266,-522.5935211551351,-0.7589279872501167
1276,-0.3236327433887709,-1.297955724267922,-0.10777444875422365,0.9999030133830215,343,312,0.9096209912536443,0.45950533007338457,ok,1243.9655499798646,-521.2993271842423,-0.651153538495894
1277,-0.18243425414061676,-0.4682430862542333,-0.0048048425542758216,1.0000083452385267,384,360,0.9375,0.3027520576649393,ok,1244.1532547233476,-520.833171873018,-0.646348695941618
1278,-0.8441717207940655,-1.194377862552983,0.16631246331849253,0.9999540131053255,336,299,0.8898809523809523,0.6806800159644516,ok,1245.0142815577938,-519.6508871513421,-0.8126611592601092
1279,-0.7073827991637245,-0.5702221240690051,0.24736092048714767,0.9999509856324291,326,285,0.8742331288343558,0.38641374681774526,ok,1245.7320923047464,-519.0938490674648,-1.0600220797472546
1280,-0.8161140658569366,-0.4371144575542303,0.365022888298418,0.9999120458329782,321,272,0.8473520249221184,0.3661048835398284,ok,1246.5588246288619,-518.6771658763532,-1.4250449680456692
1281,-0.7646283917424626,0.12011491333555568,0.3197562257945295,0.9997809470641211,301,246,0.8172757475083057,0.46059873179988775,ok,1247.3194412693629,-518.8205063662966,-1.744801193840196
1282,-0.6684059354531655,0.4899110569039067,0.13310007321153206,0.9999790563101578,328,307,0.9359756097560976,0.4924032161504261,ok,1247.9714339890418,-519.3320577632372,-1.8779012670517268
1283,-0.5297334704582681,0.5117474168531544,-0.0381583488507102,0.9997981629120554,322,303,0.9409937888198758,0.5285885804353166,ok,1248.48446523216,-519.8605479826018,-1.839742918201017
1284,-0.31581643741810694,0.2707796611914546,-0.07177335927571775,0.9999872484209866,308,279,0.9058441558441559,0.653611165126281,ok,1248.79177723725,-520.1409423095523,-1.7679695589253
1285,-0.7575782215083109,1.1069779893617806,-0.32127184370441525,0.999736640085107,285,233,0.8175438596491228,0.635969437975201,ok,1249.5211661526948,-521.2666939876151,-1.4466977152208875
1286,8.251196748515667,3.0808831907468175,-0.400800700418366,0.99998453696321,192,139,0.7239583333333334,0.9588653247898472,ok,1241.2151077165984,-524.1964520448432,-1.045897014802525
1287,-0.28755529024510906,5.046420865691857,-0.08579790680539023,0.9998316252617846,311,240,0.7717041800643086,0.5503424771260128,ok,1241.4180642710776,-529.2469827333581,-0.9600991079971358
1288,-5.620847423432224,5.962027357435886,-0.09626417072281981,0.9996768121819568,242,177,0.731404958677686,0.7530327435020444,ok,1246.9483881993694,-535.293073471718,-0.8638349372743167
1289,-2.6886748932897717,0.041923710342871345,0.05905280699920394,0.9996857522040855,300,263,0.8766666666666667,0.5965970534918759,ok,1249.6360390587797,-535.3782975129764,-0.92288774427352
1290,0.7115370753881507,-0.13279058261537102,0.10991117698089695,1.0001540955553438,285,263,0.9228070175438596,0.7377589206968913,ok,1248.92701109831,-535.2327032144763,-1.0327989212544162
1291,2.6500750434047404,-0.4794749342402156,0.17374738620080324,1.0001592965688426,312,261,0.8365384615384616,0.4416051506823855,ok,1246.287619754006,-534.6975328865866,-1.2065463074552176
1292,0.009315386920206947,0.010296703575022548,-0.0004046072803273467,0.9999984101729735,465,465,1.0,0.018104769470273223,ok,1246.27808968969,-534.7076312236829,-1.2061417001748902
1293,2.02510880819068,-0.924658210493476,0.41615817558768675,0.9997214149210509,259,209,0.806949806949807,0.6203332192270729,ok,1244.2799703146836,-533.7260114121126,-1.6222998757625726
1294,-0.4748426718879273,-0.14590480326819488,0.06808202647985953,0.9998527206758245,302,270,0.8940397350993378,0.589454296998054,ok,1244.758910312958,-533.5941772256687,-1.6903819022424316
1295,-1.0089660030650975,-0.16660446574132948,-0.03541091941831646,0.9998685847612462,307,285,0.9283387622149837,0.4879093951566823,ok,1245.7722670919145,-533.456781876806,-1.6549709828241155
1296,-0.8485528684439032,-0.17219202762805708,-0.14703136300381164,0.9997275330813523,282,255,0.9042553191489362,0.6655461866421407,ok,1246.6250574109613,-533.3069795515128,-1.5079396198203054
1297,-0.4582144569249067,-0.048702621542815905,-0.09945325252077088,0.9997621445392205,268,253,0.9440298507462687,0.5317418425757379,ok,1247.0843305455408,-533.2695546702967,-1.4084863672995358
1298,-0.7836190679367974,0.5758122613656269,-0.2992195721237662,0.9997540188398786,290,246,0.8482758620689655,0.416871854006585,ok,1247.856655523626,-533.8604292189098,-1.109266795175772
1299,1.642176253122443,-5.55074303108654,-0.3660953256305467,1.0006325594845336,218,179,0.8211009174311926,1.2631727532133106,ok,1246.2866129076767,-528.2888533890771,-0.743171469545229
1300,6.4532971899982385,10.898494527540379,-0.20983107238336163,0.9993626511116818,246,191,0.7764227642276422,0.7861483060148301,ok,1239.7321476294442,-539.1268058020426,-0.5333403971618694
1301,1.6517637774525156,4.292438832262633,0.06790055000891738,1.0002156074551247,291,254,0.872852233676976,0.7521348704866329,ok,1238.035432338311,-543.4016756159733,-0.601240947170786
1302,0.2806984808962625,1.4892218912061708,0.1897392152787497,1.000016993936919,291,259,0.8900343642611683,0.580505492664035,ok,1237.7342022401133,-544.8868806208008,-0.790980162449534
1303,-0.18742129877114166,0.17109040278194243,0.12876908999719539,1.00000033572055,291,264,0.9072164948453608,0.5686182197177183,ok,1237.9188530544534,-545.0609574599281,-0.9197492524467279
1304,-0.4498805196089961,-0.30418068698543266,0.4254688807537572,0.9999623175873233,279,224,0.8028673835125448,0.35144237595279704,ok,1238.375750629611,-544.7674221501717,-1.3452181332004804
1305,-0.5972302581699296,0.07612169400181301,0.17540961010760375,0.9998983431521261,309,286,0.9255663430420712,0.7450887014786489,ok,1238.9707505351164,-544.8593656437989,-1.5206277433080826
1306,-0.645155308073754,-0.22317772024325677,0.070395077843533,0.999932791009493,329,307,0.9331306990881459,0.4538624668616358,ok,1239.6218536547992,-544.6541867124048,-1.5910228211516146
1307,-0.7435800658136031,-0.13122576940963881,-0.03526940698940999,0.9998531552138554,305,277,0.9081967213114754,0.41114651733830293,ok,1240.3687223597308,-544.543197278555,-1.555753414162205
1308,-0.2463937725156029,-0.05836986660722232,-0.052736240258829024,0.9999767774111503,301,285,0.946843853820598,0.38651711529990324,ok,1240.6165623769275,-544.491310301979,-1.5030171739033764
1309,-0.819247121916078,-0.05602170830434261,-0.19934563368025043,0.9998511338347357,308,266,0.8636363636363636,0.41485909250904607,ok,1241.436872011711,-544.45394211162,-1.3036715402231285
1310,-0.6228878225924745,-0.03282997762278228,-0.15496023832986952,0.999727069113089,289,245,0.8477508650519031,0.7088235837793734,ok,1242.0602928096994,-544.4336060451278,-1.1487113018932607
1311,-0.7165347599468532,0.4589676429195606,-0.14124831670844692,0.9998111887381056,294,283,0.9625850340136054,0.7426876349519838,ok,1242.7686469401094,-544.9051013106294,-1.0074629851848151
1312,-0.3384121024128035,0.21040871385935134,-0.01653915971117349,0.9999693275694654,315,293,0.9301587301587302,0.41646503585033273,ok,1243.1033696192942,-545.121331063362,-0.9909238254736419
1313,-0.7857483293169025,0.4264536168122959,0.03431371174185057,1.0002578819941874,262,241,0.9198473282442748,0.9401342432207488,ok,1243.8813617027595,-545.5617756596301,-1.025237537215492
1314,0.4257281231084562,2.933647905263115,0.03913033957333645,0.9999455300200609,344,295,0.8575581395348837,0.6347579421303863,ok,1243.4012126030448,-548.4870092073836,-1.0643678767888278
1315,7.738842020920401,4.439869668528104,0.13309660454302363,0.9998374977101634,284,214,0.7535211267605634,0.7047125952373581,ok,1235.571275493918,-552.7641815636724,-1.19746448133185
1316,3.1204503597789426,0.030343839381544058,0.31643570172782887,1.0000917747343863,290,246,0.8482758620689655,0.4256302432021728,ok,1232.4511126750656,-552.712074171828,-1.513900183059675
1317,0.15354362693733492,0.07609431252092236,0.309548639303255,0.9999191510412866,319,270,0.8463949843260188,0.32014775298948156,ok,1232.2952254924728,-552.7832442222307,-1.8234488223629264
1318,-0.3431188546155681,0.10128625743936936,0.08922391639070368,0.9999422110662263,327,313,0.9571865443425076,0.4073742680593306,ok,1232.6347726270994,-552.8959260650696,-1.9126727387536289
1319,-1.4850381327128162,0.21120813529410043,-0.008649204999257512,0.9998064053018683,332,313,0.9427710843373494,0.4194279466180507,ok,1234.1119733811747,-553.1563585211592,-1.9040235337543718
1320,-0.7029166553563755,-0.02443212354194202,-0.09007736983469915,0.9997523066403493,300,280,0.9333333333333333,0.5836181561399456,ok,1234.8153111701008,-553.1541887960171,-1.813946163919674
1321,-1.5796019562988022,0.3789680813482619,-0.3374944051954039,1.0000040696248182,309,254,0.8220064724919094,0.3653003623273513,ok,1236.384624170488,-553.5737312299117,-1.4764517587242736
1322,-1.5642354200494992,0.6514152887129967,-0.2946347261552247,0.9997532718050244,290,235,0.8103448275862069,0.44842994320328605,ok,1237.9350913164421,-554.2572705170223,-1.1818170325690522
1323,-1.4755348687597234,1.1487453537065448,-0.1787195823751235,0.9998006144164826,278,224,0.8057553956834532,0.5806789335526807,ok,1239.3902895964861,-555.4316712162492,-1.0030974501939305
1324,-0.1720550856580303,0.40805119135234236,-0.019153193831583048,0.9998808115578667,304,290,0.9539473684210527,0.35810715610213945,ok,1239.5553121660314,-555.8426168073019,-0.9839442563623476
1325,-0.44951021715701245,1.0473293068371277,0.014785641955689521,0.9998663683709522,292,264,0.9041095890410958,0.4827615482730173,ok,1239.9864988907573,-556.8976220777665,-0.9987298983180372
1326,2.3574355320579343,-5.877787866679796,0.0756777134757094,1.000876429761174,228,181,0.793859649122807,1.3050626248014308,ok,1237.739691352451,-550.9766636773633,-1.0744076117937458
1327,-6.281368035050946,8.74309099161087,0.22558717997992653,0.9995145226344084,209,139,0.6650717703349283,0.7691919896726854,ok,1243.8210860076474,-559.8600112179639,-1.2999947917736698
1328,-0.8983560647961895,2.0548649323816335,0.11208717385961904,0.9998514650607733,290,252,0.8689655172413793,0.38333138849773946,ok,1244.6685312504926,-561.9363902945942,-1.4120819656332877
1329,-0.5716409945398482,1.4843770407189822,0.15603387862442675,0.9999473026636977,225,196,0.8711111111111111,0.6424241785503386,ok,1245.199337640631,-563.4358545995512,-1.5681158442577126
1330,0.3820573484022134,-0.3381825029069887,0.06700791157998345,1.0000058061678896,302,267,0.8841059602649006,0.6285330521643175,ok,1244.8270857033956,-563.0869080162964,-1.6351237558376952
1331,0.5834061901539371,-0.5780079142234626,-0.07658334019241747,0.9999982628431343,296,267,0.902027027027027,0.4161867629131734,ok,1244.2596161768215,-562.4932462708346,-1.5585404156452785
1332,0.09493060149452504,-0.14416948617144953,-0.06146793919922117,1.00001279335156,286,270,0.9440559440559441,0.3648130977431845,ok,1244.1684845322036,-562.3466458506703,-1.4970724764460581
1333,0.13912775955463985,-0.06357074884147096,-0.19408108513322492,0.9998279684908005,313,275,0.8785942492012779,0.5351882346507958,ok,1244.0308383167562,-562.279927839908,-1.3029913913128355
1334,0.009387003721485598,0.32391146049042163,-0.25031945190803295,0.9999360168123754,304,254,0.8355263157894737,0.47332091137861326,ok,1244.0155021392102,-562.6036121795574,-1.0526719394048054
1335,-0.2638955861887098,0.6409699886112321,-0.23192832213672643,0.9998118599424074,302,257,0.8509933774834437,0.43492048953248436,ok,1244.270189275679,-563.248296497055,-0.8207436172680818
1336,-0.3997820317588321,0.6399242927227533,-0.11453419529915627,0.9998103160657271,288,265,0.9201388888888888,0.7228682126191992,ok,1244.662053637803,-563.8930996414574,-0.7062094219689268
1337,-0.5021928618675702,0.9745949245620977,0.005291117982224523,0.999827526576801,299,279,0.9331103678929766,0.562286270675138,ok,1245.1521055441515,-564.8738555063785,-0.7115005399511513
1338,-0.6696656161907413,1.5298467494969827,0.11632817105703,0.9997871699405321,310,287,0.9258064516129032,0.46707196765676956,ok,1245.799598291901,-566.4132177951418,-0.8278287110081799
1339,-0.3509568219933499,0.8917540236955119,0.09094855512787517,0.9999564660564603,319,305,0.9561128526645768,0.419497713901723,ok,1246.1362107149675,-567.3104847600514,-0.9187772661360539
1340,2.342347739538809,-2.7542516580200527,0.2384405483283178,1.000474730243659,281,226,0.8042704626334519,0.7205426125811845,ok,1243.8499652730577,-564.5094890606659,-1.157217814464369
1341,3.8091264287975264,9.827668439810395,0.3175808973893415,0.9995638100007233,245,167,0.6816326530612244,0.7510915304076632,ok,1239.7891634775572,-574.2358655643319,-1.474798711853707
1342,-8.041125829109887,4.410303509990285,0.26277326311476745,0.9998551779457073,273,199,0.7289377289377289,0.7112669641207732,ok,1247.6928640118185,-578.8879618138225,-1.7375719749684715
1343,-5.081412538281938,-0.03309451778216044,-0.05025644027034425,0.9999557898133988,301,243,0.8073089700996677,0.4641381334972848,ok,1252.773047733014,-579.0045036098358,-1.6873155346981277
1344,-1.0894232955056395,-0.4429334281579713,-0.09357923927939835,0.9998442928042187,306,286,0.934640522875817,0.5245769933885807,ok,1253.8743686211499,-578.5920409570715,-1.5937362954187306
1345,-0.39424608632020863,-0.5007781017745856,-0.3320890128257704,0.9999300797549749,294,231,0.7857142857142857,0.31158697933726254,ok,1254.2795453232645,-578.1000648155166,-1.261647282592964
1346,0.18830636662346478,-0.49127258267776597,-0.3558413318997823,0.9999962375394681,311,251,0.8070739549839229,0.3832536489809895,ok,1254.0990288384828,-577.6058767572595,-0.905805950693186
1347,0.7518438076333496,-0.5022350077630335,-0.2824528839536656,0.9999511829147366,293,237,0.8088737201365188,0.33563012706383416,ok,1253.352693516194,-577.0954919016813,-0.623353066739524
1348,0.7068620487550561,-0.36063952438667,-0.14012019453808988,0.9999565755326051,290,267,0.9206896551724137,0.6272920483932859,ok,1252.6488982070737,-576.7289035966572,-0.48323287220143574
1349,0.4152014459386919,-0.016617955715787502,-0.019356770433678595,1.0000644571409567,313,301,0.9616613418530351,0.4112088656043325,ok,1252.233844909097,-576.7089246827601,-0.46387610176775745
1350,0.175850178068913,0.37527870494773197,0.08598799400301689,0.99987153857011,281,259,0.9217081850533808,0.6940454327451407,ok,1252.0544013574533,-577.0824985085135,-0.5498640957707733
1351,-0.3824393257439169,0.8328619644444188,0.19589066804653704,0.9999608336617312,269,245,0.9107806691449815,0.7640022470342229,ok,1252.4259681665465,-577.9202675674277,-0.7457547638173081
1352,-0.6590076582338042,0.9747152771269612,0.27921012978213045,0.9998746032860895,259,224,0.8648648648648649,0.5287107977125431,ok,1253.06743461744,-578.906615253314,-1.0249648935994353
1353,-0.7812636563255637,1.19358906717207,0.22992650291473113,0.9998103994387576,269,238,0.8847583643122676,0.7599290636198752,ok,1253.8223710145367,-580.1170279095211,-1.2548913965141635
1354,-0.40843323400281406,0.25235453280356523,0.04535499304289599,0.9996186216981753,303,280,0.9240924092409241,0.41570173170802105,ok,1254.2249727453934,-580.3785854809569,-1.3002463895570593
