frame,step_center_dx,step_center_dy_down,step_rotation_deg,ransac_scale_diagnostic,good_matches,inliers,inlier_ratio,median_reprojection_error_px,status,center_x_in_reference,center_y_in_reference,rotation_to_reference_deg
163,0.0,0.0,0.0,nan,0,0,0.0,nan,reference,1280.0,720.0,0.0
164,0.0013486026189184486,0.11495301808758995,0.0010869693300938745,1.0000033611740569,503,501,0.9960238568588469,0.121352255765461,ok,1279.9986492165854,719.8850470075178,-0.0010869693300938747
165,-0.019993351518678537,0.05466939184248076,0.0011003503898955884,1.0000021942891717,531,523,0.9849340866290018,0.10295496016114888,ok,1280.0186404810345,719.8303768524503,-0.002187319719989463
166,0.008989571289930609,0.031870617698132264,-0.0001736378444601821,0.9999974448259351,548,547,0.9981751824817519,0.05127512871031003,ok,1280.0096497896452,719.7985065507138,-0.002013681875529281
167,0.020243885314357613,0.08776813208874046,0.00023158058643807635,1.000002923943061,520,516,0.9923076923076923,0.13851436919692267,ok,1279.9894024649568,719.710739211994,-0.002245262461967357
168,-0.8378545298614881,0.03945351547235987,0.001281748438778431,0.9999396528384438,472,452,0.9576271186440678,0.21492665999081714,ok,1280.8272545645532,719.6712341199866,-0.003527010900745787
169,0.03509017530109304,0.04429556645277444,0.0002446598805821419,0.9999900416902158,545,538,0.9871559633027523,0.07936881451612747,ok,1280.7921614734366,719.6269408635484,-0.0037716707813279294
170,-0.011947960674888236,0.10895859924153228,0.001579740295826628,1.000014022444602,506,494,0.9762845849802372,0.13690056033049464,ok,1280.804099257354,719.5179811488455,-0.005351411077154556
171,5.981582885754051,7.73369752564281,-0.28555742899537984,0.9985249802434608,401,365,0.9102244389027432,1.1632739294238807,ok,1274.860409535773,711.755123187318,0.28020601791822497
172,2.5604890580420943,6.089442766414095,-0.08493118383560472,0.9996038601007583,427,391,0.9156908665105387,0.47344214961904785,ok,1272.3387792930298,705.6494865832719,0.36513720175382963
173,3.8824739357182807,7.50993626338618,-0.09453239199174232,0.9995562450868095,419,385,0.918854415274463,0.5427631151775173,ok,1268.5166799822803,698.1086442297664,0.45966959374557187
174,1.4480377757574843,2.1020804481584037,0.07981295176959152,0.9999674469409529,430,413,0.9604651162790697,0.2913740752537284,ok,1267.0826101934663,695.997009921615,0.37985664197598035
175,1.084127157570265,1.9141901293236288,0.18787793780915898,1.000150812181389,437,426,0.9748283752860412,0.31942902120499106,ok,1266.004902910817,694.0791980022897,0.1919787041668215
176,0.8242834192481041,1.9958387454391868,0.24369794515635929,1.000293344095654,434,425,0.9792626728110599,0.38323069185918746,ok,1265.178818241793,692.0841041266422,-0.051719240989537646
177,0.3857236268706856,1.495079750442983,0.15386874810918352,1.0003752343727537,469,456,0.9722814498933902,0.43708125730717506,ok,1264.7877324833526,690.5904180464846,-0.20558798909872117
178,0.2275741964392637,1.3165293543017924,0.10075534824211035,1.0003788538721896,455,443,0.9736263736263736,0.36003988668165865,ok,1264.5531224859599,689.2751242752128,-0.3063433373408315
179,0.0262150167350228,0.6016022271253405,0.0264530997786097,1.0001971801654446,466,456,0.9785407725321889,0.2586679082316621,ok,1264.5234135885798,688.6736844625954,-0.33279643711944124
180,1.567789230344033,-0.6302983663256327,-0.005717147880225931,0.9997680385475686,431,417,0.9675174013921114,0.3898471325911872,ok,1262.9592480122449,689.3129224082649,-0.3270792892392153
181,-5.789001118430406,18.971645275089713,-0.13968168331527767,0.9982633164335962,292,240,0.821917808219178,1.5730313182918394,ok,1268.686167617884,670.3224445252948,-0.1873976059239377
182,1.9436617885921805,3.603921009080068,-0.13126358042843966,0.99958620065703,376,328,0.8723404255319149,0.5080526942895484,ok,1266.738975916329,666.7204294967977,-0.05613402549549809
183,0.008073171419709979,-0.0028195469476486323,-0.0009137259089030455,0.9999978465259373,577,577,1.0,0.015378584947949093,ok,1266.7309054660705,666.7232568231639,-0.05522029958659504
184,-5.832887866267583,3.2600498280540933,-0.18719061661627664,0.9996540213024726,362,303,0.8370165745856354,0.5210874832564625,ok,1272.5712867799045,663.4766506180836,0.13197031702968143
185,-3.061122656935595,1.7931887371685207,-0.05014663285973561,0.9999261173050976,386,359,0.9300518134715026,0.41864807430006556,ok,1275.6380936866567,661.6932008249557,0.182116949889417
186,-1.0281706952875993,1.8898740017921227,0.06099578835252045,1.0003335858669495,375,360,0.96,0.5281471057235754,ok,1276.670257205437,659.805504559187,0.12112116153689664
187,-0.24704265750801824,0.5786682216441932,0.053749256129439225,1.000226611313466,439,417,0.9498861047835991,0.2854316293276685,ok,1276.9179801257264,659.2271272254916,0.06737190540745744
188,-0.6239048011047998,1.2224732720677594,0.12286688734435151,1.0003678109029792,434,416,0.9585253456221198,0.4792945423166015,ok,1277.5407005832406,658.0040502313677,-0.055494981936893985
189,-0.3955609804420419,0.7556019749993084,0.0960981956664374,1.0001153703204968,404,383,0.948019801980198,0.361907853633096,ok,1277.9342610097412,657.2474043270216,-0.15159317760333132
190,-5.3909714424230515,4.659674339784942,0.0556300290627447,0.998325620448645,319,258,0.8087774294670846,1.1269018826327821,ok,1283.3083444589333,652.5682628323676,-0.20722320666607602
191,1.5543962339445443,11.352490429834688,0.015990334122555204,0.9991863331129278,381,326,0.8556430446194225,0.773494916853568,ok,1281.7097329730411,641.2219141717297,-0.22321354078863118
192,2.83279580247131,4.708464924912732,-0.055866488675657106,0.9996381021205757,374,330,0.8823529411764706,0.46189069551179274,ok,1278.8631969910145,636.5217432268958,-0.16734705211297413
193,-3.5680523775495203,3.164784065637832,-0.11415887789123048,0.9999127513374294,431,384,0.8909512761020881,0.30885320425658624,ok,1282.4283099348067,633.3536482710813,-0.053188174221743725
194,-4.690481531605656,2.2651630449111053,-0.17071033192980614,1.0002919644962724,371,320,0.862533692722372,0.3912802898951093,ok,1287.1234277822357,631.0981108590398,0.11752215770806224
195,-0.673473275260676,0.7568237733661363,-0.08651129560400847,1.000051705055775,393,365,0.9287531806615776,0.46378694116872715,ok,1287.7995918731028,630.3436901550259,0.20403345331207062
196,-0.730201043258603,1.5474106037050888,-0.1644307430084613,1.000362898491033,424,373,0.8797169811320755,0.3279425671660147,ok,1288.5397290120773,628.8010073763751,0.3684641963205317
197,-0.7581177938370729,1.2721948678317858,-0.07710027947337703,1.0006774668119995,389,368,0.9460154241645244,0.7569801545645369,ok,1289.307717091524,627.5347464708357,0.44556447579390857
198,-0.32962550784850464,0.42102285694340935,0.022934623515405587,1.000142492780545,425,411,0.9670588235294117,0.3074325240588346,ok,1289.6404391873707,627.1161664564673,0.422629852278503
199,0.4853710066806798,-2.793889973767591,0.09167503709626139,0.9991912156047764,373,331,0.8873994638069705,0.8042735167129311,ok,1289.1389381573156,629.9072062119168,0.3309548151822417
200,7.706000350015074,15.791574542393619,0.1843989007953811,0.9991290613300087,355,303,0.8535211267605634,0.8822952298064956,ok,1281.4733559764445,614.095972302107,0.14655591438686066
201,3.476178587027107,8.291536805063515,0.11661348626506447,0.9995376467905331,393,347,0.8829516539440203,0.49364904781487956,ok,1278.0015109709268,605.8026199994318,0.029942428121796268
202,1.4708963375267103,3.7045217478080303,0.09056775466402775,1.0000986326863768,418,393,0.9401913875598086,0.4536776799733208,ok,1276.5266956602602,602.0996566975402,-0.06062532654223138
203,0.03667729915127893,-0.006222745102036242,-0.0007104818491609999,1.0000204865301174,507,490,0.9664694280078896,0.17756907900914448,ok,1276.4900248883566,602.1059177930997,-0.05991484469307039
204,1.3061040344755384,3.935998289449117,0.042432839122604746,1.000128986697582,410,384,0.9365853658536586,0.4335823046324655,ok,1275.1768920516895,598.1722588810069,-0.10234768381567509
205,0.46395522715533843,1.8244905996980378,-0.037881290375934865,1.000200297922255,416,399,0.9591346153846154,0.362650590241139,ok,1274.7108842915438,596.348291455674,-0.06446639343974025
206,0.23299697620723236,1.4425153521308403,-0.08582975339388044,1.0002841236600857,429,415,0.9673659673659674,0.44137130923811885,ok,1274.4784251891947,594.9056893283396,0.021363359954140113
207,-0.006356365891406313,0.8815426969731561,-0.1003849406514505,1.0002525435379075,457,442,0.9671772428884027,0.3800885744623022,ok,1274.486654737076,594.0241621282397,0.12174830060559051
208,-0.09403816250051023,0.37129301571985707,-0.042366412740292396,1.0000518710939306,472,457,0.9682203389830508,0.21972599574798496,ok,1274.5817560225726,593.6531399927469,0.16411471334588287
209,7.359698724186728,5.212985848409289,-0.04850140797019081,0.9981941684630499,354,298,0.8418079096045198,1.6354149961102473,ok,1267.2414525426177,588.4128793514548,0.2126161213160737
210,2.951236816383016,6.658233291068427,0.03509130574742048,0.999717075919722,394,352,0.8934010152284264,0.39871554182420116,ok,1264.3108596795355,581.7455339445089,0.17752481556865324
211,0.009064228271199681,0.009847164980101297,0.0012383553580229503,1.0000115867384023,473,470,0.9936575052854123,0.08209009797470711,ok,1264.3018257916724,581.7356589375538,0.1762864602106303
212,4.343367023772771,10.223900990862944,0.24510102571798148,0.9996441299962071,353,305,0.8640226628895185,0.495632976253965,ok,1259.946182581876,571.5169818801692,-0.0688145655073511
213,0.6793650049798998,2.938068040959024,0.23694201036180562,1.0002844024447188,362,342,0.9447513812154696,0.4699055874888316,ok,1259.2511484451798,568.5825810602191,-0.3057565758691567
214,0.38131307472667686,2.0814543669868044,0.19610143120327525,1.0002929280005461,358,344,0.9608938547486033,0.4139769018162806,ok,1258.85161861684,566.5045464457162,-0.5018580070724319
215,0.14763364342434215,1.3854765879361821,0.0818598011658435,1.0002269854611046,376,359,0.9547872340425532,0.3156958195453706,ok,1258.6898779239184,565.1206457929803,-0.5837178082382755
216,0.05286308811946583,0.9717790794331904,-0.025372885005260002,1.0002179557636885,348,339,0.9741379310344828,0.3741587651019336,ok,1258.6275475501059,564.1494279956711,-0.5583449232330157
217,-0.059901517607158894,0.7346175144341487,-0.11223715869342,1.000206714719701,328,302,0.9207317073170732,0.6600886004781863,ok,1258.68172754163,563.4143663568656,-0.4461077645395956
218,8.616723561457547,6.555620135603931,-0.22014483356023215,0.9983207436530055,367,322,0.8773841961852861,1.3842381811999394,ok,1250.039217021469,556.8927797243183,-0.2259629309793635
219,-0.3597226772169506,9.810593842897106,-0.14019003298108298,0.999468711664857,312,268,0.8589743589743589,0.6011298877280887,ok,1250.3842526510068,547.081658362866,-0.0857728979982805
220,-1.7646600693879009,4.231198586041387,-0.08084292566079575,0.9998181513100681,350,310,0.8857142857142857,0.35992518047387523,ok,1252.1485486435563,542.8503079536371,-0.004929972337484744
221,3.581126107619639,2.626032949021692,-0.0029213880110650495,0.9999137870731452,366,322,0.8797814207650273,0.3003330075199434,ok,1248.5673304788504,540.2244005476533,-0.0020085843264196937
222,4.672963766461407,2.2584145460009495,0.07813418804032489,1.0001317173345432,344,301,0.875,0.4308478654895983,ok,1243.8912123155815,537.972524541432,-0.08014277236674461
223,1.1642927910284016,1.8446276775739534,0.13900149038633788,1.0003223527141922,363,348,0.9586776859504132,0.40416835691574843,ok,1242.719872746464,536.1323635196916,-0.21914426275308252
224,0.10770896357280435,0.7814918192316327,0.08237351013357243,1.0001300879501076,380,366,0.9631578947368421,0.24312151359248296,ok,1242.6080527098782,535.3514493350478,-0.30151777288665493
225,-0.15722506796169,1.6783757972782496,0.2342297179420944,1.0003724731327612,352,341,0.96875,0.4664687440565055,ok,1242.7495773835649,533.6716767892478,-0.5357474908287493
226,-0.1532250878931336,1.2053513822754667,0.20136031628796186,1.000312474266666,369,349,0.94579945799458,0.5084953389398051,ok,1242.8872834243323,532.46445397276,-0.7371078071167111
227,1.353894739154839,-1.2447572130075741,0.0913764931846018,0.9989073689360976,387,343,0.8863049095607235,0.7601334818916137,ok,1241.5515285091908,533.7286573941758,-0.8284843003013127
228,7.547268313351196,12.962335275451778,-0.04061384117776801,0.9989549510228717,251,205,0.8167330677290837,0.9409607187925478,ok,1233.8267351398936,520.8713263263143,-0.7878704591235448
229,-2.418317496844793,6.642869241111157,-0.15198502332259378,0.9995209467097972,292,254,0.8698630136986302,0.5733449193312563,ok,1236.1711806977564,514.2020275403652,-0.635885435800951
230,0.2718742660094904,2.989758791323993,-0.23050151651543677,0.9997879288718904,268,232,0.8656716417910447,0.40727165562882406,ok,1235.878160020254,511.21426715349133,-0.40538391928551437
231,5.08903174925922,2.5273883093732366,-0.22238686490611628,0.9999147551479213,283,243,0.8586572438162544,0.37353860116911686,ok,1230.7810820129614,508.70314557162783,-0.18299705437939817
232,1.5403756360076386,0.8849624194813259,-0.06393810912972124,1.000263407361077,294,280,0.9523809523809523,0.42059255058644623,ok,1229.238870778029,507.82138591574164,-0.11905894524967697
233,0.7843970737258132,2.4509049707057784,-0.06257559385657048,1.0005142052275906,297,277,0.9326599326599326,0.7007561729871554,ok,1228.452057933598,505.3712554105365,-0.05648335139310652
234,-0.17344645540333659,1.311309197224091,0.0808766979409779,1.000415930154792,331,310,0.9365558912386707,0.3821069482462422,ok,1228.6223601804156,504.05953416410284,-0.13736004933408438
235,-0.04672719240943479,1.1414707882464654,0.1659320336132721,1.0005127376037513,325,299,0.92,0.6646297765608165,ok,1228.6630444330417,502.91783202145825,-0.3032920829473563
236,-0.1251362557181892,0.4235658489748175,0.10300809007201919,1.0000379047191728,330,322,0.9757575757575757,0.44915866298242624,ok,1228.7851739453915,502.4933894539347,-0.4063001730193753
237,0.9027203064686091,-1.8074784933469346,0.16928096574061538,0.9988473149793254,300,260,0.8666666666666667,0.8563605009960704,ok,1227.9006564255335,504.3098451271309,-0.5755811387599904
238,-0.12695027330369157,13.504468469222047,0.1298378430907374,0.9992121564400308,315,271,0.8603174603174604,0.734322824207083,ok,1227.861335830591,490.80483720788425,-0.7054189818507277
239,8.711402524613732,7.291875167728904,0.03427414454084588,0.999544480165841,328,289,0.8810975609756098,0.6040040321188636,ok,1219.0565231809157,483.6260314846662,-0.7396931263915735
240,5.372310379560076,4.66081042880046,-0.03610076924654305,0.9997982255890903,330,290,0.8787878787878788,0.4139695638275839,ok,1213.6273845357655,479.0315428037267,-0.7035923571450305
241,0.6085377667025114,2.7946929810116217,-0.1030447716920205,1.000143349069041,350,313,0.8942857142857142,0.24603397556946122,ok,1212.9895880670495,476.2433816290253,-0.6005475854530102
242,-0.5851993810617842,2.491817168930993,-0.13703682419371666,1.000052722955979,344,297,0.8633720930232558,0.3214277314737895,ok,1213.5546102441158,473.74691190992246,-0.4635107612592938
243,-0.8234207834357221,2.0368797389749034,-0.21149007933184877,1.0002082001272887,366,325,0.8879781420765027,0.3948121180407512,ok,1214.3690636906053,471.7064299959762,-0.2520206819274452
244,-0.6524841375762662,1.7340955529089115,-0.13945018356056715,1.0001970289065725,355,307,0.8647887323943662,0.33446075763376504,ok,1215.0181395486948,469.9710558383799,-0.1125704983668782
245,0.04346338013010609,0.6940793006114063,-0.022601770337921063,1.0000833368409778,368,355,0.9646739130434783,0.2688152746118237,ok,1214.9735863442074,469.27704564182716,-0.08996872802895714
246,1.2866761369464257,-0.7345902322546181,0.02798634403968118,0.9996954866924257,326,316,0.9693251533742331,0.6634121927931507,ok,1213.688425236955,470.0142832013124,-0.11795507206863827
247,7.813663492029491,13.09075151427669,0.15228334865902698,0.9988963221471245,314,270,0.8598726114649682,0.9277113255111883,ok,1205.8131056976968,456.9605306937081,-0.2702384207276651
248,-1.0699875384868847,3.838587541669426,0.1287865176041958,0.9996970093958525,311,292,0.9389067524115756,0.4546136295632036,ok,1206.8563344331399,453.11458458733534,-0.3990249383318607
249,-0.5638932023834968,6.56982896555769,0.3913878471750869,0.9997261244814836,295,284,0.9627118644067797,0.6989675895438229,ok,1207.3295440556521,446.53760193314383,-0.7904127855069472
250,5.133647828848325,2.676422807603558,0.15756853490986328,0.9998443949193507,256,218,0.8515625,0.5501760466433127,ok,1202.1523184261403,443.94647981004186,-0.9479813204168105
251,2.0512175531537196,2.1160655786054576,0.04877287724771143,1.0003865025106027,294,279,0.9489795918367347,0.43187386712908343,ok,1200.0646006789123,441.86641692848457,-0.9967541976645218
252,0.25088701776462585,0.864261930151315,-0.01976818692536965,1.0001153217666545,296,287,0.9695945945945946,0.3327819151300086,ok,1199.7990137798,441.0065584641944,-0.976986010739152
253,0.018096944605076715,1.809308577312322,-0.17982202721817697,1.0005770708055863,324,284,0.8765432098765432,0.45622661586591207,ok,1199.7557462422233,439.19767677996737,-0.7971639835209753
254,-0.011232489273879764,0.3934323336172838,-0.12621973741796977,1.0003122562320892,321,301,0.9376947040498442,0.5221700836220569,ok,1199.7623709007732,438.8041398898923,-0.6709442461030056
255,-0.021285817895886794,0.5201309705223593,-0.15217936369898663,1.0001111921579888,312,299,0.9583333333333334,0.5612521727641249,ok,1199.7789465639842,438.2838375163351,-0.5187648824040192
256,1.3421265191973362,-3.596336895818922,-0.13649832223614566,0.9985592502098383,315,301,0.9555555555555556,1.1167251102999831,ok,1198.4608438145478,441.88904871731756,-0.3822665601678739
257,-9.403103503638931,15.412141748936506,-0.03522673609238778,0.9993779414625477,326,287,0.8803680981595092,0.7415968263655173,ok,1207.770424252285,426.4202355481452,-0.3470398240754861
258,-2.9168483492680934,6.077656961853108,0.0268379219386256,0.9998562244997939,278,244,0.8776978417266187,0.42989178870003864,ok,1210.6475516537716,420.32367452128693,-0.37387774601411167
259,-1.540622582153219,2.7968469780478245,0.0992075827376591,0.9999061928644528,275,262,0.9527272727272728,0.4066916372937494,ok,1212.165028705232,417.51420226523135,-0.4730853287517706
260,-1.2941495406175818,2.3076882891352852,0.131727354840622,1.000138121396363,297,285,0.9595959595959596,0.3133052907376015,ok,1213.4347467017562,415.1929817925929,-0.6048126835923925
261,-1.1503334363146678,1.8417793048090516,0.20400905642225187,1.000139730893872,297,280,0.9427609427609428,0.41847273995980316,ok,1214.5589667189538,413.33514773777034,-0.808821740014644
262,-0.948131145814159,1.170121251894443,0.13716396761191843,1.0002816385274784,291,280,0.9621993127147767,0.4625553378171783,ok,1215.487650152432,412.14953249909394,-0.9459857076265622
263,-0.4547099031697144,0.5604566078231983,0.02917647075213213,1.0001595467599824,314,303,0.964968152866242,0.2522051976175614,ok,1215.9327558048642,411.58141837018496,-0.9751621783786941
264,-0.7941949463365745,0.6852425900190156,-0.04043276968563238,1.0004013067833135,315,300,0.9523809523809523,0.5280773294445383,ok,1216.715666441804,410.8833109611643,-0.9347294086930618
265,0.28605032530754215,-2.7375191762546365,-0.24319202338869275,0.9993672851680512,286,276,0.965034965034965,0.5001903189033434,ok,1216.4626769224355,413.6240831757163,-0.6915373853043695
266,-1.011721617200692,14.092138119950505,-0.29011777172795145,0.9989752920725076,289,259,0.8961937716262975,0.7996227310033805,ok,1217.3756436736167,399.52520275443055,-0.4014196135764186
267,-6.92714889775948,7.084229049938017,-0.25208366231929524,0.9994302166876172,278,244,0.8776978417266187,0.6066748168357328,ok,1224.284304699826,392.42294283883666,-0.14933595125712368
268,-4.675079553502883,3.7647708186457294,-0.2011341711826121,0.9997069674679296,273,240,0.8791208791208791,0.4720190212104874,ok,1228.9627858814983,388.66240006135865,0.051798219925488206
269,-0.8901850646411731,1.332910160399365,-0.03402080695328747,0.9998452047142716,272,265,0.9742647058823529,0.3709096628510412,ok,1229.8549664124387,387.33082473670856,0.08581902687877563
270,-1.047179530858557,2.0469511097185205,0.01439703953248989,1.000078547627607,277,263,0.9494584837545126,0.44763120288200875,ok,1230.904696753565,385.285180577441,0.07142198734628576
271,-0.6461490185404273,1.8681062554034042,0.11859378548640262,1.000157588342731,270,259,0.9592592592592593,0.35007757510669013,ok,1231.549307535448,383.41654297867586,-0.04717179814011676
272,-0.4068850751905302,1.3002857492941757,0.2049272729003432,1.0005816110042078,291,279,0.9587628865979382,0.5632564487651333,ok,1231.9504674867658,382.1144795440886,-0.25209907104045975
273,-0.8165727633306687,1.029649063737338,0.15072953257430244,1.0005173542020305,278,266,0.9568345323741008,0.6292894439655866,ok,1232.759780989308,381.07911490934765,-0.402828603614762
274,-0.4915860302608053,0.648813240328991,0.09354450918391417,1.0000484345535898,284,266,0.9366197183098591,0.3406597439474669,ok,1233.245727749327,380.4260672905627,-0.4963731127986762
275,-3.7492417894222854,5.022712133091318,0.019224513726268877,0.998444525463459,256,223,0.87109375,1.0218261965583249,ok,1236.9496195787626,375.36982001780245,-0.515597626524945
276,-4.889665007503936,10.618495906227622,-0.06686029892258448,0.9995886283834827,252,214,0.8492063492063492,0.5289053383921027,ok,1241.7559720091688,364.71335458545065,-0.4487373276023606
277,-2.3240597970909675,5.2117411019403335,-0.1453670680811885,0.9998285016168367,282,248,0.8794326241134752,0.3962312039859158,ok,1244.0524041794672,359.48938114167,-0.30337025952117236
278,-0.5406000520495127,1.1023638770441266,-0.09742021004836397,1.0000236862185339,316,293,0.9272151898734177,0.4069361546002589,ok,1244.5890382935731,358.38508119995777,-0.2059500494728085
279,-1.2873964939744837,2.7900836686262664,-0.2790748878420212,1.000145134969876,292,254,0.8698630136986302,0.3340290104622604,ok,1245.879994635921,355.59664286770357,0.07312483836921244
280,-0.8692475694219866,1.9225308105566228,-0.2230326568735703,1.0001269692794361,286,248,0.8671328671328671,0.40644675607840675,ok,1246.7591679634272,353.67863079404816,0.29615749524278245
281,-1.0342320921718056,1.8684451158505908,-0.10831772859422258,1.0002453767367046,293,256,0.8737201365187713,0.37391861907398316,ok,1247.806564322466,351.8175332580507,0.4044752238370049
282,-0.6695794965678488,1.014412232853715,0.05328745341611526,1.000285798492327,293,278,0.9488054607508533,0.34426301915904534,ok,1248.4823489232926,350.8072441639429,0.3511877704208897
283,-0.5907958839411549,1.0643087810944962,0.15637163628470496,1.0001788909828024,308,289,0.9383116883116883,0.4986840639730944,ok,1249.0767602296955,349.74495034544617,0.19481613413618498
284,1.1953184671820054,4.656617100640688,0.22972282318514423,0.9990000428427696,293,272,0.9283276450511946,1.4087705395060819,ok,1247.8786050026965,345.0890623407815,-0.034906689048959064
285,-2.0705173204971743,5.648734809208577,0.07846282828964524,0.9996473701243604,295,261,0.8847457627118644,0.4017825303369907,ok,1249.9379412875805,339.4362417187376,-0.11336951733860422
286,-7.022954521513384,5.826636842213247,0.12291045370410507,0.9994652743055478,316,268,0.8481012658227848,0.6254594981881257,ok,1256.936807905507,333.5806927976925,-0.2362799710427092
287,-4.1522514083144415,2.9587072340333407,0.07602668005122776,0.999570406081986,325,301,0.9261538461538461,0.5755082283256995,ok,1261.0728704498156,330.5993966225131,-0.31230665109393685
288,-1.2521159468037695,1.8773457157723215,-0.015310795860811206,0.9998743692309202,317,305,0.9621451104100947,0.4896080579772012,ok,1262.315238292746,328.71558574463245,-0.29699585523312566
289,-0.575957528105846,1.7008412668944857,-0.10726345838190254,1.0002338373698525,329,296,0.8996960486322189,0.3839817464393218,ok,1262.8855604138935,327.0128465492526,-0.18973239685122328
290,-0.2285199592790832,0.9625022367478095,-0.14390119477038604,1.0002899277074233,344,331,0.9622093023255814,0.595315894687708,ok,1263.1133103894313,326.050161826108,-0.045831202080837456
291,-0.45334888351681,1.0458134921231022,-0.20637134716129826,1.000394513577049,327,274,0.8379204892966361,0.5097456599209356,ok,1263.569587810922,325.0056227004021,0.16054014508046063
292,-0.35224217390396007,0.30948231922127434,-0.07788692523945817,1.0001827623832462,334,310,0.9281437125748503,0.4806526428312203,ok,1263.923114791623,324.6976088550903,0.23842707031991872
293,-0.5120346277126373,0.4841882522063088,-0.10734939605403175,1.0000228067840324,329,303,0.9209726443768997,0.5301340115066893,ok,1264.4380621233472,324.2165194984201,0.34577646637395043
294,-6.764627650531111,11.941917036567816,0.05421191573714731,0.997732996065133,247,208,0.8421052631578947,1.8827967295289838,ok,1271.2633714914555,312.30918050987157,0.29156455063680314
295,0.5836662772999262,4.06668324677139,0.0894368264457676,0.9999899159788838,297,276,0.9292929292929293,0.5736762940686894,ok,1270.6940552383194,308.24046351839354,0.20212772419103558
296,1.7145838033040945,4.125378924579536,0.18650791004883494,1.0002752445972614,304,285,0.9375,0.5680770515475829,ok,1268.9805961479065,304.11461732210864,0.01561981414220075
297,-4.030071591701017,3.0169441064965667,0.25862780352834885,0.9998107649752531,322,305,0.9472049689440993,0.5018213441768107,ok,1272.9978357970472,301.08060770160114,-0.2430079893861479
298,-5.1564478547059025,1.9088124871063883,0.18732268999844187,1.000151354146317,310,266,0.8580645161290322,0.47804411199212193,ok,1278.1398018549562,299.1331209497729,-0.43033067938458963
299,-1.5722325197348255,1.1932945584006802,0.07557906137779681,1.0002585200025396,335,301,0.8985074626865671,0.4998100970704389,ok,1279.7014366811009,297.9259906051158,-0.5059097407623864
300,-0.6831114837339101,0.9156652572761459,-0.04504726208721788,1.0002289635830917,321,302,0.940809968847352,0.5279010739365055,ok,1280.3771609306227,297.0048603748007,-0.46086247867516844
301,-0.6305972534996727,0.5513939367515377,-0.14208100231826395,1.0002226391030586,315,291,0.9238095238095239,0.627170283280465,ok,1281.0046806016169,296.4499664821307,-0.31878147635690457
302,-0.4425096877623673,0.5398087550709079,-0.25338562523086633,1.0001252981512199,296,264,0.8918918918918919,0.3972835896606424,ok,1281.4465738781828,295.9096530102084,-0.0653958511260382
303,-3.612467178232464,3.6470590700184857,-0.18758746684510458,0.9987020414245762,281,231,0.8220640569395018,1.2013064860231177,ok,1285.0668107214324,292.2703063418088,0.12219161571906643
304,-2.2066991087031056,5.605814895212347,-0.055570605065539146,0.9996909371517372,315,269,0.8539682539682539,0.48746568365703047,ok,1287.2908914244342,286.6713647791319,0.17776222078460563
305,-2.0713134097893544,7.5490700625630325,-0.0870127532081284,0.9995965099333896,292,248,0.8493150684931506,0.47852437594233566,ok,1289.3970683185669,279.13194723255185,0.26477497399273403
306,-0.43325835537598323,3.2984119612057157,0.04690830756971641,0.9999072498528144,318,292,0.9182389937106918,0.528025100558075,ok,1289.8428656921685,275.8352065739591,0.2178666664230177
307,-0.19939461165699868,2.487281555866616,0.11210426179900379,1.0000636901843658,314,289,0.9203821656050956,0.33179688484615366,ok,1290.0468512399739,273.3482973183573,0.10576240462401389
308,-0.25930750473139597,2.1040756368705615,0.15492364481037263,1.0002069953519548,314,291,0.9267515923566879,0.49760791042780994,ok,1290.3043532989127,271.2439999635795,-0.04916124018635877
309,-0.3340442511787387,1.7829650493550844,0.13729359449473758,1.000386346343602,305,290,0.9508196721311475,0.41678036213487174,ok,1290.6325935761577,269.45995729330457,-0.18645483468109628
310,-0.46209940007793193,1.1905494038746838,0.11093959550883192,1.000530932902056,306,290,0.9477124183006536,0.5399818513101196,ok,1291.0885072182432,268.26702540523263,-0.29739443018992817
311,-0.3867237992214996,0.736867152492664,0.029654169876966126,1.0002862306996545,302,287,0.9503311258278145,0.4213030795120239,ok,1291.471018647295,267.5279628206354,-0.3270486000668943
312,1.1025405363604932,-3.0311298748855506,-0.07282546545927313,0.9982995183362745,274,249,0.9087591240875912,1.8229288204217422,ok,1290.381938136191,270.5639548484699,-0.25422313460762125
313,-0.9733438155076328,15.150595102982948,-0.1167081818000184,0.9997002369633861,258,217,0.8410852713178295,0.5779621711582827,ok,1291.3189164111106,255.4110672731581,-0.13751495280760295
314,3.3357887101988126,4.379230473904158,-0.06948622204642613,0.9999239037014018,268,215,0.8022388059701493,0.3557015207776342,ok,1287.9779304821316,251.03580055157119,-0.06802873076117691
315,6.536471077044553,3.855544800836469,-0.12039688136242711,1.0000141207148423,281,232,0.8256227758007118,0.4011524593812198,ok,1281.4449860898835,247.17428304933304,0.05236815060125005
316,0.9210752239314388,1.5797971008418017,-0.04619629288555343,1.0003092778522005,280,260,0.9285714285714286,0.6406955441292719,ok,1280.5266299114792,245.59290378503397,0.09856444348680345
317,-0.5912778823953886,1.5686181680949858,0.003094026475815698,1.0002676221895737,308,285,0.9253246753246753,0.5668329715854951,ok,1281.1205207181151,244.0252730245291,0.09547041701098775
318,-1.0000527567099198,0.9783285588567878,0.05688545799330524,1.000208581741085,307,287,0.9348534201954397,0.44599167015907726,ok,1282.1212320882848,243.04761815756927,0.03858495901768258
319,-0.8548633797952334,0.8902682430417599,0.09692671270496743,1.0002018637147365,312,290,0.9294871794871795,0.4414618305369926,ok,1282.9751885043502,242.15647990670936,-0.058341753687284774
320,-0.22321932486238438,0.8880865848332178,0.11798032458272804,1.0004403614330133,293,275,0.9385665529010239,0.5851680367899182,ok,1283.1956737781638,241.26771059289177,-0.17632207827001267
321,-0.22996524772725024,0.5987876196647903,0.25439025160899037,1.0002115948619752,303,262,0.8646864686468647,0.42693085991579205,ok,1283.4211312755024,240.66721117946975,-0.43071232987900276
322,5.064824892619981,4.5280981258523525,0.1629227423063985,0.9978112485348679,262,206,0.7862595419847328,1.7829680405062496,ok,1278.309663958119,236.19183122983725,-0.5936350721854011
323,3.2568450938717888,9.395422831981136,0.06153240975506608,0.9998060799737709,266,219,0.8233082706766918,0.4957169301184553,ok,1274.9455990679699,226.83426329943694,-0.6551674819404673
324,0.6075431961726281,2.2000372391978544,0.008127294872036778,1.0001588950982367,279,253,0.9068100358422939,0.5264291354654722,ok,1274.3126280293466,224.64140665721493,-0.6632947768125041
325,1.2279692503304886,4.587103397082728,-0.1254053068828687,1.000000906346916,293,251,0.856655290102389,0.342896607593471,ok,1273.0416500619185,220.06603333238155,-0.5378894699296355
326,0.016468308916728347,1.6237429332749116,-0.22920437636655172,1.000360481251466,279,236,0.8458781362007168,0.4878829299242842,ok,1273.0164340036056,218.44240268812717,-0.30868509356308377
327,0.07392923509451066,1.5408485637178728,-0.07465405695335667,1.000293797863847,298,268,0.8993288590604027,0.6059314920028891,ok,1272.9362116339805,216.90186894960493,-0.23403103660972704
328,0.016409474404099456,1.3779763650235282,-0.03802930312920017,1.0002648761759578,311,292,0.9389067524115756,0.5430919316529464,ok,1272.9150883790762,215.5239567820429,-0.19600173348052685
329,-0.104907127487877,0.5942311290568796,0.001939812722831238,1.000211515209384,303,282,0.9306930693069307,0.40480345406985485,ok,1273.017941975483,214.92936677384864,-0.19794154620335813
330,-0.25827102085281695,1.506118339981981,0.09838910665812128,1.0003502403989262,279,255,0.9139784946236559,0.5054332849640693,ok,1273.2684200147505,213.42193281971095,-0.29633065286147936
331,1.3592085987665996,-2.5777984846471327,0.01971379502486322,0.9988839325153016,291,261,0.8969072164948454,1.409027196727865,ok,1271.9234511999578,216.00718946647652,-0.3160444478863425
332,6.71363110736911,16.023236063934746,0.13898510232310834,0.9991447444953664,272,227,0.8345588235294118,0.8473679479907537,ok,1265.0827803920631,200.03777621788055,-0.45502955020945085
333,1.6623779055746581,6.93140834883684,0.259128651518039,0.9997377529782925,284,228,0.8028169014084507,0.43525470529413585,ok,1263.334137927316,193.12762632589187,-0.7141582017274898
334,-0.025775695561378598,2.138092902042672,0.16856054552717967,1.000152127775793,254,231,0.9094488188976378,0.4318446201353647,ok,1263.3269716626176,190.98939006932505,-0.8827187472546694
335,-0.002449185039722579,-0.004406520040674877,-1.5720872549224603e-05,1.0000047885528347,377,375,0.9946949602122016,0.005201679016204588,ok,1263.3294884414986,190.99375833560487,-0.8827030263821201
336,-0.16473247520616496,2.8149601122187278,0.041956555998076274,1.0003639590214521,278,253,0.9100719424460432,0.5709882465564011,ok,1263.4487726138384,188.1765063930198,-0.9246595823801964
337,-0.14100623656759126,0.36196875178029586,-0.12849981559560084,1.0002018226358487,275,244,0.8872727272727273,0.692445068541689,ok,1263.584735622831,187.81261328206267,-0.7961597667845958
338,-0.04839848954043191,0.17873715705786708,-0.08029732780672884,1.0001000314984108,279,256,0.9175627240143369,0.45369172298203375,ok,1263.6308972229015,187.6332853930386,-0.7158624389778669
339,0.0015877596201789856,0.6764682881174622,-0.21330853581146558,1.000428041791057,290,241,0.8310344827586207,0.4831659055654901,ok,1263.6233761480717,186.956857052974,-0.5025539031664017
340,-0.20540168393267777,0.3015098829679346,-0.1579608325464656,1.0000311843883163,284,269,0.9471830985915493,0.579608658266179,ok,1263.82696076213,186.65411728649372,-0.3445930706199362
341,7.272221293748089,6.510935748253019,-0.09151393279334243,0.9975435563645695,293,241,0.8225255972696246,1.911487576119868,ok,1256.5260512826092,180.17536681784907,-0.25307913782659397
342,-0.8115599606776414,8.572924217587001,0.07183485888431564,0.9998180826388493,276,230,0.8333333333333334,0.4380587496158189,ok,1257.2889829529543,171.59797825974772,-0.3249139967109095
343,-1.2740174874322747,3.1084857544634588,0.19153987740429226,1.0001180563386114,278,250,0.8992805755395683,0.3705709323670989,ok,1258.534929731125,168.4781351755604,-0.5164538741152014
344,3.4817169785960687,2.304187591870118,0.24629182028035354,1.0001630007361366,282,228,0.8085106382978723,0.415630004435845,ok,1255.022847848456,166.22050047813934,-0.7627456943955546
345,4.042512756881706,1.8060825662436173,0.1937305432756369,1.0002667348104,268,216,0.8059701492537313,0.43087041180426067,ok,1250.9507496315618,164.482150761423,-0.9564762376711915
346,0.7255263310451028,1.6508316527201714,0.13425577941663486,1.0004637589992988,295,270,0.9152542372881356,0.4974545554604144,ok,1250.1939300016368,162.845429144769,-1.0907320170878259
347,-0.10075174361122663,1.4699776023188633,0.0697457664476756,1.0002583798483788,274,250,0.9124087591240876,0.39271205226347483,ok,1250.2648899568817,161.37371254504217,-1.1604777835355016
348,-0.19752931018183517,1.2238490939062103,-0.021387499127795275,1.0003312636909345,269,252,0.9368029739776952,0.4709241948255355,ok,1250.4380506424723,160.14617850885338,-1.1390902844077062
349,-0.22912244496137646,0.7970151780168635,-0.10328093681373374,1.000020870938002,287,263,0.9163763066202091,0.6020836760022181,ok,1250.6527277655225,159.34515165436403,-1.0358093475939727
350,3.6763585871133273,4.911589888263393,-0.19234963180120612,0.9984372433050017,196,143,0.7295918367346939,1.3655979279853445,ok,1246.9044658913595,154.48821222564698,-0.8434597157927668
351,0.01629235543896357,-0.0027282808969175676,-0.0002891196432167629,1.0000026508430948,376,376,1.0,0.01629244876276107,ok,1246.8882154482685,154.491179962454,-0.8431705961495501
352,-10.231230960365792,11.1676837217085,-0.2171042401431968,0.9995094655516776,234,178,0.7606837606837606,0.9672008331576112,ok,1256.996809672767,143.21236932139357,-0.6260663560063537
353,-4.2354649066301135,2.2488020208252237,-0.06480290572211359,1.0000622487672752,259,204,0.7876447876447876,0.4439773524845202,ok,1261.2100426877837,140.9221856900366,-0.5612634502842403
354,-0.5190359929995338,1.635896880848577,0.025645874857938365,1.000206265317417,258,237,0.9186046511627907,0.5522014845807531,ok,1261.712294433116,139.28105798290687,-0.5869093251421785
355,-0.03520269897171602,1.8419196548795753,0.09996088348459244,1.000297863722673,249,227,0.9116465863453815,0.46139652911281315,ok,1261.725413928442,137.43884867778195,-0.6868702086267708
356,0.4510037331604053,1.3081097652101334,0.15219151112595938,1.0003820991738719,267,246,0.9213483146067416,0.5997176517045397,ok,1261.2553027707427,136.13748361579144,-0.8390617197527299
357,-0.14869222995207565,1.4182561638340303,0.2076181966067572,1.0004787716678714,249,220,0.8835341365461847,0.7445152699667721,ok,1261.3780629127486,134.71674793557622,-1.0466799163594867
358,-0.57766818187838,1.2204144326728965,0.14408441587513596,1.0002372425995483,230,211,0.9173913043478261,0.5483942740987525,ok,1261.9302445927585,133.48459238204703,-1.1907643322346222
359,-0.22930464339879109,0.33659565723280593,0.030588078972479015,0.9999927844634096,265,230,0.8679245283018868,0.3066049899347458,ok,1262.1523226016627,133.14318556619048,-1.2213524112071013
360,-3.064112349894458,5.562638973886806,-0.029197519246431405,0.9986741359640273,240,190,0.7916666666666666,1.1873880599841056,ok,1265.100038064724,127.51800020076405,-1.19215489196067
361,-3.402600364318687,9.781527174182315,-0.2538302662414145,0.9992542295037932,234,184,0.7863247863247863,0.7298603266285082,ok,1268.341998664588,117.68206330754151,-0.9383246257192558
362,-0.5857624006227979,1.6369706078515947,-0.2910734610786445,0.9999569247156938,220,175,0.7954545454545454,0.25920139055389885,ok,1268.9092317762108,116.03858012903538,-0.647251164640612
363,-0.4504198755926154,0.8766236624248904,-0.24571378537780947,0.9999379639521812,235,182,0.774468085106383,0.43463408206816867,ok,1269.3534971316017,115.15882140992449,-0.4015373792628033
364,-0.43940224927996496,0.5642809353458915,-0.166202496356407,1.000069822119421,261,220,0.842911877394636,0.524943148202208,ok,1269.790577971173,114.59274045251061,-0.23533488290639676
365,-0.2649076863810933,0.23630548837411425,-0.039764899767129006,1.000027990198381,256,234,0.9140625,0.31490406018704575,ok,1270.0546775249115,114.35553212244042,-0.19556998313926785
366,-0.695174053134906,0.7982274760254313,0.049846052808139474,1.0004602623581158,238,224,0.9411764705882353,0.499778635450844,ok,1270.746426149389,113.55433432653285,-0.24541603594740719
367,-0.5185217470088901,0.7659734040282729,0.1525315772631102,1.0003244197701457,243,221,0.9094650205761317,0.632853560394112,ok,1271.2596153672077,112.78477803585963,-0.39794761321051697
368,-0.32337123444153804,0.6112424448160709,0.17107759598288075,1.000014936933227,235,216,0.9191489361702128,0.6897110860300641,ok,1271.576900283336,112.17035427036353,-0.5690252091933972
369,6.840840224432441,4.904194089501061,0.1321757274557643,0.9976037764627331,225,166,0.7377777777777778,1.9001600155105396,ok,1264.6765550174068,107.35024536550691,-0.701200936649161
370,2.149917500491938,5.164377223833185,0.058737332104862316,0.9997504276452678,242,188,0.7768595041322314,0.4317218654672783,ok,1262.458331298043,102.21483682286669,-0.7599382687540231
371,1.47809837746604,4.113440167676345,0.06636120136048099,1.0004054476974908,247,210,0.8502024291497976,0.7964362637540372,ok,1260.9210661051438,98.12314028558274,-0.8262994701145039
372,0.13517114048136136,1.015424944581241,-0.029289622064173845,1.0001444300426288,265,240,0.9056603773584906,0.41769734980671225,ok,1260.7717834839439,97.10969381225289,-0.79700984805033
373,-0.07580362371913907,0.7658327879619264,-0.1132039785514069,1.000148906032888,261,240,0.9195402298850575,0.5967877979593792,ok,1260.8384419692097,96.34301089550797,-0.6838058694989234
374,-0.20638817322742398,0.5103370693749412,-0.1463256663391883,1.0001975225859034,246,222,0.9024390243902439,0.652295220288334,ok,1261.0400337621234,95.83076022302782,-0.5374802031597357
375,-0.2899925842900757,0.7544433349927431,-0.2024917546801703,1.0002937256901425,245,208,0.8489795918367347,0.40961639880556244,ok,1261.3256104479342,95.07463430680787,-0.334988448479566
376,-0.21966413086465764,0.9005023835825341,-0.1452812627216695,1.0003970027519684,252,211,0.8373015873015873,0.5196201024022787,ok,1261.5422918032734,94.173409549339,-0.18970718575789694
377,-0.05467339943334082,0.7936418826745921,-0.036999322803208716,1.0003938892710003,260,234,0.9,0.5533753726361301,ok,1261.5948497530246,93.37962476713506,-0.15270786295468833
378,0.87441735903667,-2.8829618488101687,0.08988374995013215,0.9984418934884265,248,193,0.7782258064516129,1.3822833379851724,ok,1260.7326467203186,96.26626306624212,-0.24259161290482026
379,1.811089756377669,14.191037335129636,0.18262396613355353,0.9993586577117943,219,150,0.684931506849315,0.7421996691271846,ok,1258.8162902723548,82.08905725137697,-0.4252155790383733
380,-4.818080422329103,5.714057832511003,0.24727907629277834,0.9995588798803671,240,202,0.8416666666666667,0.7928306350241303,ok,1263.5669730598322,76.31884331062258,-0.672494655331151
381,-2.6261356457757756,1.746844961055558,0.1349746141274124,0.9996338410581547,247,204,0.8259109311740891,0.5708394217187427,ok,1266.1682304516262,74.53516292175902,-0.8074692694585632
382,0.025953619203846756,1.0011843488621253,0.07452784305893753,1.000280186989315,267,226,0.846441947565543,0.3552398308891085,ok,1266.1268685309476,73.534496702546,-0.8819971125175007
383,0.5974157563714471,0.604243773352664,0.011473885021325674,1.0004729104489418,240,207,0.8625,0.5418451780638942,ok,1265.5201032088735,72.93964212575884,-0.8934709975388263
384,0.5992755945403587,0.1970106371595648,-0.03972456127931328,1.000431772709244,261,229,0.8773946360153256,0.5654320193077033,ok,1264.9179586567482,72.75158264657284,-0.8537464362595132
385,0.16389105716461927,0.17364016697536044,-0.032914707778796314,1.0001191424119404,254,235,0.9251968503937008,0.34367730267867413,ok,1264.7515968963423,72.58030815670224,-0.8208317284807171
386,-0.19447123210352402,0.17922940156677214,-0.09347274615872185,1.000277793824177,245,216,0.8816326530612245,0.5948110871591512,ok,1264.943777236419,72.3986244882293,-0.7273589823219953
387,-0.3477011057511845,0.31230144366418244,-0.15523246553500306,1.0001566086826281,235,193,0.8212765957446808,0.9764168082894659,ok,1265.2883425760951,72.08286670550797,-0.5721265167869923
388,-2.809644795549957,4.203248915813447,-0.1574072303805544,0.9986751770324236,233,168,0.721030042918455,1.2498630687560919,ok,1268.0674900086346,67.85939125587436,-0.41471928640643796
389,-2.2014474401796633,8.863097390288544,-0.048270198588431366,0.999863567004267,230,164,0.7130434782608696,0.5073665659858211,ok,1270.2122067155565,58.982395343480334,-0.36644908781800667
390,0.4043397349425959,2.981796034246827,0.07730331802073297,1.0002504172100941,245,208,0.8489795918367347,0.6121976472392706,ok,1269.784785505404,56.00382029486809,-0.4437524058387396
391,0.3000096776315786,0.7135713640868744,0.05731409135776232,1.0001212110575943,274,247,0.9014598540145985,0.35065378054255525,ok,1269.478547012336,55.292899846659566,-0.501066497196502
392,0.815954927809571,2.084352059406797,0.23233589192898985,1.00053387466568,261,219,0.8390804597701149,0.7839862028945421,ok,1268.635979354824,53.21916271426221,-0.7334023891254919
393,0.18020833212608522,0.9499468325591351,0.09325381083845387,1.0001747159685437,263,228,0.8669201520912547,0.5238420625288893,ok,1268.4420845425168,52.27191468474882,-0.8266561999639458
394,0.009736927950825702,0.3635643392290149,0.03643412374731428,1.0001130031189487,267,243,0.9101123595505618,0.30995545014078324,ok,1268.4268722775853,51.9085382634986,-0.8630903237112603
395,-0.14200216966014523,0.7074270248714356,0.03563057065676281,1.0002139166560802,281,258,0.9181494661921709,0.33557099956029546,ok,1268.5577609888774,51.19897096086777,-0.8987208943680232
396,-0.43375082834336354,0.7028651279692895,-0.018201862662387373,1.000143178671237,255,231,0.9058823529411765,0.4953409398135621,ok,1268.980659422527,50.4895232291633,-0.8805190317056356
397,1.4162063950345782,-3.1124991262861386,-0.11587221589560058,0.9994780194563326,256,221,0.86328125,0.8291266069439389,ok,1267.6061160919419,53.62064475296472,-0.764646815810035
398,-4.873164655048413,13.527865185512155,-0.10584347661579219,0.9990155789326415,224,166,0.7410714285714286,0.9540031141840675,ok,1272.3234147542698,40.03764200824742,-0.6588033391942428
399,-0.8470703942768978,5.4856021917796625,-0.20896077642526067,0.9997798709312443,226,169,0.7477876106194691,0.5156209988442272,ok,1273.1273907381112,34.545558407579506,-0.4498425627689821
400,0.13598721961739102,1.6628816375099404,-0.15409405732806605,0.9999065842434735,234,186,0.7948717948717948,0.463533204977541,ok,1272.9828219304407,32.88340085664879,-0.29574850544091613
401,0.05574357869204505,0.58503158146641,-0.028416480752857683,1.0000042185422882,248,228,0.9193548387096774,0.3948428947257099,ok,1272.9243493140089,32.298635731999525,-0.26733202468805856
402,-0.09240660472073614,1.479977359753775,0.015459574775119953,1.0001712717120603,235,215,0.9148936170212766,0.48083682249351567,ok,1273.0094501807225,30.818220314468135,-0.2827915994631785
403,-0.01193830976535537,0.7207332387026781,0.11729063385011831,1.0003691791169804,232,211,0.9094827586206896,0.6491467055455143,ok,1273.016355538694,30.09742128516666,-0.40008223331329684
404,-0.29366922238295956,0.731669009787538,0.17831828535283448,1.0003778911202381,228,200,0.8771929824561403,0.7953230993275187,ok,1273.3026237290453,29.362825018329204,-0.5784005186661314
405,-0.3425176094569906,0.7491490519730633,0.15507154143703597,1.0003592296206996,235,217,0.9234042553191489,0.8246583046679011,ok,1273.6355233017905,28.609352729969373,-0.7334720601031673
406,-0.42324230569556676,0.752520535581084,0.12431634392487385,0.9998604872173716,250,221,0.884,0.5187944300808539,ok,1274.0474524374583,27.850580304936784,-0.8577884040280414
407,-3.6257417886615713,4.98264032386669,0.06167659300928397,0.9985247014078702,220,160,0.7272727272727273,1.1676971527127504,ok,1277.5927709272887,22.810399264464422,-0.9194649970373253
408,1.7482298633908613,9.656644907331042,-0.07339858469140804,0.9993431574848697,186,127,0.6827956989247311,0.6955408342063198,ok,1275.7021406034892,13.180621722887281,-0.8460664123459172
409,3.2498041781423126,2.761714667265892,-0.15831213431915556,0.9997487017953229,189,136,0.7195767195767195,0.49129073056548384,ok,1272.4194208904703,10.458114351837935,-0.6877542780267614
410,-0.21809593205830424,0.46349892669832116,-0.07184553751640692,0.9999177362139595,227,192,0.8458149779735683,0.5651013889105754,ok,1272.6325218731295,9.992297798009531,-0.6159087405103544
411,-3.657554562101268,0.9948506837060904,-0.19654657554708171,1.0002160760123984,210,162,0.7714285714285715,0.5407800035267878,ok,1276.28269696907,8.9707034428003,-0.4193621649632724
412,-1.9489863732856065,0.5095106587206146,-0.1265146285324678,1.0000102826126736,219,185,0.8447488584474886,0.8318011783111827,ok,1278.2290537088973,8.451237913692125,-0.29284753643080436
413,-0.3363481385902105,0.31867910897767615,-0.0688425071788118,1.0002785736086222,238,207,0.8697478991596639,0.6355139756019121,ok,1278.5641533641883,8.131246248400885,-0.2240050292519925
414,0.010787635517090166,0.6462763458036989,0.02063303532183256,1.000629411972282,227,196,0.8634361233480177,0.5083979383695322,ok,1278.5506064036158,7.485021853871444,-0.24463806457382503
415,-0.35388841061035237,0.9149895503821881,0.12477541141552194,1.0004642107452875,211,185,0.8767772511848341,0.640650868088053,ok,1278.898588121391,6.567769648331819,-0.369413475989347
416,1.5476852896481432,-2.5539791437502117,0.18165935070295547,0.9985496143694432,199,153,0.7688442211055276,1.1396623390995853,ok,1277.3755382994375,9.136516125186063,-0.5510728266923024
417,-1.9231575482365315,6.737046993926697,0.1305422472289712,0.9996428106254368,195,128,0.6564102564102564,0.7950309448385081,ok,1279.2184148627236,2.3770676916076354,-0.6816150739212737
418,4.923907136942944,9.320683787721919,0.24540394958699893,0.9998901972226788,196,134,0.6836734693877551,0.6034157351444258,ok,1274.1443544527772,-6.862733102790116,-0.9270190235082727
419,2.8339538518187055,2.6721790996614345,0.09326274174295451,1.0003775697448352,219,181,0.8264840182648402,0.808680435299485,ok,1271.2632681949262,-9.484026209203194,-1.0202817652512275
420,-0.12185272263377556,0.9261645420069726,-0.03394344076270829,1.0002088577937163,201,181,0.900497512437811,0.6225403860266142,ok,1271.369159865022,-10.412151092550744,-0.986338324488519
421,-0.7545997316901776,1.1043724826538437,-0.1389077584578558,1.0001848767853427,201,153,0.7611940298507462,0.5338535060674001,ok,1272.1073434866491,-11.527563247886974,-0.8474305660306632
422,-1.1175925514071423,0.8090300617845969,-0.2238581359802821,1.0001853445085098,194,156,0.8041237113402062,0.45212860095899843,ok,1273.2160650327803,-12.34870835380707,-0.6235724300503811
423,0.015929989772530462,0.023068593823836636,0.003685975014594505,1.0000282109370653,270,270,1.0,0.07271262353334641,ok,1273.1998834540605,-12.371601171573957,-0.6272584050649754
424,-0.019793098326999825,-0.0018581040395702075,-0.0025358311615679987,0.999972784114549,269,268,0.9962825278810409,0.0587354722640125,ok,1273.219695635215,-12.369958987079372,-0.6247225739034074
425,-0.05157974494136397,0.009507356828748925,0.0029248498963671474,0.9999284299599484,248,239,0.9637096774193549,0.14474191878594758,ok,1273.271168138976,-12.380030793207538,-0.6276474237997745
426,0.020522712632100593,-0.0024266904606520256,-0.0011402946108482696,1.0000102598449336,274,270,0.9854014598540146,0.04277157230145544,ok,1273.2506731876288,-12.377379844388315,-0.6265071291889261
427,0.0317860635652778,-0.017512023362996842,-0.0023736824607047237,1.000015064711776,263,258,0.9809885931558935,0.09719042366255388,ok,1273.2190797678486,-12.359522615436958,-0.6241334467282215
428,-0.02150216639415703,-0.017003978831553468,0.000733773425570895,1.0000129179887862,289,282,0.9757785467128027,0.04260983407035705,ok,1273.2407660970684,-12.342754145598633,-0.6248672201537924
429,-0.004876940779240613,0.0036733736835685704,2.364870446413641e-05,0.9999969180964299,285,285,1.0,0.006737748614113225,ok,1273.2456026852956,-12.346480489638907,-0.6248908688582565
430,-0.015521712884719818,0.0025674591705637795,0.0010080219554489136,1.0000007542636182,285,282,0.9894736842105263,0.02793629736820548,ok,1273.261095425701,-12.34921735138255,-0.6258988908137055
431,-0.34728025622030145,0.22684645397293934,-0.09119887977066114,1.000037007906113,199,178,0.8944723618090452,0.6445936215929482,ok,1273.6062435965523,-12.579294795297983,-0.5347000110430445
432,1.7510538885644564,-29.56664265139375,-0.12122722968569906,1.0015398605578814,164,112,0.6829268292682927,1.3485927012291041,ok,1272.0685999864438,16.99921428687469,-0.41347278135734555
433,-0.6234441620078996,-6.508435443888516,0.6128057854296339,1.000629762842615,203,152,0.7487684729064039,0.7371570524988615,ok,1272.8085166106373,23.495439185971577,-1.0262785667869787
434,3.0258132247913636,-10.658267194411565,-0.06982288785584212,0.9987946590871827,208,146,0.7019230769230769,1.0881668169288843,ok,1269.9610383684974,34.20272982923575,-0.9564556789311367
435,3.787476925999954,13.097028011188058,-0.19014583026763096,0.9994295301695433,187,128,0.6844919786096256,0.6980779015367442,ok,1265.9987375099831,21.1575277956357,-0.7663098486635057
436,1.3744963681920126,10.41551363675967,-0.22669993363023405,0.9993249015607205,158,110,0.6962025316455697,0.8620873933774885,ok,1264.5262105573145,10.755420847648338,-0.5396099150332718
437,1.8087684674130742,6.648939738810668,-0.05736121821255304,0.9998613189550981,209,162,0.7751196172248804,0.577182771570717,ok,1262.6615438402405,4.12194053537803,-0.4822486968207188
438,0.3999161569975058,4.921284146094422,0.033375504047435056,1.0000870886851245,204,148,0.7254901960784313,0.666841772114155,ok,1262.2173561658574,-0.7955453963919581,-0.5156242008681537
439,-0.6065843038561525,1.939767608221473,0.17474359567423092,1.0003108038648854,208,184,0.8846153846153846,0.5003138467018217,ok,1262.8005243723276,-2.742480869013889,-0.6903677965423842
440,-0.2810339662316892,0.8092059921073087,0.10292689527066536,1.0002526828551934,218,190,0.8715596330275229,0.5119202891800915,ok,1263.070327813769,-3.555500260433746,-0.7932946918130493
441,-0.5907719318374802,1.4883583113821715,0.15823462343987413,1.0003092696361107,206,182,0.883495145631068,0.7581372405895395,ok,1263.6363017733315,-5.053464016872681,-0.9515293152529232
442,-0.32101817491093243,0.6889819804778199,0.07480422668434113,1.0001899406616757,226,201,0.8893805309734514,0.4375836153352433,ok,1263.9449274417634,-5.748085521601183,-1.0263335419372641
443,-0.5404022297143456,1.0299428586745307,0.08091158383057762,1.0003413455756212,229,200,0.8733624454148472,0.40439539296508303,ok,1264.4653262835711,-6.788278728394971,-1.1072451257678415
444,-0.3434827088831298,0.6115548398438477,0.02567198204053128,0.9999942209693918,198,174,0.8787878787878788,0.4759459728757879,ok,1264.7966502801073,-7.406505307213251,-1.1329171078083726
445,7.6395287941581955,3.7914024750693898,-0.1114826126136986,0.9975751358768281,204,146,0.7156862745098039,1.816927183588921,ok,1257.0907481866177,-11.061119630269559,-1.0214344951946743
446,3.3148125872862693,5.472149151286885,-0.07507132953993405,0.9997849181916648,201,158,0.7860696517412935,0.5876422079421224,ok,1253.6860075406014,-16.47777357492248,-0.9463631656547405
447,3.0032139247907708,3.713802731042051,-0.1777839166539457,1.000096734599917,202,151,0.7475247524752475,0.5068413492338685,ok,1250.6332474722287,-20.150957557260085,-0.7685792490007951
448,1.2365828995486936,0.9422721208147777,-0.10387313186616062,1.0002882361555319,226,196,0.8672566371681416,0.6143911877040689,ok,1249.3858164417911,-21.0788206082658,-0.6647061171346346
449,0.4919359657342284,0.4202838775293003,-0.01995225226949845,1.0000625040796494,210,184,0.8761904761904762,0.4661011635745633,ok,1248.8891822357284,-21.493542198567752,-0.6447538648651362
450,0.6675603355899966,0.7061270126337149,0.01805005320824047,1.000595744152195,205,180,0.8780487804878049,0.7510035391772548,ok,1248.2134981932584,-22.19189972474976,-0.6628039180733765
451,0.36432949677941906,0.8313374156324471,0.1100272320648596,1.0005460315120822,233,191,0.8197424892703863,0.663011796998202,ok,1247.8379887271208,-23.01824742499184,-0.7728311501382359
452,0.04515449032737706,0.4317996689492247,0.0890125586789221,1.0002545393783686,193,177,0.917098445595855,0.5228989403427872,ok,1247.7863444549105,-23.449319056219338,-0.8618437088171578
453,-0.01807127261122332,0.9959461431569707,0.1807262108725267,1.0003256385422932,197,177,0.8984771573604061,0.721383129869768,ok,1247.7862912232465,-24.4454291345387,-1.042569919689684
454,-0.24431239588147946,0.3449141310935602,0.1029013745013099,1.0000218143236461,227,195,0.8590308370044053,0.47400119160676923,ok,1248.0236596474897,-24.795158366633473,-1.1454712941909937
455,0.561079396030209,5.003823797106406,0.13649847592408978,0.9981036342109044,213,154,0.7230046948356808,1.4394153300966355,ok,1247.35077150842,-29.78517682686345,-1.2819697701150832
456,3.1326769020297434,6.5569491248143095,-0.002996118667775151,0.9998085314662163,197,148,0.751269035532995,0.5586301874417401,ok,1244.0725210184564,-36.27056965405359,-1.278973651447308
457,9.618294607833604,3.1687158110318023,-0.1681415699687912,1.0001756140015736,206,161,0.7815533980582524,0.6624296382657866,ok,1234.3946038351676,-39.25222524240769,-1.1108320814785173
458,0.9563891889529259,-0.20343955834937333,-0.09509843177585912,1.000222007312211,206,179,0.8689320388349514,0.5690979092277313,ok,1233.441971294999,-39.03186377104828,-1.0157336497026583
459,0.5058871386513601,0.5123411410568224,-0.18353380481689702,1.000318738728635,209,173,0.8277511961722488,0.5242357093687499,ok,1232.9286962151089,-39.53680330627583,-0.8321998448857618
460,-0.832358422335119,-0.017869163618115635,-0.11511456221795925,1.0002029559830181,213,194,0.9107981220657277,0.7863080699573077,ok,1233.7612130845964,-39.52935265134386,-0.717085282667803
461,-0.2783840401350517,0.315786534160452,-0.020994582348286675,1.0001542899051192,238,215,0.9033613445378151,0.38347878130854385,ok,1234.0357401604526,-39.848497906018,-0.6960907003195163
462,-0.5205763875396769,0.8228864714476458,0.030578308946437528,1.0003035131957554,216,194,0.8981481481481481,0.4791647668685496,ok,1234.5458384831077,-40.67792036856645,-0.7266690092659537
463,-0.11186793382421456,0.6367771057155096,0.05405274458331452,1.0000966448233204,242,220,0.9090909090909091,0.3095604091143457,ok,1234.6490194702014,-41.3161626430076,-0.780721753849268
464,8.408149458089838,4.627414724071741,0.17642194306344908,0.9984139315970815,191,147,0.7696335078534031,1.5246556429210227,ok,1226.1647444076912,-45.802477500638815,-0.9571436969127166
465,0.21805660332347543,5.891676368561775,0.14694728475059843,1.0000541030332641,188,161,0.8563829787234043,0.9273737432666572,ok,1225.8332025769253,-51.68885831813384,-1.1040909816633147
466,-2.384345521005116,4.257641966222536,0.23180640691458823,0.9997999644830717,201,175,0.8706467661691543,0.444669642144756,ok,1228.1176386620166,-56.00093095773627,-1.3358973885779026
467,0.9059441946428706,0.30875152100998093,0.054376018245778916,1.0002687235864254,201,178,0.8855721393034826,0.5070371384577133,ok,1227.2044700827864,-56.28761114791291,-1.3902734068236815
468,2.754165013662714,0.12991180167693983,-0.0010055926019252183,1.0005207936014284,219,195,0.8904109589041096,0.4854899805943686,ok,1224.4479649581017,-56.35071024684453,-1.3892678142217563
469,3.5006188681529693,0.46355436380576975,-0.07919551651901023,1.000638390447579,215,193,0.8976744186046511,0.665109621746586,ok,1220.9376628504854,-56.73410850132291,-1.3100722977027466
470,0.6540147599894226,0.4780920022993769,-0.07736744890057487,1.0001776416135073,215,191,0.8883720930232558,0.6214605721194418,ok,1220.2735142110514,-57.198019973141754,-1.232704848802172
471,-0.24230739256677225,-0.06830783967370735,-0.22253568408381844,1.0002720258000894,191,160,0.837696335078534,1.1982237861348266,ok,1220.5169882026144,-57.133994596252364,-1.0101691647183542
472,-0.008956189191849262,0.24130212373484028,-0.0543002721844785,1.0000600252543212,196,177,0.9030612244897959,0.4560284265457929,ok,1220.5219176745477,-57.37541255032818,-0.9558688925338757
473,1.6588425078657565,-1.388680224310292,-0.07813642663181039,0.9987439546131373,178,156,0.8764044943820225,1.2006440040022737,ok,1218.8845426195035,-55.961483923978335,-0.8777324659020657
474,5.900415396993594,4.931695181328223,-0.02881710345301289,0.9996148343261281,175,133,0.76,0.5506951843214691,ok,1212.9117077163355,-60.80521827240341,-0.8489153624490527
475,-1.587105184719121,6.228577805216446,0.10099770305315692,0.9994782952548473,212,165,0.7783018867924528,0.5876517755910483,ok,1214.3953352349758,-67.05925166925476,-0.9499130655022093
476,-1.256217367017598,1.0077306982954042,0.1512256609576271,1.0000000453761848,204,176,0.8627450980392157,0.6021372652329211,ok,1215.6319547403045,-68.09093739297293,-1.101138726459836
477,1.8182031694484522,0.5464575275079824,0.06944524198776411,1.0004815996307947,200,166,0.83,0.48631806365967145,ok,1213.8029673750336,-68.60013658036553,-1.1705839684476
478,3.8726594626930364,0.631849869887219,0.1609818187040499,1.0002868736361916,197,156,0.7918781725888325,0.6581901019343233,ok,1209.9166706908832,-69.14182251780755,-1.3315657871516495
479,0.22465219167929718,0.873762048530125,0.0648425969839538,1.0005533745172563,228,195,0.8552631578947368,0.5855802339526827,ok,1209.6707920624447,-70.00985041180354,-1.3964083841356032
480,-0.1404063149175272,0.33719999915217613,-0.005122814524394941,1.0002484670019098,200,180,0.9,0.37106116512030557,ok,1209.8029697257089,-70.35036008572047,-1.3912855696112083
481,-0.15958755004703562,0.8494627906557071,-0.08666242454705642,1.0003677098692652,187,164,0.8770053475935828,0.9346204525635908,ok,1209.9431753363692,-71.20323616439657,-1.3046231450641521
482,-0.2032828924718615,0.25452756159666023,-0.09102020074391559,0.9999159197848436,215,187,0.8697674418604651,0.51661737029253,ok,1210.1410217904581,-71.46201211882158,-1.213602944320237
483,-1.4300524011368907,4.2883273939213495,-0.2662020138014313,0.9984306832566844,181,127,0.7016574585635359,1.3081351124040819,ok,1211.4999732960318,-75.77339849827683,-0.9474009305188061
484,2.147150429146677,4.473889145497424,-0.10935955380196921,0.9996263744939138,183,141,0.7704918032786885,0.5154078896283338,ok,1209.2876171700775,-80.2154047368515,-0.8380413767168372
485,9.207520258202294,3.2005107299676183,-0.17222623448690047,0.9998084382162841,187,123,0.6577540106951871,0.6278519931938361,ok,1200.0435273655614,-83.30870425740966,-0.6658151422299373
486,2.311891968190821,0.17178698016300586,0.028391940006546563,1.0007358592535074,171,139,0.8128654970760234,0.7552360479535677,ok,1197.7297237364473,-83.45246796992592,-0.6942070822364836
487,-0.15818737617632905,0.12666526264683853,0.08107501161876902,0.9999928578882381,195,171,0.8769230769230769,0.5957253546434286,ok,1197.8861827473718,-83.58126204061023,-0.7752820938552524
488,-1.0109834556606074,0.694844533341211,0.2026007857779524,1.0002496377557821,197,160,0.8121827411167513,0.8700083843820949,ok,1198.8851604332997,-84.29325927104821,-0.9778828796332044
489,-0.6401673680734348,0.5804422163356548,0.10967358028715984,1.0001810528359474,195,171,0.8769230769230769,0.5820828943664084,ok,1199.5141955121405,-84.88574749476106,-1.087556459920364
490,-1.2129603016917372,1.3469186426958686,0.1896028198673755,1.0001788076086482,196,167,0.8520408163265306,0.9207276821532712,ok,1200.696833298158,-86.25936694373718,-1.277159279787739
491,-0.19564555058605038,0.630227176643757,0.05169015359728616,1.000120933488864,231,207,0.8961038961038961,0.25484684430967874,ok,1200.8778108105028,-86.89396178745221,-1.328849433385025
492,-0.265885512009163,5.895757934265703,0.0015901532671560067,0.9976198859804295,174,123,0.7068965517241379,2.1087988317828565,ok,1201.0067341968393,-92.79430376783012,-1.330439586652181
493,3.238428201094621,5.597809159739995,-0.08733581576754443,0.9999181111226731,177,137,0.7740112994350282,0.671209913375289,ok,1197.6476262145818,-98.32053921033958,-1.2431037708846369
494,10.845094772407947,2.660657573231674,-0.3018246653327083,1.0000933301296768,176,114,0.6477272727272727,0.7524869737417531,ok,1186.7602864838861,-100.80267799230239,-0.9412791055519293
495,0.6442153695822981,-0.6628443496618956,-0.12370419805638576,1.0000720157144807,185,165,0.8918918918918919,0.6695604543045297,ok,1186.125594752125,-100.13070888593052,-0.8175749074955438
496,0.23884725749417157,-0.10562152946363312,-0.1448178868354103,1.0001702707084248,183,145,0.7923497267759563,0.9007697090143545,ok,1185.8880041204577,-100.02229019915251,-0.6727570206601339
497,-0.5447046719159516,0.014404587701733362,-0.04073348662922845,1.0001627770277624,196,157,0.8010204081632653,0.7221554364109045,ok,1186.432516760499,-100.04270236683044,-0.6320235340309057
498,-1.1695896108387842,0.384478320014523,0.007907549346685252,1.000286374854847,214,177,0.8271028037383178,0.6615770619671582,ok,1187.5977393098867,-100.44021946928228,-0.6399310833775909
499,-0.5491374167409049,1.1152430432875917,0.12827828431008945,1.0004211798193428,195,167,0.8564102564102564,0.8571377567985259,ok,1188.1318748800256,-101.56272476583035,-0.76820936768768
500,-0.017382819734848454,0.5654173697998885,0.07565203287317811,1.0001302486303636,190,160,0.8421052631578947,0.6697956936189133,ok,1188.1409285581133,-102.12833681963275,-0.8438614005608579
501,1.4602449398837507,-2.549872389947268,0.2192748357481701,0.9975992236254478,194,139,0.7164948453608248,1.9017916826755281,ok,1186.7282457375352,-99.55180975051121,-1.0631362363090275
502,-0.9533205675538738,6.620357070193791,0.11750680324122706,0.9997279783064746,206,152,0.7378640776699029,0.476587798207331,ok,1187.5449537757745,-106.1904041666254,-1.1806430395502543
503,7.249206698722446,8.37589782403245,0.06691147899191724,0.9996608320420427,182,124,0.6813186813186813,0.5651635360560401,ok,1180.1151036134136,-114.40648526921314,-1.2475545185421713
504,3.11633624457977,0.7439424404160491,-0.019133381592849087,1.0006863093596963,185,161,0.8702702702702703,0.85334313543697,ok,1176.9835346906127,-115.08344762095908,-1.228421136949322
505,1.3379396583541165,1.1108627063101721,-0.07091076850322275,1.0005494137057083,163,150,0.9202453987730062,0.931168682610557,ok,1175.6234275237937,-116.16705593415816,-1.1575103684460997
506,-0.2511903064096259,0.8264479209262845,-0.1601852624922298,1.0002848199775918,169,145,0.8579881656804734,1.210104475724898,ok,1175.860194849524,-116.99775080563859,-0.9973251059538704
507,-0.45038863237823534,0.30007269772431755,-0.0737414382928846,1.0002845381539134,181,150,0.8287292817679558,0.8334105850136148,ok,1176.3056881333569,-117.30504427799883,-0.923583667660986
508,-1.1088561257367928,0.8794273608759795,-0.1448228232702263,1.0006103787248612,178,138,0.7752808988764045,0.6961163710583311,ok,1177.4024890785463,-118.19946144983385,-0.7787608443907603
509,-0.24569407162857715,0.4371746069519986,-0.029842525298073946,1.000173083611016,185,165,0.8918918918918919,0.5855769675491956,ok,1177.6424479755067,-118.6398101089286,-0.7489183190926864
510,-0.3538053126274008,0.8728337498151859,0.01138500956555569,1.000277164402996,185,162,0.8756756756756757,0.5247364246354791,ok,1177.9846401520092,-119.51726179899492,-0.7603033286582421
511,1.8007283892172836,-3.2931283224982053,0.04885975651027931,0.9979265412942593,182,132,0.7252747252747253,1.7007836950638642,ok,1176.2305971909275,-116.19903182341261,-0.8091630851685211
512,7.274554275182709,13.448405016275728,0.13233609084749604,0.9988754311572622,165,122,0.7393939393939394,0.9709439694073785,ok,1168.7360472783853,-129.52608922528452,-0.9414991760160165
513,-0.034730925769963505,-0.018039927552763402,0.0006934437075101793,0.9999343984875622,217,213,0.9815668202764977,0.14287212020222653,ok,1168.7710701500978,-129.5086228390536,-0.9421926197235267
514,2.697939677796512,4.16235592457565,0.21219982019161437,0.9998358885138581,171,131,0.7660818713450293,0.635849644642201,ok,1165.9898207935312,-133.6157796858853,-1.15439243991514
515,0.2521997070030011,0.21882101887217686,0.04404076537836427,1.0002829417051926,187,161,0.8609625668449198,0.5318366429313328,ok,1165.7330995946074,-133.82927806184068,-1.1984332052935043
516,0.025845696118494743,0.013026582669681375,-0.006353436082897938,1.0001254769951329,203,184,0.9064039408866995,0.235598966733463,ok,1165.7069884844636,-133.84176412571048,-1.1920797692106062
517,-0.2551365502217777,-0.03135408939556328,-0.07589541337116364,1.0006742324222888,181,162,0.8950276243093923,0.9855702546323228,ok,1165.9626873956722,-133.81538601001432,-1.1161843558394429
518,-0.28801331233557903,0.07030471798316285,-0.14153032030334875,1.0006873928059346,178,150,0.8426966292134831,1.2331722363523272,ok,1166.2494631472002,-133.89057969185444,-0.9746540355360953
519,-0.1592011024858948,0.2731865066245973,-0.06322558724696727,1.000393411549296,180,164,0.9111111111111111,0.5761068099993365,ok,1166.4042985962662,-134.16626400796076,-0.9114284482891283
520,1.5544826358718637,-1.5422702236403438,-0.12454381139969851,0.9981733516680275,201,177,0.8805970149253731,1.341405990350012,ok,1164.8711430112003,-132.60279105970255,-0.7868846368894304
521,7.546986689211053,5.846877476198756,-0.08056414994215569,0.9997007772354103,169,111,0.6568047337278107,0.7537302523018432,ok,1157.2526535263098,-138.35619025299889,-0.7063204869472751
522,-1.1684414224334887,7.596148579827286,0.016582604589180785,0.9995712008038148,174,129,0.7413793103448276,0.5780911639863449,ok,1158.3251635870704,-145.9664761066341,-0.7229030915364558
523,-0.65954284962163,1.6905709168623844,0.13879865174857142,1.0000663745639482,198,175,0.8838383838383839,0.40619559805519856,ok,1158.9592074099833,-147.66677467631325,-0.8617017432850267
524,2.1875247699840656,0.44092391161257183,0.050026757345183526,1.0005392517966722,184,165,0.8967391304347826,0.6327562823925024,ok,1156.7649436108277,-148.07283488716894,-0.9117285006302099
525,4.053306950858769,1.4101088838665419,0.19226823719955977,1.0003022180332979,189,138,0.7301587301587301,0.5984738944298819,ok,1152.6852202433492,-149.40458619544438,-1.1039967378297688
526,0.16337288051954602,1.1956783557723156,0.14909198037354315,1.0004869921919246,182,160,0.8791208791208791,0.6807217153565019,ok,1152.4957384060326,-150.59640583862802,-1.2530887182033112
527,-0.5036640354596784,1.1096491631205936,0.05721019800805962,1.0004580586547118,203,184,0.9064039408866995,0.5538187541034563,ok,1152.9738963525642,-151.71728214937718,-1.3102989162113707
528,-0.08387843532568695,0.4924009894812116,-0.015241802512735816,1.0001856371038382,201,179,0.8905472636815921,0.5341820873094508,ok,1153.0466245650841,-152.21145310507814,-1.2950571136986349
529,-0.20219306548233362,0.5661799868297521,-0.043495294351733015,1.0001824564646984,201,179,0.8905472636815921,0.6109511048670068,ok,1153.236402812701,-152.7819143482376,-1.2515618193469018
530,-1.6559378896206454,4.362605900922517,-0.19892107025085032,0.9986446882138121,149,94,0.6308724832214765,1.4666202207090204,ok,1154.8119157525973,-157.174205267253,-1.0526407490960525
531,-1.5446306856213141,9.295172482151202,-0.21799845218977001,0.9986822952830057,165,113,0.6848484848484848,1.0693392085229616,ok,1156.2209821822921,-166.49089176109908,-0.8346422969062839
532,0.8084085655182207,1.1951238603130605,-0.0943113499259528,0.9999513076997912,167,143,0.8562874251497006,1.1606664105443332,ok,1155.397199081111,-167.67547052694874,-0.7403309469803315
533,0.2686291751163026,0.38073793567616576,-0.02734459899178573,1.0000302727263661,194,175,0.9020618556701031,0.40502169908841346,ok,1155.1238529395293,-168.0528362597189,-0.712986347988546
534,0.46437530079083444,0.728133300670379,0.001058291704278801,1.000281462255187,165,145,0.8787878787878788,0.6467723721026988,ok,1154.6504396244602,-168.7751259222814,-0.7140446396928248
535,0.4876007726018088,0.32714943813084574,0.06824343144259193,1.000579048058639,175,145,0.8285714285714286,0.7627186644897257,ok,1154.1584177030588,-169.0955876160483,-0.7822880711354163
536,-0.1081014596809382,0.3140656342923194,0.05410934457684371,1.0002466933089502,186,162,0.8709677419354839,0.4726412481813159,ok,1154.2619231124602,-169.41119778453628,-0.8363974157122597
537,-0.15948656984369336,0.9043323500568476,0.11444803001216725,1.0005696081966449,177,153,0.864406779661017,0.7152184721528204,ok,1154.4063806674844,-170.31805222716537,-0.9508454457244264
538,-0.9227999418153559,1.08022362003328,0.13001137764129067,1.0001765630020876,173,155,0.8959537572254336,0.719739208344958,ok,1155.3086397348839,-171.41549077997274,-1.080856823365716
539,1.2829260522385084,-4.001708931102257,-0.012797113833699914,0.9978615418559645,144,106,0.7361111111111112,1.9108563447300337,ok,1154.1005287503656,-167.39056326834452,-1.0680597095320163
540,-0.17490602268094335,11.912379656651979,-0.020476410028509816,0.9993466904468308,167,115,0.688622754491018,0.7351396335386368,ok,1154.0576143712706,-179.3041496115518,-1.0475832995035066
541,3.6914139557641192,3.394356614531034,-0.06663192952846606,0.9998975624134381,166,124,0.7469879518072289,0.5277019189964138,ok,1150.308630053603,-182.63481176873677,-0.9809513699750411
542,4.272529758944529,0.8623593421143596,-0.1644471217003673,1.0013279052520643,169,140,0.8284023668639053,1.4175975080488348,ok,1146.0242453269227,-183.4361991218858,-0.8165042482746747
543,-0.005860002653435004,-0.012540343375121665,-0.10474348294461219,1.0000479694663704,182,163,0.8956043956043956,0.7187760864971496,ok,1146.0302606566956,-183.42373254052654,-0.711760765330063
544,-0.5656232899984843,0.007124700742906498,-0.21656032523750302,1.0004973428828507,167,128,0.7664670658682635,0.7276775075642092,ok,1146.5958012438282,-183.43574552747032,-0.49520044009256126
545,-1.6131805854622598,0.3141754437115196,-0.05488644169237515,1.0001943603050045,204,177,0.8676470588235294,0.7322385485168116,ok,1148.2065198015896,-183.76230875018155,-0.44031399840018637
546,-1.0470779784468505,0.4173703380222378,0.0587125437727736,1.0003825223136307,203,171,0.8423645320197044,0.6222216681064827,ok,1149.2499229594087,-184.18878283176423,-0.49902654217295966
547,-0.7367240583516832,0.9590543137162513,0.14652684347099765,1.0001347836494758,163,133,0.8159509202453987,0.7791715147900283,ok,1149.9757947890703,-185.1560767900395,-0.6455533856439564
548,-0.4157715353508138,4.510141578214302,0.23081711773414948,0.9980579521993289,175,147,0.84,1.6023078242877447,ok,1150.3225352801408,-189.6720500026479,-0.8763705033781046
549,6.136955859199134,6.743391267622769,0.09266646855072755,0.9994388012186202,151,110,0.7284768211920529,0.8245986027540797,ok,1144.0724123561654,-196.3106881492265,-0.9690369719288316
550,7.714990975518958,1.5157037065221175,0.03808272352775736,0.9997060583313223,168,131,0.7797619047619048,0.7312959064651785,ok,1136.3319722091876,-197.69055401566345,-1.0071196954565889
551,1.0821577713084025,0.1193558678928639,0.004599128236267828,1.0002639317806257,206,191,0.9271844660194175,0.32863589837408946,ok,1135.2478756857697,-197.7907837174305,-1.0117188236928567
552,0.17675293025467909,0.5624805736337066,-0.03690433500003902,1.000374165785771,203,184,0.9064039408866995,0.6178004606168948,ok,1135.0615789102849,-198.35017580310296,-0.9748144886928181
553,-1.1507738892462385,0.4341780429761002,-0.06943117200234572,1.0001023127416222,177,156,0.8813559322033898,0.7876785138766897,ok,1136.205348566893,-198.80248331994937,-0.9053833166904729
554,-1.0631535008087667,0.5899708395652397,-0.09359746664591494,1.0002874747046666,186,168,0.9032258064516129,0.8313897322584196,ok,1137.260036734475,-199.40745755657463,-0.8117858500445585
555,-0.48585547579182276,0.7292006544928427,-0.08398287669618815,1.0002969260380639,194,173,0.8917525773195877,0.8225025088899383,ok,1137.7365905485417,-200.14277082326316,-0.7278029733483709
556,-0.09358575764053967,0.39376610514614185,-0.032590296102060365,1.0001369454717506,214,198,0.9252336448598131,0.5067635602958218,ok,1137.825391674723,-200.53764346043113,-0.6952126772463108
557,-0.5696469766498922,0.5311546679204184,-0.028091280429599005,0.9999516443647684,199,176,0.8844221105527639,0.5935286253308285,ok,1138.3888156972241,-201.07539463907142,-0.6671213968167119
558,0.7246482151226701,2.380376720481763,0.07016175893942073,0.9983663990320875,161,129,0.8012422360248447,1.8328708371803974,ok,1137.633597590483,-203.44624975449767,-0.7372831557561321
559,6.159063237955252,8.309754185361498,0.03886978699757393,0.9994822010806366,178,134,0.7528089887640449,0.8206157790647388,ok,1131.3625354415442,-211.67181077575424,-0.7761529427537058
560,7.241896589625185,2.2902957011109493,0.0687001909850603,0.9998604528280668,212,163,0.7688679245283019,0.7099858131945276,ok,1124.0876558761033,-213.85507620205635,-0.8448531337387657
561,2.0365949006782103,0.6104047191372501,0.09857792382063564,1.0005092688379522,185,175,0.9459459459459459,0.8640841617352704,ok,1122.0412866019494,-214.43186516208675,-0.9434310575594008
562,0.47567309176588424,0.4391870525698778,0.07782724259804187,1.0005603366705256,212,201,0.9481132075471698,0.7021927112038037,ok,1121.5578612743764,-214.86250434984868,-1.021258300157442
563,-0.20991531744220993,0.3073917727051594,0.023954861601598265,1.0003422495924716,211,202,0.957345971563981,0.3058987260271115,ok,1121.7621344083345,-215.1736741253195,-1.0452131617590403
564,-0.5677975696526119,0.28407250577436116,-0.02281630438809468,1.000322426769594,202,179,0.8861386138613861,0.6103680344794505,ok,1122.3247728075414,-215.46783275663654,-1.0223968573709459
565,-0.3763301621549999,0.35565716808639536,-0.07399239782530358,1.0002827100753107,187,162,0.8663101604278075,0.8401546479683025,ok,1122.6951645684824,-215.82967022786625,-0.948404459545643
566,-0.2879996065762498,0.5696278426283925,-0.10341757045689037,1.0003843985441951,198,174,0.8787878787878788,0.8363063535139048,ok,1122.9747324011146,-216.40348333284294,-0.8449868890887531
567,-1.0412024394242962,3.059610390079115,-0.1920842457615695,0.9990459749479017,179,143,0.7988826815642458,1.104089388545252,ok,1123.9810028134648,-219.47475963369448,-0.6529026433271847
568,6.33792666160889,7.950386610789337,-0.16252548230026298,0.9987439674197597,204,159,0.7794117647058824,0.9984336478269943,ok,1117.5752641694048,-227.3706113327163,-0.4903771610269225
569,4.105412296826216,1.3591223635629603,-0.052991516647246405,0.9995912874617512,229,188,0.8209606986899564,0.4263368791667138,ok,1113.4595962997007,-228.69835442245778,-0.43738564437967653
570,4.818815081968978,1.2028006106390876,0.007182289940837019,0.9995393745370812,211,167,0.7914691943127962,0.703253973659339,ok,1108.6315936290416,-229.86372917560675,-0.4445679343205135
571,0.2702046354052072,0.6011170724877957,0.11409120211355288,1.0000798968851685,209,189,0.9043062200956937,0.7902553685224333,ok,1108.3555407739861,-230.46218310119036,-0.5586591364340657
572,-0.5512986817072942,0.7226071426802037,0.1734493679177305,1.0000877657875427,211,190,0.9004739336492891,0.822945121740692,ok,1108.8975614422732,-231.19177539436123,-0.7321085043517954
573,-1.8804609987387266,0.8905641007397662,0.3527314797508683,1.0007483909764474,189,153,0.8095238095238095,0.7286344916870353,ok,1110.760824421272,-232.11778244422476,-1.0848399841026617
574,-0.8225821740591073,0.888394796534385,0.1367489117503781,1.0005536582154222,198,188,0.9494949494949495,0.8914474701260022,ok,1111.5642798331705,-233.02351206650758,-1.221588895853039
575,-0.23860111089516067,0.3644316395104852,0.02261366485761438,1.0003700672789222,231,221,0.9567099567099567,0.3180924453022624,ok,1111.7949115206566,-233.39303870252195,-1.2442025607106535
576,-0.476387459015541,0.35056653037418073,-0.03695237125748221,0.9998270222568861,195,181,0.9282051282051282,0.559423416504892,ok,1112.2638071715032,-233.75356439084715,-1.2072501894531715
577,8.364676691894147,2.828665276236279,-0.22536979787447683,0.9983295213029674,198,150,0.7575757575757576,1.5185611924571634,ok,1103.8518861182608,-236.4384754878697,-0.9818803915786961
578,-0.5515532551253273,9.039286113347316,-0.24059484530159095,0.9991025542623915,190,147,0.7736842105263158,0.8730666606427547,ok,1104.2864473347215,-245.48414080233601,-0.7412855462771064
579,-1.9158234520436963,2.6768034116486206,-0.11858282754379262,0.9995543557494,187,147,0.786096256684492,0.6275566194826105,ok,1106.1730661450874,-248.18160729302474,-0.6227027187333144
580,0.8052084177015786,0.4178400386865633,-0.05177360760132108,1.0000301684516277,195,183,0.9384615384615385,0.4908317573399656,ok,1105.3637341659464,-248.5914031463558,-0.5709291111319935
581,4.778199074706208,1.117180267747358,-0.10525810683171002,0.9998759420045304,199,157,0.7889447236180904,0.470325161446326,ok,1100.5766131310306,-249.66971216757008,-0.46567100430028413
582,1.8448641066956952,0.7929939346248602,0.03035149038366101,1.0008862645106777,189,177,0.9365079365079365,0.6337540683941698,ok,1098.7249531162176,-250.44670518045336,-0.496022494683945
583,-0.3859262517919433,0.6604715759501687,0.10492965761125032,1.0005941168604715,190,174,0.9157894736842105,0.7465402067809179,ok,1099.103930849216,-251.1111881767381,-0.6009521522951947
584,-0.15456830076436745,0.32578792545029955,0.05931871298098369,1.0003409088836706,188,171,0.9095744680851063,0.5279285479045228,ok,1099.2547346221781,-251.43873566036575,-0.6602708652761781
585,-0.2588033332176565,0.835224516249923,0.10391828203653648,1.000793138174592,186,175,0.9408602150537635,0.8686836716215204,ok,1099.5023753620133,-252.27733760515446,-0.764189147312714
586,1.4504142666855842,-0.9776408661211917,0.10221814967817107,0.9992557281453472,175,132,0.7542857142857143,0.9668206904896509,ok,1098.066909910737,-251.27787667730013,-0.8664072969908846
587,4.658002786159386,6.058297416726873,0.003260066532762874,0.99950488373121,185,147,0.7945945945945946,0.5612681965979601,ok,1093.3174909965505,-257.2647771711247,-0.8696673635236475
588,3.9471585966821294,7.044254257818693,-0.02901778151331843,0.9993533460172114,181,139,0.7679558011049724,0.7887051954148682,ok,1089.2674069295413,-264.2503621921742,-0.8406495820103291
589,0.7224205312072627,-0.060027533644188225,-0.10620316955884945,0.9998480362792191,157,143,0.910828025477707,0.9253044798272531,ok,1088.5458151918317,-264.1810794903341,-0.7344464124514801
590,0.02281101803509955,-0.3529245434958739,-0.09677407943597119,0.9998612295797884,159,143,0.89937106918239,0.801761411950544,ok,1088.5269333727117,-263.82792293460795,-0.6376723330155096
591,0.15877051467691672,-0.08591434177753854,-0.05440669321832763,1.000149214182186,171,151,0.8830409356725146,0.7019177460883457,ok,1088.3690456694987,-263.7403968034921,-0.5832656397971824
592,-0.2785951228884187,0.10406404431887495,-0.0815440060164802,1.0000337999114854,176,164,0.9318181818181818,0.8089304211182312,ok,1088.6467188657684,-263.84689639922226,-0.5017216337807026
593,-0.27819352035839984,0.500800315727929,-0.021477430559718656,1.0002456507635336,165,157,0.9515151515151515,0.8423131707550388,ok,1088.9207050336518,-264.3500108701045,-0.4802442032209841
594,-0.3715681775029225,0.9114291644070818,0.036340497431318015,1.000484057007702,160,146,0.9125,0.44605727397289807,ok,1089.2840406801422,-265.26475304156816,-0.516584700652302
595,2.163164118412624,-3.0994562613774406,0.1077618704900954,0.9986112307147494,166,118,0.7108433734939759,1.209674205440131,ok,1087.1547787970987,-262.14190947315194,-0.6243465711423968
596,4.976753298702079,11.050504039342854,0.09071659283150782,0.9987857031415087,160,125,0.78125,0.9892494020280644,ok,1082.0405040788098,-273.129443638084,-0.7150631639739041
597,-1.910734805260745,3.9124630553817497,0.16508454814279844,0.9996839504581788,180,169,0.9388888888888889,0.8779532775601041,ok,1083.8909146041576,-277.0707956324437,-0.8801477121167017
598,-0.20145765836377905,0.31007814835572844,0.08211945593423889,1.0001104671955636,185,167,0.9027027027027027,0.5613511875242341,ok,1084.087136417235,-277.3842133190441,-0.9622671680509401
599,1.3818086165892964,-0.017826427725822214,-0.0028716649401864087,1.000258694049872,227,215,0.947136563876652,0.3716167557678593,ok,1082.7058199958724,-277.3432526247142,-0.9593955031107539
600,2.21183096605273,0.02486120232401845,-0.03622263951496688,1.000513141912076,196,190,0.9693877551020408,0.5443816172795534,ok,1080.493875573461,-277.3324742233701,-0.9231728635957873
601,0.23526842961700822,0.03980260369235111,-0.07044923736201078,1.000328932490725,194,177,0.9123711340206185,0.7088605430144195,ok,1080.258040845487,-277.3687710870979,-0.8527236262337767
602,-0.6742272020187556,-0.2073633674407347,-0.12055671925918854,1.0003187201377528,176,171,0.9715909090909091,1.0374471912614582,ok,1080.9348627659883,-277.1700401785115,-0.732166906974589
603,-0.5394470585631552,0.48201384161995975,-0.22990535001222437,1.0005166809381252,170,127,0.7470588235294118,0.6375145073812944,ok,1081.4700637617905,-277.65676429605423,-0.5022615569623659
604,-0.28079231817946493,0.19153377993904996,-0.0664082697879404,0.9999589456729325,171,160,0.935672514619883,0.6801073586407023,ok,1081.7493909578611,-277.8504285218205,-0.4358532871744258
605,1.5184594802276479,-4.119505711689271,-0.14924087184982987,0.9986903568733847,182,168,0.9230769230769231,1.4857769011300759,ok,1080.2515575184348,-273.72337854762964,-0.28661241532459664
606,6.226591470014682,12.697689469382908,0.010895117136318466,0.9990543471780001,165,119,0.7212121212121212,1.0286912107019168,ok,1073.9591177102238,-286.388565496719,-0.2975075324609151
607,-2.1492187788364845,3.6370867272329406,0.18507996527173143,0.999606221495019,181,167,0.9226519337016574,0.7568899717470398,ok,1076.0776263775374,-290.0436253111727,-0.4825874977326455
608,0.2950844282986509,0.07293368290163471,0.23011362820472767,0.9999081701510173,198,161,0.8131313131313131,0.3635952329739018,ok,1075.7816575805764,-290.1128828966872,-0.7127011259373717
609,4.269982980458508,0.03062600235773516,0.10876711600025431,1.0001736697824937,193,155,0.8031088082901554,0.38936073294436563,ok,1071.5116743791873,-290.08228771277834,-0.8214682419376252
610,1.398485566255431,-0.2810310412846775,0.050818628163371814,1.0006513581417857,191,179,0.93717277486911,0.7575612075977203,ok,1070.1176292087384,-289.7799991289079,-0.8722868701009967
611,-0.03915811936190039,-0.151709665547628,0.016421711863538718,1.000351989556562,222,207,0.9324324324324325,0.4476652886722771,ok,1070.1591356754204,-289.6289150656976,-0.8887085819645354
612,-0.21050316776927502,-0.1086593176775068,-0.009414488615868698,1.0001843766486416,230,222,0.9652173913043478,0.3118961755541193,ok,1070.3712815382264,-289.52349891962274,-0.8792940933486668
613,-0.6312194251768233,0.235086697801421,-0.0850369542536027,1.0005034938872126,195,190,0.9743589743589743,1.127796331229202,ok,1070.9991815528767,-289.76731296721994,-0.7942571390950647
614,1.2440264448280232,-3.415142583227066,-0.13157534240431087,0.9992747260642292,211,191,0.9052132701421801,1.120106022607754,ok,1069.794736902587,-286.33801074321127,-0.6626817966907547
615,6.125820094083792,6.558280935805101,-0.11914280013849131,0.9994267702476872,177,132,0.7457627118644068,0.5994692871290923,ok,1063.6069779568866,-292.83788457952005,-0.5435389965522641
616,-0.36743884118595815,8.492074724996087,-0.12321027693053044,0.9993388844316884,196,155,0.7908163265306123,0.6279666945857305,ok,1063.9121085893253,-301.33242634079704,-0.42032871962173446
617,-2.1997316656570547,1.6979251519808258,-0.012781369884614273,0.9997805579905208,202,174,0.8613861386138614,0.9838056613758237,ok,1066.0997072941232,-303.0459551936002,-0.40754734973712026
618,2.7274199119312925,0.11387308456789924,-0.003458232611747993,1.0004411508763618,217,209,0.9631336405529954,0.6375693855892428,ok,1063.3715521089516,-303.1405899705559,-0.40408911712537227
619,2.769169894692368,0.5149170668989882,0.06465316633991801,1.000534901661907,222,205,0.9234234234234234,0.7627546688783825,ok,1060.5982623454138,-303.6328352132058,-0.4687422834652898
620,0.13558641162444474,0.5691663384160393,0.11859776184040119,1.0002194319649294,223,208,0.9327354260089686,0.7353853260671568,ok,1060.4568486256865,-304.20058177257545,-0.5873400453056902
621,-0.5810507600308483,0.7222167625376414,0.14140050218293018,1.000168937609181,232,211,0.9094827586206896,0.729647328909174,ok,1061.0286668168105,-304.93013025905384,-0.7287405474886194
622,-0.5039975710426461,0.8468707344416089,0.10438981399023874,1.0002246668425863,222,213,0.9594594594594594,0.5737555792772103,ok,1061.5202973054247,-305.78423976909073,-0.8331303614788573
623,-0.25130487148044267,0.482257241682305,0.03366219032335624,1.0001104444996298,263,254,0.9657794676806084,0.21664911689725944,ok,1061.7642779252035,-306.2702435167688,-0.8667925518022133
624,-0.0390906618979443,-1.7749563923682672,-0.01936132282059063,0.9993292761890539,219,200,0.91324200913242,1.002056519226829,ok,1061.8296157849695,-304.4960594116833,-0.8474312289816228
625,5.345090294588999,14.388958222056317,-0.20773103855589206,0.9984158498093816,198,157,0.7929292929292929,1.4861895421793956,ok,1056.3242110556819,-318.82444479665,-0.6397001904257322
626,-2.6388632873897677,0.8219641947403034,-0.16543710951097995,0.9996806373488938,234,195,0.8333333333333334,0.5089023483911597,ok,1058.9561802494186,-319.66822364812117,-0.47426308091475355
627,2.2768096435108873,-0.8348528976817988,-0.1908242223522064,1.0003101860217782,226,203,0.8982300884955752,0.8212581634555173,ok,1056.6835284165957,-318.82211776803285,-0.2834388585625485
628,1.9775595267719837,-0.13989267063846,-0.08138817247458734,1.0002676262722097,232,216,0.9310344827586207,0.5181939202195349,ok,1054.7064745095736,-318.67525221743415,-0.20205068608796178
629,1.9706604480265923,-0.41532447124825467,-0.08699517948513719,1.000614499822737,222,208,0.9369369369369369,0.6795251162323492,ok,1052.7366520462813,-318.2559713080868,-0.11505550660282528
630,-0.24928523337689512,0.20260620125702644,0.032810363326261575,1.0001217572097363,231,219,0.948051948051948,0.37233005726315627,ok,1052.9854135748874,-318.4592201758652,-0.1478658699290866
631,-0.6766573345569213,0.8144884629310809,0.14046751170210556,1.0004543294268249,232,216,0.9310344827586207,0.7957212149930001,ok,1053.6579635539424,-319.27710349904214,-0.28833338163119115
632,-0.6685428829548528,1.195590906012285,0.1948208319710031,1.000372431547096,217,199,0.9170506912442397,0.8437640713230773,ok,1054.316400808803,-320.47828940567786,-0.48315421360219296
633,7.556617004415784,3.024076984524072,0.1542242645683116,0.9969998392771983,187,145,0.7754010695187166,2.3860415161373956,ok,1046.7266111637848,-323.4181185340683,-0.6373784781705035
634,0.05452624810436646,4.469841299509426,0.11042943887946749,0.9999347033610358,222,214,0.963963963963964,0.562070016752873,ok,1046.6137521422716,-327.8868674860453,-0.7478079170499702
635,-3.4845125095314415,3.931970171165858,0.14323673636311693,0.9994071869235926,221,198,0.8959276018099548,0.8036367685239035,ok,1050.0366970781129,-331.8725499648957,-0.8910446534130861
636,2.75062769168062,0.25023640514700674,-0.08419611823469329,1.0006517483549313,221,209,0.9457013574660633,0.8069444464230856,ok,1047.2828183632357,-332.0840280499235,-0.8068485351783934
637,3.964555654824153,-0.16339555663432748,-0.17471519923601564,1.0009374647478253,217,207,0.9539170506912442,1.0164973203166248,ok,1043.3203066697129,-331.8769031435934,-0.6321333359423791
638,0.8557067069764344,-0.0337969136198808,-0.19437788161517794,1.000457433266727,223,199,0.8923766816143498,0.704002477773568,ok,1042.4648831532036,-331.8365694462998,-0.4377554543272024
639,0.10974543319775876,0.07345286334884804,-0.08794982159889594,1.0000909249100334,234,222,0.9487179487179487,0.44728459540545806,ok,1042.354691319291,-331.90935092045993,-0.349805632728307
640,-0.4412577637074264,-0.013009450858817218,-0.1458712497516894,1.0002704829172275,241,231,0.9585062240663901,0.7739703060633213,ok,1042.7959925926818,-331.89791212911757,-0.2039343829766185
641,-0.3276864877141179,0.47136260527099694,-0.050124314592768775,1.000292076693432,241,228,0.946058091286307,0.5825432736065321,ok,1043.1224125319827,-332.37015270668905,-0.15381006838385006
642,-0.23366478017851477,-1.0799708367117091,0.0233247173468742,0.9980640176232034,218,195,0.8944954128440367,1.8732536258171675,ok,1043.3594150120596,-331.29090942453206,-0.17713478573072414
643,-1.9361906001752232,9.040286002903258,0.15929383118700943,0.9990651280362935,204,165,0.8088235294117647,1.0575120731733767,ok,1045.2424899050836,-340.342408416509,-0.33642861691773274
644,4.2995600626452415,2.957513417090013,0.15748159233253164,0.9997688466613652,227,193,0.8502202643171806,0.4097600251668807,ok,1040.917595080169,-343.2627486531916,-0.4939102092502636
645,1.465588397030615,0.934004526742342,0.07910347309778701,1.00031374360863,253,243,0.9604743083003953,0.5762861649447536,ok,1039.4427391756453,-344.18204940179237,-0.5730136823480503
646,-0.7531181762074084,0.5631713098448472,0.07553838751769074,1.000116332790944,249,232,0.9317269076305221,0.44093861940380696,ok,1040.1894344968312,-344.7537092734692,-0.6485520698657405
647,-1.294468651924717,0.6782231096942724,0.029715281318793235,1.0002662722545113,232,220,0.9482758620689655,0.6633004591770804,ok,1041.4757838309324,-345.4472084212673,-0.6782673511845336
648,-0.7766792316658666,0.26537901834933564,-0.008045347823727244,1.0000348447848975,254,242,0.952755905511811,0.4617890220790141,ok,1042.2493057036938,-345.72165434424755,-0.6702220033608065
649,-2.239056337546799,1.5063434604924169,-0.11233583326760938,1.0006521544486258,230,201,0.8739130434782608,0.8727012330978113,ok,1044.473588941643,-347.2497276347201,-0.5578861700931976
650,-0.7129750881417749,0.7939169242669095,-0.09456151774434583,1.0002606028807517,216,207,0.9583333333333334,0.8905672127351223,ok,1045.1801207468861,-348.04938404038944,-0.4633246523488522
651,-0.9683218635723279,0.2674411568261803,-0.09823211666584708,0.9997094637115967,221,214,0.9683257918552036,0.6534332270291408,ok,1046.1467188106349,-348.3229899376106,-0.36509253568300554
652,0.20269559119265068,-3.0102571303666537,-0.08561745931593391,0.9992157429835036,255,238,0.9333333333333333,0.9443350536749776,ok,1045.9587088851365,-345.3117799214333,-0.279475076367072
653,5.002722600216202,11.499331413819732,-0.10617372923360054,0.999292979909157,191,157,0.8219895287958116,0.8196088743872247,ok,1040.9212274346446,-356.7959271259725,-0.17330134713347195
654,-2.4253410740270738,2.279571348893569,0.048374206628251315,0.9994617868809416,215,200,0.9302325581395349,0.7452079540946894,ok,1043.3377307890842,-359.0848649578155,-0.22167555376172307
655,0.430265411708433,0.1559517942569073,0.05634108385756282,1.0001350382538783,214,199,0.9299065420560748,0.5110426791968359,ok,1042.9067137198265,-359.2387271450259,-0.2780166376192856
656,3.2394199829377612,0.1184621442171192,0.07461668822287214,1.000351284244756,222,198,0.8918918918918919,0.4797994678130773,ok,1039.6666260061033,-359.33724979648423,-0.3526333258421574
657,1.2961663969620076,0.5872879914828673,0.1670508831299879,1.0005668514029704,214,199,0.9299065420560748,0.7091608587790079,ok,1038.3651861788267,-359.91275730254415,-0.5196842089721444
658,-0.4093673020913684,0.6709361077914764,0.13471798678530572,1.0001441587960465,230,221,0.9608695652173913,0.5195222911795289,ok,1038.7668638682187,-360.58832512490153,-0.6544021957574495
659,-0.6798356777469508,0.8501938520910244,0.058921345672985646,1.0001428743529086,248,241,0.9717741935483871,0.3719868831198352,ok,1039.4360623520897,-361.4469167181844,-0.7133235414304347
660,-0.657349868488609,0.912792252048348,-0.03425717495812302,1.000121035840274,234,226,0.9658119658119658,0.5037405332136293,ok,1040.0825479432954,-362.367435553062,-0.679066366472312
661,0.47808778408625585,-3.5892912299909767,-0.18270249231672603,0.9983364047448895,187,171,0.9144385026737968,1.540587828130675,ok,1039.6355724005437,-358.77413730115404,-0.4963638741555869
662,-0.5009642425338825,8.893571128356143,-0.19382250550820135,0.999227811744996,218,187,0.8577981651376146,0.9200089603325331,ok,1040.0895687712643,-367.6702296951662,-0.30254136864738657
663,6.58498596547156,3.366719421744392,-0.16862775793609064,0.9998331457323835,219,184,0.8401826484018264,0.49551193740484456,ok,1033.4967319895695,-371.02154928603557,-0.13391361071129673
664,2.4701355828619853,0.3488314945284401,-0.056225898627203265,1.0003968299024455,232,223,0.9612068965517241,0.41760860518603266,ok,1031.026125694659,-371.36703118837295,-0.07768771208409374
665,1.4481778964054683,0.9410455408193457,-0.048156478933662546,1.000540415396306,230,222,0.9652173913043478,0.6468177596353758,ok,1029.5774629595276,-372.30733018835883,-0.02953123315043141
666,-0.0034859313907418255,0.39693479565812595,0.0165961196017895,1.0000526279556052,245,240,0.9795918367346939,0.27231440848217586,ok,1029.5806293278679,-372.7042676618146,-0.04612735275222083
667,-0.6668017799183872,0.7725418727138731,0.08476194535559992,1.0003658640395194,230,215,0.9347826086956522,0.5633255081498952,ok,1030.245664536731,-373.47833079216684,-0.13088929810782035
668,-0.8236589140374235,0.8266114323814691,0.1239509380313584,1.0004552802720696,229,221,0.9650655021834061,0.7111977220426184,ok,1031.0656387123984,-374.308597507178,-0.2548402361391782
669,-0.43089965295894217,1.072637973180008,0.19813413816483844,1.0007389659305668,239,229,0.9581589958158996,0.8726488062904237,ok,1031.488044825077,-375.3846085705037,-0.45297437430401577
670,-0.5764949371982766,0.9928723835868141,0.13943937466442186,1.0000220760887506,262,247,0.9427480916030534,0.5560362695697237,ok,1032.054243255912,-376.383388486013,-0.5924137489684369
671,-0.8455907731161005,1.0833716105100848,0.03440904234305232,0.9982559344472488,231,214,0.9264069264069265,1.8223292244793285,ok,1032.8879314460712,-377.475945946116,-0.6268227913114891
672,6.009492258656792,7.254616016431669,-0.08687562731455521,0.9996795910685801,225,199,0.8844444444444445,0.39740047635578446,ok,1026.8103405908228,-384.6736080769002,-0.5399471639969343
673,6.910113609329301,2.0055486795602064,-0.19343487265313974,1.0002299686710072,228,204,0.8947368421052632,0.5515430078298627,ok,1019.8882243080261,-386.6373294846777,-0.34651229134379546
674,2.4921703469397016,0.971692408530771,-0.20121440742096702,1.0001711307103984,211,191,0.9052132701421801,0.4118811931162235,ok,1017.3935978367011,-387.60269881479223,-0.14529788392282944
675,0.7842398104144195,0.510168485986469,-0.0988904010424507,1.0001985379440606,221,216,0.9773755656108597,0.4856509448992188,ok,1016.6089450657904,-388.1122319279797,-0.04640748288037919
676,0.10227823845025341,0.2504478418884446,-0.036897736672884665,1.0000875606466875,233,229,0.9828326180257511,0.3225353219714595,ok,1016.5066252603223,-388.3626627906466,-0.009509746207494691
677,-0.26949133784819423,0.5741298191641135,-0.037076900142651366,1.0002558627564337,244,231,0.9467213114754098,0.4354467601405351,ok,1016.7763928024112,-388.93666288094596,0.027567153935156505
678,-0.7643144996568481,1.1567899669036024,0.055383459871024526,1.0004959627226053,229,222,0.9694323144104804,0.5624350324449267,ok,1017.5401456065388,-390.0938237755936,-0.027816305935867765
679,-0.23122178037056074,0.5233902030107629,0.045903104858638445,1.0001784645799983,232,227,0.978448275862069,0.3183330028915354,ok,1017.7706937775645,-390.6175110459776,-0.073719410794506
680,1.5160056960580732,-0.9851363728200795,0.1336848327443408,0.999414946715662,215,189,0.8790697674418605,0.652092016889704,ok,1016.2582640885419,-389.6268933703343,-0.2074042435388462
681,-0.91453900295528,12.045971545705015,0.11181585800823646,0.9980995020453267,197,169,0.8578680203045685,1.8661031199599287,ok,1017.1056758151398,-401.6777732317173,-0.3192201015470821
682,7.54221962387669,3.2728283223597145,0.013008265939665314,0.9990544978887053,219,180,0.821917808219178,0.8197601453327183,ok,1009.5446056649444,-404.906813377993,-0.3322283674867473
683,3.5382028970288957,0.017436954360846357,-0.003490538563905117,0.9999333382623145,254,250,0.984251968503937,0.4613492549386055,ok,1006.0063609608285,-404.90394951419216,-0.3287378289228422
684,0.6048237178215459,0.12431085852006163,-0.030656398915838073,0.9999862413580162,246,240,0.975609756097561,0.2767371808890132,ok,1005.4008987034558,-405.0251121077704,-0.29808143000700427
685,-0.6413780947132182,-0.042505712154138564,-0.07999918929444937,1.0002854611584764,221,210,0.9502262443438914,0.5566000792580938,ok,1006.0424339392816,-404.9850479450107,-0.2180822407125553
686,-0.6345331121442541,0.38148192714129436,-0.09983601647154053,1.000425310871465,232,218,0.9396551724137931,0.6653796654203726,ok,1006.6761784036416,-405.36783859933234,-0.11824622424101532
687,-0.4104681955875549,0.8948217369387521,-0.20574003610395963,1.0009743379281393,220,196,0.8909090909090909,0.9389412005174413,ok,1007.0880125622032,-406.26203248565037,0.08749381186294324
688,-0.009553989085816283,0.9227230110891469,-0.12501914941842468,1.000825724829142,245,234,0.9551020408163265,0.9365885513641993,ok,1007.1009889043185,-407.1847137136193,0.2125129612813673
689,-0.3442921668931831,0.3140251384838848,-0.021495008299499508,0.9997561710111937,231,219,0.948051948051948,0.45822883131105224,ok,1007.4465607405891,-407.49733007557154,0.2340079695808667
690,-1.246282571233678,4.47116323801697,0.054852625482961846,0.9966320146807558,200,162,0.81,2.6497601158207535,ok,1008.7068178560467,-411.9645745227999,0.17915534409790512
691,6.212570673969594,6.363537674063309,0.10024553399617225,0.9996441695826859,228,190,0.8333333333333334,0.4839917676802389,ok,1002.503017164404,-418.33666233502186,0.07890981010173337
692,7.1126697721297205,1.3638871661057692,0.1587375284619003,1.0002420928716693,245,200,0.8163265306122449,0.6088927602193572,ok,995.3884540516299,-419.690638407037,-0.07982771836016622
693,2.1911765819313587,0.8296232979355409,0.11062126083417641,1.0007045896524467,259,249,0.9613899613899614,0.6521320689769108,ok,993.194531943511,-420.5129737481176,-0.19044897919434214
694,0.3575742984248791,0.9558822759680652,0.08513325699429508,1.0004866840806794,241,231,0.9585062240663901,0.5772598340713974,ok,992.832364179743,-421.4671251068082,-0.27558223618863686
695,-0.4497924736404002,1.0561691408107663,0.044986458252095005,1.0003297069200765,249,236,0.9477911646586346,0.5249580141823287,ok,993.2762403997556,-422.52579428301556,-0.3205686944407317
696,-0.6794330973602882,1.1635615886605137,-0.009326061529164235,1.0003623459397621,222,215,0.9684684684684685,0.6657685730947913,ok,993.9493427941635,-423.69302950825386,-0.3112426329115675
697,-0.3284528189142293,1.2593940132665011,-0.06665816012826375,1.0003735761921708,235,224,0.9531914893617022,0.7624871894276403,ok,994.2724165301217,-424.9538141433277,-0.244584472783304
698,-0.07463942553977176,0.5748935154715582,-0.04552571121209423,1.0000755981781746,247,235,0.951417004048583,0.4505017924270847,ok,994.3450581964656,-425.5289635033088,-0.19905876157120997
699,4.324814011691615,2.675610737572015,-0.3791874108578964,0.9979510183123071,243,202,0.831275720164609,1.7604227930762804,ok,990.0286772302493,-428.21815751066845,0.18012864928668473
700,1.2640291765469556,4.167952279155088,-0.02384702048127797,1.0001486366797032,240,210,0.875,1.050452315776726,ok,988.779494138601,-432.3905833714857,0.2039756697679626
701,1.6180103251197124,3.7514874094721335,-0.023409019389447384,1.0003423003190233,236,199,0.8432203389830508,0.9052751243474265,ok,987.1763847121697,-436.14846247578214,0.22738468915740995
702,0.767879373933738,0.7677942699465348,0.027141128469289098,1.0003112510373082,263,256,0.973384030418251,0.40139851386005837,ok,986.4111933938001,-436.9189357200727,0.20024356068812096
703,0.23016150671901414,0.7206821922416111,0.13802936720230916,1.0003880470303987,257,243,0.9455252918287937,0.6711001739863562,ok,986.1818145699799,-437.63986740655355,0.06221419348581248
704,0.04135317206964828,0.8276865326431562,0.1962128419567894,1.0003943654371656,255,241,0.9450980392156862,0.7494302066436844,ok,986.1385257876989,-438.4674549623371,-0.13399864847097595
705,-0.1385382620044311,0.9092543715539705,0.17309151143040358,1.0004788634301662,268,256,0.9552238805970149,0.7603760811283482,ok,986.2721887212385,-439.37743879869197,-0.30709015990137867
706,-0.27544370497821546,0.8760990320948849,0.12227642231892215,1.0004775442361298,268,259,0.9664179104477612,0.6305325011102751,ok,986.5410593895447,-440.2555773483381,-0.4293665822203002
707,-0.4257516327659232,0.8679707721446448,0.05384630921194941,1.0002680553675414,275,265,0.9636363636363636,0.4336612860372111,ok,986.9594758011922,-441.12710785300453,-0.4832128914322493
708,-0.22193233193092965,0.4705295191533878,-0.0026917233049947105,0.9999033528295482,266,261,0.981203007518797,0.3121233893147699,ok,987.177454195609,-441.599482077448,-0.4805211681272547
709,0.6136383504140213,-5.541510581136663,-0.1495568240751189,0.9988464644817745,270,254,0.9407407407407408,1.4035030182906403,ok,986.595835983544,-436.05451933624363,-0.33096434405213637
710,1.6628293963260603,14.621582513298222,-0.28950092670281563,0.9982989575032489,221,175,0.7918552036199095,1.5767790047689296,ok,984.9224257768531,-450.674894675975,-0.04146341734932201
711,6.3260631731086505,1.8290996749428814,-0.25978419088836674,0.9998245721419378,239,190,0.7949790794979079,0.6231063490674353,ok,978.6033781429999,-452.5280859483845,0.21832077353904364
712,0.7545076715059622,0.43584346440775334,-0.10834588450190943,1.0000426450082132,286,271,0.9475524475524476,0.5582339348915982,ok,977.8513676427715,-452.9682240623607,0.3266666580409525
713,-0.2645579900370194,0.0825874454044424,-0.022138052190354127,1.0000147520351017,308,302,0.9805194805194806,0.29110632317132,ok,978.1164235023775,-453.049199413668,0.34880471023130655
714,-0.9037277508070929,0.49661322581141576,0.04204258163578545,1.0002987051081358,298,287,0.9630872483221476,0.495138395110126,ok,979.02279715941,-453.5409669781411,0.30676212859552127
715,-1.4172545647995776,0.6141431349021786,0.14072221766120913,1.0004630601590871,262,248,0.9465648854961832,0.8086460143616208,ok,980.4418255225,-454.1510004168466,0.16603991093431278
716,-0.9078437252999265,0.8997308740304106,0.18111197659969624,1.000697785991748,265,254,0.9584905660377359,0.9551855065769693,ok,981.3494325357335,-455.05097007454594,-0.015072065665382583
717,-0.4344316828062347,1.189412529619176,0.18209330110388683,1.0005717557988882,242,226,0.9338842975206612,0.966816807677753,ok,981.779768666061,-456.2418705185696,-0.1971653667692685
718,-0.743855165813784,1.7583272123824827,0.125390563972031,0.9978505237231339,242,218,0.9008264462809917,2.0944910361487437,ok,982.5137133069803,-458.00435749939504,-0.3225559307412989
719,4.983518746710843,6.742192570649877,0.006610045620955274,0.99913339723811,248,204,0.8225806451612904,0.7813843460157976,ok,977.4915429154796,-464.7178084984922,-0.32916597636225414
720,6.324852619498188,2.172529367261859,-0.11044915625486974,0.9997168443500155,251,212,0.8446215139442231,0.45030397160026064,ok,971.1584431403608,-466.86617805431376,-0.218716820107385
721,1.4776063654944664,0.40261282112146546,-0.14699743805483168,1.0001087891760982,265,254,0.9584905660377359,0.6891021728666258,ok,969.6803339662799,-467.2669409824633,-0.07171938205255417
722,0.07311765089889377,0.45767974768682507,-0.1609816868921457,1.0000995411045255,284,265,0.9330985915492958,0.7675738451486462,ok,969.6079294327689,-467.7247340862152,0.08926230483959065
723,-0.2246755264084186,0.18556488061244636,-0.07392137162535278,1.0001836192024876,292,282,0.9657534246575342,0.5357577693888378,ok,969.8331325531547,-467.9096583184082,0.163183676464943
724,-1.1427143466655707,1.109398465807999,-0.18794392727877135,1.00099280251916,272,229,0.8419117647058824,0.9385563403365083,ok,970.9826241621612,-469.0120330617857,0.3511276037437132
725,-0.5192375357726178,0.7579463759739156,-0.01587483777343007,1.0007457535592623,301,291,0.9667774086378738,0.9343963773415664,ok,971.5067059632806,-469.76663798698996,0.3670024415171432
726,-0.155544808174227,0.48113542600924575,0.025305315825904014,1.0004067240818446,312,294,0.9423076923076923,0.43173647821904765,ok,971.6651173549175,-470.24683723366854,0.3416971256912393
727,-0.8137188063012673,1.1105830785397757,0.11903704694325959,0.9999496172360621,285,278,0.9754385964912281,0.5163443174342813,ok,972.483145899984,-471.3542496995203,0.22266007874798038
728,-1.0090430778950576,2.1370977657129515,0.16684118310762558,0.9983109360068646,238,209,0.8781512605042017,1.7988679823635416,ok,973.4942705095973,-473.490363417724,0.055818895640355776
729,6.625662277233914,9.722651472867142,0.187083065437816,0.9992625480489226,240,193,0.8041666666666667,0.7227753195631276,ok,966.8463511234281,-483.19781004955246,-0.1312641697974591
730,6.414154264873787,2.1503863600521527,0.10129315261297524,0.9997507445430424,274,235,0.8576642335766423,0.6080404708288687,ok,960.4235215339559,-485.32214441487736,-0.2325573224104337
731,1.513286311650063,1.136049999325337,0.04734202055368883,1.000271946655852,295,279,0.9457627118644067,0.45690617142091794,ok,958.9047035096919,-486.4507882343196,-0.2798993429641223
732,-0.0664817950980705,0.5158668031658635,-0.04659124858518043,1.0001252544367842,312,300,0.9615384615384616,0.4801632017204418,ok,958.9690841526809,-486.96692147341207,-0.2333080943789421
733,-0.682331695462608,0.33768360138844855,-0.13007564127648774,1.000176006502457,289,274,0.9480968858131488,0.6922751843826633,ok,959.6508063208037,-487.3058339145665,-0.10323245310245509
734,-0.8389052387663014,0.2129394967062126,-0.16976066882870539,1.0000250669400619,275,250,0.9090909090909091,0.8149564293920059,ok,960.4899582457952,-487.5177991845278,0.06652821572624941
735,-0.5869546228752824,0.667276741329033,-0.18125796884429576,1.000526130263258,270,229,0.8481481481481481,0.6187879197042877,ok,961.0797931323626,-488.1825313000611,0.24778618457054422
736,-0.18689667313833525,0.27067990477701187,-0.06246029435071366,1.000161455200727,275,267,0.9709090909090909,0.49322370702149837,ok,961.268152742064,-488.45219522926436,0.3102464789212575
737,1.3993565054406645,-1.9118047327524437,-0.09663522256840595,0.9982290942743075,238,208,0.8739495798319328,1.9453505326097087,ok,959.8552550969227,-486.5503760449443,0.406881701489663
738,6.591025938640087,11.050697745688694,-0.035479307901289205,0.9990997147514616,228,182,0.7982456140350878,0.8876503670543721,ok,953.3497433872942,-497.65163097338734,0.442361009390952
739,1.6337455576617685,3.6253741801124306,0.14778639507159969,0.9999920573171427,259,233,0.8996138996138996,0.5084340580050376,ok,951.7346584648942,-501.28535677295463,0.29457461431935317
740,0.24270305558661676,0.928070423494546,0.16563355465531035,1.0003067503124037,268,243,0.9067164179104478,0.691977376334592,ok,951.4940445945322,-502.21397103600793,0.12894105966404376
741,0.07573897826591747,0.9720878450007149,0.1415597252712016,1.000295157780336,300,282,0.94,0.574584247347343,ok,951.4180915281393,-503.18604217688824,-0.012618665607156996
742,-0.2735800265306807,0.9487798990269312,0.11230271636134884,1.0004282125076458,294,284,0.9659863945578231,0.6721243352738797,ok,951.6896022912786,-504.13541630399186,-0.12492138196850518
743,-0.25424389151385185,1.0077212094282686,0.04502152812359577,1.0004416864416195,307,298,0.9706840390879479,0.5113728528655377,ok,951.9408561038988,-505.1438871830693,-0.16994291009210066
744,-0.3269828563131796,1.0664720571508042,-0.02989320997228116,1.0004989970988107,312,299,0.9583333333333334,0.7051586400188109,ok,952.2652311780697,-506.2111553069552,-0.1400497001198197
745,-0.11228461724590488,0.6248214967753256,-0.04320926989564025,1.0002255494854841,338,324,0.9585798816568047,0.4150992982800177,ok,952.376459571916,-506.836165692873,-0.09684043022417971
746,-0.0730043738067252,-2.3931182745857313,-0.23355467022504478,0.9975513318192649,263,242,0.9201520912547528,2.419064361823527,ok,952.4437534911999,-504.44288003437384,0.13671424000086366
747,-1.5967693769000562,6.859873795449857,-0.04470805905991928,0.9992219198828904,261,217,0.8314176245210728,0.8292981300406805,ok,954.0622360443167,-511.29766341226116,0.18142229906078272
748,10.201926196613613,9.698459731264506,-0.22717569230527135,0.9989602248473262,250,205,0.82,0.9164947911267772,ok,943.929732082272,-521.068629727793,0.40859799136605285
749,2.7998205777034855,0.2812952689683925,-0.03211103953410708,1.0002968691546184,279,265,0.9498207885304659,0.4574228247355721,ok,941.1321579809261,-521.3714521892343,0.4407090309001598
750,2.198788782619431,0.6920674249017793,0.007371283073513442,1.0003436378985637,259,241,0.9305019305019305,0.8070233331008949,ok,938.9386662590798,-522.0801294764217,0.43333774782664636
751,0.36437969124904157,0.5797990558387482,0.07581430500557947,1.0005303479213448,309,291,0.941747572815534,0.6582974143133263,ok,938.5779115619061,-522.6621909448365,0.35752344282106713
752,-0.41939456647514817,0.8198545839054532,0.11641157864068494,1.0006643016369414,318,302,0.949685534591195,0.8118887360096401,ok,939.0007525133879,-523.4802733801021,0.24111186418038275
753,-0.588080467279724,1.0754418677693138,0.13978489427621246,1.0007462949277561,301,289,0.9601328903654485,0.9373559435908351,ok,939.5907339674275,-524.5546735526802,0.10132696990417081
754,-0.6727633442769729,1.2051770414257135,0.1199732766570856,1.0009763814908526,302,287,0.9503311258278145,1.0193861538813924,ok,940.2631050639361,-525.7600694740115,-0.018646306752914274
755,-0.5245304631457657,1.120399763306068,0.04584874405441594,1.0003523977853124,266,252,0.9473684210526315,0.5741457269565944,ok,940.786374015934,-526.8810589656033,-0.06449505080733002
756,7.3623148423400835,1.5292615244162562,-0.09855698856004345,0.997883771617214,246,202,0.8211382113821138,2.0348473277966126,ok,933.4249696097573,-528.4146970638924,0.034061937752713004
757,0.013996655154414839,-0.0011085832566095633,-0.0002383018816324283,0.9999915348292105,411,411,1.0,0.01351724565453306,ok,933.4109722934556,-528.4135968599612,0.03430023963434542
758,-7.881779016004884,11.409292813461207,-0.2242400798897945,0.9979031937563686,246,200,0.8130081300813008,1.9166249710542993,ok,941.3441539548871,-539.7872080581319,0.258540319524139
759,0.8533252021209137,1.1124418900092223,-0.16974598895318888,0.9997804191146784,327,303,0.926605504587156,0.7933977712451918,ok,940.499168025347,-540.9059974208367,0.4282863084773271
760,1.9914305199872615,0.7468793738420345,-0.12977910125771194,1.0005184046093754,299,263,0.8795986622073578,0.8942338627510382,ok,938.5151065162229,-541.6722377506404,0.5580654097350384
761,-0.3145323181861386,0.7259179893347891,-0.035002426332210186,1.000531264790864,326,309,0.9478527607361963,0.7326353708960095,ok,938.8371358176812,-542.3948611902171,0.5930678360672487
762,-0.8898044673665026,0.8677830339336197,0.05527720877277814,1.0006908277191828,334,322,0.9640718562874252,0.8128109971430373,ok,939.7350461693526,-543.2542542228219,0.5377906272944708
763,-0.6109900762276084,1.0111681890896307,0.1206394315999716,1.0009797231005089,325,312,0.96,1.114581256764484,ok,940.3533819605707,-544.260947239175,0.4171511956944996
764,-0.08719950339923344,0.5788729567372002,0.07550700969097207,1.0005036231496023,336,316,0.9404761904761905,0.6059490840550796,ok,940.4440316062032,-544.8392899534731,0.3416441860035278
765,1.1211819490004018,-1.7443064845992922,0.20705877196094188,0.9981365079089976,253,197,0.7786561264822134,1.7170870069143394,ok,939.3187554503711,-543.0976218886294,0.13458541404258673
766,7.027659447779797,9.945755553453182,0.10427306733957366,0.9993201917734019,231,178,0.7705627705627706,0.8159708844093762,ok,932.2963587903478,-553.0470940350455,0.030312346703013464
767,1.1885413372494895,2.279616849265949,0.04343759759094479,1.0001005507558565,268,246,0.917910447761194,0.7479305348031465,ok,931.1072952722975,-555.3264385548251,-0.013125250887931168
768,0.07047177054323583,0.00343608677053453,-0.05596994132868132,1.000044027146105,303,289,0.9537953795379538,0.36722347543764905,ok,931.0368260908972,-555.329927338075,0.04284469044074996
769,-0.31068076270616984,-0.13700220882969916,-0.13020920925595764,1.0001121497182333,281,250,0.8896797153024911,0.6809675776755801,ok,931.347091641092,-555.1919873877263,0.17305389969670712
770,-0.35789867992525615,0.5496580388455641,-0.19716534247232825,1.0004005889228789,291,241,0.8281786941580757,0.5632679467356216,ok,931.7085344649188,-555.7393213898341,0.37021924216903473
771,-0.5905626786204721,0.6741248290713884,-0.13116396319159315,1.0004013924397965,313,272,0.8690095846645367,0.5627022166676074,ok,932.3049735801414,-556.408252585386,0.5013832053606275
772,-0.4113892550303717,0.9256506836943572,-0.060389553481744525,1.0004096873758612,294,277,0.9421768707482994,0.7889360123201,ok,932.7254187209919,-557.3298252580024,0.561772758842372
773,-0.22496578829077407,0.5481003544405212,-0.011367147050214008,1.0002884073700145,331,314,0.9486404833836858,0.5427055310500484,ok,932.9558559081431,-557.8756478548386,0.5731399058925859
774,-0.030714923420418927,0.012506489129236797,0.0007063571128098773,0.9999449254637567,399,397,0.9949874686716792,0.03430952111941996,ok,932.9866942470196,-557.8878468566995,0.572433548779776
775,7.8015120049299185,3.919421767535141,0.03580734258170829,0.998276918331453,265,215,0.8113207547169812,1.6264764222890125,ok,925.2222327665254,-561.880163787107,0.5366262061980678
776,-0.9185891605018242,7.302526380383256,0.15888657258991837,0.998414744236208,268,232,0.8656716417910447,1.5959467541093688,ok,926.1889457133605,-569.17647543481,0.3777396336081497
777,-2.1984873450076066,0.4449361474930811,0.14341112645813542,0.9992302224622317,288,271,0.9409722222222222,0.9539205137824585,ok,928.3892343684524,-569.6124165039664,0.2343285071500146
778,3.587454081880878,-0.16973927294225177,0.05366360860333344,0.9998086353081028,319,277,0.8683385579937304,0.44856738005603025,ok,924.8012629004288,-569.4539900067133,0.18066489854668127
779,3.8569563561766245,-0.2268745486063608,-0.004755574686833977,1.0005335277082101,321,299,0.9314641744548287,0.5394348659094661,ok,920.9435925315158,-569.2395984978593,0.18542047323351526
780,0.6361803949503155,0.16236613548483092,-0.031917743824392775,1.000630074869718,317,299,0.943217665615142,0.7758349038054712,ok,920.3080326102252,-569.4043766618273,0.21733821705790798
781,-0.3966735508900001,0.29802836210808437,-0.08398672325486495,1.0009395112797854,313,294,0.939297124600639,1.1486384128185918,ok,920.7062680328852,-569.7003147613268,0.3013249403127728
782,-0.2948226197463555,0.7243970199067462,-0.1083896977535679,1.0009539032114398,295,277,0.9389830508474576,1.222064438148534,ok,921.0062631391525,-570.4225850402249,0.4097146380663405
783,-0.1832062442995266,0.3929209703503602,-0.05433333082901917,1.0002622075664869,317,302,0.9526813880126183,0.5389591607016028,ok,921.1926456716005,-570.8140093221615,0.46404796889535954
784,2.1041507179700147,-3.4500873568472343,-0.12157823162122901,0.9989575099896278,318,293,0.9213836477987422,1.3349285272799871,ok,919.0533417715742,-567.3856085525396,0.5856262005165884
785,0.8175602346916548,10.89254024873162,-0.05735576081428132,0.9989162736475479,273,229,0.8388278388278388,1.093079021747546,ok,918.3580681962026,-578.2866375160353,0.6429819613308697
786,7.772908731394864,3.62891268880594,-0.04952337388100566,0.9992215954703716,275,216,0.7854545454545454,0.7958947627205183,ok,910.6295869832647,-582.0092301059971,0.6925053352118752
787,4.3618819495954995,0.6751350643828573,0.03934563933215246,1.0003529264980862,279,264,0.946236559139785,0.694180442801255,ok,906.2756846845011,-582.7340447513969,0.6531596958797228
788,1.325103007046664,0.8454684651014759,0.12065840069948806,1.0003282984342219,309,294,0.9514563106796117,0.5109961830184305,ok,904.9584964929695,-583.5917919011185,0.5325012951802349
789,0.07840351929826284,0.9337700516732639,0.14348735872486462,1.0004142263459859,292,275,0.9417808219178082,0.6600959772108579,ok,904.8864346329799,-584.5260727526696,0.38901393645537036
790,-0.26140873603549153,1.0140723462170627,0.11386224016254058,1.0004446499124646,306,292,0.954248366013072,0.66545288764738,ok,905.1527102186976,-585.5388780464395,0.27515169629283
791,-0.29785137392173056,1.0395847298295848,0.052498682624832434,1.000667775669583,326,306,0.9386503067484663,0.7010845372660067,ok,905.4545991890491,-586.5772974708641,0.22265301366799764
792,-0.07623358043792905,0.4973558493223891,-0.004443727112841877,1.0003462422195697,297,293,0.9865319865319865,0.4940320097410995,ok,905.5328034781166,-587.0743472559088,0.2270967407808395
793,1.389478171802466,-4.193168730276739,-0.17967877187581652,0.9990197392024618,304,282,0.9276315789473685,1.1568737190084775,ok,904.1135908704662,-582.8911488187352,0.40677551265665574
794,0.9680516395969789,10.863272486487404,-0.18331748286277624,0.9984013162737417,269,222,0.8252788104089219,1.4801168867861896,ok,903.2574701501883,-593.7638150237149,0.5900929955194316
795,3.0912446346958404,2.7695746864901594,-0.1227913822298888,0.9995826911894151,309,247,0.7993527508090615,0.53456754858318,ok,900.2009234433555,-596.5716361655493,0.7128843777493202
796,7.16003214072316,3.4384474332869104,-0.29034980251100817,0.9992843977694118,279,215,0.7706093189964157,0.7047600045862084,ok,893.1021921180584,-600.1349204060938,1.003234180260328
797,0.86837680149074,1.1056613095504417,-0.026935275097696065,1.0002068213957092,300,285,0.95,0.4497592551942104,ok,892.2538342271705,-601.2560154465665,1.030169455358024
798,-0.043450074951579154,1.0740819038232985,0.07260185950004377,1.0003605958759823,329,312,0.9483282674772037,0.5263555408962041,ok,892.3152282150381,-602.3292212159264,0.9575675958579806
799,-0.42571741908909644,1.138787738454539,0.15301371479125697,1.0005929362623065,291,271,0.9312714776632303,0.8444036863584298,ok,892.7568941251272,-603.4619189064139,0.8045538810667238
800,-0.39551901459412875,1.1082860677922781,0.1919826515418205,1.0008952286911443,309,290,0.9385113268608414,1.1663069446873253,ok,893.1642394220437,-604.5659130676521,0.6125712295249034
801,-0.06942067202180624,0.6653754755152477,0.09249019482386688,1.0004159865186701,330,305,0.9242424242424242,0.613305243005144,ok,893.2396968485314,-605.2306310002435,0.5200810347010368
802,-0.4245891829982611,1.1746051286536385,0.16834245792049493,1.0007115121561272,278,254,0.9136690647482014,1.0336492650891804,ok,893.6714888819617,-606.4026074600946,0.35173857678054216
803,2.6137102502789276,8.658510414740249,0.06186424717568039,0.9962050495202786,245,189,0.7714285714285715,3.817687748336083,ok,891.1016175632819,-615.0742304500544,0.2898743296048618
804,3.9418395739332937,3.1995894945536065,-0.0696875638955462,0.9995292769315975,255,210,0.8235294117647058,0.5606406778615575,ok,887.1799346251862,-618.2984939463174,0.3595618935004079
805,7.4719313446687465,2.1007208744269974,-0.21362430341962746,0.9995186716602305,272,216,0.7941176470588235,0.6495950118202966,ok,879.7293924043275,-620.4738575542918,0.5731861969200351
806,2.3517434862715163,0.5474750544694871,-0.2418994580296863,1.000042110563458,290,249,0.8586206896551725,0.3500639624395584,ok,877.385674961695,-621.0547318174393,0.8150856549497214
807,0.6581960047872144,0.3122100851430787,-0.136215717661227,1.0003110484890647,290,269,0.9275862068965517,0.8651802746738404,ok,876.7327531699625,-621.377826620653,0.9513013726109483
808,-0.3304208525903505,0.36233076316989354,-0.10000858913370547,1.0005588813469626,302,274,0.9072847682119205,0.9658691954288009,ok,877.0697663702042,-621.7340338982718,1.0513099617446537
809,-0.4387616986143712,0.5709551191430364,-0.02429273937897081,1.0007900035809774,331,313,0.945619335347432,0.9169692211440128,ok,877.519168558861,-622.2966521072528,1.0756027011236244
810,-0.33767132117054643,0.876159745236464,0.045482986358605176,1.0009617507074569,306,286,0.934640522875817,0.9389128677793696,ok,877.872536916957,-623.1665995906163,1.0301197147650194
811,-0.3604093131191348,1.1483223326076768,0.10381963652889274,1.000653547891751,294,262,0.891156462585034,0.79183445412557,ok,878.2514632333736,-624.3089453785788,0.9263000782361267
812,1.5243237737508935,-6.2883287204311955,0.16078674035790697,0.9991549225265484,274,222,0.8102189781021898,1.0187774450669593,ok,876.6432613590459,-618.041543381353,0.7655133378782196
813,5.922642375418036,12.536739550240327,0.2151134639711009,0.9986633523155887,239,185,0.7740585774058577,1.31058284839527,ok,870.8413219581944,-630.6345982310114,0.550399873907119
814,-1.7404014229921358,4.293567802030793,0.19267850748741727,0.999502634563165,262,238,0.9083969465648855,0.7141333630750296,ok,872.6084958149152,-634.9172163722786,0.3577213664197019
815,0.11080621702240023,0.7732786112575241,0.03843937192459348,0.9998989408059723,250,233,0.932,0.40789127888835247,ok,872.5020004081291,-635.6911004441477,0.31928199449510847
816,3.0270592771805696,0.1845270565231658,-0.11324000834725609,1.0004415352471625,258,243,0.9418604651162791,0.7836846213347682,ok,869.4764203502923,-635.8984730936799,0.43252200284236453
817,2.2216317673814956,0.3549359187796881,-0.2417218906271001,1.0002657534267576,247,202,0.8178137651821862,0.5451342843771674,ok,867.2591191174813,-636.279527498265,0.6742438934694643
818,0.0592890678576623,0.21226980064579948,-0.23511588228321226,1.0005509572644178,266,208,0.7819548872180451,0.7564619046067175,ok,867.2032063778453,-636.4927115206027,0.9093597757526763
819,-0.3275107202273375,0.20824587155766494,-0.1778341366573204,1.000447919912476,300,262,0.8733333333333333,0.7841916251640488,ok,867.5346093908194,-636.6947057231831,1.0871939124099967
820,-0.09918604416839116,0.1665886796306495,-0.06329466122109106,1.0002022473457515,308,293,0.9512987012987013,0.45376139107208846,ok,867.637120284661,-636.8592693163092,1.1504885736310877
821,-0.27616290543164723,0.6411489905908638,-0.061737546197852045,1.0002215169067963,278,260,0.935251798561151,0.5834799542007683,ok,867.9267853759004,-637.4944323767824,1.2122261198289397
822,6.563336975155835,1.3893019961496975,-0.0035190073540934995,0.9981163683664379,241,199,0.8257261410788381,1.8700365449482519,ok,861.3944029163074,-639.0226770193553,1.215745127183033
823,3.6322167353700934,7.7456423445985365,0.11135299794626861,0.9987586477089101,243,187,0.7695473251028807,1.1416185043103004,ok,857.9121510818737,-646.8368881698633,1.1043921292367649
824,0.9559024233556102,1.8209074431090357,0.19295947090928323,0.9996139508577109,238,216,0.907563025210084,0.9638473852643736,ok,856.9853344658261,-648.672770606068,0.9114326583274817
825,0.2161579022231308,0.778218306040003,0.186860852061657,0.999991967362092,255,224,0.8784313725490196,0.7954098695002167,ok,856.7790350617149,-649.4536601798318,0.7245718062658248
826,-0.15954487729413813,0.5567187872100021,0.12956459720775312,1.0002128582922611,258,237,0.9186046511627907,0.5758535359239647,ok,856.9443526648031,-650.0086921302748,0.5950072090580717
827,-0.299673027517656,0.4171093438907292,0.04576140559618679,1.0005185523746774,264,244,0.9242424242424242,0.6172652897766134,ok,857.2480103338431,-650.4229096434437,0.5492458034618849
828,-0.45583802350211045,0.27138374394553466,-0.05947968094841142,1.000639353055879,248,235,0.9475806451612904,0.9314469169575968,ok,857.7067058295173,-650.6894352189454,0.6087254844102963
829,-0.534976048374574,0.6313147571174795,-0.14829405047999594,1.000848781206085,247,218,0.8825910931174089,1.1008251866436656,ok,858.2499761763162,-651.3136267161461,0.7570195348902921
830,-0.34502623234561725,0.43070877568482047,-0.17982588711500855,1.0001858709053664,249,218,0.8755020080321285,1.0174767525730157,ok,858.6019985086054,-651.7386366313574,0.9368454220053003
831,2.092051648330653,-4.589344928392848,-0.14677392537354714,0.9977322135034877,255,234,0.9176470588235294,2.353964112014273,ok,856.4235291570403,-647.1896765023455,1.0836193473788471
832,7.489049420015817,10.67142417630646,-0.28442626627268663,0.9992407956302567,209,153,0.7320574162679426,0.8217920738498559,ok,849.1913907339634,-658.0368571957584,1.3680456136515333
833,-4.014669548160327,4.04970164795418,-0.04093225677845957,0.999804359581822,235,188,0.8,0.5495886181584859,ok,853.304423846366,-661.9866184081166,1.408977870429993
834,0.9452522394499283,0.36629757101741234,0.02356494401968308,1.0001949432553012,245,204,0.8326530612244898,0.5107854520362994,ok,852.3683041437507,-662.3756628902701,1.3854129264103099
835,5.106102187101442,0.5224764211582169,0.12749846873731024,1.0003011292340476,232,195,0.8405172413793104,0.6137748824202438,ok,847.2749024231318,-663.0101075830422,1.257914457673
836,2.0830545076396447,0.6136160222852141,0.21821712585173395,1.0005053704790678,248,191,0.7701612903225806,0.6060124225036877,ok,845.2033250149327,-663.6614199093818,1.039697331821266
837,-0.059994826669708345,1.0461941372946058,0.1389878612332617,1.0005696400512134,258,233,0.9031007751937985,0.8874578077591612,ok,845.2797582848019,-664.7065416761602,0.9007094705880044
838,-0.5446512720645842,0.9985750722833018,0.11266640450288434,1.0005717574265927,266,242,0.9097744360902256,0.876413986502576,ok,845.8380919563086,-665.6975314311069,0.78804306608512
839,-0.5013242446723325,1.004127005850819,0.035860949039601714,1.0004824697905148,254,234,0.9212598425196851,0.6077533085007498,ok,846.3525548564613,-666.6949906866867,0.7521821170455182
840,1.2185583743605548,-3.6921774641282354,-0.061109295887383515,0.9965240615599018,241,184,0.7634854771784232,3.0141484407067463,ok,845.0817119718497,-663.0204815628755,0.8132914129329016
841,7.13514421241598,11.369668624260044,-0.1926514259799652,0.999052310815468,234,186,0.7948717948717948,0.8915729416749114,ok,838.1472746140537,-674.5136632845857,1.0059428389128668
842,-2.6490206164473875,3.9945854450195384,-0.1165146797610035,0.9997618624651148,242,192,0.7933884297520661,0.5208890949434968,ok,840.8740381496996,-678.4555896822494,1.1224575186738703
843,-0.23799051481614697,0.41231010518822586,-0.08300170894949556,1.0001940936443494,270,247,0.9148148148148149,0.5802005437241613,ok,841.1206500415044,-678.8628017680268,1.205459227623366
844,3.913624297413662,0.1699575505485882,-0.10725293314242819,1.0007036755154008,291,267,0.9175257731958762,0.707856159473545,ok,837.211946452651,-679.1223724997744,1.3127121607657941
845,2.2599039615024594,0.33044723433749823,-0.04462016172975528,1.0006741050264252,285,267,0.9368421052631579,0.6395082452042237,ok,834.9605041400582,-679.5062589451761,1.3573323224955491
846,0.015236772943126198,0.5835754761708358,0.02967457852738065,1.000617580229392,279,251,0.899641577060932,0.624024095875193,ok,834.9587928577846,-680.0900307902925,1.3276577439681685
847,-0.6743627292980818,0.8145350997082232,0.0780556410908792,1.0007121028605068,278,264,0.9496402877697842,0.7595608067214004,ok,835.6507585434317,-680.8896657127477,1.2496021028772897
848,-0.6608955877636618,1.1431332015788485,0.1061231435992358,1.0007123900808463,276,259,0.9384057971014492,0.7710906310070144,ok,836.3343350532639,-682.0193823363677,1.1434789592780537
849,-0.6353670696239533,0.9081957682549273,0.12056342836492079,1.0001525929841129,249,222,0.891566265060241,0.5465926579343042,ok,836.9858142469609,-682.916090609341,1.022915530913133
850,2.0420439167503446,-2.1949104341158545,0.04942201301413492,0.9989736082809643,271,251,0.9261992619926199,1.3290169454846161,ok,834.9067738762728,-680.756191003161,0.9734935178989981
851,4.756223120789855,11.146519400699844,0.007226006138970149,0.9977965293326578,221,169,0.7647058823529411,2.0710866159709362,ok,830.339199223366,-691.9813330920185,0.9662675117600283
852,3.3377074802274365,0.4864598144017691,-0.0531817498257911,1.0001094287009211,264,230,0.8712121212121212,0.7333396414449638,ok,827.010675057263,-692.5270997548535,1.0194492615858193
853,3.257392859958145,0.10675721620441436,-0.11886133933328683,1.00005845021241,224,206,0.9196428571428571,0.9644076735824945,ok,823.7560458709032,-692.698547142155,1.138310600919106
854,0.5429514008746992,0.25346395397150445,-0.12667552030475823,0.9999691964534505,249,228,0.9156626506024096,0.5791533977427469,ok,823.2188223606811,-692.9639357246893,1.2649861212238642
855,-0.5926506606867861,0.7595307436681651,-0.1807264943736653,1.0003480123494508,257,206,0.8015564202334631,0.5032091377428343,ok,823.8304471523513,-693.7082722550327,1.4457126155975295
856,-1.038100930192968,0.7899525438929231,-0.11738914152792651,1.0006347792803973,236,204,0.864406779661017,0.9955664739546273,ok,824.8897100311535,-694.4696136478802,1.5631017571254557
857,-0.9548366713192991,1.2372011439313155,-0.04591301283724519,1.000917097560701,253,229,0.9051383399209486,1.2185569427069483,ok,825.8789094845702,-695.6795161980061,1.6090147699627009
858,-0.559181606695347,1.4144138387010798,0.05636847687914592,1.0009348654597294,249,224,0.8995983935742972,1.0173190134230978,ok,826.4762100004474,-697.0782594446772,1.5526462930835547
859,-0.32534544056034065,0.4494262683035686,0.057507010622983044,1.0000548378529142,275,252,0.9163636363636364,0.3995197699130735,ok,826.8131711684899,-697.5190437429075,1.4951392824605718
860,-0.013622442255837086,0.005002511620205041,-1.0464607999499009e-05,0.9999839414700326,383,382,0.9973890339425587,0.014635592375811177,ok,826.8269194999687,-697.5236891101775,1.4951497470685713
861,-0.009408285051904386,-0.007592932529178142,-0.0002447162539434207,0.9999780718739989,362,358,0.988950276243094,0.06290892020484654,ok,826.8361264311251,-697.5158532394096,1.4953944633225145
862,2.623761584205795,-4.024685123784593,0.10438914444618994,0.9988165663210399,241,195,0.8091286307053942,1.2663118791475403,ok,824.1154378464628,-693.5560465747279,1.3910053188763247
863,-0.003144986397728644,0.010346886314209769,0.0006993999709554198,0.9999995933079016,395,394,0.9974683544303797,0.011855109843788555,ok,824.1188329538672,-693.5663141081005,1.3903059189053693
864,5.1347458701081905,13.179604946640666,0.05098084319540148,0.998583752640055,253,195,0.7707509881422925,1.4141569226437911,ok,819.2935434274748,-706.8623354185,1.3393250757099677
865,-0.006287678941589547,-0.002389364107784786,5.747034960615592e-05,0.9999936153005481,390,387,0.9923076923076923,0.006944827929118435,ok,819.2997735433701,-706.8597997483239,1.3392676053603616
866,10.64499261220908,3.9243389367820782,0.1385986316875081,0.9977441622897828,234,183,0.782051282051282,2.173026385454669,ok,808.7393491210776,-711.0063332192813,1.2006689736728535
867,-1.526803736430793,0.3103233521359243,-0.09715813331787217,1.0010444580598117,252,231,0.9166666666666666,1.4082312993064825,ok,810.2727898287048,-711.2819957460249,1.2978271069907255
868,-1.2593396856291292,0.8897146543906729,-0.14281495743871006,1.0015289599748323,265,215,0.8113207547169812,1.3904400938234966,ok,811.5541000279393,-712.1397677340123,1.4406420644294358
869,-0.6105310389689294,0.8100397197941902,-0.09336707709897973,1.0007798214870043,245,231,0.9428571428571428,1.0655444291251968,ok,812.1860972751219,-712.9331730382182,1.5340091415284154
870,3.222196160048952,-5.736296559567677,-0.031953339966242084,0.9968927433827307,193,144,0.7461139896373057,1.959381383832758,ok,808.8083441641037,-707.2870743644303,1.5659624814946576
871,-0.7652691495297859,18.117051043468564,0.09087902287778556,0.9983541183947588,216,169,0.7824074074074074,1.347996878556144,ok,810.0397328131721,-725.3784219476762,1.4750834586168717
872,3.698858687570464,2.397710194334877,0.048580727550791625,0.9999460668116593,246,210,0.8536585365853658,0.46321568326200224,ok,806.4017105002656,-727.8674706449552,1.42650273106608
873,-0.4388436556041597,0.4335152280996226,0.11024028431761006,1.0001041666546022,260,230,0.8846153846153846,0.7162973139651334,ok,806.8503966765851,-728.2907907628778,1.31626244674847
874,-4.48693798145041,0.714800284136345,0.21211116973244779,1.000928415237302,238,186,0.7815126050420168,1.1133218325814849,ok,811.3502756344537,-728.918995554421,1.1041512770160222
875,-0.46541233585003283,0.3503211115922795,0.01612691152294508,1.0009588469404447,286,258,0.9020979020979021,0.857335709506067,ok,811.8222561183765,-729.2604160376745,1.0880243654930772
876,-0.35360054083457726,0.4284696546193345,-0.05798443086241509,1.0009676825070655,258,237,0.9186046511627907,1.0835846546723147,ok,812.1843554486421,-729.6817278728149,1.1460087963554924
877,-0.563673160451799,0.48822702779193605,-0.12747130838261453,1.00035808959883,261,241,0.9233716475095786,0.9065636785316002,ok,812.7587400295839,-730.1573069047924,1.2734801047381068
878,-0.5338907106133775,0.5940077109830781,-0.16754925183195285,0.9997384995701556,241,190,0.7883817427385892,0.4546646488356294,ok,813.3074000295023,-730.7377004403145,1.4410293565700596
879,-1.8208910878411189,-0.7152223663395034,-0.10296358800031791,0.9987415800558774,250,231,0.924,1.0969467531955617,ok,815.1083586999415,-729.9736747506536,1.5439929445703775
880,-2.3632047810160657,-1.630119398635543,-0.02084021246764196,0.9963825356040863,252,232,0.9206349206349206,2.6341225053597226,ok,817.4261667014139,-728.2796286594455,1.5648331570380192
881,-2.2342008738214645,-2.519237810145455,0.043132571210902186,0.9943901356181211,254,229,0.9015748031496063,3.4256493985571126,ok,819.5926798802203,-725.7019488238745,1.521700585827117
882,-0.6384083850084608,-3.9706293790299014,0.04900834286857923,0.9922644316978297,230,191,0.8304347826086956,2.4196441629245373,ok,820.1288302370305,-721.7162235791346,1.4726922429585376
883,-2.2935226571241856,-4.836028495859409,0.11544027783692418,0.9902139036017314,241,193,0.8008298755186722,2.7880136427675586,ok,822.30716180134,-716.8272268121651,1.3572519651216135
884,-1.6263212484441283,-5.802497611153171,0.09646452800356806,0.9883943914148672,226,187,0.827433628318584,3.458225417418202,ok,823.8054162920546,-710.9903498379921,1.2607874371180454
885,-1.4748802087488002,-5.026121755419581,0.10694298503346941,0.9866698900802353,205,166,0.8097560975609757,2.5377513914530265,ok,825.1787863064728,-705.9355475338502,1.1538444520845756
886,-1.9398519517094428,-5.101631772678047,0.02202290925873607,0.9846722072972469,207,171,0.8260869565217391,3.448000940456736,ok,827.0174886414912,-700.7965937432672,1.1318215428258398
887,-8.090344811570048,-5.8399048544476955,0.102087663175908,0.9829374486579854,283,225,0.7950530035335689,14.170287196591596,ok,835.0015763306778,-694.812238168063,1.0297338796499318
888,-10.392813323633618,-9.700305926830879,0.09947802275131466,0.9961089055206638,371,303,0.816711590296496,2.959989133315747,ok,845.2355323517011,-684.9444801646579,0.9302558568986172
889,-11.962802977297997,-11.429208424314993,0.11316112752770537,1.0008860951843876,363,304,0.837465564738292,1.0411555535873456,ok,857.0341325361494,-673.3458382627963,0.8170947293709119
890,-12.15095763584236,-12.162280218945966,0.11932665091691984,1.0008573340969618,359,304,0.8467966573816156,1.009374782181931,ok,869.0360762666312,-661.0364849782995,0.697768078453992
891,-12.660628174527801,-13.158667986179353,0.12415961319839416,1.0007924119386307,350,290,0.8285714285714286,1.106053474387702,ok,881.564336062913,-647.7517284724008,0.5736084652555978
892,-12.311769059152084,-13.612506060066039,0.1308239871512634,1.000936427766514,387,327,0.8449612403100775,1.1277144913438233,ok,893.7705404380124,-634.0444839150678,0.44278447810433436
893,-12.634733073341977,-14.085374601951344,0.1318097350779522,1.0009995750776515,388,333,0.8582474226804123,1.1219105532072522,ok,906.3286389517615,-619.8907416809138,0.3109747430263821
894,-12.557722356995782,-14.764083958267065,0.12701177939344038,1.001032139230841,354,305,0.8615819209039548,1.1621508025314735,ok,918.8388927400272,-605.0864140678358,0.18396296363294168
895,-6.517076880198601,-7.971485334590625,0.06800257766562491,1.0006188917804306,398,352,0.8844221105527639,0.6634802214179686,ok,925.3398228701033,-597.1017552181489,0.11596038596731671
