frame,step_center_dx,step_center_dy_down,step_rotation_deg,ransac_scale_diagnostic,good_matches,inliers,inlier_ratio,median_reprojection_error_px,status,center_x_in_reference,center_y_in_reference,rotation_to_reference_deg
493,0.0,0.0,0.0,nan,0,0,0.0,nan,reference,1280.0,720.0,0.0
494,-0.004252605876445159,-0.0009112421668078241,-0.00027582081549115466,1.0000035105046234,346,341,0.9855491329479769,0.013917998031300415,ok,1280.0042526014897,720.0009112626387,0.0002758208154911547
495,0.026739975521877568,0.028848661409710985,0.0006321515161381199,1.0000088495585069,306,299,0.9771241830065359,0.09665740530479583,ok,1279.9775124465546,719.9720627675295,-0.0003563307006469654
496,0.1474389816180519,0.1480148120655258,0.0019412123694112268,1.0000222491209005,284,275,0.9683098591549296,0.19239612568370812,ok,1279.830067529707,719.8240538678405,-0.0022975430700581923
497,0.014713112970639486,0.02245532772997194,0.0004435009288128017,1.0000169171675366,338,327,0.9674556213017751,0.08540125843078357,ok,1279.8153533424847,719.8015992440149,-0.0027410439988709945
498,0.07948155041640348,0.05187663045933277,-0.000286377294660419,0.9999938460676043,316,310,0.9810126582278481,0.11880528376159855,ok,1279.7358695696423,719.7497260187531,-0.0024546667042105756
499,0.054890803016860445,0.052600978364125694,-0.0007727711314364299,0.9999958871502417,322,316,0.9813664596273292,0.11277267828268649,ok,1279.6809772225677,719.69712665171,-0.0016818955727741453
500,0.06409350204194197,0.05228218224874581,-0.00021639963239581905,0.9999914037840407,320,308,0.9625,0.14415387200361107,ok,1279.6168823832872,719.6448461088446,-0.001465495940378326
501,0.00883615983798336,0.01038796310399448,0.00029123468539665005,0.9999912889918424,355,353,0.9943661971830986,0.021898784365820927,ok,1279.6080459049508,719.6344584166686,-0.001756730625774976
502,2.524814684141802,-3.76946227634744,-0.15698238338712917,1.0002903204458042,267,253,0.947565543071161,0.4631928400517781,ok,1277.0730282766697,723.3970666432009,0.15522565276135428
503,4.830464935726468,4.074579874964911,-0.11604833118000946,0.9994780206582095,156,109,0.6987179487179487,0.5313455440439994,ok,1272.2619090146864,719.2996620866888,0.27127398394136376
504,3.0681811096080764,4.1668539946977035,-0.17902666630952832,0.9995062423220675,189,146,0.7724867724867724,0.4810883900609342,ok,1269.2265705840018,715.1088234897378,0.4503006502508922
505,0.2332152350325032,0.32805645429721153,-0.018825162627233168,0.9999341788762142,201,192,0.9552238805970149,0.37486538348749004,ok,1268.9960491936465,714.778868535773,0.46912581287812544
506,-0.47848396280369343,-0.15461018854239228,0.09202387524007337,1.000105438897771,205,198,0.9658536585365853,0.5607201447644958,ok,1269.4735052069523,714.936624576607,0.3771019376380521
507,-0.5845728763429179,0.383633730253905,0.17844116886435243,1.0001524852661958,210,194,0.9238095238095239,0.8687683811281244,ok,1270.059404734038,714.5550200288028,0.19866076877369973
508,-0.8886752475796129,0.519696979897617,0.27396546324787846,1.0000231419199095,211,170,0.8056872037914692,0.299737220357219,ok,1270.9473961687913,714.0341554990255,-0.07530469447417878
509,-0.8040402924475529,1.214194841805238,0.2339185678501705,1.000169608971542,231,208,0.9004329004329005,0.8160149324580998,ok,1271.744871817437,712.8156389847495,-0.3092232623243493
510,-0.849926384777973,1.4053902949231087,0.15174014281813658,1.00004593152958,199,176,0.8844221105527639,0.5457807664135677,ok,1272.5834639901025,711.4034563094027,-0.46096340514248596
511,5.779852588998438,2.1034955812438056,0.013999032575134716,0.9994213637622359,230,186,0.808695652173913,0.5655620243634698,ok,1266.7863729311573,709.3479454568012,-0.47496243771762076
512,3.7568966225856,7.227710488027583,-0.11729591574592499,0.9995760096383965,214,170,0.794392523364486,0.5138741123345882,ok,1262.984431118996,702.1438279127522,-0.3576665219716957
513,1.0039055248071236,2.4240941580922026,-0.23104530776245202,0.999868783024112,231,187,0.8095238095238095,0.2863168974329409,ok,1261.9751709059674,699.7219582605137,-0.12662121420924352
514,0.03311004368697468,0.1529930163355857,-0.13862309664670383,1.0000424998924897,271,258,0.9520295202952029,0.5561322727610445,ok,1261.9420929108157,699.5689583118957,0.012001882437460394
515,-0.5534241863547322,1.0819112343854158,-0.5268997312366349,1.0000383453887063,271,223,0.8228782287822878,0.29478474967444696,ok,1262.5056685002767,698.4923001469728,0.5389016136740957
516,-0.7724317943552705,0.6826642463038297,-0.15938163630388896,1.0000425466156129,284,236,0.8309859154929577,0.2744264102260847,ok,1263.2863625867549,697.8191002558178,0.6982832499779849
517,-0.7594395418127533,0.9145009619417124,0.04866025843456485,0.9999664822378026,253,234,0.924901185770751,0.30632879624843873,ok,1264.056121760221,696.9132684602143,0.6496229915434201
518,-0.5006190959516061,0.6320554260980771,0.08844373286143677,0.9999693926125178,285,264,0.9263157894736842,0.4246568726956574,ok,1264.5629073649432,696.2861465488305,0.5611792586819832
519,-1.00333846990452,1.1347403178883724,0.3465726276910034,1.000027451327503,278,234,0.841726618705036,0.26516567936234453,ok,1265.570489061374,695.1551722788979,0.21460663099097949
520,7.903863485068541,9.56057605087085,0.5170075801587466,0.9992726608603028,241,184,0.7634854771784232,0.7594986441991856,ok,1257.61627620591,685.6364449340763,-0.30240094916776744
521,-3.666286219460744,3.9846037327619115,0.20183616615559244,0.9997030531823877,243,226,0.9300411522633745,0.5380041697207144,ok,1261.2473540059157,681.6197304109295,-0.5042371153233599
522,-1.8366130739696018,0.7317850690791374,0.0640467155385581,0.9998941192813036,269,258,0.9591078066914498,0.3661250022069863,ok,1263.076618706557,680.8697653278816,-0.5682838308619181
523,-0.16287943219685985,0.7364125285148475,0.03481488218312983,0.9999847730376126,273,264,0.967032967032967,0.17363023910430458,ok,1263.2317377374518,680.1316791487396,-0.6030987130450479
524,4.6994454518344355,0.7064256209113182,-0.16268760195494203,0.9997844430836393,246,201,0.8170731707317073,0.4754977249997954,ok,1258.5270011417665,679.4613969112695,-0.44041111109010567
525,0.3836928107348285,0.2784453828411415,-0.07292136934014296,0.9999810697972303,287,274,0.9547038327526133,0.43094906387308085,ok,1258.1415303129627,679.1854182085107,-0.36748974174996274
526,-0.3688108223479958,0.5319609821179938,-0.23727523873150785,0.9999577702850885,270,220,0.8148148148148148,0.2640836457798481,ok,1258.509131211162,678.652620414953,-0.13021450301845458
527,-0.33793119344227307,0.37665064842997253,-0.10328134980566167,0.9999093347785499,275,250,0.9090909090909091,0.4941028631898688,ok,1258.8468853142751,678.2758109560828,-0.026933153212792844
528,-2.922629674603286,4.1854263779164285,-0.2545254258675548,1.000119822514029,239,188,0.7866108786610879,0.379574197981828,ok,1261.7861173827134,674.1020269382287,0.22759227265476226
529,4.3816257812572985,8.348569330255941,0.032222735925777804,0.9993120160700991,216,174,0.8055555555555556,0.5408183319394189,ok,1257.432984318513,665.7385655211818,0.19536953672898436
530,6.26454908695132,3.6502666891640274,0.16773263739450944,0.9995218090103367,249,194,0.7791164658634538,0.5390460257875389,ok,1251.1701966842497,662.0852775209062,0.027636899334474746
531,2.7110041768969495,2.1621205821282956,0.2676340351884527,0.9997094954628751,270,232,0.8592592592592593,0.35167440679007744,ok,1248.45015975539,659.9345315655561,-0.23999713585397825
532,0.1254017612923235,1.0940454472311103,0.12593688118708235,1.000058448282139,289,277,0.9584775086505191,0.4482249057451577,ok,1248.3177732006739,658.8413093363307,-0.36593401704106077
533,-0.9202048769011526,2.290745348139808,0.27764079504297545,1.0000159234852433,277,261,0.9422382671480144,0.6916114417400473,ok,1249.2121897726972,656.5403725138196,-0.6435748120840367
534,-1.213096178118576,1.1614588241002366,0.09840423245589541,0.999897220909255,299,288,0.9632107023411371,0.2622467922497355,ok,1250.4101437879401,655.3633019488958,-0.741979044539932
535,-0.7301548443692809,0.4059747272663117,0.013113316388575094,0.9999719812198593,293,280,0.9556313993174061,0.24707325113683548,ok,1251.1348851015491,654.9477401553154,-0.7550923609285072
536,-0.3678599763022703,-2.6225244856315157,-0.15290954208956337,0.9999366425966337,264,243,0.9204545454545454,0.40039772355069503,ok,1251.5302871768872,657.5662536341274,-0.6021828188389436
537,6.217017868476432,12.106185910071417,-0.1969717183022856,0.9991659809450567,219,175,0.7990867579908676,0.8371554551890096,ok,1245.2278073100551,645.5043385293712,-0.4052111005366579
538,-3.4509605648177057,5.586570801314338,-0.24764043432783656,0.9998717412708089,241,190,0.7883817427385892,0.3612553716978998,ok,1248.6633910652918,639.9082982865945,-0.15757066620882115
539,-2.3801498323578016,2.2314230673846396,-0.19291022848251885,1.00010885849296,262,212,0.8091603053435115,0.3224871572609982,ok,1251.0449167680868,637.6783437002731,0.03533956227369778
540,1.871684394811382,1.6779169491671837,-0.07346307015268945,1.0001145559718396,276,254,0.9202898550724637,0.6350511858484786,ok,1249.1764220502348,635.9968755169754,0.10880263242638728
541,2.942728426026406,1.2547875808681965,0.03641350845495236,1.0002056854185415,277,259,0.9350180505415162,0.5729073631340629,ok,1246.235281306915,634.7383710114487,0.0723891239714349
542,0.312840297933235,0.7176327077297628,0.058869454145157166,1.0001502503867266,282,265,0.9397163120567376,0.347802074575129,ok,1245.9226103522785,634.0206645050403,0.013519669826277713
543,-0.40934584373349026,1.5708688801049675,0.18668289992083759,0.9999214005715195,279,263,0.942652329749104,0.6415864085984275,ok,1246.3272067461894,632.4485656480028,-0.17316323009455994
544,-0.009671317425045345,0.005325938983105516,0.00020702768428626072,0.999989324930625,404,402,0.995049504950495,0.011058943828766647,ok,1246.3368619037021,632.4432104691828,-0.1733702577788462
545,-3.8190254552109764,6.226413758152603,0.5563116940779648,0.9998796616838825,203,152,0.7487684729064039,1.6606948276987805,ok,1250.0762842298655,626.168666311887,-0.7296819518568111
546,0.3203340033078348,4.996429933248464,0.10746473500871341,1.0000551110728,215,196,0.9116279069767442,0.9970099746444157,ok,1249.6829843479484,621.1774499116071,-0.8371466868655245
547,6.27417629035358,5.393094762004239,0.015315016234540063,0.9995161155681855,214,161,0.7523364485981309,0.6793301537498958,ok,1243.329265554714,615.878297457592,-0.8524617031000646
548,4.080297041825361,2.308298378000586,-0.15850425192558598,0.9996087170356691,233,192,0.8240343347639485,0.43994243826146184,ok,1239.2213107297378,613.6195870938302,-0.6939574511744786
549,-0.7398563567594465,1.7384667564462006,-0.25932771807860255,0.9999152664950522,256,198,0.7734375,0.37942067169262805,ok,1239.9479584044257,611.8755580663261,-0.43462973309587605
550,-1.7159050889704304,1.6421947770204497,-0.25652517401570757,1.0000046875928075,252,203,0.8055555555555556,0.36684806854323343,ok,1241.6587504308884,610.2280373222321,-0.17810455908016842
551,-2.221335061508853,1.3660455503782032,-0.19479429059512854,1.000194085601774,267,225,0.8426966292134831,0.3376401673945188,ok,1243.8804833146062,608.8626388841916,0.0166897315149601
552,-1.9864465127814128,1.1773612600078422,-0.11056742944626391,1.0000561008335334,259,211,0.8146718146718147,0.39947622910675024,ok,1245.8695399114054,607.6896925344214,0.12725716096122403
553,-1.3882954909925047,1.2037557719247616,0.011838409217071712,1.0000430773621563,263,245,0.9315589353612167,0.661203527522985,ok,1247.2602574743873,606.4887358371313,0.11541875174415232
554,-2.9611486998087457,4.87986217761636,0.14396209949201125,1.0001099945449712,265,229,0.8641509433962264,0.7797541638847356,ok,1250.2189747795683,601.6073990936839,-0.028543347747858983
555,-2.8239046777789554,7.214718137594559,0.2318901688540687,1.0000207839331055,244,221,0.9057377049180327,0.9197696426563959,ok,1253.010056457115,594.3799196918883,-0.26043351660192776
556,-0.6076196781687031,3.644929521342874,0.20585234275945946,0.999946564875505,237,227,0.9578059071729957,0.4151884899614983,ok,1253.5879930902063,590.7301659828022,-0.4662858593613872
557,0.08139392592511285,2.198066618563871,0.191947021019417,0.9997972762705433,288,264,0.9166666666666666,0.5549667500965458,ok,1253.4813529740538,588.5331794747758,-0.6582328803808043
558,-0.00871102423911907,0.9431572350292754,0.051757393808440744,0.999947390834242,304,284,0.9342105263157895,0.3185727073752158,ok,1253.478376337326,587.589986709979,-0.7099902741892451
559,0.05021731720103162,2.73143796748991,0.008906047158262384,1.000002983729033,292,265,0.9075342465753424,0.6609566027587022,ok,1253.3938922255559,584.8593938102501,-0.7188963213475075
560,0.006546710422298929,1.9047156655781237,-0.15184193557400982,0.9999506423279052,299,245,0.8193979933110368,0.30746973735127153,ok,1253.368495237181,582.954836218814,-0.5670543857734976
561,-0.3048322333061151,1.9330812050947088,-0.2548144370822011,1.0000198115449948,249,198,0.7951807228915663,0.31125062584094965,ok,1253.6627884474983,581.0201225081287,-0.3122399486912965
562,2.3534262194229996,-2.9496140005810503,-0.162990374462813,1.0000267961890024,277,264,0.9530685920577617,0.4473009805051462,ok,1251.3170536430712,583.9758569261696,-0.14924957422848353
563,1.6619300512038535,19.551701632578443,-0.4221261838668446,0.9991836747475719,222,164,0.7387387387387387,0.9294988708665868,ok,1249.7482589301283,564.4164619617769,0.272876609638361
564,6.25227542957964,5.221217668341183,-0.14747344463922332,0.9994262421580559,260,211,0.8115384615384615,0.6235574812655259,ok,1243.534456841831,559.1495154464801,0.4203500542775843
565,1.5409232860197335,1.623506063502191,0.005209593751101607,1.0000415945913317,314,298,0.9490445859872612,0.5240209809398872,ok,1242.005337124011,557.5148872318086,0.4151404605264827
566,0.3876375719612497,2.7962529466033175,0.13276377208721787,0.9999848316630615,292,276,0.9452054794520548,0.38093593904444356,ok,1241.631485265201,554.7167578180308,0.28237668843926483
567,-1.497662450620055,3.3365354314669275,0.42360071845057923,0.9999520358299476,286,237,0.8286713286713286,0.4054815828524865,ok,1243.120919201101,551.3765410508104,-0.1412240300113146
568,-0.7412470409230991,0.9037114508579407,0.10345791425730769,0.9998833564259677,319,301,0.9435736677115988,0.38515359039285196,ok,1243.8583001898585,550.4696723505522,-0.24468194426862228
569,-1.4842568876727,1.400787569901695,0.16097757877177526,0.9999643387549908,314,302,0.9617834394904459,0.4887020677924111,ok,1245.3326022512108,549.0584112986955,-0.40565952304039754
570,-0.6092146468754436,0.5303593762889705,0.05455021309451428,0.9999756861174648,340,325,0.9558823529411765,0.25919388857582926,ok,1245.9375373526007,548.5231757644755,-0.4602097361349118
571,-5.687822028835171,5.397907268914082,0.06875940922480532,1.000357323480108,269,199,0.7397769516728625,0.554051767083679,ok,1251.5752828449556,543.0729878705649,-0.5289691453597171
572,1.6982525160779005,8.777045321625906,-0.09334238244569117,0.9994327451192085,235,192,0.8170212765957446,0.5317190550055053,ok,1249.810347116975,534.309108132553,-0.43562676291402597
573,4.602262848275359,4.467167770870219,-0.18243774702398477,0.99958236910373,258,212,0.8217054263565892,0.5592136993565134,ok,1245.1883889342107,529.8623212280008,-0.25318901589004117
574,-0.24292982509382455,2.829305234495223,-0.2726397903828507,0.9997732468663102,297,247,0.8316498316498316,0.3035387831753584,ok,1245.4322792379896,527.033098626369,0.019450774492809596
575,-4.259400974467098,2.5762282185860386,-0.2866513897316698,1.0001200034998705,285,236,0.8280701754385965,0.3874838974889968,ok,1249.7053828358535,524.4796628747876,0.3061021642244795
576,-3.320455334965118,2.6540001737464536,-0.16729979369162112,1.0000874753280014,276,223,0.8079710144927537,0.33572881501896906,ok,1253.0476530538351,521.8531879855612,0.47340195791610074
577,-0.6374430170935739,2.1674876493602824,0.038132312748447035,0.9998774917826799,287,274,0.9547038327526133,0.38016797078574915,ok,1253.701543680222,519.6906054186071,0.43526964516765365
578,-0.09104994106473896,0.9909860958264289,0.06831956783783523,0.9999516225785888,329,318,0.9665653495440729,0.25137549790520464,ok,1253.7989384681944,518.7002227707558,0.3669500773298184
579,-0.21462836072805658,2.173967695768283,0.24782832973327934,1.0002027440031185,261,223,0.8544061302681992,0.7082750244650245,ok,1254.0180861856559,516.526705999851,0.119121747596539
580,9.32984342253394,11.723190194165,0.33942937936455586,0.9989766770558851,258,196,0.7596899224806202,0.681424002126176,ok,1244.6432350808836,504.8394765000544,-0.22030763176801707
581,-4.040656367756583,8.743454285993721,0.12957374229053548,0.9999317228838858,261,215,0.8237547892720306,0.4237891887145215,ok,1248.630423821693,496.0715107907967,-0.34988137405855263
582,-1.8149012092812882,2.596713161310163,0.04882071089340166,0.9999779743879363,321,314,0.9781931464174455,0.4878371094444655,ok,1250.4272115807983,493.4622313135653,-0.3987020849519543
583,1.660831972240885,5.547577076358493,-0.010974643264136325,0.9996632621004836,306,256,0.8366013071895425,0.4043817367234409,ok,1248.7288768006156,487.92602022360705,-0.387727441687818
584,3.634532635735468,2.835545699110412,-0.09104217686841866,0.9995970997528003,318,272,0.8553459119496856,0.40527824228865916,ok,1245.0797101192766,485.10933255477084,-0.2966852648193993
585,0.4117896744337486,1.129763117603602,-0.04415972384247814,1.0000429537663165,333,324,0.972972972972973,0.35215812589595397,ok,1244.662945140127,483.9813953268976,-0.25252554097692115
586,-0.17565611298095973,1.9291399773923104,-0.12680990343614978,0.9999453008089296,307,272,0.8859934853420195,0.27027020997318546,ok,1244.8343680077273,482.05187457736804,-0.12571563754077145
587,-0.9100767709219326,1.3636562594150519,-0.12534362794529794,1.0001269070968561,305,273,0.8950819672131147,0.4247912533942216,ok,1245.744435924693,480.68821240904236,-0.0003720095954735632
588,-5.617563416873509,4.963884388104816,-0.052686498855270256,1.0003497093235707,225,177,0.7866666666666666,0.5986722804036095,ok,1251.3665293240122,475.7294592622928,0.05231448925979667
589,1.9170650023911548,9.81691021473398,0.011436528168461276,0.9993556797817894,242,197,0.8140495867768595,0.5209168277481536,ok,1249.4564687327377,465.91118380653165,0.04087796109133539
590,4.757384549298422,5.214358435140184,0.06842395481967402,0.9995076668538014,237,188,0.7932489451476793,0.4474703082410221,ok,1244.6965778351735,460.69911317353905,-0.027545993728338655
591,-0.008854967977413253,3.4146938383106544,0.14060337828763236,0.9999692512310773,277,260,0.9386281588447654,0.4294125965810709,ok,1244.6954114719103,457.28440805311476,-0.16814937201597108
592,-4.43740918869139,3.218704440488864,0.18249680076711594,0.9995427746195636,280,263,0.9392857142857143,0.5136419093083623,ok,1249.1130394388783,454.03860742329067,-0.3506461727830871
593,-3.4022762392210097,2.8131029366732037,0.16234275108980672,0.9997455526248171,286,264,0.9230769230769231,0.4982629033789789,ok,1252.4899929649823,451.19515588988594,-0.5129889238728937
594,-0.8835708975666421,2.422334672600755,0.08512769968243751,0.9998980258158728,292,277,0.9486301369863014,0.336533235514261,ok,1253.348229174214,448.76372968161314,-0.5981166235553312
595,-0.1340757441594178,1.0928271337432989,0.013564327370581388,0.9999477408721101,317,304,0.9589905362776026,0.2846058176731703,ok,1253.470630644707,447.6695334791712,-0.6116809509259126
596,1.0189920838633952,1.6394828849415717,-0.12130379726127524,1.000228550226483,270,242,0.8962962962962963,0.7900618578496101,ok,1252.4376442177,446.0388317778747,-0.49037715366463736
597,3.67408833349009,6.893452043772868,-0.09894253836867527,0.9995297754329312,315,262,0.8317460317460318,0.4198308062919994,ok,1248.7165471489216,439.17064113063606,-0.3914346152959621
598,-4.134018749932693,9.84127624343023,-0.218767244235716,0.9997158013601797,253,200,0.7905138339920948,0.4591520822909215,ok,1252.8208893622477,429.31695125728373,-0.17266737106024602
599,-9.248307087998455,7.82707634515441,-0.379749825673068,1.0000768954778698,274,218,0.7956204379562044,0.6253288625886309,ok,1262.0974251559817,421.52335184658966,0.207082454612822
600,-0.8593814695532274,2.236784581085999,-0.05442691078136891,0.9998004177623604,307,289,0.9413680781758957,0.5079182806750651,ok,1262.9670067697796,419.2905129385312,0.2615093653941909
601,-0.4412666231883122,3.3407322727354085,-0.005415482574372084,0.999791271357579,311,306,0.9839228295819936,0.5219471202707273,ok,1263.423832075874,415.95187264785176,0.2669248479685631
602,0.27837704608464264,2.9848637998120466,0.1630325799587023,0.9998993534405443,330,303,0.9181818181818182,0.39281800847291237,ok,1263.1508678249977,412.9665089847516,0.1038922680098607
603,0.49082572861743756,2.433410003950712,0.29220048680444005,0.9999330437149051,343,308,0.8979591836734694,0.40627192153086017,ok,1262.6520471201693,410.53472526747026,-0.18830821879457932
604,0.16141553055331315,2.007156915108908,0.18465980003394958,0.9999296135972416,358,325,0.9078212290502793,0.42653789086614474,ok,1262.477569473828,408.528661607887,-0.372968018828529
605,-4.1521179768406,6.615190130285669,0.11539867223076004,0.9998597759165293,226,169,0.7477876106194691,0.5138970377082416,ok,1266.5731520257355,401.87832118698054,-0.488366691059289
606,-1.344821353522775,6.57465977359243,0.042197048270978324,0.9997962916872809,256,201,0.78515625,0.47303301279634896,ok,1267.857034688397,395.29149031622785,-0.5305637393302673
607,-1.223361500599367,11.973045278544987,0.02608678695098791,0.9993230545767451,265,204,0.769811320754717,0.6347778750869539,ok,1268.9640175455024,383.30712485295385,-0.5566505262812552
608,0.2832282405420301,4.297867372431142,-0.08538998499555066,1.0000306108052404,249,197,0.7911646586345381,0.35323377960864893,ok,1268.6454491181019,379.0117323977396,-0.47126054128570455
609,0.1058487807513302,3.8335834682873156,-0.1255339833797896,0.9998704959847555,294,233,0.7925170068027211,0.3650932335085424,ok,1268.5164703061646,375.17885741428597,-0.34572655790591483
610,-0.11812031834597292,1.5278241756911939,-0.0802092366799387,0.9999066561954686,281,266,0.9466192170818505,0.600610170976964,ok,1268.6275092128562,373.6505022583642,-0.2655173212259761
611,-0.6325272421158843,3.742105798181683,-0.3841696051032998,0.999678745068986,253,211,0.83399209486166,0.39182501294431743,ok,1269.2677845190628,369.9097143668812,0.11865228387732396
612,-0.572930604461817,1.3367129738524,-0.06786356642348168,0.9999029252128813,256,226,0.8828125,0.7015397714992173,ok,1269.8450635028698,368.57487354234473,0.18651585030080567
613,-0.440674808865424,0.5188326362199405,0.014739373752632533,0.9997764018417022,278,226,0.8129496402877698,0.42068169635056074,ok,1270.2872918229425,368.05736440764207,0.17177647654817313
614,-1.5158590611604268,7.142112304236434,0.15094739857423364,0.9998633517789584,263,178,0.6768060836501901,0.4683131820798723,ok,1271.805747198752,360.91580364466415,0.02082907797393932
615,1.5951924751338993,5.795278932626161,0.11254125306050212,0.9995798308065904,296,248,0.8378378378378378,0.3357890970552153,ok,1270.2012803874425,355.12308552696936,-0.09171217508656293
616,11.4435334874197,11.06737030036652,0.3663520501044322,0.9985651252742257,264,206,0.7803030303030303,0.9276798922107325,ok,1258.6696329259385,344.1475558875068,-0.4580642251909956
617,1.4025813578584803,2.067064041573076,0.08736927398471317,1.0000505208489894,333,300,0.9009009009009009,0.39186460469741025,ok,1257.2474377734886,342.09393733341165,-0.5454334991757088
618,0.13957518839424665,4.259834324435587,0.1456629226242552,0.9999248941688595,294,270,0.9183673469387755,0.5483407760547345,ok,1257.0564922544952,337.83609638832803,-0.691096421799964
619,-2.206740360963522,5.480540892467388,0.03260274456351358,0.9997075733675705,345,295,0.855072463768116,0.4104909013758794,ok,1259.193834080093,332.3281202250479,-0.7236991663634776
620,0.03644682776985064,0.025396919887270997,-0.0010149088853434538,1.000017517387173,460,458,0.9956521739130435,0.053769992231492404,ok,1259.1570698230705,332.3031850250321,-0.7226842574781343
621,-2.8645503108214143,4.177098678799098,-0.1784985015347158,0.9997325940848628,313,259,0.8274760383386581,0.4979350294486789,ok,1261.9818181410258,328.09906813847186,-0.5441857559434183
622,-0.015029893734663347,-1.6969707733037467,-0.2764126319731012,1.0000632981354893,287,238,0.8292682926829268,0.4558917937190456,ok,1262.0047786731154,329.7959501370561,-0.26777312397031694
623,2.3181852735592656,17.821685474214064,-0.3440114376910061,0.9987876677870746,269,225,0.8364312267657993,0.8730353425598303,ok,1259.7103091503693,311.9711958410344,0.07623831372068963
624,-7.395563356582443,12.886607178583972,-0.16841959884445126,0.9995174386213186,303,249,0.8217821782178217,0.6080872753613188,ok,1267.1608318382148,299.1162857435554,0.24465791256514116
625,-2.74345314523498,4.177750495202645,0.01806223789947639,0.9999305666050599,391,337,0.8618925831202046,0.31385414031769565,ok,1269.9207858228044,294.94941781149737,0.22659567466566477
626,-1.9462665258756715,5.634982789058768,0.2032688997785557,0.9996641874568263,331,295,0.8912386706948641,0.5156400751379457,ok,1271.869346352369,289.31522787102176,0.02332677488710885
627,-0.3549133102383166,5.418058492623004,0.36331730597271017,0.9999813294456318,363,328,0.9035812672176309,0.43927416201342373,ok,1272.1921030918238,283.8951587409825,-0.3399905310856017
628,0.32255066930247267,3.737697078856627,0.3385573599797076,1.0000107145562755,347,316,0.9106628242074928,0.5411181975535297,ok,1271.8253109230975,280.16154361720214,-0.6785478910653095
629,0.1682960322082181,2.822850084851325,0.16613929698993926,0.9998911768983632,377,352,0.9336870026525199,0.38419920760048565,ok,1271.6154186147971,277.3414813173727,-0.8446871880552489
630,-0.22116339006151975,2.0581110217324294,0.1011565316692121,0.9998435821853965,400,369,0.9225,0.3581625947612003,ok,1271.8025779372392,275.279999905644,-0.945843719724461
631,8.127016554038619,10.015974039998014,-0.013547614200727736,0.9992357529290529,332,275,0.8283132530120482,0.7348176664332664,ok,1263.5136681403906,265.39758580689056,-0.9322961055237332
632,-1.2103839362182498,12.00625847528977,-0.07831167611901818,0.9993810012648046,319,274,0.8589341692789969,0.5761048093941867,ok,1264.5449728966337,253.37462101661214,-0.8539844294047151
633,-4.3396701884876165,6.972526953052579,-0.12886523505888445,0.9995748264491148,322,266,0.8260869565217391,0.4922941996867489,ok,1268.796055578197,246.34773226764185,-0.7251191943458306
634,-0.19652670378832227,5.1093255624502945,-0.21846956224258804,0.9996492728048537,364,329,0.9038461538461539,0.3626750377775124,ok,1268.9473949325006,241.23686865683692,-0.5066496321032425
635,4.278165551909979,4.011282713827768,-0.23114598585965532,0.9996351435304663,376,334,0.8882978723404256,0.40163630514453846,ok,1264.6499908776466,237.24620356325568,-0.2755036462435872
636,2.427525032746871,3.7817317525536964,-0.11486135218614904,0.9996549310721367,371,325,0.876010781671159,0.4253803428095251,ok,1262.2118724190536,233.47129280738955,-0.1606422940574382
637,-0.6651707178170909,2.8115450534785396,0.04809212170119438,0.9998544631005069,398,362,0.9095477386934674,0.3885964077585645,ok,1262.866795997689,230.6573431316263,-0.2087344157586326
638,-0.5606697508371781,1.2614516164009046,0.07056830067718939,0.9999899376221215,422,386,0.9146919431279621,0.22347604101771118,ok,1263.4213098474336,229.39317338809275,-0.279302716435822
639,0.8027553353215353,2.9542801655221638,0.21348503990224083,1.000192702175476,358,316,0.88268156424581,0.4182414195976032,ok,1262.5931754355372,226.44590671868212,-0.4927877563380629
640,1.0010675637033728,16.909690221721576,0.3044006988198395,0.9989685057961268,338,294,0.8698224852071006,0.8666050143524466,ok,1261.356938312855,209.55178118824426,-0.7971884551579023
641,-9.526663995320632,12.19318143822602,0.419786441270866,0.9993904385533315,341,286,0.8387096774193549,0.7814777211076032,ok,1270.6224870572107,197.15901689083245,-1.2169748964287683
642,-1.9971569907929734,2.94698718439156,0.08305466996226166,0.9998065948946213,390,367,0.941025641025641,0.3521504942250949,ok,1272.5522691733995,194.16747707079344,-1.30002956639103
643,-1.2285282347720567,4.045808785503823,0.03073008038168503,0.9997208371212641,406,382,0.9408866995073891,0.37003978036302554,ok,1273.6865059938425,190.09422809882477,-1.3307596467727152
644,-0.3280280473156836,3.852386137692065,-0.14587189309197837,0.9998061576179811,408,356,0.8725490196078431,0.355469631540705,ok,1273.9348014910377,186.23588250779983,-1.1848877536807365
645,0.24332385867137418,2.945040758209416,-0.2751835018112758,0.9997659083815891,425,374,0.88,0.33271645451694354,ok,1273.6447508690342,183.29507612104328,-0.9097042518694608
646,0.12384599589108802,1.129160981558698,-0.12848360069961867,0.9998523472100345,430,403,0.9372093023255814,0.3249054411711471,ok,1273.5055208960234,182.16770867092407,-0.781220651169842
647,-0.09998510468290078,3.0546125279333864,-0.18116703198717637,0.9997656391101953,404,351,0.8688118811881188,0.3505203327217108,ok,1273.5735104160833,179.1122165432747,-0.6000536191826655
648,-3.8335636115966736,7.399093479550629,-0.046857747459901754,0.99960137003267,371,320,0.862533692722372,0.49462646657407605,ok,1277.3354575463532,171.6764551113606,-0.5531958717227637
649,1.4231900853960724,7.9357664958412215,-0.0015752354375400584,0.999553156338261,387,341,0.8811369509043928,0.3822450379510101,ok,1275.8359322425658,163.75475808616534,-0.5516206362852236
650,6.475360986917622,10.106703735348788,0.03209354232050523,0.9993884847347012,369,318,0.8617886178861789,0.5411621547849028,ok,1269.2579446600994,153.7145469494451,-0.5837141786057289
651,4.4647358635861565,6.600627264346713,0.09515816115992806,0.9997509893069357,377,308,0.8169761273209549,0.4669295937835095,ok,1264.715316109247,147.16728244711942,-0.6788723397656571
652,-1.0305280116490394,7.379302253209971,0.2653527930462218,0.9997498658784861,431,394,0.91415313225058,0.5341141095589704,ok,1265.6240999889442,139.77200005987913,-0.9442251328118789
653,-0.8663880811616309,2.461514407573759,0.089546017621946,0.9999008534471671,470,435,0.925531914893617,0.321022798953065,ok,1266.4459370705067,137.29525516037074,-1.0337711504338252
654,-2.462481721763197,3.487060688572001,0.13077496682504064,0.9996571101892452,424,394,0.9292452830188679,0.4392057097494423,ok,1268.8370399683345,133.75886782188502,-1.1645461172588658
655,-2.4963751167219925,2.763184488773504,0.03380175843248391,0.9996824217062471,428,404,0.9439252336448598,0.42662396798705843,ok,1271.2750809844208,130.94407950901518,-1.1983478756913497
656,-0.008510208870347924,0.358992851328253,-0.07688867799760113,1.0000580830695933,453,429,0.9470198675496688,0.31475901671105194,ok,1271.276563388952,130.58498886107725,-1.1214591976937482
657,6.531685450002442,8.33073242448097,-0.11017397909371518,0.9995619396122625,375,313,0.8346666666666667,0.6532405047596801,ok,1264.5988633939487,122.37083398532695,-1.0112852186000334
658,-2.226457334747465,11.555215532864622,-0.17334021709228511,0.9993426731592021,409,349,0.8533007334963325,0.580468235081774,ok,1266.6560947885519,110.78429363613441,-0.8379450015077483
659,-6.40625214085162,9.014361915217705,-0.4895787780532321,0.9996086408506449,330,284,0.8606060606060606,0.6032535730283146,ok,1273.007420293224,101.73114768765925,-0.3483662234545165
660,1.6701795570754712,4.399992418634611,-0.18284959189753605,0.9997460479656168,401,353,0.8802992518703242,0.35114983178513953,ok,1271.3245369799101,97.33599845348238,-0.1655166315569806
661,3.1288966443785284,3.2241243520930993,0.030483287299971126,1.0001305683173465,377,349,0.9257294429708223,0.6376043037430319,ok,1268.1846294382901,94.12259641218077,-0.1959999188569517
662,0.2120927273451798,1.4829451199940422,0.09341045965105967,0.9999863217852758,392,370,0.9438775510204082,0.32451109544154766,ok,1267.9650488494908,92.64074152086062,-0.2894103785080113
663,-1.3982692184110874,3.9561145724082962,0.5188186106496568,0.9997352830287242,401,369,0.9201995012468828,0.3573256085314257,ok,1269.307374833859,88.66529685782405,-0.808228989157668
664,-1.3318735426805688,2.0778921775483923,0.21640874976325092,0.9998391906861793,410,374,0.9121951219512195,0.3318227759812894,ok,1270.6018778142475,86.56391991187274,-1.0246377389209187
665,-3.677630553565905,5.994861923909866,0.13107289429214758,0.9996404168906519,340,283,0.8323529411764706,0.5786912243593622,ok,1274.157846344203,80.49610121078831,-1.1557106332130664
666,-1.5743511664029484,7.54152739309859,0.04743580852713434,0.9996391890162433,428,379,0.8855140186915887,0.4098016463220403,ok,1275.5734985254635,72.92317932305525,-1.2031464417402007
667,-0.7897241961943564,11.571267250643587,0.013637393386547753,0.9994113558506819,373,329,0.8820375335120644,0.6174973505051425,ok,1276.117325451809,61.33775130480524,-1.2167838351267486
668,0.13025292981046732,2.247884340992414,-0.024470547446624948,1.000002831005921,442,422,0.9547511312217195,0.26388613110708015,ok,1275.9403260930496,59.093064007384555,-1.1923132876801235
669,0.2950267168780556,3.880341780168692,-0.10224020452084541,0.9998846500805293,375,338,0.9013333333333333,0.34411138351884996,ok,1275.5715323064246,55.21903713118172,-1.090073083159278
670,0.10909290505878744,3.0080751707046147,-0.16814604498172242,0.9998683755630366,349,310,0.8882521489971347,0.3490636287555148,ok,1275.4140536905604,52.21310666290913,-0.9219270381775557
671,-0.23436402363449815,2.3909023515641366,-0.20368664825443658,0.9998629588099421,402,372,0.9253731343283582,0.2857191652434533,ok,1275.6184285470176,49.81945433470071,-0.7182403899231191
672,-0.4865360619614876,1.4400700448377393,-0.10891307719721469,0.9997783820911261,416,386,0.9278846153846154,0.34929513479673113,ok,1276.0896225741342,48.374291623294994,-0.6093273127259046
673,-1.479163120019848,0.5760537243745603,0.0009219563857460107,0.9997594305354801,331,284,0.8580060422960725,0.4975367331423114,ok,1277.5625664452298,47.78251651263611,-0.6102492691116506
674,6.813565316333097,15.652316856700963,0.07746061555683556,0.9991779327259533,293,244,0.8327645051194539,0.7792405182581492,ok,1270.5616247830865,32.21310704580765,-0.687709884668486
675,1.6361485207505666,7.750081830143017,0.20785709980288267,0.9996904562642775,307,265,0.8631921824104235,0.42314659547470657,ok,1268.8045426877025,24.48954485819297,-0.8955669844713684
676,-0.23857187059002172,3.9270217062763777,0.224881832912308,1.0000271082632581,312,282,0.9038461538461539,0.416468521260532,ok,1268.9662788818491,20.558608910800103,-1.1204488173836762
677,-0.3687171581059374,3.393178521793061,0.1812385641832761,0.9999841758964139,343,324,0.9446064139941691,0.31131168765830747,ok,1269.2578188114935,17.157929964933146,-1.301687381566952
678,-0.9142469775329118,2.2877542945011555,0.10830152287419532,0.9998859752440737,323,298,0.9226006191950464,0.36206859194134505,ok,1270.1154954228493,14.848371981623472,-1.409988904441147
679,-0.4633388992392611,0.9908640195008047,0.007850804742991687,0.9998957094156672,335,318,0.9492537313432836,0.33723009600634335,ok,1270.5541750734635,13.846346730032337,-1.4178397091841388
680,-1.010574545286545,1.7269270736003364,-0.06895572424946363,0.9997957938189317,354,335,0.9463276836158192,0.4252645677044326,ok,1271.5238172096101,12.096108987060347,-1.3488839849346752
681,-1.1057078638732492,1.3441338566739205,-0.1696228493707196,0.9999222125497274,360,326,0.9055555555555556,0.2804285545198615,ok,1272.6016278868992,10.729503759202089,-1.179261135563956
682,1.0055632393202814,-3.1935531124604495,-0.20536807243212038,1.000158335690678,338,303,0.8964497041420119,0.4869251488640812,ok,1271.6504901615444,13.93968692185581,-0.9738930631318354
683,5.690021239119233,11.553752121916432,-0.18994849195099958,0.9994330410103978,263,211,0.8022813688212928,0.71321449169394,ok,1265.802923237655,2.4648670597857745,-0.783944571180836
684,1.1720706056719337,4.168709101828881,-0.04887494463520657,0.999838374100104,304,262,0.8618421052631579,0.368768881983283,ok,1264.5774685802423,-1.6884624435136857,-0.7350696265456295
685,0.573130500273237,6.7795475864097625,-0.00436323211732909,0.999704868374171,307,262,0.8534201954397395,0.4055478003273975,ok,1263.9179258851877,-8.460149639489032,-0.7307063944283004
686,-0.1653170757422231,1.6505486711585036,0.05418561195554663,0.9999592220840781,380,360,0.9473684210526315,0.2867256856884397,ok,1264.0606173731953,-10.112808040564687,-0.7848920063838469
687,-0.826640726727419,4.355637158877812,0.24012914122164022,0.9999441844925085,320,298,0.93125,0.38381613470843623,ok,1264.8092076536293,-14.482536011837283,-1.025021147605487
688,-0.958506441505051,2.314928768291452,0.15534205396220055,0.9999882987076314,353,316,0.8951841359773371,0.3601911191651163,ok,1265.7198237089199,-16.816718566933787,-1.1803632015676875
689,-0.4716687656252816,0.9868794919819948,0.06236125107933584,0.9999273266195937,368,348,0.9456521739130435,0.22889708033389355,ok,1266.1699781567966,-17.81359545462749,-1.2427244526470234
690,-0.3092378000528697,-0.2514010571003382,0.08576872409697135,0.9999813464890186,326,290,0.8895705521472392,0.4673374903999533,ok,1266.484961443184,-17.569431497849678,-1.3284931767439947
691,6.373104706357708,12.445219256036012,-0.03589125263958792,0.9994179029933747,293,242,0.825938566552901,0.6661849597655243,ok,1259.832736182805,-29.867717761154267,-1.2926019241044069
692,-1.4196817476893102,3.9562095955391214,-0.012425329590759553,0.9998100583992843,320,281,0.878125,0.37005275675910515,ok,1261.1636761666832,-33.854657613707104,-1.2801765945136474
693,0.02743460748229154,0.0026102452841314516,-0.00013054131309773415,0.9999992166710319,433,424,0.9792147806004619,0.06602855869170124,ok,1261.1361900948252,-33.85665434152418,-1.2800460532005495
694,-3.2926823312457145,6.8254472235596495,-0.2214093299095694,0.9997514739881822,262,217,0.8282442748091603,0.46309081856053774,ok,1264.3022058596498,-40.741770964572765,-1.0586367232909806
695,3.4370784169566377,2.029096701123649,-0.23109710737753295,0.9999374626190507,299,246,0.822742474916388,0.40659884321030454,ok,1260.8361801234478,-42.72101502804878,-0.8275396159134478
696,1.464149030758108,1.7104928710152763,-0.1075175282166321,1.000092134492122,328,297,0.9054878048780488,0.5587755378411792,ok,1259.3506519218497,-44.41297371794644,-0.7200220876968159
697,-0.5473909652541806,1.5521360919810832,0.02093143195315741,0.9998476544323893,339,319,0.9410029498525073,0.3865973243200579,ok,1259.8779253289326,-45.9720587287959,-0.7409535196499734
698,-1.2027804148870018,1.60064757237933,0.1370201986559339,0.999901791575943,347,324,0.9337175792507204,0.3186321441752624,ok,1261.0560379191381,-47.590948503363165,-0.8779737183059069
699,-3.6271523608929783,6.444063126552464,0.2644787502577547,0.9996151239938238,268,232,0.8656716417910447,0.7333811694217611,ok,1264.5539860009617,-54.1060496572203,-1.1424524685636612
700,5.320481522625414,7.347455066403882,0.2506908369626312,0.9997823894341369,306,241,0.7875816993464052,0.5298749235460354,ok,1259.0564418697866,-61.32197843397569,-1.393143305526292
701,6.971185818916638,3.0863078339338017,0.18401262901077323,0.9997615897703389,293,241,0.8225255972696246,0.5056124999955162,ok,1252.0029522371924,-64.21524851652032,-1.5771559345370647
702,2.41530510397979,2.0443655268759358,0.10374438079255187,1.0004176135544867,306,278,0.9084967320261438,0.5050435618035494,ok,1249.5287190045503,-66.18788610697652,-1.6809003153296165
703,-0.05853958333796072,1.7877606418101095,0.006692352624636522,0.9999908588339032,388,362,0.9329896907216495,0.36401383821253325,ok,1249.5345840216744,-67.97659530547594,-1.6875926679542532
704,-1.058041893529662,1.892882259260432,-0.12595160530659683,0.9999995002340246,322,267,0.8291925465838509,0.3292469570072654,ok,1250.5406473501528,-69.8976087033933,-1.5616410626476567
705,-1.7624514148712933,1.9787928957398435,-0.2070188283806931,0.9998527909664288,311,239,0.7684887459807074,0.3694110626363281,ok,1252.2558267198622,-71.91751366247831,-1.3546222342669636
706,-0.944987269288049,0.9684880834512342,-0.09768596536835839,0.9998106345380016,312,296,0.9487179487179487,0.5193580120483926,ok,1253.17934193119,-72.9064978693034,-1.2569362688986054
707,0.010139442936178966,0.003093120534913396,0.0007041735592708309,1.000007476409141,465,460,0.989247311827957,0.01770879756681531,ok,1253.1691370423125,-72.90936770217229,-1.2576404424578762
708,3.810417741505944,8.757989677727892,-0.35908208208352377,0.9995169491275068,179,131,0.7318435754189944,0.5818646547276343,ok,1249.2218436907401,-81.6065248099062,-0.8985583603743531
709,2.916364342510633,12.005665164426773,-0.0003462959375759181,0.999368326801442,208,167,0.8028846153846154,0.6703138342103241,ok,1246.1176355075456,-93.5649974788547,-0.8982120644367775
710,-0.2420208750081656,1.6707308619859305,0.07037692180399283,0.9999726977539699,259,242,0.9343629343629344,0.37748640763601693,ok,1246.3313793290906,-95.2395807989326,-0.9685889862407703
711,-0.5784767665595609,2.589027980569199,0.1887550832174703,1.0000579809638723,221,205,0.9276018099547512,0.5721793809462782,ok,1246.8574446623538,-97.83976473834105,-1.15734406945824
712,-0.7656167509946954,2.0837087698121195,0.23286269385668976,0.9999974483455472,277,261,0.9422382671480144,0.5348301739584997,ok,1247.5722825618477,-99.94143503223631,-1.3902067633149295
713,-0.881322434253434,1.6894057001670717,0.18706990828140363,0.9999446749394489,253,231,0.9130434782608695,0.5297679754156575,ok,1248.4067698518045,-101.6544592047967,-1.5772766715963327
714,-0.7499695039282415,1.2232183582727885,0.11927230516267327,0.9999353240788785,243,223,0.9176954732510288,0.43175195741081734,ok,1249.1201959527627,-102.8993449856257,-1.696548976759006
715,-0.683819229376013,0.7672563711644216,0.017482991352467798,0.9998395693059284,268,245,0.914179104477612,0.3408744236646609,ok,1249.7807597817352,-103.68671180319507,-1.714031968111474
716,-0.23551839312676748,-4.806940557431972,-0.13851611033247221,0.999739910269287,251,218,0.8685258964143426,0.6700392693413446,ok,1250.148353440123,-98.88806393754578,-1.5755158577790018
717,-2.0054518024194294,12.207362618977868,-0.17718433637653602,0.9996081968442422,185,129,0.6972972972972973,0.6042975082665791,ok,1251.8553109402287,-111.14073038758352,-1.398331521402466
718,3.30093014034901,3.7549442626688005,-0.12751888559786614,0.9998034477734044,207,166,0.8019323671497585,0.44031466698477745,ok,1248.471915379735,-114.82154289142636,-1.2708126358046004
719,9.993414363000511,5.3919423264600255,-0.31892360636888895,0.9996590603384555,214,170,0.794392523364486,0.7059923065274899,ok,1238.3903046945613,-120.046722187402,-0.9518890294357121
720,0.6529478596185072,1.9529113105702436,-0.06521082916454526,0.9999989992461633,244,225,0.9221311475409836,0.7092826361686687,ok,1237.7072140376672,-121.98929539034634,-0.886678200271167
721,-0.8510245399395444,1.6323780568500297,0.03692324879967243,0.9998691566763922,270,233,0.8629629629629629,0.43479285416129204,ok,1238.5318154013048,-123.63517918914613,-0.9236014490708394
722,-0.7224887928500721,0.714405582260838,0.05133847778470794,0.9999459443834673,263,241,0.9163498098859315,0.39586959606483246,ok,1239.2420439258094,-124.36177456123414,-0.9749399268555472
723,-2.757999600308267,1.7859886547344104,0.2692703043925202,0.9997658572677023,264,238,0.9015151515151515,0.4964661452778464,ok,1241.9606125577413,-126.20722893986726,-1.244210231248067
724,-1.8030094752809873,0.03842036900482526,0.2590155265420624,0.999862504173441,236,194,0.8220338983050848,0.4545955471403306,ok,1243.7619936362971,-126.29293484706454,-1.503225757790129
725,6.386729055590877,5.114722356879042,0.08047088168556367,0.9996227815171601,233,192,0.8240343347639485,0.43909405864997747,ok,1237.2363475750776,-131.22919216422042,-1.5836966394756926
726,-3.8165119974908066,7.277813350125598,0.25665410493268703,0.999557125697373,248,221,0.8911290322580645,0.7009255388547029,ok,1240.8171665027935,-138.625817529424,-1.8403507444083795
727,-1.683688788865311,0.7603462893960113,0.01399212649945607,0.9998011260438576,285,257,0.9017543859649123,0.35737804898453446,ok,1242.4753697286526,-139.44024768560644,-1.8543428709078353
728,0.05877465193771059,0.5497567445156619,-0.10249521257448356,0.9999897912620933,250,222,0.888,0.5670277625823458,ok,1242.3998160739334,-139.987950691906,-1.751847658333352
729,3.501895561339552,0.7920431156056793,-0.26023978639270734,0.9999103737018585,239,206,0.8619246861924686,0.3764471279414839,ok,1238.878489835057,-140.68856923213286,-1.4916078719406451
730,1.2836485866746443,0.32349072867441464,-0.23714621414877496,0.9999837417311161,246,217,0.8821138211382114,0.6134339872183712,ok,1237.5880668089962,-140.98387984728686,-1.2544616577918708
731,-0.8108868168503705,0.6937142482058789,-0.1313557995533146,0.9998241829857785,247,212,0.8582995951417004,0.661641298201824,ok,1238.3852006024626,-141.69335472578473,-1.1231058582385565
732,-1.3560646688260931,0.8704270669951484,-0.059256929295139836,0.9997893493324923,263,251,0.9543726235741445,0.3920371773533664,ok,1239.7248706498663,-142.588809263484,-1.0638489289434168
733,1.3752168989467464,-2.6390549697318875,0.0021363356677076453,1.0001462589660568,249,220,0.8835341365461847,0.5156616854958024,ok,1238.3989884159782,-139.92462665820415,-1.0659852646111243
734,6.16494623867311,10.574438461466116,0.06675506329664625,0.9993302146924529,180,132,0.7333333333333333,0.7699233833456804,ok,1232.026203396696,-150.37512530654976,-1.1327403279077706
735,0.4860227068936638,4.912643081245733,0.17775682314001556,1.0001242891232087,238,202,0.8487394957983193,0.6058365869494117,ok,1231.427953232484,-155.2753678369097,-1.3104971510477856
736,-1.1801868679410745,2.3946724957839933,0.2469640153445611,0.9998301209835491,238,206,0.865546218487395,0.7578487087694881,ok,1232.5426181556238,-157.701232531085,-1.557461166392346
737,-1.3362120760318703,1.5009293110585986,0.2314017807889931,0.9999311941398803,245,216,0.8816326530612245,0.5333316407461812,ok,1233.8313253007052,-159.24314219223345,-1.7888629471813389
738,-1.209844686696215,0.9818299224714337,0.09896494267263216,0.9998347576896787,262,244,0.9312977099236641,0.3416679290090955,ok,1235.0081690515706,-160.2642949470345,-1.8878278898539707
739,-1.4092332908578555,0.5549957415557856,-0.029216667108179935,0.9999196850378326,270,243,0.9,0.38884286806414764,ok,1236.3986606665876,-160.86470464863362,-1.8586112227457905
740,-0.5391913737303184,0.1714089472861815,-0.06830971957772365,0.9998707000116956,259,237,0.915057915057915,0.42586746686643223,ok,1236.932233756167,-161.05287511069344,-1.7903015031680671
741,0.7121859443602716,-5.064793403460044,-0.3808160673099497,0.9998450629267005,258,221,0.8565891472868217,0.5960300111233914,ok,1236.3448454668533,-155.97209603296778,-1.4094854358581184
742,4.448497859622876,5.779895072696945,-0.18108618909802365,0.9995065774356093,193,139,0.7202072538860104,0.5745462236231133,ok,1231.7734607484429,-161.65529601315006,-1.228399246760095
743,1.6792036027522954,8.336954075320818,-0.36601094164219705,0.9993706902650302,192,130,0.6770833333333334,0.8078494019205502,ok,1229.9689682979918,-169.9660321411817,-0.8623883051178991
744,-1.3427129577955839,1.1420614601947818,-0.06788495266816634,0.9997893492619822,246,209,0.8495934959349594,0.7620857554182701,ok,1231.295716050373,-171.12660220259386,-0.7945033524497331
745,-1.53636270651009,1.1056731111439149,0.0546870905480107,0.9997979988198726,263,233,0.8859315589353612,0.33788096182247235,ok,1232.8155232475217,-172.25492373396526,-0.8491904429977435
746,-0.8125072000589171,0.6762559544906708,0.07093066845216786,0.9998891436475797,253,230,0.9090909090909091,0.34865003830879976,ok,1233.6170660543964,-172.94414009685784,-0.9201211114499112
747,-2.321262079551161,1.7802609294378726,0.37330864445842404,1.0000241653660953,237,185,0.7805907172995781,0.409288039274683,ok,1235.8975514074373,-174.77634455417444,-1.2934297559083339
748,-0.6901690203001181,0.6802813774553442,0.07110802063480667,1.0000089778299215,280,258,0.9214285714285714,0.2981152721167998,ok,1236.571324879679,-175.47286830624466,-1.3645377765431403
749,-1.182997546191018,1.3422142601930318,0.10817506553131301,0.9998358035022658,236,211,0.8940677966101694,0.3848319261949175,ok,1237.7194355983775,-176.8450432557937,-1.472712842074453
750,-0.12986666228084687,-0.6538517220972153,0.04338644241085634,0.999846277361255,205,178,0.8682926829268293,0.6093560500661109,ok,1237.86655630022,-176.1948564183764,-1.516099284485309
751,-5.240975328089235,11.473888006807897,0.024433084131012497,0.999259446137794,219,155,0.7077625570776256,0.7055626940256196,ok,1242.7971719011496,-187.80549628783592,-1.5405323686163215
752,2.879022355017696,5.530982005193778,-0.10874966394626791,0.9995401840011423,235,179,0.7617021276595745,0.4704952074552308,ok,1239.7808473178293,-193.262814097028,-1.431782704670054
753,1.7357195068605051,1.1752849240040177,-0.11329872565396154,1.0001240424405067,268,224,0.835820895522388,0.8586967799197187,ok,1238.01854422671,-194.39784919521583,-1.318483979016093
754,-2.7695755671443294,1.4863822990765811,-0.242608451885963,0.9999626488097134,270,223,0.825925925925926,0.356666129325083,ok,1240.7597225280558,-195.93597229866486,-1.075875527130131
755,-3.4503134103977118,0.8862936239595456,-0.23274118087116027,1.0000717645218482,278,223,0.802158273381295,0.40924511303667277,ok,1244.1966206141478,-196.8729411154677,-0.8431343462589717
756,-0.803547739439864,0.30091608856309904,-0.06246343288365829,0.9999378612629499,264,239,0.9053030303030303,0.443276880221166,ok,1244.9959938277027,-197.1847774946241,-0.7806709133753136
757,-1.346256255795197,0.918404023993844,-0.004349765885654081,0.99994061116055,252,220,0.873015873015873,0.43117024825531647,ok,1246.3296831029832,-198.1213375698769,-0.7763211474896596
758,-0.23779545533989221,0.3659964316244668,0.05736545062355507,1.0000261336153373,295,274,0.9288135593220339,0.3294996504638009,ok,1246.5621281148244,-198.49075519670635,-0.8336865981132145
759,-0.596634529621042,-1.0601063885085296,0.1591242041368913,1.000081461172811,248,198,0.7983870967741935,1.0405326797820165,ok,1247.1770414865991,-197.441145811218,-0.9928108022501051
760,-5.735133275590442,7.569783289734232,0.24572417584319534,0.9996584160063462,209,159,0.7607655502392344,0.7754918225474585,ok,1252.7472152983369,-205.13312451954494,-1.2385349780932995
761,-1.6919449063300362,3.7865440136051802,0.13939778422247004,0.999658545355231,250,206,0.824,0.7228002819897013,ok,1254.3476153631664,-208.95926000662837,-1.3779327623157693
762,-0.10984482128333184,0.4397179052616593,0.015263032196799276,0.99994401745157,292,275,0.9417808219178082,0.23338706166696702,ok,1254.4467366499205,-209.40151863173674,-1.3931957945125681
763,-0.23674366095224286,0.8591575377396339,-0.01237381765984533,1.0000122870425296,278,241,0.8669064748201439,0.4409331649541107,ok,1254.6627079654968,-210.2661316240658,-1.380821976852723
764,-0.31357077769894204,0.8340113422694913,-0.06164460338879614,0.9999790638933922,303,276,0.9108910891089109,0.5848264404567527,ok,1254.9569950631615,-211.10714093186732,-1.319177373463927
765,-0.45741160452007534,1.2641799416826416,-0.11731381577841507,0.9999604434769498,286,250,0.8741258741258742,0.37338728960041184,ok,1255.3877899421045,-212.38063693624997,-1.2018635576855123
766,-0.7087604440430368,1.6140045216343424,-0.2691428067354489,0.9999380411546385,270,205,0.7592592592592593,0.3118961979995867,ok,1256.0701831780593,-214.00596503679446,-0.9327207509500645
767,1.0271554749451752,2.3623538260696932,-0.32690382151849173,1.0001021480658268,258,205,0.7945736434108527,0.2686364655962254,ok,1255.0181072370544,-216.35732638367722,-0.6058169294315741
768,-6.161421587230279,10.000552149703026,-0.15374876390678205,0.9997075025405805,215,149,0.6930232558139535,0.6271094760436926,ok,1261.100432723634,-226.4061808432573,-0.4520681655247928
769,-1.6513668011289155,4.086034994892316,0.012884115492504159,0.9997731443007621,244,182,0.7459016393442623,0.6655330854432114,ok,1262.7185875535636,-230.50548191023563,-0.46495228101729685
770,-0.6251054338031281,1.7709162152923454,0.168239205076185,0.999988669335685,215,193,0.8976744186046511,0.509819263375903,ok,1263.3240843295646,-232.28319805720832,-0.6331914860934812
771,-0.5769912504288186,1.5497328444880623,0.2875591683729363,1.0000330349507005,227,183,0.8061674008810573,0.8382981226806224,ok,1263.8760977407053,-233.84200272305895,-0.9207506544664164
772,-0.5105833381658158,1.3331967603118073,0.3261647322571742,1.0000325507021253,249,208,0.8353413654618473,0.49238969591531506,ok,1264.357548396538,-235.18599461772067,-1.2469153867235896
773,-0.6991697508256038,1.4323577840287953,0.24126619930662216,0.9998922767564351,239,215,0.899581589958159,0.8392722262548475,ok,1265.019282916327,-236.63602723364954,-1.4881815860302108
774,-0.6736493885157415,1.240935673841932,0.13669023769889144,0.999979148171537,267,249,0.9325842696629213,0.4104201301506333,ok,1265.6574740020678,-237.8955656345497,-1.6248718237291018
775,-0.714094958546184,1.0941500756307505,-0.022034840116755938,0.9998049394708887,207,177,0.855072463768116,0.6143010805281679,ok,1266.3406849391172,-239.0092616493223,-1.6028369836123457
776,-4.381985628034727,1.192049093753667,-0.15881721041614502,0.9998048072492424,192,136,0.7083333333333334,0.7259817377732136,ok,1270.6912390394145,-240.3113592288472,-1.4440197731962012
777,0.6962956334498358,8.040575160631079,-0.32391627466297107,0.9993865317456213,212,164,0.7735849056603774,0.723387326031568,ok,1269.8378972941518,-248.3367865937115,-1.120103498533231
778,3.608823821032047,3.1447622957407475,-0.2889209958426507,0.9998542430807399,250,201,0.804,0.42180085524454575,ok,1266.1838341417638,-251.4288670820432,-0.8311825026905815
779,0.4697298696441976,0.5123486022871475,-0.07454818423521714,1.0000066290570366,281,251,0.8932384341637011,0.5209068811413616,ok,1265.707379474042,-251.93496805053405,-0.7566343184553646
780,-5.952419287009889,2.317339788181471,-0.10807399988467326,1.0000398138612911,271,219,0.8081180811808119,0.4355857125691884,ok,1271.6331868217053,-254.3195364267059,-0.6485603185706917
781,-2.7846958823117802,1.4016182160116841,0.0557121224890129,0.9996986680310586,300,279,0.93,0.5285943172514834,ok,1274.400444257456,-255.75527702469094,-0.7042724410597043
782,-0.48843238082326934,0.6704338449437728,0.04256527018718196,1.0000213067905273,300,272,0.9066666666666666,0.2503186135900287,ok,1274.8800964369898,-256.43202034216904,-0.7468377112468861
783,-0.5652427056879787,1.5042098144253941,0.12871091826902697,1.0000001488024823,296,279,0.9425675675675675,0.46127270334168247,ok,1275.4222879015906,-257.9446917862906,-0.8755486295159127
784,-0.4264450934474553,1.642888637246756,0.21128534044620942,1.000110632002063,266,237,0.8909774436090225,0.8357535088729534,ok,1275.8174944679324,-259.59537354303234,-1.0868339699621214
785,4.571345311440382,0.6539394886609671,0.28886341285135986,0.9996298911185543,249,187,0.751004016064257,0.45936784458438845,ok,1271.2317669152185,-260.1393750352531,-1.3756973828134802
786,-4.549126703032471,8.106304789982005,0.24121447631171922,0.9997156685385589,240,191,0.7958333333333333,0.38037114615971596,ok,1275.5503492024845,-268.37081343546254,-1.6169118591251987
787,-6.966770213036398,3.294980144226315,0.06025629780415736,1.0000824671096986,249,197,0.7911646586345381,0.4700584381398719,ok,1282.4176976324518,-271.8682849354931,-1.677168156929356
788,-2.6168898765527047,1.792807419388737,-0.1599416152894065,0.9998425520443844,264,215,0.8143939393939394,0.41607132469064567,ok,1284.9862009865544,-273.72975252559024,-1.51722654163995
789,-0.7062672468939581,1.6968338359887412,-0.3455124754562479,0.9998979600845407,281,224,0.797153024911032,0.2165126436961962,ok,1285.657622264736,-275.44067390256714,-1.171714066183703
790,0.15243276945602702,1.3690012386191484,-0.3877370759906852,0.9999959719283146,270,209,0.774074074074074,0.3128584887097956,ok,1285.4864723328865,-276.80746131887315,-0.7839769901930191
791,0.2761546185665793,1.2291825827212506,-0.3344323751854188,0.9999586176012534,283,223,0.7879858657243817,0.3093668323734314,ok,1285.2006821053726,-278.0344393711945,-0.44954461500760146
792,0.2172633379061608,0.4684969739188318,-0.10625606330221331,0.9999778317690506,302,275,0.9105960264900662,0.3798749592900655,ok,1284.9806156770508,-278.5016262071549,-0.3432885517053885
793,2.375163978087585,-2.48765387456433,-0.08742045880814149,1.0002020926063198,265,237,0.8943396226415095,0.5687344206617182,ok,1282.6165845628414,-276.00339030686655,-0.2558680928972473
794,1.8445299567240454,10.321035592666703,0.18619113681034544,0.9995093553430707,268,204,0.7611940298507462,0.5909768048842626,ok,1280.6924794907864,-286.3098875847023,-0.44205922970759215
795,-7.0838317470741,5.676749982522324,0.4017299963152421,0.9995940384456953,258,226,0.875968992248062,0.6836427645375687,ok,1287.6919451669064,-292.09034109924096,-0.8437892260228327
796,-5.956469350510815,2.3158813346531133,0.28983263427701633,0.9999326357447477,255,207,0.8117647058823529,0.44893578329338285,ok,1293.6014309579054,-294.52361279918455,-1.1336218602998482
797,-1.119341714190341,2.0424603180651957,0.13459556373813567,0.9998978557545363,292,262,0.8972602739726028,0.33294235861417176,ok,1294.675293189901,-296.59034692110026,-1.2682174240379833
798,-0.08062965904628072,1.6629066945216664,0.05194387035610542,1.0000090085452482,296,269,0.9087837837837838,0.2726472896264956,ok,1294.7175895358093,-298.2546698572295,-1.3201612943940886
799,0.4858601760345209,1.38353956348476,-0.02302739852294298,0.9999876719119356,293,262,0.89419795221843,0.38321495834783165,ok,1294.2005342322389,-299.6268563049957,-1.2971338958711458
800,0.30238460100963493,0.6487143905312678,-0.038429663497013676,0.9999909889431283,274,256,0.9343065693430657,0.3419067845977728,ok,1293.883972438875,-300.2687717498891,-1.2587042323741322
801,0.35448011405537727,1.1660545210502278,-0.11847747559719611,1.000073028633774,279,245,0.8781362007168458,0.5580119077448852,ok,1293.5063587338436,-301.4275414367097,-1.1402267567769364
802,6.146467029808036,1.5644538710449751,-0.24067057183669444,0.9995330686328615,205,152,0.7414634146341463,0.6672171693677933,ok,1287.3360879742133,-302.89530559215086,-0.8995561849402428
803,-4.9582858774504075,8.427488348948714,-0.18064513102384586,0.9998426251466851,245,200,0.8163265306122449,0.39720411257151494,ok,1292.188243552461,-311.3843423430826,-0.7189110539163974
804,-8.000964494957088,3.428594951998093,-0.06901033454965491,1.0004074971482675,222,162,0.7297297297297297,0.7365086219520072,ok,1300.149803943712,-314.90346898628525,-0.6499007193667428
805,-3.0300450055442525,1.5476416917404094,0.034674910943872886,0.9999248716249705,236,215,0.9110169491525424,0.5462808627952929,ok,1303.1611417358974,-316.4872026264518,-0.6845756303106155
806,-0.5324442218202421,1.7141723744554156,0.1261101706513609,1.000017919835809,259,226,0.8725868725868726,0.40369250306931337,ok,1303.6692794119335,-318.2087367913433,-0.810685800961976
807,0.45209005511469513,1.361044722813972,0.22163349843885793,1.0000256105604883,239,199,0.8326359832635983,0.6104482531528493,ok,1303.1927416142757,-319.5614155717035,-1.0323192994008332
808,0.7323297141840612,1.161557420287295,0.3269240178060179,1.0000381572145132,256,209,0.81640625,0.34223762951179365,ok,1302.433064608589,-320.7052745218947,-1.3592433172068505
809,0.37530425536192524,1.2997935890875851,0.27645069010408585,1.0000861173430955,231,197,0.8528138528138528,0.7785531812823235,ok,1302.0208114928105,-321.9938256566412,-1.6356940073109352
810,0.3682484951650622,-1.2968547900297835,0.0688964590300944,0.9999637581917201,227,200,0.8810572687224669,0.7128562907778973,ok,1301.6913026222126,-320.6865907103471,-1.7045904663410294
811,-7.094737470827795,12.180641433959522,0.06970541382173592,0.9996994170499613,201,150,0.746268656716418,0.7090585794208335,ok,1308.4054971768978,-333.0810619376522,-1.774295880162765
812,-0.41111056304134763,1.4696566182591368,-0.06895139093187934,0.9999601443328155,214,182,0.8504672897196262,0.5656719391417391,ok,1308.772689434924,-334.56230206547866,-1.705344489230886
813,0.1480649228017228,2.3420422417083273,-0.4764931742473675,0.999869422182494,229,171,0.7467248908296943,0.36960391227417216,ok,1308.5744314619071,-336.90063028440875,-1.2288513149835198
814,-0.12134922656923663,1.3648718682268282,-0.35067973079519427,0.9999881353991907,235,187,0.7957446808510639,0.3064033708922346,ok,1308.6748478829395,-338.2672016853436,-0.8781715841883266
815,-0.17644482587684251,1.4615771732748044,-0.2742879896422595,1.0001095239094853,231,185,0.8008658008658008,0.3933335112881896,ok,1308.8358785255193,-339.7305573298014,-0.6038835945460681
816,-0.25966966905093614,1.3269821752307962,-0.11980313227023537,0.9998388766538716,262,228,0.8702290076335878,0.52988092074072,ok,1309.0843276558826,-341.05968601432653,-0.484080462275833
817,-0.3316596752740679,0.769696418938338,0.004738232683051024,0.999950512168704,299,266,0.8896321070234113,0.26553035620554266,ok,1309.4094086790628,-341.83218394047094,-0.48881869495888425
818,-0.7343636183584294,1.7577003600075614,0.14882117444710466,0.999796821337999,247,210,0.8502024291497976,0.3765228668926326,ok,1310.1241659270086,-343.59794795529524,-0.6376398694059884
819,5.108754920757292,6.772610922793774,0.27727554727603765,0.9996585408615207,223,166,0.7443946188340808,0.4603373347143176,ok,1304.9079199283972,-350.2881208404965,-0.9149154166820251
820,-4.971021624765854,8.395493066877066,0.3120501656067463,0.9998412780298062,199,163,0.8190954773869347,0.6753319960598312,ok,1309.698029485208,-358.7881332089354,-1.2269655822887706
821,-7.615367935616632,2.8767164517022366,0.1419742343110696,1.0001237774118683,201,166,0.8258706467661692,0.5659228380146442,ok,1317.242498471594,-361.8459615317446,-1.36893981659984
822,-2.9706654300632636,1.3882083379838832,0.08248624846705677,0.9999865742117533,243,219,0.9012345679012346,0.3939586375734314,ok,1320.177048227301,-363.30896980865316,-1.4514260650668964
823,-0.5425336122175395,1.1136541409924803,0.0024317130388935896,0.9999802328600388,260,229,0.8807692307692307,0.3632959592022971,ok,1320.6911516865214,-364.4360305431983,-1.45385777810579
824,0.26695296408684044,0.8677028281547337,-0.057098331680387034,0.9998654216587131,231,210,0.9090909090909091,0.361753891327354,ok,1320.4031272332877,-365.29696840237375,-1.396759446425403
825,0.5383577897678151,0.8277979807251086,-0.09321104299661895,0.9999434937953364,212,194,0.9150943396226415,0.4421618722344727,ok,1319.8460769869391,-366.11230491556285,-1.3035484034287845
826,0.2676532000980387,0.2711398244572365,-0.0756265736486092,1.0000270817099994,228,208,0.9122807017543859,0.3276703601797625,ok,1319.5726748226243,-366.3776467638968,-1.2279218297801757
827,2.0539265845816317,-5.619675784817787,-0.5656665880711618,0.9998305824719226,215,165,0.7674418604651163,0.42802115812824176,ok,1317.5838392083915,-360.73460651586754,-0.6622552417090156
828,-5.531450913127173,12.515449005700134,-0.12646641576185763,0.9997977114827064,158,101,0.6392405063291139,0.7098440143185937,ok,1322.9980145193867,-373.3012336974316,-0.5357888259471585
829,-1.6525161592194308,6.2176999094454,0.04327521361256758,0.999889474948611,168,131,0.7797619047619048,0.4914851998910896,ok,1324.5876077080618,-379.5353170554656,-0.5790640395597259
830,-0.12504867766119787,1.5355436333951502,0.09828499516927354,0.9999856556668516,182,163,0.8956043956043956,0.4144114071274013,ok,1324.6944949182678,-381.0722316744798,-0.677349034728999
831,-0.3657638233769376,3.4960127265477468,0.5082454234569642,0.9998710515204803,195,162,0.8307692307692308,0.3729081808191931,ok,1324.9878442630086,-384.5750640028414,-1.1855944581859614
832,-0.35302355200997226,1.9618786576911589,0.1971414408790962,0.9999175897797956,201,168,0.835820895522388,0.43590324845122164,ok,1325.2934230178314,-386.5448901678566,-1.3827358990650571
833,-0.5048151978242004,1.661219315369749,0.09440544682117752,0.999898847318863,205,183,0.8926829268292683,0.33377820105825945,ok,1325.7552473421952,-388.21857063053096,-1.4771413458862341
834,-0.5783614620684148,1.4500972322175585,0.052716785892879287,0.999983233570094,246,216,0.8780487804878049,0.3092861981480438,ok,1326.294688111324,-389.6835920024887,-1.5298581317791136
835,-0.35210737404463543,0.7142333183886649,0.00881776513750804,0.9999193885225176,226,214,0.9469026548672567,0.29151319384218966,ok,1326.6274901228664,-390.4070224808805,-1.5386758969166217
836,1.6061742248321025,0.5526157422694951,-0.05342836397565877,1.0003865692334986,195,156,0.8,0.45683060777634266,ok,1325.0075319664234,-390.9178212382127,-1.485247532940963
837,-1.1083032485237254,13.16353696782528,-0.1550201496573966,0.9995626001916197,199,175,0.8793969849246231,0.4912067104805896,ok,1325.8099481511442,-404.1035396433846,-1.3302273832835667
838,-3.3601538029388394,1.7629629407639413,-0.04200564494584995,0.9999094347348846,203,167,0.8226600985221675,0.4778988015548589,ok,1329.1296180725642,-405.94159936024084,-1.2882217383377168
839,-5.060416267588607,1.96972773280811,-0.10573058488811982,1.0001266115762855,190,153,0.8052631578947368,0.4507270989623118,ok,1334.1483075842175,-408.0153389119429,-1.182491153449597
840,-1.099115625525883,1.078579646363778,-0.07539030244516923,1.0000092562561733,232,203,0.875,0.3520384015510198,ok,1335.2263784149002,-409.11495361530785,-1.107100851004428
841,-0.2331416050824373,1.2894592728520138,0.003399125586419481,0.9998841739941513,221,201,0.9095022624434389,0.31940675568837146,ok,1335.4344856493008,-410.4086891382626,-1.1104999765908474
842,0.17163786365381384,1.0470677027822148,0.06510357104775769,0.9999383798484704,235,220,0.9361702127659575,0.299523335150599,ok,1335.2414015261745,-411.45201499907785,-1.1756035476386049
843,0.09883300781166326,1.1283099773747836,0.1299236568578027,0.9998662342784792,230,201,0.8739130434782608,0.3350659875717008,ok,1335.116887011415,-412.5777802961495,-1.3055272044964075
844,1.9276472710266717,-1.220519937471522,0.19582213565707712,1.0000568838869683,204,176,0.8627450980392157,0.31166178174095566,ok,1333.2218797070718,-411.3071740488216,-1.5013493401534839
845,-5.566272248369842,9.704256620208753,0.24527552996533433,1.0000209516170113,202,155,0.7673267326732673,0.4436022231866901,ok,1338.489783613576,-421.17657989343445,-1.7466248701188176
846,2.3528800023836993,5.100279004882395,0.09411427708501466,0.9997678809253847,219,179,0.817351598173516,0.35331348964432113,ok,1335.9742894915973,-426.19864914380855,-1.840739147203832
847,1.5853829664627028,2.4550697022401664,-0.009959095371981868,0.9999713526818513,189,168,0.8888888888888888,0.4378777196420499,ok,1334.3112819598502,-428.60181629208614,-1.8307800518318502
848,-2.2993307209158047,2.2098041107628887,-0.0989110238092088,1.0001314345909746,207,166,0.8019323671497585,0.3934013326783336,ok,1336.542777183966,-430.8801018397821,-1.7318690280226416
849,-3.7140992377483144,1.7954936490523323,-0.17506243395601367,1.0001789871851055,220,191,0.8681818181818182,0.3404977251843536,ok,1340.2067253991993,-432.7758375987212,-1.5568065940666282
850,-1.5084356645165826,1.6237322888337076,-0.22309586823624783,1.0000142437393718,217,180,0.8294930875576036,0.39958647332150626,ok,1341.6769591622283,-434.4342396554722,-1.333710725830381
851,-0.49148575622302815,1.2658036657594494,-0.1769684645043886,0.9999929384033628,229,197,0.8602620087336245,0.3008243565517848,ok,1342.142791233574,-435.70970727565157,-1.1567422613259928
852,-0.20749051446932754,0.5108877495345041,-0.058773192813271265,0.9999875338325155,264,233,0.8825757575757576,0.2739905881900054,ok,1342.340454018797,-436.2244771558477,-1.0979690685127217
853,1.1318876238160556,-3.496369195202192,-0.057601836982902714,0.999940737021294,229,201,0.8777292576419214,0.39340306232541705,ok,1341.272235986969,-432.70813283559346,-1.040367231529819
854,-0.6869517622803869,12.928387493356468,0.17122687007610446,0.9996741904679206,192,154,0.8020833333333334,0.5103797968682824,ok,1341.6856668971225,-445.6481552770193,-1.211594101605923
855,-6.616939966733753,3.892530032175273,0.24719460207475233,1.0002769926650812,237,190,0.8016877637130801,0.5122912419585135,ok,1348.2013665791671,-449.70787721677743,-1.4587887036806748
856,-2.7481365180588,2.40683507893516,0.3146066588048262,1.0000796320895238,206,186,0.9029126213592233,0.5203939021587759,ok,1350.8737033699035,-452.1986051216189,-1.7733953624855003
857,-0.562672110672338,2.29412519968389,0.24294023496477124,1.0000113259241084,214,193,0.9018691588785047,0.3788307982163296,ok,1351.3553096032992,-454.511107180409,-2.0163355974502712
858,0.1447160901307143,0.8591053612946098,0.07949188118937883,1.0000218179985316,252,228,0.9047619047619048,0.22355328090151397,ok,1351.1792720347457,-455.36434544901044,-2.09582747863965
859,0.5944084958171061,2.1626744047363218,-0.01666927775293896,1.0000307348932362,227,187,0.8237885462555066,0.47276280514556884,ok,1350.5067926196555,-457.50403081772276,-2.079158200886711
860,0.249579998524041,0.6427411082870549,-0.07833608423721904,1.0000431854827503,228,198,0.868421052631579,0.3459844979172082,ok,1350.2349242254975,-458.1376662682803,-2.0008221166494926
861,0.24668581609967077,-0.09648363005919691,-0.44234911161017504,1.0000079418494348,216,167,0.7731481481481481,0.3530568211695882,ok,1349.9909537389942,-458.0345091820018,-1.5584730050393187
862,-3.4719727857891485,6.490974717909012,-0.08479796342043346,1.0000966681567174,222,175,0.7882882882882883,0.3851156437664805,ok,1353.2948455694138,-464.6126279546205,-1.4736750416188857
863,-2.273159979095226,7.594327417770273,-0.16648376358039046,1.000144658882535,213,173,0.812206572769953,0.3448129441691307,ok,1355.3941659995942,-472.2568361510449,-1.307191278038496
864,-0.43823139302094205,2.694062204644638,-0.09480190386957793,1.0001203215187517,215,176,0.8186046511627907,0.4676152322236581,ok,1355.775296682122,-474.9595676062879,-1.2123893741689182
865,-0.18574604607238143,1.8967667540365483,0.032279258048755526,1.0000625572293174,187,154,0.8235294117647058,0.38540515006096643,ok,1355.9197976054013,-476.8599215722693,-1.2446686322176737
866,-0.07521487455551323,0.6371543404208069,0.059572936268106495,0.9999836848468351,230,210,0.9130434782608695,0.2285116067342187,ok,1355.9804905048268,-477.49862283485663,-1.30424156848578
867,-0.27138256840862596,0.9592463708389687,0.1747214517675192,0.9999918210684587,195,172,0.882051282051282,0.35378900256826834,ok,1356.227024606849,-478.46455400991204,-1.4789630202532986
868,-0.5288204835378565,1.0079765223714503,0.22037099590483056,0.9999146882370288,222,192,0.8648648648648649,0.4381481969370012,ok,1356.7257213513465,-479.48776920257137,-1.6993340161581283
869,-0.7199688345845061,1.1608286035285573,0.23259862842078857,0.9998743125562711,205,183,0.8926829268292683,0.4207136224627101,ok,1357.4061468608538,-480.6722097015221,-1.931932644578916
870,-0.3336353207441789,0.4988054122036374,0.08102943768969643,1.0000296871051333,221,193,0.8733031674208145,0.3161582783809783,ok,1357.722055463372,-481.18242644110126,-2.0129620822686123
871,2.9072102565883142,7.961119771774406,0.03008587537977065,0.9994697447941288,120,71,0.5916666666666667,0.7474372647200017,ok,1354.5328764832234,-489.03484243422906,-2.0430479576483824
872,-5.752525061220922,5.565172132733551,-0.0992514986342276,0.9994420551745565,128,89,0.6953125,0.6076374085601148,ok,1360.093325571641,-494.7919329652219,-1.9437964590141548
873,-4.508620136976333,2.537217653422431,-0.20767482257106368,1.0001520936527797,173,128,0.7398843930635838,0.47816687441571265,ok,1364.5230074991612,-497.46458089964744,-1.7361216364430918
874,-0.6608236248175672,1.2001240356911467,-0.13948231451892537,1.000089248679118,172,126,0.7325581395348837,0.4507483636024065,ok,1365.1501354959246,-498.6826515215063,-1.5966393219241668
875,-0.6433224953666468,1.6301613867865399,-0.33630305913744385,0.9998186539085668,183,141,0.7704918032786885,0.3584911892194202,ok,1365.7574465589782,-500.32656856707376,-1.260336262786724
876,-0.0771994728743266,2.060505893110985,-0.22966039171570476,0.999884119535687,187,138,0.7379679144385026,0.3276899435559681,ok,1365.7975697440515,-502.3881297289548,-1.03067587107102
877,0.005503142900124658,0.002899513813304111,-0.0003713204745677609,1.0000040465344842,236,219,0.9279661016949152,0.06638725883475902,ok,1365.7920153540283,-502.3909298206677,-1.0303045505964523
878,-0.020955348285951914,1.6323637454479467,0.14127143911647583,0.9999552229681297,151,125,0.8278145695364238,0.5109573511432395,ok,1365.7795903047252,-504.02338078232754,-1.1715759897129274
879,-4.522615758334268,5.023012229020651,0.34078716629855504,1.0000347053885277,167,133,0.7964071856287425,0.7030323919022383,ok,1370.1680600133745,-509.16400708334254,-1.5123631560114816
880,1.294282969031201,5.4035496550205835,0.2757018498259833,1.0001503683201145,160,119,0.74375,0.7746956361298923,ok,1368.7058026924049,-514.5245407140054,-1.7880650058374643
881,3.206874787785182,1.9665406256235656,0.16639508163191297,0.9999719626535553,166,134,0.8072289156626506,0.858874885458337,ok,1365.433724343239,-516.3805663640651,-1.9544600874693767
882,0.31180556835101925,0.3041139655590541,0.05568622591325659,1.0000098117852803,215,181,0.8418604651162791,0.3961107548704499,ok,1365.1114434044669,-516.6735561471754,-2.0101463133826334
883,-5.2710289261506205,1.6140671171275471,0.07094396957689755,1.0002924092278407,183,137,0.7486338797814208,0.47193782010477275,ok,1370.3203826763029,-518.4779702518741,-2.0810902829595306
884,-2.663636058277689,1.2657111470158497,-0.11898774532991198,1.000057438186665,195,148,0.7589743589743589,0.37313070564604395,ok,1372.9391210277884,-519.8341380899743,-1.9621025376296186
885,-0.47160084916095,0.684682525602625,-0.08445871917758818,0.9999823684365992,209,187,0.8947368421052632,0.39893199854635386,ok,1373.3880349025803,-520.5339050903498,-1.8776438184520305
886,-0.46507468113350114,1.634330046562809,-0.23767379853898077,0.9999266203947058,189,148,0.783068783068783,0.27887135095848425,ok,1373.8061462462201,-522.1808756621724,-1.639970019913051
887,0.28568401804932364,-2.1102302849990338,-0.13666802155581095,0.9998805169683864,201,170,0.845771144278607,0.36571580995611974,ok,1373.5759215178668,-520.0638768930772,-1.5033019983572407
888,-5.164923817577346,9.404176168440927,-0.05471744290807961,0.9999645465756039,137,90,0.656934306569343,0.7903697645230376,ok,1378.501458279101,-529.5956162444327,-1.448584555449161
889,4.684297900265847,6.075046887230087,-0.014828490673917566,0.9998022558854935,143,90,0.6293706293706294,0.7502120083340063,ok,1373.6666222551587,-535.5515546358254,-1.4337560647752434
890,0.6804319124723861,1.1707415042046705,0.04669142719474409,0.999955470718106,169,146,0.863905325443787,0.4179405859233773,ok,1372.9561704181724,-536.7043258379731,-1.4804474919699875
891,-2.0952326545079814,2.226367006651685,0.14192525841285003,0.9999620589304336,174,135,0.7758620689655172,0.6472566612943056,ok,1374.987530350225,-538.9891205226822,-1.622372750382837
892,-3.360603122740258,1.9848715629209437,0.19520946976292938,1.000266353963593,182,145,0.7967032967032966,0.508730558743033,ok,1378.2834875555652,-541.0795832873425,-1.8175822201457659
893,-1.7188764730267394,2.8910816585998873,0.2733756305149138,0.9998177984470602,158,124,0.7848101265822784,0.570485610095246,ok,1379.8957355368248,-544.0314548856921,-2.0909578506606787
894,-0.1894992298109628,0.9012453766439421,0.05788891861890177,0.9999615025052551,167,149,0.8922155688622755,0.45748128055285747,ok,1380.051308719055,-544.9391718966552,-2.14884676927958
895,-0.4568660729387375,1.7985947567482299,0.021692939241359663,0.9998868312475828,148,104,0.7027027027027027,0.9536216621128286,ok,1380.439727015967,-546.7537795496281,-2.17053970852094
896,4.440118225522838,5.511673226926291,-0.12297372102554953,0.9997284521719016,170,116,0.6823529411764706,0.5633706246954696,ok,1375.8055162977105,-552.1032919232779,-2.047565987495391
897,-3.590624832353569,6.248119672845974,-0.1742557747487043,1.0000689652078156,161,105,0.6521739130434783,0.5753825554859906,ok,1379.1899735559305,-558.4654484130383,-1.8733102127466867
898,-5.855889631779974,2.187398199765653,-0.2333739209091003,1.0001368029178803,140,95,0.6785714285714286,0.7104692404187993,ok,1384.9808648828418,-560.8195367511925,-1.6399362918375873
899,-2.7175264657780644,1.063507151004842,-0.2990900442738596,1.0000638970065154,147,115,0.782312925170068,0.3934959865389998,ok,1387.672761123439,-561.9463429378551,-1.340846247563729
900,-0.40929141491778864,1.6995187315508247,-0.1984811632040597,0.9999958504714054,144,105,0.7291666666666666,0.3971504397349644,ok,1388.0480883754014,-563.653683804569,-1.14236508435967
901,0.029516146284549905,0.6635152266570685,0.016948003545152638,1.0000131070358644,168,141,0.8392857142857143,0.3372520824454238,ok,1388.005153732451,-564.3164660277254,-1.1593130879048226
902,0.13733211772887444,1.4420267961628497,0.16707270825230808,0.999952666159256,151,123,0.8145695364238411,0.5425082446970171,ok,1387.834478762837,-565.7549275135354,-1.32638579615713
903,0.1650453700572143,0.9009564364187099,0.1364366585471427,0.9999024776469237,146,118,0.8082191780821918,0.48195317925916636,ok,1387.6464872997192,-566.6513770014021,-1.462822454704272
904,2.1002677458454855,-4.578126779178433,0.5228934598088285,1.0001030157351953,154,100,0.6493506493506493,0.3488773519013859,ok,1385.70611443585,-562.00322440498,-1.9857159145130983
905,-6.52597342578315,11.826760843858551,0.34690675396327075,1.0003473736873223,103,62,0.6019417475728155,1.0559296486923533,ok,1391.7453228819634,-574.085797084515,-2.3326226684763673
906,-1.313770312651286,3.5135131357992577,0.10780775327670215,0.9999060570674182,132,117,0.8863636363636364,0.5678649658599428,ok,1392.9082939098098,-577.6520647943521,-2.440430421753069
907,-0.9819173174043954,3.948876335559703,0.07658776379869343,1.0002707270450866,134,100,0.746268656716418,0.8257546194422831,ok,1393.7158445433986,-581.6402533438006,-2.517018185551762
908,-0.0799068970695771,3.0829948540084615,-0.2846508304575877,0.9998428422316628,143,109,0.7622377622377622,0.5213738071999819,ok,1393.675601045698,-584.7240209814372,-2.232367355094176
909,-0.0004165918953731307,0.854006291010819,-0.14179098248307787,1.000122349230639,171,137,0.8011695906432749,0.47665721600713085,ok,1393.6448637698938,-585.5774740489875,-2.090576372611099
910,-0.12624005959196438,1.7042100769647277,-0.3614190553801678,0.9997958041508084,146,109,0.7465753424657534,0.6423469705464852,ok,1393.719621962724,-587.2847173683998,-1.729157317230933
911,-0.07469518093193983,1.5455647016632383,-0.28106438359739916,1.0000143846756402,144,104,0.7222222222222222,0.42396193014399497,ok,1393.755234860656,-588.8316761068875,-1.4480929336335353
912,-0.2450407701455788,0.9947396734030463,-0.11241274309749232,0.9999646945606466,102,71,0.696078431372549,1.4204634615042553,ok,1393.9770217621635,-589.831857374056,-1.3356801905360436
913,-3.31420094610462,1.088781014155984,0.03776854795702911,1.0001997364947584,87,59,0.6781609195402298,1.1532407903887665,ok,1397.264173662376,-590.999763360375,-1.3734487384930727
914,0.012808588425741618,5.69109268950649,0.06647710406228974,1.0000557737478204,154,97,0.6298701298701299,0.5273677652819257,ok,1397.1083587797664,-596.6887370624455,-1.439925842555362
915,4.254796837937647,8.14100075271051,0.3918522171922013,0.9995039221688967,129,75,0.5813953488372093,0.7184246260180317,ok,1392.5955082024527,-604.689572584727,-1.8317780597475617
916,-1.025856657082386,2.4380447784322996,0.3343253605324563,0.999873705314693,134,104,0.7761194029850746,1.036211509878719,ok,1393.5284819555613,-607.1646491893054,-2.1661034202800162
917,-3.461224284177206,1.8585174961509665,0.31742945998135724,1.0000696686826247,164,114,0.6951219512195121,0.5788994051860453,ok,1396.9059214182455,-609.1714036597829,-2.4835328802613716
918,-1.4974673524261561,0.9750932333620312,0.10939082576089426,1.0000139588975667,166,145,0.8734939759036144,0.5231686676956345,ok,1398.3577427728742,-610.2132433977346,-2.5929237060222654
919,-1.6710713919455884,2.1234964387796254,0.04507965605979579,0.9999376653837895,143,106,0.7412587412587412,0.6340904070387672,ok,1399.9293081128526,-612.4114015141282,-2.638003362082061
920,-0.5945478170544902,1.2177116927219913,-0.20518475561445398,0.9997411285132626,133,97,0.7293233082706767,0.5149831132149162,ok,1400.4716307027688,-613.6532529874625,-2.432818606467608
921,2.0356002862802143,-6.53263787549281,-0.33408309767306305,1.0001704392210091,135,105,0.7777777777777778,0.8185922944877768,ok,1398.676631896475,-607.0504501414562,-2.098735508794547
922,-4.014460361251167,7.257732746325473,-0.15000831407039364,1.0004303472373535,130,86,0.6615384615384615,0.6364202849750102,ok,1402.441970244074,-614.4404977554601,-1.9487271947241538
923,-2.894988792115555,10.846908524456921,-0.38734389885878123,1.0000213606069215,144,99,0.6875,0.7285251043721929,ok,1405.0403285965956,-625.362261281388,-1.5613832958653746
924,-0.4992502430732202,3.5673870291101366,-0.21369018275192794,1.0001022540314093,145,100,0.6896551724137931,0.4177822275432025,ok,1405.4555375296754,-628.9404036154159,-1.3476931131134475
925,-0.1949503634446046,2.2174338693446316,0.009381623863705448,1.000107221898652,156,124,0.7948717948717948,0.5123199725316419,ok,1405.5979172649886,-631.1618325744637,-1.357074736977153
926,-0.32894991235707494,2.0113011015970415,0.2090991125375808,1.0000688256148602,137,117,0.8540145985401459,0.4921465022018461,ok,1405.871772441282,-633.1813729945945,-1.5661738495147328
927,-0.3369381850006903,1.4727770812411336,0.340411193192857,1.000089719339448,133,90,0.6766917293233082,0.5229540159380062,ok,1406.159524736159,-634.6645446934662,-1.9065850427075883
928,-0.38674071491846007,1.3643468099654683,0.2305070290626574,0.9998585136954178,159,124,0.779874213836478,0.5894755544026365,ok,1406.4951190857014,-636.042364359095,-2.1370920717702444
929,-0.3719736907182778,1.054737699823363,0.11525370242265504,1.000084028256302,145,113,0.7793103448275862,0.5008216103375418,ok,1406.8253534430112,-637.1109060341211,-2.2523457741928987
930,3.3481995883762465,-0.07499002117367581,0.006484088219272847,0.9999695090489066,101,71,0.7029702970297029,0.6847334398676811,ok,1403.4827111348363,-636.9040089909372,-2.258829862412172
931,-3.4972881568669436,9.254231387823097,0.04324304211629742,0.9999169295017288,114,73,0.6403508771929824,0.5563292749821219,ok,1406.6054533461197,-646.2912505513426,-2.3020729045284694
932,-6.0283411341924875,4.777707748471471,-0.01211713569447228,1.000408756144057,130,85,0.6538461538461539,0.6348328572574639,ok,1412.4380792455365,-651.3060150799573,-2.289955768833997
933,-2.209724713272408,2.4933375491283414,-0.10313964701602556,1.0003879939184541,134,91,0.6791044776119403,0.572148852575781,ok,1414.5510542032653,-653.8818551895824,-2.1868161218179716
934,-0.22617324361317515,1.3066017874477893,-0.0742069629163477,0.9999515117619714,150,136,0.9066666666666666,0.330527174928969,ok,1414.7289076315144,-655.1959064538597,-2.1126091589016247
935,0.5592024582856538,3.074049452545637,-0.3446784291148082,0.9998496948462234,155,116,0.7483870967741936,0.3857042291553814,ok,1414.0751328909514,-658.2512404805499,-1.7679307297868183
936,0.4689886754674717,1.5030039908081108,-0.09344085731399686,1.0002344274841466,146,117,0.8013698630136986,0.5356070105885473,ok,1413.562424905613,-659.7398982302936,-1.674489872472822
937,0.07821202150898898,0.7139566468616749,-0.0005547374022604124,0.9999954053928236,161,138,0.8571428571428571,0.24668148005645366,ok,1413.4633904994964,-660.4512655055543,-1.6739351350705618
938,-0.10827659258302447,1.2287395748394374,0.10183381561688136,0.999762720561172,152,126,0.8289473684210527,0.5370106216555023,ok,1413.5335388452584,-661.6827702651331,-1.7757689506874426
939,-3.5229600025377295,6.958363187050736,0.27211935536269793,1.0002492163885557,146,124,0.8493150684931506,0.6703746616271689,ok,1416.8055931590793,-668.7625814200853,-2.047888306050139
940,-3.143239114325752,8.935921076593331,0.5098669018507703,1.0001192310049016,127,103,0.8110236220472441,0.6071241591958133,ok,1419.546922601077,-677.8298715614325,-2.5577552079009065
941,-0.1626864658210252,1.1922750256587733,0.1506664864917597,1.000055706579947,118,100,0.847457627118644,0.42148233511142114,ok,1419.6530884387187,-679.0285022125877,-2.7084216943926656
942,0.043038521940161445,1.1404192461428693,0.20200372709664804,0.9998210511490727,128,100,0.78125,0.7319828078934111,ok,1419.552201026459,-680.1652652052081,-2.9104254214893133
943,0.03623710110855427,0.813398496659488,0.004000248780045426,1.0000917697942233,137,111,0.8102189781021898,0.28336514677711305,ok,1419.4746540432784,-680.9757691887052,-2.9144256702693583
944,-0.054182821423637506,0.7907680414606375,-0.18004284813714105,1.0002869991822736,124,105,0.8467741935483871,0.5161096270590109,ok,1419.491050896632,-681.7682217215,-2.7343828221322184
945,-0.1395783276811926,1.003141693146972,-0.33647834060597465,1.000093987673517,113,87,0.7699115044247787,0.33092609319288435,ok,1419.5885364463454,-682.7763248579325,-2.3979044815262456
946,-0.14529325547209737,0.3467844318391826,-0.17541938830809597,0.9997782738118554,121,111,0.9173553719008265,0.5456145744437404,ok,1419.7202721236108,-683.1284828957324,-2.22248509321815
947,1.619677959603905,-1.3926566973750596,-0.2841686800953157,1.0002052850484244,136,104,0.7647058823529411,0.5482282397052456,ok,1418.1486255059108,-681.6818397888667,-1.9383164131228356
948,-6.803923005370734,11.660242090807628,-0.025641460122735563,1.0002539436838145,118,80,0.6779661016949152,0.6774179507423225,ok,1424.5595822988278,-693.5626750658411,-1.9126749530001
949,-2.0095787897885202,5.642681094225281,0.027152503028744297,0.9999187384779243,130,93,0.7153846153846154,0.4178840937534214,ok,1426.3770052164145,-699.2701465534725,-1.9398274560288442
950,-0.48279810628628184,2.112730456759209,0.11081692751158696,0.9999628608895501,148,121,0.8175675675675675,0.36138106934537967,ok,1426.7838946041165,-701.3987998884539,-2.050644383540431
951,-0.40697189371303466,1.8362758366544085,0.17266385228710454,1.0000963674761065,157,126,0.802547770700637,0.5235693294891739,ok,1427.1193230796296,-703.2494816029496,-2.2233082358275342
952,-0.24037804964382303,1.2822564749156982,0.14902497568056625,0.9999548231672561,138,119,0.8623188405797102,0.543501600996985,ok,1427.3064184160808,-704.540589115627,-2.3723332115081
953,-0.12571531446428708,0.5590031045181831,0.049075874402504216,1.0000211086345263,163,137,0.8404907975460123,0.3354485390820311,ok,1427.4084041688498,-705.1044044376818,-2.4214090859106046
954,-0.3135366227418217,0.873582401358135,0.06553798443714834,0.9998861450484825,152,137,0.9013157894736842,0.32184792383733074,ok,1427.6837391807337,-705.9907689546803,-2.4869470703477528
955,-0.4068283857845927,0.6712550585841655,0.018021580141082388,0.9998662447588883,129,101,0.7829457364341085,0.36462567283729347,ok,1428.0608409259426,-706.6791634367291,-2.5049686504888347
956,-2.587084770741967,2.5221396860730465,0.047288566288321156,1.0001528046976997,99,61,0.6161616161616161,2.4689464541960633,ok,1430.5330470704732,-709.3140055545824,-2.5522572167771562
957,-3.3629363648440176,6.550221143036765,-0.06269922021361418,1.0000331882815219,107,61,0.5700934579439252,0.6344291888274708,ok,1433.6082853385485,-716.0041212195948,-2.489557996563542
958,-0.8588944181019542,2.2492938471903017,-0.250768557495886,0.9999108600543932,102,58,0.5686274509803921,0.4907163727744325,ok,1434.3786570613456,-718.2852502911663,-2.238789439067657
959,-0.1662758176657917,1.0187836855061505,-0.3548351296494302,0.9999774137389086,141,90,0.6382978723404256,0.4930315241166988,ok,1434.5113502007243,-719.3089496494526,-1.8839543094182283
960,0.0933379296923249,1.2420964076179644,-0.20966674368422655,1.0000450028709071,140,98,0.7,0.5714450878430934,ok,1434.381760954118,-720.5477886551756,-1.6742875657340028
961,-0.08640592348433529,1.2204529839309544,0.00786535002306616,1.0001069238003844,152,127,0.8355263157894737,0.5894551256162215,ok,1434.4323033788519,-721.7702521241188,-1.6821529157570692
962,-0.3258204033390939,1.675908091504084,0.1936493013483309,0.9998431991893693,155,129,0.832258064516129,0.8098248218564842,ok,1434.7030915565524,-723.4559272497639,-1.8758022171053992
963,0.13952820424174206,1.7258542560728074,0.35961959126810134,0.9999467182449514,135,101,0.7481481481481481,0.6258400732452088,ok,1434.4963515997065,-725.175025741191,-2.235421808373499
964,1.7379948202369633,-1.360870078258472,0.3922937456364607,1.000077429711878,118,68,0.576271186440678,0.6857307165995156,ok,1432.8225750031752,-723.7359061249073,-2.627715554009958
965,0.6618272120631445,6.979934599354351,0.2461143894928042,1.00139774394903,129,85,0.6589147286821705,1.1713935749263822,ok,1431.8116287820683,-730.6738806137565,-2.873829943502761
966,-6.347222441399481,4.070670475824045,0.23665344966041227,0.9998565803638191,121,78,0.6446280991735537,0.7200144828522448,ok,1437.928619490766,-735.0829639099824,-3.110483393163172
967,-5.312451308181608,1.7734384059374406,0.0423929463160105,1.0002838102788374,123,78,0.6341463414634146,0.5248079840590847,ok,1443.135489886913,-737.1459043742664,-3.152876339479182
968,-1.253762714997265,1.6874136321667947,-0.214473656318875,1.0000796884702061,132,87,0.6590909090909091,0.3467470966998543,ok,1444.3011034396338,-738.895370223391,-2.9384026831603083
969,0.06183474646650211,1.6942443359229173,-0.32479140081629587,0.9999789814696719,116,82,0.7068965517241379,0.3404389126333046,ok,1444.162074959084,-740.5850324639803,-2.613611282344014
970,0.43338200825564854,0.6052133935191932,-0.15090484178481237,1.000210777604612,144,113,0.7847222222222222,0.7371510001948494,ok,1443.7030877455484,-741.1710648475444,-2.462706440559202
971,0.823115749718454,2.625628919166843,-0.399655082498421,0.9997994128565763,129,96,0.7441860465116279,0.36359646544584007,ok,1442.785984830868,-743.7653603207864,-2.063051358060782
972,0.4029483094329862,1.796884433521086,-0.09979717887499918,1.000100839994162,133,113,0.849624060150376,0.7936359624051453,ok,1442.321714404896,-745.5473855672609,-1.9632541791857834
973,1.299548393048326,1.244005747572146,-0.012249524976970488,1.0001713938770254,132,112,0.8484848484848485,0.447657187779809,ok,1440.980567333252,-746.7464272087764,-1.9510046542088133
974,-6.506942753853764,11.795684455830838,0.20785037664742875,1.0000872690384406,128,85,0.6640625,0.6751363740907143,ok,1447.0385456754489,-758.7788573119989,-2.158855030856241
975,-1.34976169226411,4.33385686877773,0.2594857657361393,0.9998642101746273,110,88,0.8,0.5064578050337455,ok,1448.2042360726377,-763.1658081759655,-2.4183407965923798
976,0.6265138801240937,1.5690183488210323,0.3289122867120306,0.999995624217313,127,88,0.6929133858267716,0.42943334593475657,ok,1447.5032388264817,-764.7029942680853,-2.747253083304409
977,0.027387219267438923,0.6730515239091801,0.06491757471041104,0.9999158912409305,135,118,0.8740740740740741,0.31728795972804535,ok,1447.4428633797238,-765.3738915918573,-2.81217065801482
978,0.12082332636032334,0.741354328612374,0.08050862076983464,1.000174679363502,129,121,0.937984496124031,0.3913540895292028,ok,1447.2847813120648,-766.1082039073128,-2.8926792787846543
979,-0.013233227029559202,0.9490068206812339,0.003174805611981334,1.0000506612254423,149,120,0.8053691275167785,0.41656263217587464,ok,1447.2500531774583,-767.056667412496,-2.895854084396636
980,-0.20040611001604702,0.9213540410956966,-0.06523561079573839,1.0001693286101414,136,124,0.9117647058823529,0.5515851400582714,ok,1447.4047150660701,-767.9867940588115,-2.830618473600898
981,0.4259693066278487,-2.268364989920883,-0.15803940897275567,0.9998985220102953,143,125,0.8741258741258742,0.3895040563721626,ok,1447.084979293831,-765.7010340946772,-2.6725790646281427
982,-5.679955152475941,10.167913333814795,-0.23696628055285915,1.0008807768663603,75,44,0.5866666666666667,1.0447940658415462,ok,1452.3277008619043,-776.1011409526747,-2.435612784075284
983,-1.068086294855675,5.824698600110082,-0.2920930447487097,1.0000005670348118,104,70,0.6730769230769231,0.5338077919050617,ok,1453.1771800376982,-781.9617132152847,-2.143519739326575
984,0.5229232248402695,2.733502185390762,-0.14870997731497718,1.0002134519687438,130,86,0.6615384615384615,0.6713763715383814,ok,1452.5594233306156,-784.6753564393414,-1.994809762011598
985,0.3583794337605468,2.3084388054245437,0.03432339965475283,1.0005042421270791,135,102,0.7555555555555555,0.5104557355358501,ok,1452.1195322198625,-786.9696583696924,-2.0291331616663513
986,-0.019555866218524898,0.7943703332903169,0.06965316595954388,1.0000533048271938,139,114,0.8201438848920863,0.4654737842150678,ok,1452.109983107834,-787.7642120008428,-2.098786327625895
987,0.023438835207798547,2.4026723973230446,0.494936699210064,1.00001404385505,124,94,0.7580645161290323,0.4749350874803333,ok,1451.977838837183,-790.1633622503247,-2.5937230268359577
988,-0.5895067958442723,1.3269190488776985,0.1938426691499617,0.9999073108176862,121,96,0.7933884297520661,0.6847855311468183,ok,1452.5021160136062,-791.5173806648609,-2.7875656959859185
989,-0.3052922077963558,0.4040798875200835,0.05077019773836645,0.9999942445162234,129,117,0.9069767441860465,0.361209912007848,ok,1452.7870244506785,-791.936082312964,-2.838335893724285
990,1.4999114133104285,-1.7498198952542907,0.0583810964528671,1.0002613992310754,96,71,0.7395833333333334,0.730805308471775,ok,1451.3774579403002,-790.112699147958,-2.896716990177152
991,-8.323427636634733,12.89918908066079,0.07311108348174566,1.000112499883391,97,68,0.7010309278350515,0.6509713472537315,ok,1459.021398945302,-803.4258014337887,-2.969828073658897
992,-0.5592387317501561,1.4550612511601457,-0.025762734135406,1.0003785543626533,124,101,0.8145161290322581,0.7775133853004825,ok,1459.5051661288276,-804.9076652992843,-2.9440653395234913
993,-0.054200178650035014,0.7516620154250404,-0.044512438853857625,1.000009676881365,123,98,0.7967479674796748,0.5800084756275464,ok,1459.5212739844756,-805.6611067248676,-2.8995529006696334
994,0.3549254054355515,1.8225931630537389,-0.16789519672714098,1.0003343088936976,125,86,0.688,1.1175989508484536,ok,1459.0798900792267,-807.4647137024604,-2.731657703942493
995,0.18833532303938227,1.4020916103985428,-0.10486351368731421,1.0001447105825345,113,94,0.831858407079646,0.550827438442798,ok,1458.8274945833189,-808.8567006246329,-2.626794190255179
996,0.012578474286783603,1.3874665530613584,-0.05467453955571787,1.0000556003455656,110,81,0.7363636363636363,0.5718655279076535,ok,1458.7526636117834,-810.2422048576033,-2.5721196506994617
997,-0.10574479695264927,0.665571728946702,-0.0032856594116334754,1.0002083018325207,119,100,0.8403361344537815,0.439826367792858,ok,1458.8284714921951,-810.911847190288,-2.5688339912878284
998,-0.15869316125417754,1.4109546862166553,0.04153464292463771,1.0000416090687196,111,79,0.7117117117117117,0.5853263079379051,ok,1458.9227397918314,-812.3285652757479,-2.610368634212466
999,-3.4681873045997236,11.976201651642896,0.2594832831150854,1.0001676171864409,80,40,0.5,0.8869363748333404,ok,1461.786959873199,-824.4633900584173,-2.869851917327551
1000,-1.8937732426877574,4.082858657764518,0.222363642937397,0.9999507077596743,83,57,0.6867469879518072,0.790471345634214,ok,1463.4577335525466,-828.6424601973839,-3.0922155602649473
1001,-0.5275317025998447,1.488425536987961,0.16861757249790732,0.9998802636975175,103,83,0.8058252427184466,0.7039544727164072,ok,1463.899747185319,-830.1584826988161,-3.260833132762854
1002,-0.24897268326503763,0.5937881259004598,0.05361886725336897,0.9998018980872905,112,99,0.8839285714285714,0.43406015667271625,ok,1464.113973042927,-830.7656721399336,-3.3144520000162228
1003,-0.3645126326582613,0.8755603879894807,-0.009188262913795394,1.0001870922771794,108,82,0.7592592592592593,0.5125462614701508,ok,1464.427398232057,-831.6607923012542,-3.305263737102427
1004,-0.27984620580946284,0.5227242994056951,-0.09237468285822957,1.0002270575176235,101,82,0.8118811881188119,1.0140751236181562,ok,1464.6775079072327,-832.1983792639667,-3.212889054244198
1005,-0.061211265789097524,0.221207487679294,-0.07795619988327208,1.000259911451214,97,85,0.8762886597938144,0.6768920387143633,ok,1464.7265302636768,-832.4226032150368,-3.134932854360926
1006,-0.13341844815431614,0.38129110400416266,-0.07447188729516967,0.9998290412303525,101,85,0.8415841584158416,0.8932531886322023,ok,1464.8394013973007,-832.8104736772987,-3.0604609670657568
1007,-2.515728190079699,3.4283035961844917,-0.1543362776786846,1.000467886300851,101,63,0.6237623762376238,0.5782857009094694,ok,1467.1780802582537,-836.3619149423774,-2.9061246893870725
1008,-2.2400123592829004,7.030570950981996,-0.026895764790656286,0.9995726169782995,88,55,0.625,0.6326834120016712,ok,1469.0621131518997,-843.49612851657,-2.8792289245964167
1009,-0.2673940722570478,2.256711431153235,0.03434244105058692,1.0004841391203192,80,69,0.8625,1.0810064815842746,ok,1469.214454061563,-845.7635143065534,-2.913571365647003
1010,0.058952345937541395,0.5101507124047657,0.024446884288617854,1.000008372984841,115,98,0.8521739130434782,0.28381160223464297,ok,1469.1294311120837,-846.2699728206692,-2.938018249935621
1011,-0.16366464179372997,1.6954636674364565,0.08788164977430922,1.0000895731409587,87,79,0.9080459770114943,0.5209970380045216,ok,1469.2033685007482,-847.9717120560186,-3.0258998997099305
1012,-0.09210909317926053,2.5094626729471656,0.26593044714514724,0.999913505873314,91,71,0.7802197802197802,0.9512550095936887,ok,1469.15122806405,-850.4823232100651,-3.2918303468550767
1013,-0.19382958742335177,1.347865514285445,0.11310566030369822,1.000033962879574,97,81,0.8350515463917526,0.5420471868015397,ok,1469.264662557931,-851.8393213564009,-3.4049360071587746
1014,-0.47277705600845366,1.8153834366409,0.12695837352490252,0.999988812678359,91,74,0.8131868131868132,0.49757044466902167,ok,1469.6247064894587,-853.6803817937814,-3.531894380683677
1015,-0.4766114617543735,1.7253367048541577,0.02604854484685772,1.0001759086899247,100,79,0.79,0.5863379265843198,ok,1469.9933285049117,-855.4319705127209,-3.557942925530534
1016,-0.18220409151581407,1.3180407107375913,-0.2230317045523101,0.9996103666358003,90,48,0.5333333333333333,0.8199905492324757,ok,1470.0985505559677,-856.75837843116,-3.3349112209782246
1017,1.654667422691773,-1.743932648925238,-0.20167493664323122,0.9994898884447768,89,68,0.7640449438202247,1.0834752929603086,ok,1468.5416765786983,-854.9266118568917,-3.1332362843349943
1018,1.4040927707378614,-1.826055222830064,-0.13050762783584055,0.9995822480703842,87,74,0.8505747126436781,0.6976143179888212,ok,1467.2351667606008,-853.029512418043,-3.002728656499154
1019,7.178611347479546,-7.560337473701111,-0.19811010272145432,0.9962184499868797,75,52,0.6933333333333334,3.274567440480307,ok,1460.4350834272823,-845.1269792637733,-2.8046185537777006
1020,2.599990377618724,-3.3806537764540963,-0.0546325220671579,0.9986403759257604,102,72,0.7058823529411765,1.389348347116907,ok,1458.0002838214532,-841.6254766149922,-2.749986031710543
1021,6.2027161602015894,-7.788548019397126,-0.010070269139117896,0.9966565354798599,98,62,0.6326530612244898,2.7646737053004578,ok,1452.176969233146,-833.5493280762337,-2.7399157625714254
1022,8.853705194863778,-10.031336308686832,0.011195335274814497,0.995754549186308,101,62,0.6138613861386139,3.179750781905897,ok,1443.8149473734402,-823.1045976233528,-2.7511110978462394
1023,9.027230878843056,-11.128688185029091,0.0038682477321990145,0.9951560552172563,98,66,0.673469387755102,3.5641675122333267,ok,1435.3330497152585,-811.5548785715454,-2.754979345578439
1024,8.125658823778622,-12.693692851335868,-0.033249408360260004,0.9949269654647733,112,72,0.6428571428571429,4.103693569367543,ok,1427.8193207676093,-798.4896557710814,-2.721729937218179
1025,11.53583795655777,-14.317208878138558,-0.052498632267909524,0.9940357495680773,123,96,0.7804878048780488,3.2162830310598984,ok,1416.9627516508006,-783.6507564038046,-2.6692313049502694
1026,12.293693572483562,-14.766281423645069,-0.03768213146606179,0.9936268286129682,125,101,0.808,1.802233032341406,ok,1405.3599875551884,-768.3356059286059,-2.631549173484208
1027,13.807760053419997,-16.192828062205535,-0.07996520233090107,0.9932117625595365,124,98,0.7903225806451613,2.357432853212137,ok,1392.2868029078709,-751.5441270919424,-2.551583971153307
1028,10.070943050253845,-17.226711539623352,-0.07659193942949606,0.9961425610179958,129,107,0.8294573643410853,3.3799891208700465,ok,1382.969161107523,-733.8985884016315,-2.474992031723811
