frame,step_center_dx,step_center_dy_down,step_rotation_deg,ransac_scale_diagnostic,good_matches,inliers,inlier_ratio,median_reprojection_error_px,status,center_x_in_reference,center_y_in_reference,rotation_to_reference_deg
278,0.0,0.0,0.0,nan,0,0,0.0,nan,reference,1280.0,720.0,0.0
279,-0.16668581080693912,-0.1848581652050143,-0.0010938458484545683,0.9999782291440746,797,779,0.9774153074027604,0.15986336359888242,ok,1280.1666822816103,720.1848613474053,0.001093845848454568
280,-0.05724071839949829,-0.019526434365729983,0.00019829948299486335,1.0000237244608259,890,879,0.9876404494382023,0.0895403724528119,ok,1280.2239226947997,720.2043886764545,0.0008955463654597047
281,-0.21677131960609586,-0.05990810683692871,0.000866806792090436,0.9999768876662948,794,786,0.9899244332493703,0.1676528247904724,ok,1280.4406939843561,720.264296892024,2.8739573369268592e-05
282,-0.09431214869755422,-0.1790172277669626,-0.000753754182436288,1.0000136729356992,820,801,0.9768292682926829,0.15518759843646956,ok,1280.53500368819,720.443315407804,0.0007824937558055567
283,-0.19499039369998172,-0.042807989347011244,0.0009208615530584037,0.9999768324392075,820,805,0.9817073170731707,0.1558798923390309,ok,1280.7299941852698,720.4861229262542,-0.00013836779725284694
284,-0.15853527152876268,-0.020015682722942074,-0.00020562798540147328,1.0000097943291937,803,781,0.9726027397260274,0.15743115571969554,ok,1280.8885294333018,720.5061387950836,6.72601881486263e-05
285,-0.1183848173111528,-0.16537161175347137,-0.0007558399441420826,1.0000276912537702,785,759,0.9668789808917198,0.15821409843420553,ok,1281.0069118749038,720.6715121075136,0.0008231001322907088
286,-0.20097203406612607,-0.03147443746206591,0.0003613876569047929,0.9999768583759492,808,790,0.9777227722772277,0.13042759251090308,ok,1281.2078836553299,720.7029881644883,0.000461712475385916
287,-0.19001871162527095,-0.05922853915762971,0.0005601699177297488,1.0000053467751575,803,783,0.975093399750934,0.16393736318711524,ok,1281.397902468734,720.7622163771164,-9.845744234383238e-05
288,-0.04631888490257552,-0.08442155878162794,0.00024186303044454834,0.9999939519348885,840,825,0.9821428571428571,0.13171498180835303,ok,1281.4442218550753,720.8466376607755,-0.00034032047278838046
289,-0.19119797710254716,-0.04119940215241513,6.825977994929471e-05,1.0000083606716397,813,794,0.976629766297663,0.14821985102320198,ok,1281.6354201259692,720.8878356994805,-0.0004085802527376751
290,-0.03762908229077766,-0.008722539775931182,-3.457182320889469e-05,1.0000096360449162,936,930,0.9935897435897436,0.039973629209716616,ok,1281.673049265197,720.8965579936257,-0.00037400842952878044
291,-0.26489293074678244,-0.07806099980734871,0.0002099900834433081,0.9999806639156519,766,755,0.9856396866840731,0.18254152802284085,ok,1281.9379429915823,720.9746162934557,-0.0005839985129720883
292,0.41824959723771826,-4.058735010345117,-0.2430815289060704,0.9999125348359501,679,654,0.9631811487481591,0.6488936259211178,ok,1281.50251908145,725.0315447656222,0.2424975303930981
293,-11.992009632954023,20.91726873953803,-0.3928905416451696,0.998528398904326,681,619,0.908957415565345,1.4219640588364204,ok,1293.7257510154689,704.2485462416821,0.6353880720382673
294,-5.2270929280725795,14.063469942356619,-0.13529658784634388,0.9990845177209605,692,645,0.9320809248554913,0.9287437832771699,ok,1299.1415329006443,690.2566559522867,0.7706846598846112
295,-0.21194580745850544,2.0525984653268097,0.07935054992361856,0.9999051407675889,725,708,0.976551724137931,0.2759052437089893,ok,1299.378229447717,688.2067641917866,0.6913341099609926
296,-1.2370880164432947,4.737637082674041,0.27533212224534015,0.9997349745212966,730,692,0.947945205479452,0.3884367883919933,ok,1300.6496826632374,683.478233911848,0.41600198771565283
297,-0.3058648058097333,1.7039933757264407,0.2110694130576177,0.9999882116275571,730,703,0.963013698630137,0.29475908832783254,ok,1300.9616402547629,681.7753454348646,0.20493257465803524
298,-1.5488537833923601,4.706015169527859,0.5684070629508621,0.9998283008944473,693,646,0.9321789321789322,0.37671952480341714,ok,1302.4806089283004,677.0595993658987,-0.3634744882928266
299,-0.4896961669489883,1.3294849476567379,0.30112484804467826,0.9999606516042826,722,679,0.9404432132963989,0.258553086091643,ok,1302.9548512081271,675.7245237792762,-0.6645993363375046
300,-1.4328352004940825,2.878335715648973,0.21786982731524465,0.9999477386163835,780,758,0.9717948717948718,0.37313208805299913,ok,1304.3431861101783,672.8244618138172,-0.8824691636527491
301,-1.64163460129771,2.3506612933872475,-0.19867188742528652,0.9999435615140168,737,684,0.9280868385345997,0.3538193272346382,ok,1305.9566504678182,670.4543762780122,-0.6837972762274627
302,-1.2851025645184109,1.689057017483151,-0.570353804444872,1.000034887017365,700,656,0.9371428571428572,0.3521669274582954,ok,1307.2384062466858,668.762778118584,-0.11344347178259112
303,-0.34058482709906457,0.4322564348042306,-0.2776725718175701,0.9999971755761753,743,689,0.927321668909825,0.27167266364757736,ok,1307.5802286662558,668.3314996895392,0.1642291000349787
304,-0.19194551145710648,0.17502129883791895,-0.48157296649261494,1.0000336210445115,726,680,0.9366391184573003,0.25211801024426833,ok,1307.7741346735581,668.1586529517983,0.6458020665275932
305,2.6326243120911386,11.840861287478901,-0.8542678773491852,0.9990916666827954,586,523,0.8924914675767918,1.066580182433259,ok,1305.4523846438283,656.2529323269315,1.5000699438767777
306,0.005121767709169944,0.004276471418506844,-0.0001467154539941152,0.9999944772847822,927,925,0.9978425026968716,0.006062095173468319,ok,1305.4473765928649,656.2485232297669,1.5002166593307718
307,19.526477246865852,26.29160608847019,-0.05075366969155853,0.9989207697716896,593,541,0.9123102866779089,1.0952806015315741,ok,1286.639667756914,629.4380410870349,1.55097032902233
308,7.955854066201255,7.267963436927175,0.6885035607357973,0.9997068373661099,699,641,0.9170243204577968,0.45369537084882916,ok,1278.7941147142956,622.0511470239893,0.8624667682865333
309,3.0466837983949517,6.25345664295719,0.7796863435220193,0.9997889658781863,704,648,0.9204545454545454,0.375327851516088,ok,1275.756469030291,615.7932950881253,0.08278042476451483
310,1.2444600248411462,4.870308537736037,0.2302954288670043,0.9999461000455646,748,713,0.9532085561497327,0.38710927948519264,ok,1274.4994739378358,610.926206703504,-0.1475150041024892
311,0.3004092034966561,3.735411199105897,0.14790607754738547,0.999917465650957,750,720,0.96,0.305867016264069,ok,1274.1798087691743,607.1923940815457,-0.29542108164987446
312,-0.009843362609444739,3.0630648241722156,0.04309079267746529,0.9999259581198225,745,706,0.9476510067114094,0.35260429703727386,ok,1274.171555028741,604.129324561499,-0.3385118743273397
313,0.0274344383008156,1.2488206033988263,-0.019132626104379637,0.9999694885074459,750,730,0.9733333333333334,0.2626103747909244,ok,1274.1371598526198,602.8806762844657,-0.3193792482229601
314,0.2880104939372359,2.3937183927050683,-0.13489004801695229,0.9999733052950898,736,689,0.936141304347826,0.26876476679616157,ok,1273.8414432259285,600.4878976768862,-0.18448920020600804
315,-0.22568848548894493,1.289738051262475,-0.17954204869442242,0.9999451261214651,730,691,0.9465753424657535,0.32444659684164445,ok,1274.0670203493275,599.1981401435663,-0.004947151511585806
316,-0.4498318509740784,0.30765569634377243,-0.21481776067956013,0.9999624587149049,753,703,0.9335989375830013,0.30716452992602183,ok,1274.5179761023142,598.8921342114475,0.20987060916797415
317,1.4128086797047672,-8.13528265760317,-0.17335598766025356,1.0000427600236361,756,702,0.9285714285714286,0.8437815943956767,ok,1273.0507860564182,607.0177853025153,0.38322659682822746
318,-6.186385342600943,10.98298344313912,-0.026517013058839727,0.9992731368990666,752,696,0.925531914893617,0.7572791867778561,ok,1279.3155559717593,596.0793234898447,0.4097436098870672
319,-2.490474640497041,8.387805429916853,0.022866054541097833,0.9995083112837607,780,711,0.9115384615384615,0.5512373708550847,ok,1281.8626102782764,587.7085255455172,0.3868775553459694
320,-2.0509967070217954,10.176770109899508,0.25596817602078237,0.9994559109501542,740,671,0.9067567567567567,0.6226545645001907,ok,1283.9368534928533,577.5364681111171,0.1309093793251872
321,0.30266412099717854,1.9973788007180246,0.27380377256204275,1.0000220776401458,750,708,0.944,0.2838618716730953,ok,1283.6292089002168,575.5398503589378,-0.14289439323685538
322,-0.007001265042845262,2.1196796890181986,0.24521605548502534,1.0000576855414245,728,698,0.9587912087912088,0.33609489752703325,ok,1283.621851817157,573.4201718750451,-0.38811044872188044
323,-0.12289747994168465,1.5159543366471553,0.13173365356929984,1.0000252191331223,761,731,0.9605781865965834,0.26164770683368727,ok,1283.7309901871008,571.9031649015672,-0.5198441022911802
324,-0.2379574372703246,1.0484332174778501,0.0114386489019561,0.9999798780816206,773,752,0.9728331177231565,0.26087792784593467,ok,1283.9592157970321,570.8525702963866,-0.5312827511931363
325,-0.2981595079459112,0.6001533518168571,-0.04081601610364478,0.9999866659705965,736,713,0.96875,0.2796491630774363,ok,1284.2522269751455,570.2498866419077,-0.4904667350894915
326,-1.2322236343040913,1.5226319102409889,-0.3300859099255962,0.9999952367383582,711,659,0.9268635724331927,0.3466187073017738,ok,1285.4801836767267,568.7238114936717,-0.1603808251638956
327,-0.8750400580981932,1.1417242871148119,-0.29612440204816276,1.0000043793015658,744,679,0.9126344086021505,0.32914895553540036,ok,1286.3579262181233,567.5841635295676,0.13574357688426691
328,-0.3270003672457733,0.4364144235320282,-0.13072614559270238,0.9999310008782781,717,698,0.9735006973500697,0.33629294811411203,ok,1286.6869527064594,567.1492746251115,0.2664697224769692
329,-0.616522873350732,0.18853577490199314,-0.21071317915765347,1.0000295889721098,761,697,0.9159001314060446,0.27928700520655947,ok,1287.3050243837647,566.9658799864358,0.4771829016346225
330,1.7720525352838195,-8.508076936527914,-0.0704300792764886,1.000037450597494,709,648,0.9139633286318759,0.810196222171408,ok,1285.4517368055633,575.4566319259383,0.5476129809111111
331,-0.025691511480999907,-0.007723454257302365,-0.0006135451616619658,1.0000069912429113,939,925,0.9850905218317358,0.11952801587879118,ok,1285.4773532413328,575.4646008484704,0.548226526072773
332,-6.12732927573893,22.80142019027562,0.2447882742934827,0.9987221360119506,681,618,0.9074889867841409,1.2913811868201064,ok,1291.725352267529,552.6959505829079,0.3034382517792906
333,7.5739764162349275,4.95349951099638,0.2932674420190922,0.9998868350782375,737,675,0.9158751696065129,0.45285699086268966,ok,1284.1522552867182,547.7411066622215,0.010170809760198966
334,1.3513744948063504,1.6501698575237924,0.4848473153363059,0.9999435414800489,685,632,0.9226277372262773,0.3028935757144394,ok,1282.7872562150608,546.1021889955073,-0.47467650557610613
335,-5.241998691413755,1.6835818622103034,0.26686482839632797,0.9998326251023958,732,676,0.9234972677595629,0.4466733355733594,ok,1288.0070270075403,544.350906310866,-0.7415413339724337
336,-3.796878169987849,1.3090977887954978,0.06192591554429477,0.9997495891138309,723,700,0.9681881051175657,0.428584789526585,ok,1291.785174786455,542.9886947931343,-0.8034672495167284
337,-0.5963984106174394,1.095270197325135,-0.15670973661761853,0.9999569428059331,712,679,0.9536516853932584,0.4191354620778853,ok,1292.3691720008535,541.8867623437935,-0.6467575128991101
338,0.2900852008253878,1.1913147636469148,-0.4163449625139832,1.0000443974193547,744,683,0.918010752688172,0.28131078603339243,ok,1292.074298336724,540.6966237753805,-0.23041255038512753
339,-0.09472064734586638,1.255425177376651,-0.3999703992813728,1.000057670567711,699,645,0.9227467811158798,0.3030460237435127,ok,1292.1727337972584,539.4414844057751,0.16955784889624462
340,-0.37973910331561456,0.5920981728263541,-0.16669751831837018,1.000000566873471,717,673,0.9386331938633193,0.29977630762421287,ok,1292.5559412251039,538.8516250156699,0.3362553672146146
341,-0.6505640041900733,1.4029498688482818,-0.22961332607731205,1.0000513464325904,714,672,0.9411764705882353,0.26785233828877053,ok,1293.2203291903224,537.4551686111511,0.5658686932919262
342,-0.5930296153726431,0.33318768271772115,-0.08792397857566416,0.9999452841463357,697,674,0.9670014347202296,0.2773510444143087,ok,1293.817122064848,537.1287694359996,0.6537926718675903
343,-0.25713091403281396,-0.9275503428084448,0.029628376501904034,1.0000365122370463,715,692,0.9678321678321679,0.2539809299748008,ok,1294.0641334460129,538.0590657989777,0.6241642953656863
344,9.672785844686587,-0.6107432722676549,0.24360965299729676,0.9998690840644484,689,592,0.8592162554426706,1.0058030001116287,ok,1284.3875044740953,538.6055500911901,0.38055464236839
345,-3.000674557061302,10.35513739727071,0.46243499347192313,0.9994954563277901,680,642,0.9441176470588235,0.716076970809185,ok,1287.3733776345366,528.2461350602387,-0.08188035110353246
346,-1.3542278913246264,0.5679436576521084,0.0962386728341964,0.999915020820905,697,672,0.9641319942611191,0.31515496265331766,ok,1288.7258333823315,527.6739841796438,-0.1781190239377287
347,0.8147037917015041,0.32883458394690024,0.13753401955063738,1.000086893161576,753,729,0.9681274900398407,0.3393804257479231,ok,1287.9093303528227,527.349642917058,-0.3156530434883658
348,5.2650319069862235,0.2194914587121275,0.04997060735343402,1.0001120441497762,703,648,0.9217638691322901,0.3901251441203647,ok,1282.6430050059976,527.1637536397524,-0.36562365084179976
349,2.0166146323429075,0.07453441353277412,-0.021943253552367793,1.0001248765969468,733,718,0.9795361527967258,0.2874723541044558,ok,1280.625979571548,527.1013168640302,-0.343680397289432
350,1.6738348725800734,0.30667798877220775,-0.1274954089678196,1.000114782607341,727,699,0.9614855570839065,0.3586972330639371,ok,1278.9509994776079,526.8009566563363,-0.21618498832161265
351,-0.053262146141833,0.5809115570557424,-0.2201440534442809,1.000076727561839,729,668,0.9163237311385459,0.30740392820084506,ok,1279.0043017638684,526.2200487810135,0.00395906512266789
352,-0.5341736065786336,0.7641598241054908,-0.33051895156903477,1.0000341569255764,673,615,0.9138187221396731,0.3408096294023909,ok,1279.5429272114293,525.4590203282066,0.3344780166917021
353,-0.1895971919245767,1.183409158456243,-0.1906043107740405,1.00002330188955,722,670,0.9279778393351801,0.29185520299010614,ok,1279.7433615429832,524.2773983877204,0.5250823274657422
354,-0.3894528474525032,1.1514740048592103,-0.008332880748680618,1.0000265220438915,705,680,0.9645390070921985,0.3310700549179707,ok,1280.1435174102917,523.1295999794127,0.5334152082144229
355,-0.1962190113881661,0.15285829293259212,0.060013565704176784,1.0000027383541557,741,713,0.9622132253711201,0.25106135250492384,ok,1280.3409926886645,522.9783681289972,0.47340164251024625
356,-0.533605963691798,-1.1096300554768277,0.2520965542178148,1.000104027789307,721,670,0.9292649098474342,0.29476381515366823,ok,1280.8703087338054,524.0900509564535,0.22130508829243212
357,11.9331399444809,5.524458505783514,0.39307045428617665,0.9997829160853239,654,588,0.8990825688073395,0.8533552233430995,ok,1268.9206608221118,518.6013912381571,-0.17176536599374373
358,-0.16116717563159,11.730703230132804,0.3504575798678245,0.9993416803569333,659,594,0.9013657056145675,0.7215577752483047,ok,1268.9749031737783,506.8697063251007,-0.5222229458615677
359,-2.9700773972783736,4.118463385929772,0.23345095322316703,0.9995953279846249,645,619,0.9596899224806201,0.5489786876509797,ok,1271.8904054238362,502.7124299285913,-0.7556738990847344
360,1.0759469942911437,0.9150658049559297,0.07386615311418092,1.0000251230694437,676,650,0.9615384615384616,0.26447248393900225,ok,1270.8013231490982,501.81303726641556,-0.8295400521989151
361,2.765837794221625,1.0042588462998765,-0.0287640778864746,1.0001525049609308,675,649,0.9614814814814815,0.3432056168564381,ok,1268.0217202381352,500.84753108223947,-0.8007759743124405
362,5.9262974035077605,0.8266260655857423,-0.21066077882369696,1.000123138643985,667,603,0.904047976011994,0.4577942656988578,ok,1262.0872235130187,500.0819854031891,-0.5901151954887439
363,1.9032110759646912,1.1277351989888302,-0.2956100800694716,1.0000430822188626,692,635,0.9176300578034682,0.25062287601831457,ok,1260.1782409508107,498.96404772339673,-0.2945051154192727
364,0.4135333820395317,1.0657689678699853,-0.1199605499082161,1.0000468016369168,675,650,0.9629629629629629,0.36020877406374174,ok,1259.7614627582184,497.89954347769594,-0.17454456551105677
365,0.04589802750842864,1.3564624095032514,-0.07750910627782544,1.0000089694260952,695,673,0.9683453237410072,0.337215431948402,ok,1259.7132675088264,496.5431607458461,-0.09703545923323148
366,0.017998494033690804,1.7169549265275919,-0.0038521603243682066,1.0000316013152069,778,760,0.9768637532133676,0.2727314366706488,ok,1259.6924766609557,494.8262373619526,-0.09318329890886327
367,-0.07752442314949803,0.77705923208282,0.031091424466009644,1.0000206279172428,702,684,0.9743589743589743,0.22964812957429404,ok,1259.7683154591837,494.0490118071532,-0.12427472337487287
368,-0.5124393445494206,0.7526456824023171,0.12621516674276903,0.9999936879440255,674,644,0.9554896142433235,0.35922792502939394,ok,1260.277459445443,493.2941330047374,-0.25048989011764167
369,-1.0153345188850835,-1.7300502408880902,0.20648402788748846,1.0000863237563253,700,635,0.9071428571428571,0.28197008989715633,ok,1261.3065598853716,495.01603030300333,-0.4569739180051298
370,6.826344195079855,3.4131017694755883,0.4711157832265677,0.9996501613832504,631,556,0.8811410459587956,0.7506476372061979,ok,1254.4258274676367,491.71394608935464,-0.9280897012316968
371,-1.880143742251903,6.792144737289846,0.13837124983627228,0.9996179206022158,714,660,0.9243697478991597,0.48029370412311406,ok,1256.179228906613,484.887984324327,-1.066460951067969
372,-9.482763576745356,7.0959592555575455,0.13358349114516074,0.9994227824774433,645,574,0.889922480620155,0.7785817712848433,ok,1265.5113005414876,477.59498207487275,-1.2000444422131296
373,-6.469986788542428,1.6422572412589034,-0.1521396447632668,0.9998722521822551,676,619,0.915680473372781,0.4911572256799639,ok,1271.950171042265,475.83467398689515,-1.0479047974498628
374,-0.5916763483965042,1.1879697877454873,-0.3305176993422881,0.9999467161555247,628,574,0.9140127388535032,0.3032095890927271,ok,1272.526927108706,474.63938926864944,-0.7173870981075753
375,0.7477706316624335,0.4370754050752339,-0.36192281253179387,1.0000192210631846,641,587,0.9157566302652106,0.30449969947302724,ok,1271.7764592597005,474.20696143084626,-0.35546428557578197
376,0.43920895787709924,0.4005616206736704,-0.08043499693632467,1.0000093257503209,702,684,0.9743589743589743,0.24549139840953005,ok,1271.3353326067129,473.8085126930393,-0.27502928863945736
377,1.7446206392060049,0.9285268317469217,-0.19487501022503456,1.0000395992865871,649,589,0.9075500770416025,0.320274474722857,ok,1269.589414706864,472.882427416725,-0.08015427841442302
378,0.2959884769106793,0.30185901139282123,-0.019681430807185766,1.0000344872216775,699,679,0.9713876967095851,0.23363736172594596,ok,1269.2931077976905,472.58088097453225,-0.06047284760723726
379,-0.14622527470100977,0.7870023914875901,0.025058487130393083,1.0000143664805154,686,666,0.9708454810495627,0.22627160867671317,ok,1269.4381580700497,471.7936611744401,-0.0855313347376303
380,-0.549294991845727,1.0334619552131699,0.11258227169507616,1.0000373044779796,634,614,0.9684542586750788,0.3308148335066181,ok,1269.9838763480636,470.75830608463684,-0.1981136064327063
381,-0.5179885832371838,0.35357855619736256,0.19836284029845916,1.0000587624348782,636,614,0.9654088050314465,0.37185623180423655,ok,1270.499405849466,470.4011516349234,-0.3964764467311652
382,-0.32652918677013076,-0.5709110584551809,0.15309729161576865,1.0000602884758538,644,632,0.9813664596273292,0.37282282413750695,ok,1270.8313960367357,470.96890445264967,-0.5495737383469337
383,8.416526580506797,3.3346085564396617,0.2992394364873058,0.9996719312048923,456,393,0.8618421052631579,0.7737232926754501,ok,1262.3663940012643,467.75934460050104,-0.8488131748342391
384,-5.724572930086424,11.074637304006501,0.06243617008687578,0.9993233517791755,518,455,0.8783783783783784,0.8763390088299925,ok,1267.9141159964393,456.59506641911275,-0.911249344921115
385,-10.1938078141186,3.3323576702185846,-0.19221479814651518,0.9995950559313754,507,432,0.8520710059171598,0.8009989092371392,ok,1278.0653027148908,453.1350471127235,-0.7190345467745998
386,-1.9094685269178626,1.431992408009819,-0.3375408091291761,0.9999221831898764,545,498,0.9137614678899083,0.33233487013231006,ok,1279.9651943196793,451.6903726850606,-0.38149373764542405
387,0.8565725887917779,1.3555125773200416,-0.2822473360894437,0.9999901894704587,554,502,0.9061371841155235,0.3031550935964761,ok,1279.1062750301046,450.33634587545185,-0.09924640155598086
388,0.9944419670184743,0.2115894197158923,-0.07149064949212867,1.000010823705218,548,515,0.9397810218978102,0.3340074128214327,ok,1278.1117306796677,450.12523821733043,-0.02775575206385228
389,1.767237439974906,1.136220835020481,-0.0880523042871775,1.0001292598048381,583,555,0.9519725557461407,0.3839661834554987,ok,1276.3456899466132,448.98715821822003,0.06029655222332507
390,2.0404483168917977,0.6471341973142444,-0.03772923506613803,1.00019263917137,605,586,0.968595041322314,0.3586313648842344,ok,1274.3063517797214,448.3365340223143,0.09802578728946304
391,0.9773631189327716,1.0396780450142842,0.04300924331163859,1.0001270330818963,609,587,0.9638752052545156,0.34554543977678215,ok,1273.3299874306913,447.29591797329397,0.05501654397782452
392,-0.06275181259775309,0.5786991318233277,0.04002120778736255,0.9999943708689802,666,647,0.9714714714714715,0.20762543108830356,ok,1273.3928906971114,446.7172352845682,0.014995336190462026
393,-0.5723759724241972,1.6832440192790727,0.2736526583905935,1.000078350968385,595,568,0.9546218487394958,0.4703619563984033,ok,1273.9576619891682,445.03142447966906,-0.25865732220013105
394,-0.27246632657352166,0.04128284399450877,0.16399895937748302,0.9999870108740159,603,585,0.9701492537313433,0.3691386971886728,ok,1274.229816372266,444.9881328628661,-0.4226562815776138
395,-0.7036645547095759,-2.3923966403676786,0.2385383011247842,1.0001065611428042,641,583,0.9095163806552262,0.2924499166537454,ok,1274.9610417714475,447.3722500802002,-0.6611945827023978
396,1.2088965660072972,-6.474709959317352,0.06024013465828944,1.0000387435926736,612,563,0.9199346405228758,0.4069592537767294,ok,1273.8337646166028,453.86166809576616,-0.7214347173606871
397,9.625743220966797,14.900346380267365,-0.08013517023497808,0.9994775959437868,547,484,0.8848263254113345,0.6677061265554798,ok,1264.0418513940492,439.0699917117344,-0.6412995471257091
398,-4.245558885322907,6.8369277269611075,-0.2811324287340727,0.9996308556213316,573,529,0.9232111692844677,0.5059397223866784,ok,1268.2443490553344,432.2065112244505,-0.3601671183916367
399,-2.3047721093887503,2.464498499085039,-0.32344627657749636,0.9998836296846705,608,555,0.912828947368421,0.32344662954577974,ok,1270.547541195399,429.7405361041071,-0.03672084181414064
400,4.266832033269793,1.395940285417396,-0.15382460246986432,0.9999711676247051,604,553,0.9155629139072847,0.3509239139406103,ok,1266.2835711593075,428.33587799200177,0.11710376065572362
401,3.0840142825375096,0.5448629330998074,-0.052189218838398097,1.0001696168232637,625,594,0.9504,0.31892898792345775,ok,1263.2011802540571,427.7819050522369,0.1692929794941217
402,3.403032524589662,0.8043082101619348,-0.03678556773916077,1.000285873437959,599,561,0.9365609348914858,0.37306111923426866,ok,1259.8010626299342,426.9653622165705,0.2060785472332825
403,0.25674340589148414,0.7222798431606634,0.07868235377912974,1.0000064029095348,626,603,0.963258785942492,0.2903985937676344,ok,1259.5459258343474,426.24251329470457,0.12739619345415276
404,-0.18382105705450158,1.011653318014396,0.1429960486544942,1.0000340196050965,615,587,0.9544715447154472,0.2784641063797169,ok,1259.7294714429204,425.23080996544263,-0.015599855200341505
405,-0.34959947916104284,0.24850851245764716,0.13453953664608523,1.000033224801216,637,608,0.9544740973312402,0.2795327007084648,ok,1260.0784185241937,424.98138620742355,-0.15013939184642677
406,-0.10482022582482386,0.7207557091483068,0.3772847707713726,1.0000545776876135,644,590,0.9161490683229814,0.2883657992538734,ok,1260.1765996386396,424.25969614875703,-0.5274241626177997
407,-0.3177234141819554,0.4383203073327877,0.283479146308719,0.9999917978714592,654,600,0.9174311926605505,0.23456408745537122,ok,1260.4880879217849,423.81692317171013,-0.8109033089265187
408,-0.6409945805628467,-1.6969985183980043,0.08241951611721127,1.0000502683968275,628,604,0.9617834394904459,0.3276171384288002,ok,1261.1554621458747,425.50372181671077,-0.8933228250437302
409,1.3408134389721909,-5.195211010647313,-0.04874673511810325,1.0000706381045024,585,513,0.8769230769230769,0.45404249270896463,ok,1259.8913723028904,430.7181321373649,-0.8445760899256267
410,11.636291621775399,10.815184532865942,-0.2327480774818922,0.9997160926174703,633,572,0.9036334913112164,0.6456722672497242,ok,1248.14025729407,420.0278189877695,-0.6118280124437343
411,2.9861883622027108,3.725395822064229,-0.38399907256743676,0.9998974502913097,619,553,0.8933764135702746,0.3587210463438764,ok,1245.139279044851,416.3143267616666,-0.2278289398762972
412,0.05196422155631808,0.47871754094421703,-0.32445231045527595,0.9999253141078641,631,566,0.8969889064976229,0.2832760695561144,ok,1245.0881222041262,415.83552226923086,0.09662337057897895
413,-0.26512161895789177,0.2350616482286796,-0.2117873790333744,0.9999827771257727,650,596,0.916923076923077,0.2681670473269138,ok,1245.3545052619704,415.6018911116334,0.3084107496123536
414,-0.5040171254647703,0.2977779180808966,-0.010337452238172586,0.9999650975924157,628,600,0.9554140127388535,0.28743919355750613,ok,1245.8601711792162,415.3069217379782,0.3187482018505262
415,-0.6045337097671108,0.43979764680409517,0.1750079340778091,1.0000163909141944,613,596,0.9722675367047309,0.36152932849371544,ok,1246.4658063237875,414.86864209204504,0.14374026777271695
416,-0.16985785937890796,0.4419292179512695,0.13267829243655632,1.000026971898882,620,598,0.964516129032258,0.296705245115195,ok,1246.6357495023424,414.4267456764288,0.01106197533616054
417,-0.4755725630889174,0.8200077422394543,0.3761420175363033,1.0000402998919538,616,563,0.913961038961039,0.28795568235045055,ok,1247.1060874812647,413.60372432453147,-0.3650800422001429
418,-0.1272243498769967,1.123781078735874,0.1329245402808638,1.000098275182425,663,642,0.9683257918552036,0.32066016124455854,ok,1247.2235394459367,412.4788798979014,-0.49800458248100676
419,-0.1615005817320707,1.097044863363294,0.08424735243213763,1.000021007586868,665,639,0.9609022556390977,0.2427633317088306,ok,1247.3738834765481,411.38025050516205,-0.5822519349131444
420,-0.39704539766603375,0.23128326810865474,0.02886278632702221,1.000030345042867,635,622,0.9795275590551181,0.2559612643350483,ok,1247.7684394776954,411.14474560102286,-0.6111147212401667
421,-0.35193188635344086,-0.6002565074693393,-0.012071321203314181,1.0000231993045354,609,586,0.9622331691297209,0.2931781089462788,ok,1248.1266278642167,411.7412898216411,-0.5990434000368525
422,1.5870350648970089,-7.998050567706969,-0.07157905452485205,1.000054850941404,604,545,0.902317880794702,0.46755916566959604,ok,1246.6132889793016,419.7536114951771,-0.5274643455120005
423,-6.624288572261548,14.686935506988561,-0.12481314019392073,0.9991051401207858,541,465,0.8595194085027726,0.9298934323752936,ok,1253.134201074521,405.02048626250985,-0.40265120531807974
424,6.100992453848903,5.593826582436122,-0.12530677354980818,0.9998300989101783,571,520,0.9106830122591943,0.4758147656925079,ok,1247.006202874216,399.45625740189047,-0.27734443176827145
425,2.8622033181054576,1.1806804420498338,-0.06835715600197713,1.000146816437918,617,595,0.9643435980551054,0.428036275450879,ok,1244.1397120546794,398.28602472335024,-0.20898727576629422
426,-3.0313187338419993,1.3929610949289781,-0.0062639966001157375,0.9997332350899274,621,590,0.9500805152979066,0.4094340757739997,ok,1247.1660832654247,396.8823469922108,-0.20272327916617844
427,-2.1901433216789883,0.48523515627584857,0.021833961164849647,0.999854790852818,659,640,0.9711684370257967,0.28514134439997274,ok,1249.3543080067175,396.38853183653276,-0.22455724033102809
428,-2.162884588511588,1.06313746827027,0.07400639967970582,0.9997987139923675,607,578,0.9522240527182867,0.3710265277356867,ok,1251.5116233324884,395.3141382378665,-0.29856364001073393
429,-0.2495739188495918,1.4618969668995305,0.1135961651079386,1.0000253926503226,623,608,0.9759229534510433,0.2651234721624231,ok,1251.750674662142,393.85048378937415,-0.4121598051186726
430,0.2964905461242324,1.140568050498473,0.3481012108931973,1.000012224717693,598,552,0.9230769230769231,0.3162397270217931,ok,1251.4390763974689,392.7139501808913,-0.76026101601187
431,-0.18500272575738563,1.4290040442524514,0.18444482671819545,1.0000540206901705,609,581,0.9540229885057471,0.40120696801236033,ok,1251.6004933001343,391.28209014912795,-0.9447058427300657
432,-0.40815144632620104,1.3429616839064238,0.030487692719846696,1.0000047875988964,590,568,0.9627118644067797,0.29650652396847954,ok,1251.985729070568,389.9323764429082,-0.9751935354499122
433,-0.5004842068015023,0.3557765634500356,-0.14245564767947835,0.9999675655482023,568,537,0.9454225352112676,0.4257886006687988,ok,1252.4809897368254,389.5693636651496,-0.8327378877704338
434,-0.4511953210185311,-0.7211080006435395,-0.12142771870391916,1.0000251513393956,581,557,0.9586919104991394,0.36556667822779365,ok,1252.9411024008223,390.28481478348766,-0.7113101690665146
435,1.6490141777678673,-9.322375752773382,-0.4224842478547966,0.9999519858424711,571,552,0.9667250437828371,0.589658728536647,ok,1251.339102729735,399.61538467434696,-0.2888259212117177
436,4.125759537311978,15.356657730421375,-0.44450446651736164,0.999350370814812,509,434,0.8526522593320236,0.6877291375927239,ok,1247.2550839943033,384.2475735296956,0.15567854530564418
437,-9.367216301991448,7.521124290967464,-0.27429506807115434,0.9995564934791302,520,462,0.8884615384615384,0.6677975386307706,ok,1256.6784779423829,376.7969562164947,0.4299736133767986
438,-7.60610426302992,3.0550775658185785,-0.08018980775727198,0.9997270137307516,562,518,0.9217081850533808,0.5009625727790794,ok,1264.3114828418795,373.80972385233093,0.5101634211340708
439,-0.39021396273483333,1.367421611656141,0.053308408355869606,0.9999522254263793,617,593,0.9611021069692058,0.24677614886200694,ok,1264.7125875905226,372.4454570963943,0.4568550127782011
440,0.4076879511592324,2.2417785416270135,0.25427337261445887,1.0000880215209937,548,517,0.9434306569343066,0.4324075777348105,ok,1264.312828464818,370.20225110125335,0.20258164016374203
441,1.5985600648850777,1.8150424953676065,0.4033275381864179,0.999943274560484,575,535,0.9304347826086956,0.2915175098177813,ok,1262.7079189022688,368.39282057286187,-0.20074589802267623
442,1.967499995034359,1.6912294448038665,0.2554711289444362,0.9999652643852076,605,552,0.912396694214876,0.3296343265557421,ok,1260.727015023937,366.71731077275916,-0.45621702696711275
443,1.2794609600880449,1.185387451956558,0.14831103108064528,1.000151610950646,586,560,0.9556313993174061,0.38069835899134813,ok,1259.4351184834377,365.54548864961396,-0.6045280580477582
444,-0.005092955729651294,1.2185360203326354,0.008695916921460486,0.9999934092601858,615,596,0.9691056910569106,0.2653107338930351,ok,1259.4271696766598,364.3269679121962,-0.6132239749692188
445,-0.4484964483588101,0.9389455281598202,-0.11857876899985359,1.0000274583280613,588,565,0.9608843537414966,0.4468628560553756,ok,1259.8675434193922,363.3841854687056,-0.49464520596936506
446,-0.2164709727585432,0.24933103493572162,-0.097782003375079,0.9999940703009466,596,564,0.9463087248322147,0.3635649812253243,ok,1260.082282204369,363.1333610256071,-0.39686320259428576
447,-0.7445028909764915,-0.8982816484638079,-0.2862913846921621,1.00009387524882,569,516,0.9068541300527241,0.28963431004687434,ok,1260.8285172498038,364.0302042290735,-0.11057181790212298
448,-2.4440611889040156,1.3017696323165637,-0.37152363069408206,0.9996036128514383,548,477,0.8704379562043796,0.49419636502994,ok,1263.2784819380051,362.7395794589347,0.2609518127919599
449,2.281328493566889,5.351108512905057,-0.10763743446358313,0.9998048335272186,575,528,0.9182608695652174,0.3855413443283122,ok,1261.0316246074242,357.3739057688504,0.3685892472555432
450,10.15946103861188,5.4570340400750865,-0.11826289180194531,0.9998447198017082,522,470,0.9003831417624522,0.5749469455873274,ok,1250.9188991362385,351.83074307468064,0.48685213905748875
451,8.664567724516246,1.1235756925044598,0.07305079137616467,1.0000443928640064,527,474,0.8994307400379506,0.4756159965031597,ok,1242.2626719964528,350.6446200229025,0.41380134768132387
452,1.4884686586765383,1.1429622657858545,0.23224023920914558,1.0000001741988864,530,483,0.9113207547169812,0.3147175451614446,ok,1240.7778326685277,349.49694678581835,0.18156110847217788
453,-0.3386840961888993,0.1539014442887492,0.1877164357454969,1.0000261541063042,557,528,0.947935368043088,0.35381257978205005,ok,1241.1165002290184,349.3430089573388,-0.006155327273319487
454,-1.9542135553660955,1.3207378906627127,0.6352665729413753,1.0000934627691096,534,479,0.897003745318352,0.32941985973496907,ok,1243.0558060769167,348.00047701205204,-0.6414219002146963
455,-0.7683415147555479,0.48482264010044673,0.12052334179414145,1.0000225923621262,562,540,0.9608540925266904,0.32915850367713506,ok,1243.8176324513618,347.50547978897833,-0.761945242008838
456,-0.9413455270421309,1.0869091084413185,0.09888089292906237,0.9999691930776692,572,550,0.9615384615384616,0.239795957794004,ok,1244.74254235614,346.40455087240935,-0.8608261349379006
457,-0.24535041602052843,1.1101993830129686,-0.1138102063669453,0.9999454238447952,539,519,0.9628942486085343,0.3688996202574968,ok,1244.973397674726,345.29124708701886,-0.747015928570955
458,-0.1530941963612804,1.2390474612277558,-0.31759986834744885,1.0000100035373036,537,479,0.8919925512104283,0.3372919652329058,ok,1245.1172013394416,344.05108703680395,-0.4294160602235054
459,-0.4927102140327406,-0.02302190190755482,-0.37377941409989623,1.0000529868589225,557,510,0.9156193895870736,0.23431066197744607,ok,1245.6099336764257,344.07363048529623,-0.0556366461236082
460,-0.3815167405878128,-0.8407743043613891,-0.1285237752233796,0.9999937282169208,573,555,0.9685863874345549,0.26599876609191037,ok,1245.9903805424678,344.91488944444126,0.07288712909977178
461,0.807306139030743,-9.296529697782034,-0.22185406563764143,1.0001659287025444,568,512,0.9014084507042254,0.38554925769605874,ok,1245.135262048194,354.2071432068292,0.2947411947374137
462,9.983103897620822,14.562755693330132,-0.04459033516901764,0.9994215795668857,409,326,0.7970660146699267,0.8113450936626443,ok,1235.2385799549395,339.58551879777815,0.3393315299064315
463,2.8916998792944923,5.397468589532082,0.1584847404704227,0.9997766948715424,419,356,0.8496420047732697,0.42934247884111004,ok,1232.363930870171,334.1789498297229,0.18084678943600838
464,0.44219433023999954,1.1047995966432609,0.1263560108496782,1.0000198381500283,451,429,0.9512195121951219,0.37879463349092396,ok,1231.9227874522248,333.07373018673667,0.05449077858632988
465,0.1334996858984141,0.3102186849939699,0.34750095131846315,0.9999077881965902,441,398,0.9024943310657596,0.2947899383833401,ok,1231.787703062988,332.7641982716796,-0.29301017273213414
466,0.10531428507874807,0.5020179954263995,0.06981368746900149,1.0000226494550704,457,444,0.9715536105032823,0.3449943509900668,ok,1231.67921189633,332.2628572369232,-0.36282386020113583
467,-0.30702774408064215,0.6780242120437379,0.16340828667897023,1.0002187802647724,465,441,0.9483870967741935,0.46614749438348463,ok,1231.979999476178,331.58204177032314,-0.5262321468801064
468,-0.22725328523188182,0.051633713563205674,0.022011843677454932,0.99996688482246,564,546,0.9680851063829787,0.2195774733907243,ok,1232.2067482998611,331.52823594365515,-0.5482439905575615
469,-0.16603520013859452,0.5392423278435672,-0.010036824523980244,1.0000050513450296,511,489,0.9569471624266145,0.30385725498652105,ok,1232.3677108834188,330.98745777978604,-0.5382071660335812
470,-0.0833663387352317,0.8054250922425581,-0.0649849312826604,1.0000294265057088,532,519,0.9755639097744361,0.4120318436533669,ok,1232.4444222180891,330.1813716201348,-0.4732222347509205
471,-0.12513293905158207,1.0172180769477563,-0.20935267897015924,0.999954678429396,549,494,0.8998178506375227,0.25691299582138805,ok,1232.5648691581437,329.1635880463155,-0.2638695557807608
472,-0.0017306551492310973,0.003247612614359241,-6.709757628443803e-05,0.9999863785453768,719,718,0.9986091794158554,0.004553662924056902,ok,1232.5665848422739,329.1603324998325,-0.2638024582044764
473,-0.8957315940820081,-0.23857868676623184,-0.4786910253502581,1.000064879277561,483,421,0.8716356107660456,0.4364385882451131,ok,1233.4614153461534,329.402268953767,0.2148885671457828
474,0.5194204793747303,-9.856352404411837,-0.0796544718741432,1.0001913785946626,525,455,0.8666666666666667,0.43382245178713214,ok,1232.8913329509485,339.2558209233374,0.2945430390199262
475,-8.578193296611971,9.39585316022169,0.0863923392564277,0.9995524030323425,537,483,0.8994413407821229,0.5376762088424789,ok,1241.5036039010974,329.89119354560864,0.2081506997634983
476,2.9572497806721003,11.745315979582188,0.28575499171198737,0.9995476037106296,501,441,0.8802395209580839,0.581547849548366,ok,1238.530448389857,318.14989378657475,-0.07760429194848964
477,6.542421924240898,3.767575767746962,0.3842280033847915,0.9998067238051948,536,489,0.9123134328358209,0.39030341680183056,ok,1231.957870806592,314.4351749933864,-0.4618322953332818
478,0.29109333136921123,1.9117726129113635,0.40189902492896457,0.9999033139820539,503,434,0.8628230616302187,0.32034344692765715,ok,1231.6379917554025,312.5280076583955,-0.8637313202622471
479,-2.3212044245101424,1.0386213774122552,0.14714272431271241,0.9998238957510077,518,501,0.9671814671814671,0.3709335633414724,ok,1233.9405113892026,311.44859685524983,-1.0108740445749598
480,-5.515935362868049,1.0567537349156737,0.15324133550574734,0.9999735285633863,532,486,0.9135338345864662,0.34605678848005883,ok,1239.433839012178,310.2799981173365,-1.1641153800807074
481,-0.8512055136907293,0.7814288110406551,-0.13056565194106823,0.9999724842638749,527,494,0.937381404174573,0.41864092654284746,ok,1240.270810729192,309.48334250907106,-1.033549728139639
482,0.21775838895950983,0.5537084865196675,-0.3738721202807289,1.000028591490797,536,482,0.8992537313432836,0.31205246002080067,ok,1240.046691765865,308.93217783832057,-0.6596776078589092
483,-0.05762638576288737,0.8298140949516437,-0.4350213451111439,1.00001666231876,543,492,0.9060773480662984,0.28420540862311344,ok,1240.1010640229981,308.1021441702259,-0.22465626274776426
484,-0.2291865654171943,0.27182379364273856,-0.1534561046264792,0.9999765020585718,543,513,0.9447513812154696,0.37210441295697894,ok,1240.3299126223146,307.8300357816215,-0.07120015812128475
485,-0.3905741098355975,0.8187402505812997,-0.23048309282373988,1.000002233850265,540,472,0.8740740740740741,0.2899051839416491,ok,1240.7227613273874,307.01238449401893,0.15928293470245564
486,-0.28728615856698525,-0.09283419234679968,-0.055287778539450376,0.9999728649243219,552,534,0.967391304347826,0.29114115992068257,ok,1241.0096978113684,307.10629390959343,0.21457071324190619
487,0.4678039345774323,-5.094490233424494,0.017092795346475603,1.000205924029307,416,347,0.8341346153846154,0.472531686069698,ok,1240.5243378170087,312.199141534993,0.1974779178954305
488,12.520535115321309,14.414216419543664,0.20549124673904323,0.9994587279716747,432,377,0.8726851851851852,0.8192906554690247,ok,1228.001786866652,297.78667636559345,-0.008013328843613306
489,3.9378717684087405,5.322728854555635,0.26773759625573096,0.9998085530392746,478,413,0.8640167364016736,0.4608189442785417,ok,1224.038343778051,292.4829611199406,-0.27575092509934496
490,0.6271553933424912,0.7671811745369723,0.05415239844027064,1.0000692667364504,507,474,0.9349112426035503,0.27751767936753013,ok,1223.406781453378,291.7194037402918,-0.3299033235396157
491,0.5678703778169165,0.6089246650046789,0.07920706522831916,1.0000645283732978,482,457,0.9481327800829875,0.4185626980299878,ok,1222.8345776696926,291.11454934162316,-0.4091103887679351
492,-0.046261084858088,0.1286663723780066,0.026304830962630563,0.9999667202975326,514,496,0.9649805447470817,0.29319840287860266,ok,1222.8798596371623,290.9855351300989,-0.43541521973056574
493,0.05413409184416196,0.3928646808353733,-0.03120838717273633,0.9999779008026781,531,504,0.9491525423728814,0.2772456765059711,ok,1222.8229553571991,290.5930621243142,-0.40420683255782935
494,-0.20088520530043752,0.23667039583187943,-0.08370305543280154,0.9999735906557201,509,475,0.9332023575638507,0.3574819858489439,ok,1223.0225135286623,290.35527171623596,-0.3205037771250276
495,-0.06640524494537203,0.32797535040504044,-0.10598196090852695,1.000004019577446,501,490,0.9780439121756487,0.3998632560432632,ok,1223.0876903345816,290.02705003657474,-0.21452181621650032
496,-0.09514358222827468,0.21964329941692995,-0.06988125174970952,0.9999517455335581,526,504,0.9581749049429658,0.28878845404157866,ok,1223.1822791348063,289.80716725168696,-0.1446405644667906
497,-0.0016944108981533645,0.01452977880603612,-0.0009152234323098089,0.9999717492374076,647,644,0.9953632148377125,0.04983320635803156,ok,1223.183937092746,289.7926332682029,-0.14372534103448076
498,-0.5366973871539358,0.8407929893785422,-0.10674615145516508,0.9999515782110445,483,458,0.94824016563147,0.45452538719454827,ok,1223.7200917131192,288.9514940648493,-0.03697918957931534
499,-0.9616016353993473,-1.4005834906640757,0.05649097758407194,0.999979803129314,492,466,0.9471544715447154,0.39394532944603,ok,1224.6839769268515,290.3505069719633,-0.09347016716338749
500,-0.8713015091962006,-2.0351956703550513,0.045048898107444474,0.9999606916878195,431,405,0.9396751740139211,0.5900315705156282,ok,1225.5601962020087,292.38359022613747,-0.13851906527083213
501,6.141885999765464,2.0061317602646795,0.19956068583339656,0.9997524033609962,511,453,0.8864970645792564,0.4026714581920281,ok,1219.40657980139,290.4137340213101,-0.3380797511042294
502,2.41016614144678,10.077911682525382,0.430213292516947,0.9995197567833644,468,424,0.905982905982906,0.5752625927997892,ok,1216.861497220772,280.36904590430066,-0.7682930436211778
503,-0.4991121781315542,4.393695216894116,0.3054746931357595,0.9999561438219373,478,455,0.9518828451882845,0.37656325652713746,ok,1217.2781852869766,275.9667690296824,-1.0737677367569383
504,-0.7035576061621214,0.5776536311456084,0.0638891694337666,0.9999086231633457,476,454,0.9537815126050421,0.282645682490746,ok,1217.970135151837,275.3752604437055,-1.1376569061907051
505,-1.0394133476881962,2.005762857433865,-0.0727039519186695,0.9999072537351823,483,440,0.9109730848861284,0.3804346616311562,ok,1218.972090121308,273.35052564952485,-1.0649529542720355
506,-1.3075643940312602,1.6824572587233888,-0.3159229235409551,0.9999688734690734,463,425,0.91792656587473,0.24106516099709324,ok,1220.2575485777525,271.6511188033801,-0.7490300307310791
507,-1.07282979144793,1.6254819341738767,-0.41596181757381284,0.9999027538704202,472,426,0.902542372881356,0.2758842073756349,ok,1221.3209111465383,270.0194278623472,-0.33306821315726476
508,-0.8794495445731627,1.3097078441423946,-0.338726630202311,1.0000032222429256,474,418,0.8818565400843882,0.29405369819667415,ok,1222.2004900309603,268.70980687727643,0.005658417045047442
509,-0.6650947285766051,1.3215932028581392,-0.21630661821822833,0.9999615319873177,476,430,0.9033613445378151,0.24283719430543144,ok,1222.8706996352648,267.3908001759595,0.22196503526327654
510,-0.3820496913788247,1.3118751677172895,-0.0231139313904131,0.9999599821645351,474,447,0.9430379746835443,0.2920907941056084,ok,1223.2583572750818,266.08057119725123,0.24507896665368972
511,-0.3742169182141879,0.6864474648018586,0.1476038093949986,1.0000470560688592,487,467,0.9589322381930184,0.34733970844665923,ok,1223.6337414784703,265.3947613667171,0.09747515725869052
512,-0.41461491594509425,-0.1623998568144316,0.14530705969308913,1.0000136108140016,517,480,0.9284332688588007,0.3273749290658793,ok,1224.0484918252487,265.55681503642165,-0.04783190243439919
513,-0.5704345595440827,-0.814211539823873,0.13819296825566812,1.0000269845251237,489,467,0.9550102249488752,0.3856228723237038,ok,1224.6215669120265,266.36917023165313,-0.18602487069006787
514,9.381535390877843,8.060031357587945,0.3773489911998006,0.9995633900345249,438,378,0.863013698630137,0.71335727763738,ok,1215.1612342074109,258.4017731100343,-0.5633738618898699
515,-7.576907555783919,6.562002906235875,0.1352452368413226,0.9996361941533763,479,434,0.906054279749478,0.45751980918774515,ok,1222.657568670658,251.74787351164252,-0.6986190987311929
516,-3.2393866300628815,0.8555250534609513,0.023823118058776606,0.9997871926471068,458,413,0.9017467248908297,0.4231867278421817,ok,1225.885910768762,250.85157213724716,-0.7224422167899696
517,-0.16963949587852767,1.3413416250676846,-0.04906646368864115,0.9999577791684929,468,449,0.9594017094017094,0.3634108520180365,ok,1226.0397746282524,249.50832948364967,-0.6733757531013282
518,4.529586303051246,1.4372351212040257,-0.15963660123820597,0.9999398283783522,482,436,0.9045643153526971,0.31754334372612314,ok,1221.4974836972822,248.11176585501101,-0.5137391518631218
519,2.355714637253186,1.0411598485994773,-0.261143849341292,1.0000251064216998,500,447,0.894,0.31275162904516424,ok,1219.1372018897866,247.0810015406741,-0.25259530252182916
520,-0.17748659193784988,0.5969388004256189,-0.2104790313582251,1.000060895767054,473,428,0.904862579281184,0.2950632164661646,ok,1219.3142496434423,246.4839324368873,-0.042116271163603454
521,-1.0696787259346365,1.214602821554763,-0.2998132296871305,0.9999529900531678,479,434,0.906054279749478,0.26200873603391867,ok,1220.3893804027493,245.27415293580543,0.2576969585235278
522,-0.965650604015309,1.1175695236470347,-0.08992202284966919,0.9998809501168935,486,455,0.9362139917695473,0.4466067685932537,ok,1221.3617935939178,244.16246263951712,0.34761898137319724
523,-0.32968210436069967,1.3356516149951858,0.14637865643852838,1.0000309709227142,476,457,0.9600840336134454,0.35254920422798036,ok,1221.6961648726333,242.8279772051473,0.20124032493466842
524,-0.24611755023875048,0.6007287798511243,0.17044586954105578,1.000058334695337,524,507,0.9675572519083969,0.3468042654352356,ok,1221.9426052577849,242.22738079153567,0.030794455393612138
525,-0.9187290894062698,-0.8366579163468941,0.38157982911053817,1.0000944222254222,484,416,0.859504132231405,0.28827522436441444,ok,1222.8664394174934,243.0583982727374,-0.3507853737169272
526,-0.9227364070447948,-1.7651813974898687,0.22648474034503488,1.0000850602796243,435,392,0.9011494252873563,0.3388823433383429,ok,1223.8069133589988,244.8141934225995,-0.5772701140619628
527,10.53239465925003,1.5241388898450623,0.3558502746526834,0.9998986737576621,464,399,0.8599137931034483,0.5271395904141495,ok,1213.2510943824466,243.46177989560715,-0.9331203887146474
528,-0.023298131164665392,-0.0012174718383448635,0.0002757737389536767,0.9999884752398219,650,648,0.9969230769230769,0.023529886626939035,ok,1213.2744092548758,243.4626176766438,-0.933396162453601
529,7.514865361314605,8.043789364692543,0.0987163016931225,0.9996154984820556,447,391,0.8747203579418344,0.46318332881309165,ok,1205.6158720701146,235.5554970292867,-1.0321124641467239
530,0.0029330935017242155,0.002562645042189615,2.1037787112781943e-07,0.999993421867972,645,644,0.9984496124031008,0.0038974195522812243,ok,1205.6128932921008,235.55298763321468,-1.032112674524595
531,5.0864637512211175,4.67394643009402,-0.3252474184123064,0.9997134409539031,440,384,0.8727272727272727,0.4141777148121437,ok,1200.4691550240848,230.94214764965142,-0.7068652561122875
532,0.4918235356853984,0.5927660778636437,-0.5113053450574927,0.9999463342008691,411,375,0.9124087591240876,0.2965345705314429,ok,1199.9753111490866,230.351063695846,-0.195559911054793
533,0.9245797153794229,1.4771906467951794,-0.17425290647459737,0.9999899671724956,461,421,0.913232104121475,0.27333612208766567,ok,1199.0501821638584,228.87421698147068,-0.021307004580195014
534,0.2592407445608842,1.357310604879217,-0.07881266249368787,0.9999833391434605,450,423,0.94,0.37411492580942246,ok,1198.7923038321676,227.51664686991,0.057505657913493116
535,0.27685008827415913,1.809362439989286,0.09644708415804429,1.0001117896065561,450,433,0.9622222222222222,0.27648864498246817,ok,1198.5142240637058,225.70747301065995,-0.03894142624455149
536,-0.0432446727554634,0.8883924004734354,0.12113272036918493,1.000062360336849,495,478,0.9656565656565657,0.28301781480785143,ok,1198.5549865616572,224.81896325961543,-0.16007414661373684
537,-0.13222304815667485,1.2688374828019278,0.21747603291607676,1.0000495151848634,487,471,0.9671457905544147,0.3463822145699863,ok,1198.678845803045,223.5492820474406,-0.37755017952981434
538,-0.3280527275442182,0.22214709110926378,0.1333060369409142,1.0000300947727614,491,473,0.9633401221995926,0.34720842922116496,ok,1199.0049048264896,223.32421886660512,-0.510856216470729
539,-1.656399834961121,-2.4065244902765244,0.23539229347268784,1.000140867492818,469,422,0.8997867803837953,0.30326252682314825,ok,1200.6925070462273,225.70896608245351,-0.7462485099434175
540,1.4477064298464484,-5.4874376952022885,0.08239022266528533,1.000079755082887,451,402,0.8913525498891353,0.30381277337094914,ok,1199.324311176654,231.21676658975468,-0.8286387326087031
541,3.1225754367251284,14.742068966632814,-0.016786378620893543,0.9993157130822229,421,370,0.8788598574821853,0.6574488257156708,ok,1195.9931684951239,216.52042135666085,-0.8118523539878095
542,12.16884684810202,3.8487460949555725,-0.19912240406537002,0.9996857891291023,448,402,0.8973214285714286,0.5758329024953779,ok,1183.7838591822126,212.80202839495735,-0.6127299499224389
543,4.685793018943741,0.11202937559073689,-0.15187904173897993,0.9999708997663773,473,434,0.9175475687103594,0.34802860501541283,ok,1179.0973166543345,212.7276917837537,-0.4608509081834586
544,2.9788203949394756,0.051482588626868164,-0.3239470495911989,1.0001063431497135,460,413,0.8978260869565218,0.33683969771307143,ok,1176.118381749375,212.68332699755575,-0.13690385859225887
545,1.2022828564586234,0.24324075237905163,-0.2135826784872358,1.0000715195167809,440,416,0.9454545454545454,0.4476427994521472,ok,1174.9164254980697,212.4384774508934,0.07667881989497746
546,0.08119561593184699,0.517959620941383,-0.032768256345716514,1.000064427064128,462,450,0.974025974025974,0.240939927475741,ok,1174.8362194422727,211.9203636742131,0.10944707624069407
547,-0.05963080827768863,0.4648898498903691,0.047633606351033066,0.9999761170162249,466,451,0.9678111587982833,0.24326663161845982,ok,1174.896351761501,211.45553842746864,0.06181346988966087
548,-0.29196609599375734,1.2669689427078765,0.2262269533114339,1.0000672465242881,444,431,0.9707207207207207,0.3827529947144498,ok,1175.1846810212915,210.18773688899938,-0.16441348342177367
549,0.2778477529166139,1.3882819079885849,0.31739982410256673,0.9999451362406991,447,401,0.8970917225950783,0.2777517768357569,ok,1174.895168850008,208.8018405247181,-0.4818133075243413
550,-0.18665536643879932,1.3477230003823024,0.4989731890012804,1.0000281183005961,457,418,0.9146608315098468,0.3366631162751852,ok,1175.0587277366892,207.45111997546786,-0.9807864965256232
551,-0.921653674692152,-0.38260821763526565,0.26503698922947333,1.0000234544503046,496,440,0.8870967741935484,0.26268007355716555,ok,1175.9884822169865,207.81359914816932,-1.2458234857550972
552,-0.903597606450603,-1.2318105461692994,0.030026376012376135,0.9999859598156954,474,446,0.9409282700421941,0.282734922926132,ok,1176.9192832269134,209.02498485716404,-1.2758498617674734
553,-3.8767445659150326,0.11382956321608617,-0.12705710174207543,0.9998000453008825,367,316,0.8610354223433242,0.6431044743875871,ok,1180.7929664172102,208.83345381522514,-1.1487927600253975
554,-1.95428445830089,5.228410737235208,-0.16300763470761864,0.9997401729067456,474,423,0.8924050632911392,0.3919505137738267,ok,1182.6570102359303,203.57219472418205,-0.9857851253177783
555,-0.9059028306389791,4.8365070560057575,-0.4820131765783665,0.9997035637758684,416,360,0.8653846153846154,0.4452802265898136,ok,1183.520353710465,198.72790958741183,-0.5037719487394104
556,0.6831230280172349,0.21633346069984327,-0.12255952667345647,1.0000419060822792,387,373,0.9638242894056848,0.5073772233050833,ok,1182.8358064575943,198.5161259803674,-0.38121242206595374
557,0.5921244935284449,0.3123811426253269,-0.08969482625346045,1.0000160510696896,415,404,0.9734939759036144,0.32959372976196366,ok,1182.2421002580188,198.20676156306968,-0.291517595812493
558,0.7689474194075956,0.11156938504291247,-0.03754425310032675,1.0000787680690058,442,425,0.9615384615384616,0.3239003563960749,ok,1181.472665844196,198.0986017539119,-0.25397334271216615
559,-0.02170871135035668,-0.011612025168233231,0.0012890382372095594,1.0000144653248173,620,620,1.0,0.03280041930733524,ok,1181.494426073467,198.1101169481816,-0.25526238094937576
560,0.6351797587369674,0.4319713734200832,0.07405667560930686,1.000061251846432,441,429,0.9727891156462585,0.3714563435752225,ok,1180.8567739776431,197.68180351381943,-0.3293190565586829
561,-0.025931027701290077,0.5722992785703127,0.09402865058899677,1.0000071474375953,438,423,0.9657534246575342,0.3577526566119835,ok,1180.8784757245612,197.10932825965529,-0.42334770714768
562,-0.286423732565936,0.7778783145793113,0.09894951460836052,1.0000018754406272,463,443,0.9568034557235421,0.35272359203477194,ok,1181.1577966668501,196.32887131781382,-0.5222972217560409
563,-0.33742170645678016,0.8675064324345385,0.052836614681600766,1.0000037863054474,508,489,0.9625984251968503,0.22243897814287983,ok,1181.4864935087833,195.45802161527803,-0.5751338364376418
564,-0.3768982295873684,-0.05868596390178027,-0.0046721116320102025,0.999985808193815,508,493,0.9704724409448819,0.2390389648861574,ok,1181.8639573508026,195.5129521695569,-0.5704617248056316
565,-0.646474017795299,-0.6589109881331296,-0.022098725900971426,0.9999534486603401,434,417,0.9608294930875576,0.31803346193698057,ok,1182.51670792998,196.1656458399343,-0.5483629989046601
566,-0.3592147428455519,-10.16499989165834,-0.1279008847686139,1.0002179734257362,407,366,0.8992628992628993,0.47250056394282475,ok,1182.950507656864,206.327735970702,-0.4204621141360458
567,9.764706732163859,18.262274810993972,-0.22730909157552603,0.9992919750966504,415,352,0.8481927710843373,0.7932787841998773,ok,1173.1242915466858,188.09848322152152,-0.19315302256051903
568,1.1235396754541398,6.459809775020744,-0.3190411802302429,0.999711178295296,455,410,0.9010989010989011,0.34690859798219986,ok,1172.0149478257636,181.6362204413009,0.12588815766972494
569,-0.00014047239369574527,0.002429555968774366,0.00018278216501920472,1.0000046324523886,656,655,0.9984756097560976,0.0020656989403338914,ok,1172.0150936281946,181.63379119937179,0.12570537550470576
570,-1.8760491609805285,3.0798031240680075,-0.24832690689047499,0.9999637235132912,442,394,0.8914027149321267,0.39658578514427967,ok,1173.911207918512,178.56630063940452,0.3740322823951816
571,-1.6144725493447822,0.8839585627060842,0.10427641823127011,0.9998325396775659,482,467,0.9688796680497925,0.35603705803111624,ok,1175.5298243490015,177.68995298914376,0.2697558641639112
572,-1.249696040149047,0.8995977740474927,0.25754635895035005,0.999998697256455,452,435,0.9623893805309734,0.4443516771517447,ok,1176.7797120615214,176.79062154082953,0.012209505213560186
573,-0.884582852128915,0.9787736515683036,0.24080128386596877,0.9999790567665431,472,444,0.940677966101695,0.49316912190587847,ok,1177.6603828909679,175.80832648665944,-0.2285917786524094
574,-0.4383799852366792,0.24733799489627017,0.06985264946208111,0.9999589358618829,507,494,0.9743589743589743,0.2980893443952344,ok,1178.0974685914598,175.55870840718364,-0.2984444281144908
575,-0.38020334894781627,0.7891108792625801,0.09574838743510325,0.9999997737066941,496,474,0.9556451612903226,0.26193862376523835,ok,1178.4722339317493,174.7670004395344,-0.39419281554959434
576,-0.28130870200106983,0.7828522909419462,0.030639049518135463,0.9999915717470291,482,470,0.975103734439834,0.24378960159452023,ok,1178.7477303276012,173.9820838636315,-0.42483186506772996
577,-0.12434206057127994,0.366565380295242,-0.011609026849902292,0.9999877688433286,502,479,0.954183266932271,0.2562704116307232,ok,1178.8694254714787,173.61463125714374,-0.4132228382178276
578,-1.2017468145227213,-1.0524272433110582,-0.09558939242371423,0.9998964999392024,493,474,0.9614604462474645,0.2807329976512991,ok,1180.076988182371,174.66038017918038,-0.317633445794113
579,11.236593871581135,0.31713389191213537,-0.18882148835733903,0.9997656747765591,452,399,0.8827433628318584,0.54148410294317,ok,1168.8397097302104,174.36850909658096,-0.12881195743677334
580,0.38150751265243343,4.91909793050695,-0.07701222852271494,0.9997151705557347,456,411,0.9013157894736842,0.33975096601270804,ok,1168.4537551365756,169.44975808806475,-0.05179972891405818
581,-4.555572100556219,6.613776787381994,-0.11716421234859202,0.9996296124224799,452,395,0.8738938053097345,0.42939935507305577,ok,1173.016869435875,162.84118271600357,0.0653644834345342
582,-3.577273413857256,2.4265983232921826,-0.028052353269537703,0.999803402988266,440,389,0.884090909090909,0.3614740805747814,ok,1176.5980944952823,160.42042011426668,0.09341683670407197
583,5.142801010356379,1.2982150120058122,0.07694598863910361,0.9999428303918516,452,402,0.8893805309734514,0.39475900004445474,ok,1171.4556668959763,159.1207267521943,0.01647084806496816
584,3.1631527677488975,0.6230299394471785,0.06044609459183433,1.0002999911622281,492,473,0.9613821138211383,0.3465312671123374,ok,1168.2920368764637,158.50012475638277,-0.04397524652686634
585,3.298527898135717,1.136183028346295,0.1726737986820351,1.000042692901144,454,413,0.9096916299559471,0.3501718432562382,ok,1164.9892363895735,157.37642234360635,-0.2166490452089019
586,0.47478171822581317,1.0155644525980279,0.17983677993125227,1.0000772033360905,464,441,0.9504310344827587,0.41605260685897877,ok,1164.5074384062934,156.36416766189336,-0.3964858251401547
587,-0.742079865503456,1.4781450065030413,0.5546126324251279,0.9999772760982385,478,426,0.891213389121339,0.29302916181653904,ok,1165.2248802488248,154.8739084932854,-0.9510984575652841
588,-0.2379516906621575,0.4784334721232426,0.05279219954073432,1.000045826833995,520,499,0.9596153846153846,0.242980516487395,ok,1165.4544131173866,154.3913794717888,-1.0038906571060187
589,-0.13129708421115538,0.8397425622886203,-0.08685332490879849,0.9998999728418089,500,468,0.936,0.3759349034073254,ok,1165.572253609472,153.5496431035201,-0.9170373321972198
590,-0.8319788243334187,-0.04470279911220132,-0.3572404390360509,1.0000987462720505,464,419,0.9030172413793104,0.28574573882067655,ok,1166.4046294770571,153.5862152165222,-0.5597968931611677
591,-0.8602435805419191,-1.1722257610192628,-0.20430595072254004,0.9998662227208739,478,456,0.9539748953974896,0.44892304940336275,ok,1167.2721295131369,154.75308107859144,-0.355490942438627
592,-0.9141989128343084,3.010858651918852,-0.1752870826596201,1.0001078661998317,237,156,0.6582278481012658,0.7206652136553113,ok,1168.1768543158414,151.7393620297363,-0.18020385977900627
593,3.971144996912926,6.2127253645913925,-0.06858993089118241,0.9996996558581732,280,221,0.7892857142857143,0.635699112655784,ok,1164.1936142826667,145.53438436011822,-0.11161392888782366
594,14.097149319830578,6.849050133195874,-0.09149355884970853,0.9993622634098931,309,260,0.8414239482200647,0.74037865427519,ok,1150.0940606737422,138.69028509858742,-0.020120370038114812
595,8.326374086813985,0.90385065880605,0.058920987960572,0.9999434615954113,340,281,0.8264705882352941,0.633454086342235,ok,1141.7664476194639,137.79792179521712,-0.07904135799868699
596,2.4797801505892494,0.6517789025816683,0.12643674237988983,1.0000575031428742,396,361,0.9116161616161617,0.7088439896021562,ok,1139.2843459657724,137.155040224593,-0.2054781003785772
597,1.2696713624870881,0.6681902778543645,0.1629141541983157,1.0002718015424108,422,405,0.9597156398104265,0.5292563869739709,ok,1138.0104046424008,136.49502725445882,-0.3683922545768934
598,-0.07353719694651772,0.037457355649621604,0.06241113088817678,1.000001400893962,434,410,0.9447004608294931,0.4191751698177876,ok,1138.0836581238032,136.45701804124064,-0.4308033854650703
599,-0.21094633156144482,0.20900405460781712,0.07837222649486524,1.0000785086000363,431,407,0.9443155452436195,0.42304256295636156,ok,1138.292738774788,136.24614762836688,-0.5091756119599357
600,-0.11782915509752456,0.14051916730556968,0.026914065562186843,1.0000302825161247,492,471,0.9573170731707317,0.2751589666602466,ok,1138.4092480196514,136.1045321559335,-0.5360896775221227
601,0.12197265811755642,0.3732215839481796,-0.00864779250943253,0.9999923530317569,461,438,0.9501084598698482,0.36187047435993114,ok,1138.2838448505065,135.73244920117554,-0.5274418850126902
602,-0.17456547967913139,0.5499447824001891,-0.07009052432766447,1.0000255462191623,448,428,0.9553571428571429,0.41589724105107273,ok,1138.4540149983138,135.18112852209663,-0.4573513606850255
603,-0.3709154523032794,-0.051736007086219615,-0.060811970317894835,0.9998956613169298,474,455,0.959915611814346,0.2964791391670989,ok,1138.8252796251963,135.23029623520563,-0.39653939036713054
604,-1.8222251868012336,-2.3054769908289927,-0.13430179953192195,0.9997545552804054,396,367,0.9267676767676768,0.5602298213802396,ok,1140.658037648384,137.52740894795988,-0.26223759083520837
605,0.9051150820523617,-5.143405865047384,-0.09319957555877197,1.0000672138585343,364,323,0.8873626373626373,0.6524903055011299,ok,1139.7681009190674,142.67346275861667,-0.16903801527643614
606,-2.889160967770067,15.925877217519883,-0.04272407208845073,0.9990424760777701,382,322,0.8429319371727748,1.0123824084685382,ok,1142.6221447977387,126.74125482048623,-0.12631394318798533
607,11.732874311052456,5.988070960586128,0.031192409179948883,0.9999799041697077,374,313,0.8368983957219251,0.6730196170902877,ok,1130.8728536065387,120.78546016885855,-0.15750635236793425
608,5.751577211313588,2.292320479972659,0.11327254865147594,1.0000561295942263,432,366,0.8472222222222222,0.4196142401703173,ok,1125.110507197476,118.52034704528899,-0.2707789010194104
609,0.1611733583847581,1.1500256810934388,0.08467621658413207,1.0000562511287274,453,432,0.9536423841059603,0.288267567276103,ok,1124.9422023856705,117.37134338604733,-0.35545511760354254
610,-1.3074265880406983,1.7343401310918125,0.40332073437739,0.9999669272982419,398,349,0.8768844221105527,0.4317845378291888,ok,1126.2265468942724,115.61984141440814,-0.758775851980933
611,-2.360775344286594,1.9050644441391569,0.2871765607198351,0.9998793699636074,435,416,0.9563218390804598,0.4876644249082922,ok,1128.5521532607504,113.67200009882004,-1.0459524127007684
612,-1.1604892144557653,0.8148209428195514,0.047545627810169175,0.9998618302674577,445,421,0.946067415730337,0.30183721498177607,ok,1129.6968811031234,112.83518079178816,-1.093498040510938
613,-2.313676668832386,1.597220246279221,-0.10787815633104608,0.9999888937175162,450,398,0.8844444444444445,0.39990092295449775,ok,1131.9827409231623,111.19839823868097,-0.9856198841798915
614,-0.46311526864656116,0.610889830154747,-0.13696461719496772,0.9999848105101014,451,416,0.9223946784922394,0.2872584055180061,ok,1132.4367573266256,110.58071608576893,-0.8486552669849237
615,-0.3212325224642427,1.7727505632869907,-0.4638019348091234,1.000026950312506,410,354,0.8634146341463415,0.37061605960803334,ok,1132.7460752013542,108.80584782432084,-0.3848533321757993
616,-0.2128717211271578,0.3023727105189664,-0.11213143295243028,0.9999716482034281,443,417,0.9413092550790068,0.46860199960124477,ok,1132.9575052540679,108.50246529593176,-0.2727218992233688
617,-1.7810197113617505,-1.5602652823648668,-0.1694517161910484,0.9998681874868084,427,394,0.9227166276346604,0.5466498012922509,ok,1134.74133430044,110.05951792732571,-0.10327018303231997
618,0.6252093820708069,-5.553743656516076,-0.05368488584014936,1.000092051681119,411,360,0.8759124087591241,0.3682596241149254,ok,1134.1209315099252,115.61380057688928,-0.04958529719217046
619,3.8003506153359012,13.897089490038638,0.026357343640011285,0.9993453253699743,401,345,0.8603491271820449,0.6387892069743931,ok,1130.3021643531317,101.72176046408265,-0.07594264083218182
620,-9.500907896954686,4.158555365046823,0.18839821659668493,0.9996024894895835,422,369,0.8744075829383886,0.5308333560669959,ok,1139.783785215492,97.51941595023891,-0.26434085742886726
621,-3.2781548701448173,0.19484712092287282,0.12704031303044963,0.9997229884668499,418,398,0.9521531100478469,0.4794562172808251,ok,1143.0605326359355,97.30218083382852,-0.39138117045931714
622,-0.10105716257089625,1.027914991655507,0.2781244799552877,0.9999830002960074,444,397,0.8941441441441441,0.3759484270064086,ok,1143.1495719058819,96.27315518371859,-0.6695056504146056
623,2.0122438909579614,-0.24197685850253947,0.2115661622590809,1.0001742931144908,463,396,0.8552915766738661,0.3361943710523475,ok,1141.141286806279,96.54604570290473,-0.881071812673687
624,1.7811893943483028,0.3191144086301847,0.010643186310757814,1.0002019370711863,470,445,0.9468085106382979,0.34179644371513995,ok,1139.3553468330758,96.25469011869598,-0.8917149989844448
625,0.8573633559292375,0.17746536128470325,-0.043688668877933934,1.0000350654811678,457,434,0.949671772428884,0.32228011455112615,ok,1138.495450842096,96.08993343979421,-0.8480263301065107
626,1.3418036382854552,0.27076788997987933,-0.19980633303526144,1.000173051864332,435,388,0.8919540229885058,0.627078493565291,ok,1137.1506697892728,95.83436314823416,-0.6482199970712488
627,0.06701126143593683,0.7196384958754152,-0.36740358772696396,0.9999665250118768,434,378,0.8709677419354839,0.30342961564695603,ok,1137.0801322755299,95.11506172806321,-0.28081640934428376
628,-0.3749474985015695,0.7766980155283818,-0.46787734738447073,0.9999707815271738,421,373,0.8859857482185273,0.32399292422268805,ok,1137.4576135576406,94.33959198937953,0.18706093804018842
629,-0.46507169509300184,-0.19561001589852367,-0.1604459506878147,0.9999549562698709,483,456,0.9440993788819876,0.3753508071427283,ok,1137.9214903039788,94.5380191148015,0.34750688872800367
630,-2.3012687773655216,-2.5784094708576504,-0.15975457276211574,0.9997786642834179,459,434,0.9455337690631809,0.43014540662741774,ok,1140.1998415449495,97.13670128233389,0.50726146149012
631,-2.473990930225,2.911266296722715,0.20080192134089953,0.9996532724923087,406,366,0.9014778325123153,0.7783415815315842,ok,1142.689368583499,94.23870927102655,0.30645954014921983
632,3.3837586728141105,4.963386091124448,0.14893360272129263,0.9997585270475268,395,342,0.8658227848101265,0.363391194193764,ok,1139.3192687492535,89.26603882622214,0.15752593742792678
633,14.414330876804115,5.657059529008848,0.4015670446685907,0.9997252304751603,373,314,0.8418230563002681,0.7266406037250411,ok,1124.8809734646643,83.67042568593615,-0.24404110724066505
634,10.410643596215778,0.7705549464329806,0.16880089677588767,0.9999231835078184,413,365,0.8837772397094431,0.5825359582548834,ok,1114.4650479711618,82.97490348880035,-0.4128420040165531
635,1.492757949001998,-0.0012497682118919329,0.06215708019738221,1.0001276678457391,412,396,0.9611650485436893,0.3030249261531744,ok,1112.9723516806089,82.98852848049171,-0.4749990842139354
636,1.7849234158131821,0.7423937665904532,0.052091414076548305,1.0001147262493209,396,370,0.9343434343434344,0.4436661775031422,ok,1111.18067426455,82.26258623638807,-0.5270904982904838
637,0.18808147209074377,0.43550940173918207,-0.0331190579448435,1.0000142818787041,435,413,0.9494252873563218,0.28758220455657657,ok,1110.9888451159156,81.82871453083294,-0.4939714403456402
638,0.16149353168771086,0.6070583222849564,-0.052523306172517485,1.0000224265503916,428,402,0.9392523364485982,0.2711245669429048,ok,1110.8226792073585,81.22291847747351,-0.4414481341731227
639,-0.9724087796441836,1.014958446718083,-0.229531852797586,1.0000502131378184,397,357,0.8992443324937027,0.38426863956683494,ok,1111.791327381624,80.20437039427577,-0.21191628137553614
640,0.09629954479964908,1.1304017538558355,-0.10382645719127812,1.0000539123095304,402,383,0.9527363184079602,0.44965272372562737,ok,1111.692895480183,79.07415232318169,-0.10808982418425778
641,0.14746453926750291,0.6713798739370986,-0.03618963457717417,1.0000699485249052,452,425,0.9402654867256637,0.26642813178807595,ok,1111.5445885459726,78.40295803034667,-0.07190018960708351
642,-0.3173713282803874,0.7805003042418548,-0.02859806423023015,1.0000052775435238,427,401,0.9391100702576113,0.3025386038729234,ok,1111.861369909123,77.6222180909964,-0.0433021253768533
643,-1.8691722810617648,-1.4095699457591309,0.03529486728843055,0.999996359897139,423,394,0.9314420803782506,0.4346256078709151,ok,1113.7324740455529,79.02922262507286,-0.07859699266528393
644,1.1438332250622807,-7.060565082898165,0.07031388909195767,1.0001042024738493,403,342,0.8486352357320099,0.6398360147933085,ok,1112.6069949669723,86.09273666415243,-0.14891088175724176
645,11.193228544371095,13.666057518523303,0.09625994498008607,0.9992991407144983,374,329,0.8796791443850267,0.772994539837102,ok,1101.3553914942759,72.47470036520951,-0.245170826737328
646,4.870067489957364,6.220420083576528,0.29479642588835125,0.9997644330252369,418,360,0.861244019138756,0.5247744526130994,ok,1096.4269186167933,66.30045235684304,-0.5399672526256799
647,1.1455296195499614,1.0028109818415487,0.09427943815231489,1.0001606294776706,444,420,0.9459459459459459,0.24599659936140647,ok,1095.2703585990207,65.31038321791436,-0.6342466907779949
648,1.5642779765582873,1.2692601122569158,0.09013319212983416,1.000117476565147,431,406,0.9419953596287703,0.36331919147438807,ok,1093.6901590464604,64.06100089268296,-0.7243798829078292
649,1.3419648790893461,1.0743048405156514,-0.05099027117249956,1.000080904056053,406,379,0.9334975369458128,0.44673811583409645,ok,1092.3356609789873,63.00254181823732,-0.6733896117353295
650,1.1375351767123902,0.9089819232397076,-0.20910726310890823,1.0000561276530044,418,365,0.8732057416267942,0.3350100695665814,ok,1091.1907975166262,62.102807375423936,-0.464282348626421
651,0.12906987574592677,0.06798710256020968,-0.1331714677351578,1.0000005073853844,434,400,0.9216589861751152,0.3770124869212238,ok,1091.0613369025357,62.03556729556931,-0.3311108808912631
652,0.6364693501720922,0.7939233032695938,-0.3689864970195818,0.9999931343391083,392,338,0.8622448979591837,0.3914810424772547,ok,1090.4253925177318,61.24122342505768,0.037875616128318815
653,0.3689240651160617,0.6522741420013745,-0.24225477299127357,1.0001514353170338,393,352,0.8956743002544529,0.3188016977818066,ok,1090.0596619465143,60.587153343627165,0.2801303891195926
654,-0.10710434192287721,0.8793804762758555,-0.03014474999618087,1.0000516580168342,432,416,0.9629629629629629,0.36527314212137446,ok,1090.1715268238215,59.708365763299184,0.3102751391157734
655,-0.3357570685391238,0.2728033903241567,0.06390055298551255,0.9999803575343446,446,424,0.9506726457399103,0.305318111013774,ok,1090.5084538522042,59.43700866206257,0.2463745861302608
656,-1.7003354338846748,-1.1349086480597634,0.21978152501128584,0.9999274008215289,425,400,0.9411764705882353,0.6711086648881539,ok,1092.2082623504634,60.57270637554541,0.026593061118974682
657,-1.4182102257266251,-8.179393255321884,0.44034228241392137,1.0002230289541985,386,334,0.8652849740932642,0.6873836611739539,ok,1093.6855008248663,68.74164515358154,-0.4137492212949474
658,5.55264976525109,10.298783600009983,0.23214916090696516,0.9995313365184109,399,332,0.8320802005012531,0.6461696846127389,ok,1088.0171075975395,58.50610993182727,-0.645898382201913
659,2.292083375197535,12.250157154405997,0.28536545318990525,0.9992998798277006,376,316,0.8404255319148937,0.752702219809632,ok,1085.5262263428895,46.29482387827272,-0.9312638353918188
660,-1.3364156664197253,3.1551572688588294,0.0826790346612095,0.9998102233993242,400,360,0.9,0.4615986422710294,ok,1086.8065999785892,43.11651181403329,-1.0139428700530284
661,-0.8279878836879107,0.9458928090798508,-0.03351546048818353,0.9998221163274342,424,391,0.9221698113207547,0.3789150623716225,ok,1087.6182816125386,42.15658990735915,-0.9804274095648446
662,-1.9206261042036203,1.7932487775434538,-0.2563310446095014,0.999848785561396,386,339,0.8782383419689119,0.36206335536941636,ok,1089.516092107861,40.339212364262266,-0.7240963649553428
663,-1.7353721783792935,0.8560392588433388,-0.3746678591838919,1.000002883541603,428,370,0.8644859813084113,0.2898539642030922,ok,1091.2462113383658,39.472605614685904,-0.34942850577145024
664,-0.6512302578946674,0.7086788793053529,-0.11123158615292712,0.9998833860618754,434,402,0.9262672811059908,0.4440675785737606,ok,1091.8944897718034,38.76122549441868,-0.2381969196185229
665,-1.5039798263878765,1.24027951306266,-0.26181737851659104,1.0000328415904418,412,350,0.8495145631067961,0.36421906059734266,ok,1093.3989807815292,37.52156610960401,0.023620458898068488
666,-0.9671314797383275,1.2195750684999211,-0.06825179969395921,0.9998584449510775,424,408,0.9622641509433962,0.4218238501584588,ok,1094.368066573307,36.30354337788606,0.0918722585920278
667,-0.381499480703269,1.3587221055845475,0.08878465655928043,1.0000192844014677,424,395,0.9316037735849056,0.33892316762727237,ok,1094.7496392733892,34.944841832831685,0.0030876020327472893
668,-0.29345472039267406,0.64338657481062,0.0830667357830914,1.0000241989284435,421,402,0.9548693586698337,0.3630215900265147,ok,1095.0421956053547,34.30104625177012,-0.07997913375034417
669,-1.4741549321970524,-0.18977212865229376,0.29342400097613547,1.0002063142440492,421,356,0.8456057007125891,0.3233428191411382,ok,1096.517555989804,34.48120718241887,-0.37340313472647985
670,0.003620211502038728,-4.051738609427048,0.16347938983656637,1.0000365723229072,402,357,0.8880597014925373,0.48931705116397783,ok,1096.5519016624378,38.53280183635786,-0.5368825245630463
671,-1.124937297836368,13.5557979238813,0.24706111340023867,0.9992220752899089,376,323,0.8590425531914894,0.6517434275027916,ok,1097.491263632901,24.962881410444766,-0.7839436379632853
672,10.836435965527244,6.101499239012355,0.030100289412147305,0.9996867721084837,408,336,0.8235294117647058,0.6152311536110017,ok,1086.5692357310757,19.015954144168177,-0.8140439273754325
673,7.15899000126069,0.8965694261028148,-0.12478124311611631,0.9999381993752805,442,384,0.8687782805429864,0.4303553652900412,ok,1079.3999783596646,18.20556947227385,-0.6892626842593161
674,1.3044969165159728,0.042871702386037214,-0.25224347938821784,0.9998441279664539,434,365,0.8410138248847926,0.3276349179957218,ok,1078.095192391731,18.17264887160536,-0.43701920487109813
675,0.12831964182237243,-0.013788328436930897,-0.11581537080867539,0.999989539792062,413,374,0.9055690072639225,0.4402072582347162,ok,1077.9669520641687,18.18715634779062,-0.32120383406242264
676,-0.3390267025479261,0.6495412563358514,-0.3555248356200085,0.9999312417858321,407,349,0.8574938574938575,0.27158864490626794,ok,1078.3063677904868,17.53781828988008,0.03432100155758606
677,-1.2515805144114438,0.6524257744936222,-0.30815837718046796,1.0000226169744093,413,357,0.864406779661017,0.3368391555992645,ok,1079.5618257278547,16.892885314465275,0.34247937873805434
678,-0.5200303173969587,0.3145124395057337,-0.044250519477285026,0.9999837749508972,445,421,0.946067415730337,0.3475081018794604,ok,1080.0839670510252,16.581890066505366,0.38672989821533943
679,-0.6509896632264827,1.3119707683428032,0.08601769515189528,0.9999634125930663,461,433,0.9392624728850325,0.35333205765045544,ok,1080.7418334876688,15.273354018033046,0.3007122030634441
680,-0.19527953094279837,1.4888995985247675,0.3367436623999414,1.0000590488969303,424,365,0.8608490566037735,0.4363209023309501,ok,1080.9361766593427,13.784331908957256,-0.03603145933649749
681,-0.8356477609274862,0.32440507130581864,0.37026130179878686,1.0001254248503357,417,361,0.8657074340527577,0.3442183828402352,ok,1081.7695030257755,13.454009342910012,-0.4062927611352844
682,-1.2615384232794895,-0.9713239657669419,0.12263403373026337,1.0000573445049432,456,427,0.9364035087719298,0.44254475988048975,ok,1083.0399543582464,14.41364617614704,-0.5289267948655478
683,-0.48911689976080197,-8.301297887906685,0.2705426742259122,1.0000560779686187,390,326,0.8358974358974359,0.8210578886136366,ok,1083.6448510037535,22.707311349859538,-0.7994694690914602
684,11.237020230491908,7.627059481791093,0.009525223908377905,0.9996436532803632,411,351,0.8540145985401459,0.6775731259094177,ok,1072.3012632704451,15.239669330052038,-0.8089946929998381
685,-2.562567149204824,8.818955484719368,-0.038285352671098206,0.9995271860784989,421,349,0.828978622327791,0.571766018447548,ok,1074.7449747292678,6.3870425706284095,-0.77070934032874
686,-6.6885090203666095,3.527034484087153,-0.18803454386291898,0.9997206144139038,416,354,0.8509615384615384,0.5366867672339226,ok,1081.3972699983913,2.7921722224988343,-0.582674796465821
687,1.5850961636303964,1.3709304471788073,-0.23470585205956018,1.000018763163424,413,376,0.910411622276029,0.3109296285460211,ok,1079.8038771780748,1.4308936106336887,-0.34796894440626064
688,3.0256842633564247,0.5928922006969515,-0.07019395467138108,1.0002223366840595,424,389,0.9174528301886793,0.4494498412477141,ok,1076.7753540900349,0.8526771041422307,-0.2777749897348796
689,6.29955273584028,1.5488697241701175,-0.13123490120588266,0.9998652501562724,395,344,0.8708860759493671,0.47816195996376787,ok,1070.471860562207,-0.6800757913744064,-0.14654008852899691
690,0.901809371137233,0.7901539943009084,-0.0321177409777561,1.0001311380054447,404,378,0.9356435643564357,0.37105159566774626,ok,1069.5684750159853,-1.468427255797792,-0.11442234755124078
691,-0.4237656360442088,0.965185588366694,0.06736326115837715,1.000052172548355,442,425,0.9615384615384616,0.3102000992551958,ok,1069.9891762245516,-2.434952489505463,-0.1817856087096179
692,-0.2572922694364479,0.5136831465176783,0.05346143517777982,0.9999276694678306,457,426,0.9321663019693655,0.2608325763726469,ok,1070.2443572327309,-2.9496877029816915,-0.23524704388739773
693,-0.007213170567865745,0.009040827497074133,0.00013116389210313567,1.0000132045565904,581,580,0.9982788296041308,0.013480035418847656,ok,1070.2515332016894,-2.9587580867101906,-0.23537820777950091
694,0.03423658594601875,1.062646371256733,0.135896531256204,1.0001061425091857,415,381,0.9180722891566265,0.35085840457676915,ok,1070.2104114697067,-4.021160297419783,-0.3712747390357049
695,-0.18227704069704487,0.4876145767836988,0.0694090023384087,1.0000231813424494,425,393,0.9247058823529412,0.29161624321530905,ok,1070.3889327257941,-4.5101623998509695,-0.4406837413741136
696,-0.2514863870633235,-4.066894589987669,0.21817802316402746,1.000034153190568,423,360,0.851063829787234,0.4576678663077839,ok,1070.687167924688,-0.4464285533633756,-0.6588617645381412
697,-3.7622909042374886,15.541030308350173,0.007805655943888964,0.9990508115761383,432,377,0.8726851851851852,0.7850061020093305,ok,1074.2683799284498,-16.030182160157665,-0.6666674204820301
698,7.230315156793495,7.732739455691444,-0.15463495003937847,0.999557719142077,401,330,0.8229426433915212,0.5721967558344558,ok,1066.9692496043451,-23.69799888122668,-0.5120324704426515
699,2.915335974680602,1.4413097385112223,-0.13186702604092934,1.0001672172449665,394,367,0.9314720812182741,0.6464105937932887,ok,1064.0444145834938,-25.11993337634044,-0.3801654444017222
700,-0.22037017015350102,0.7879161991488672,-0.05284542516815851,0.9999039312090198,448,421,0.9397321428571429,0.33562837706273824,ok,1064.2602799649646,-25.909095644734634,-0.32732001923356363
701,-1.458121267959541,1.7704278912768814,-0.07678877294599727,0.9997745391915448,413,367,0.8886198547215496,0.5987040317111305,ok,1065.710645953906,-27.685882364745908,-0.2505312462875663
702,-1.9701888574838904,1.3306483992118956,-0.02065725479526085,0.9999004962817661,402,364,0.9054726368159204,0.4702082357307864,ok,1067.6754803304761,-29.024424545301486,-0.22987399149230547
703,-1.1112467876203027,0.5960852940695531,0.022012479549381236,0.9998491782526138,426,391,0.9178403755868545,0.3556257285022036,ok,1068.7840958490847,-29.625389380131764,-0.25188647104168665
704,-1.7701578462529142,1.7171780100118212,0.08181892685419975,0.9997183968177251,431,394,0.91415313225058,0.4717502331268622,ok,1070.5442224407032,-31.352848062762632,-0.3337053978958865
705,-1.1068192535828985,1.6806733170910775,0.1116419676248291,0.999907849385764,429,401,0.9347319347319347,0.3536673443859918,ok,1071.6379448908363,-33.04207358381029,-0.4453473655207158
706,-0.6215326301066852,1.8261224505654354,0.16339858971342602,1.0000306840372684,420,388,0.9238095238095239,0.4653143957963289,ok,1072.240040946839,-34.87469639118024,-0.6087459552341421
707,-1.1403142469687282,0.3911677289919453,0.09031549865285483,0.9999255837221592,424,399,0.9410377358490566,0.40745492363421765,ok,1073.3754978304783,-35.27974754775278,-0.699061453886997
708,-1.1269072547443102,-0.6310475202101316,0.0069891324082688375,0.9999338793882302,406,374,0.9211822660098522,0.36104453014502286,ok,1074.5100956669485,-34.66263436280565,-0.7060505862952658
709,-1.5313021592346558,-1.277955180183426,-0.02177563108511387,0.9999298798968411,397,363,0.9143576826196473,0.4601632719627341,ok,1076.0565506868065,-33.40305799870953,-0.684274955210152
710,5.134849910688899,0.485960877770367,-0.11731102484568438,0.9995239316633449,378,321,0.8492063492063492,1.0808588243384736,ok,1070.917143480323,-33.838184584851774,-0.5669639303644676
711,2.158724497344565,12.125720339765394,-0.2064022020922682,0.999448861399229,411,347,0.8442822384428224,0.6273133443245793,ok,1068.682155202545,-45.950080085219724,-0.36056172827219907
712,-0.7793378039409617,3.537890917921686,-0.35894187648016024,0.9997845734506,411,353,0.8588807785888077,0.37391207881285377,ok,1069.4613929838167,-49.48799303496878,-0.0016198517920387233
713,-0.5221587345558873,1.4127975085962134,-0.09991027028664035,0.999898364222865,435,397,0.9126436781609195,0.5181301210017487,ok,1069.9859745908632,-50.899892706304286,0.09829041849460164
714,-1.7895730138782255,0.9183331171047939,-0.144236549394927,0.9999783251279158,432,371,0.8587962962962963,0.3096836600584558,ok,1071.7794187677628,-51.8106425458966,0.2425269678895287
715,-1.0348064782601796,0.9746599576254766,0.1024045331472376,0.9999883894527463,453,414,0.9139072847682119,0.31828341200163407,ok,1072.8166057753751,-52.78276887086031,0.14012243474229102
716,-0.5217409608510479,0.5693294002917355,0.10303709301161784,0.9998766439191727,416,382,0.9182692307692307,0.3694877570669932,ok,1073.3387151318072,-53.35176044917466,0.03708534173067314
717,-1.0245344004035815,0.7328980493450672,0.32805415118952475,0.9999751508119188,421,361,0.8574821852731591,0.31202263366991,ok,1074.3595144140968,-54.08985198389223,-0.2909688094588516
718,-0.38776886984055636,0.5046657273442179,0.08733086798711975,1.0000263402429177,424,399,0.9410377358490566,0.29772286141682447,ok,1074.7439427627007,-54.59706696549563,-0.3782996774459713
719,-0.7205006337489976,1.5875006724800187,0.17535462583048622,1.0000175703962977,415,391,0.9421686746987952,0.46387091445602663,ok,1075.449069834271,-56.19145567634837,-0.5536543032764577
720,-0.2927959740375172,0.5450735072801081,0.014692042638258912,0.9999702729828889,436,418,0.9587155963302753,0.2994534409534902,ok,1075.736444627159,-56.73940671354387,-0.5683463459147167
721,-1.394249795990845,-0.20788435584756826,-0.0442055537767691,0.9998260397105406,456,420,0.9210526315789473,0.35005606960345753,ok,1077.1325377801907,-56.544285451030305,-0.5241407921379476
722,-1.8326025767128158,-1.5663331648063377,-0.059788709936129406,0.9999442681640743,418,389,0.930622009569378,0.4319682012773611,ok,1078.9777743377376,-54.992855841270625,-0.46435208220181806
723,-1.7313232615911147,3.434982422937537,-0.14686467047651713,0.9995179797281292,407,347,0.8525798525798526,0.8911939325222779,ok,1080.690037189847,-58.437379089457636,-0.31748741172530076
724,3.6578865921517263,7.146153274658559,-0.1099376621842393,0.9997210095238054,379,316,0.8337730870712401,0.5471231891203701,ok,1077.0062882386962,-65.57023508203542,-0.20754974954106128
725,11.494380921866878,6.881210758920361,-0.22031556795317656,0.9997165424900839,328,270,0.823170731707317,0.6547743538319666,ok,1065.5134407741577,-72.45400668214768,0.01276581841211557
726,7.52248852938078,0.9426113035419803,-0.09141508273557279,0.9999321595525601,444,384,0.8648648648648649,0.39657540219321963,ok,1057.992678629198,-73.41029455887326,0.10418090114768848
727,1.952149243072654,0.9844555006867495,0.06452180400743857,1.000235445804922,454,416,0.9162995594713657,0.3908170820399516,ok,1056.0412112759273,-74.39610106584075,0.039659097140249844
728,0.35474586682539666,0.34491222846281744,0.08102586255615944,1.0001091108428033,414,386,0.9323671497584541,0.34018298563547955,ok,1055.6862164796928,-74.74075708278997,-0.041366765415909654
729,0.14596423480543308,1.2103260249730283,0.18564193162134077,1.00004075447363,408,382,0.9362745098039216,0.46213166743859924,ok,1055.5354580318412,-75.95049529206119,-0.2270086970372506
730,-0.7512152113349657,0.9389649177558113,0.3130845449945453,0.9999245104676308,371,324,0.8733153638814016,0.39205309152497403,ok,1056.2777889351778,-76.89649964747855,-0.5400932420317962
731,-0.16765100836209967,0.6442132592999315,0.08566955076680637,1.0000980288818684,395,367,0.9291139240506329,0.3263023134385765,ok,1056.4383942315487,-77.54250547008405,-0.6257627927986028
732,-0.09950784067677887,1.291920146401253,0.08615897023611979,1.000019407742815,398,370,0.9296482412060302,0.3542085077863618,ok,1056.521842206697,-78.83556227876545,-0.7119217630347227
733,-0.2742536557195763,1.2859074306304592,-0.05544819509169334,0.9999941805460932,411,385,0.9367396593673966,0.42649324602585287,ok,1056.781344737951,-80.12452753202058,-0.6564735679430294
734,-0.38000469847338536,0.10775483642260042,-0.08110451113959771,1.00002153860742,397,367,0.924433249370277,0.43000588885445323,ok,1057.16024821111,-80.23609291044227,-0.5753690568034314
735,-2.6717229592243257,-1.6246661734223835,-0.25128325187241407,1.0000954504277575,398,339,0.8517587939698492,0.3833562655079802,ok,1059.841118085114,-78.62656488503558,-0.3240858049310171
736,-2.3072159691096203,1.187081776334935,-0.20920778956422895,0.9997422738091465,390,305,0.782051282051282,1.1685236763717068,ok,1062.1459493197945,-79.81827023933329,-0.11487801536678781
737,4.065522382829613,7.241016065476742,-0.1040010811826192,0.9995194346840874,405,340,0.8395061728395061,0.5324467271762721,ok,1058.0790523879493,-87.05851438242189,-0.010876934184168451
738,15.040316360054703,6.217177616550089,-0.126946372707827,0.9996690676310865,362,302,0.8342541436464088,0.8309686571985444,ok,1043.0513616010633,-93.30614780156566,0.11606943852365874
739,7.429270515033068,0.9507139433079601,0.06508202942995693,1.0000118916422611,397,342,0.8614609571788413,0.5086374854319141,ok,1035.622940066202,-94.26347266176094,0.05098740909370174
740,1.2459331932018358,0.6733373749377733,0.08174063363679615,1.000101238976603,422,387,0.9170616113744076,0.3807691356897707,ok,1034.3766456420062,-94.93614119129677,-0.03075322454309451
741,0.893725358764641,0.7333970643766179,0.25439767330829854,0.999996946630686,408,350,0.8578431372549019,0.35883430714954334,ok,1033.4792813798508,-95.66508127933002,-0.28515089785139325
742,-0.06666852934154122,0.5882945538398872,0.20249408019524104,1.0000968733872642,431,400,0.9280742459396751,0.4972613257192665,ok,1033.540940573917,-96.25392193576386,-0.48764497804663454
743,-1.1262190878987894,0.6291523604421627,0.3684672707311258,0.9998979643607038,415,346,0.8337349397590361,0.4066155295190178,ok,1034.6576335121867,-96.89983137850004,-0.8561122487777607
744,-0.8988151772891797,0.9970156031124588,0.11957593615378906,0.999914932656873,406,375,0.9236453201970444,0.3924869322962378,ok,1035.5393410412453,-97.91200758301011,-0.97568818493155
745,0.035232521066291156,0.4733649155581361,-0.042701769561268685,1.0000183145280839,451,414,0.917960088691796,0.28721775676263517,ok,1035.4964054067243,-98.38473605170054,-0.9329864153702812
746,-0.09476295845570348,1.5370123206206472,-0.31097799918849567,1.0000028435080894,399,338,0.8471177944862155,0.400616138163132,ok,1035.5744771573327,-99.9226865365315,-0.622008416181785
747,-1.4341689485249844,0.14233690055471016,-0.40421828056643083,0.9999320202849403,396,337,0.851010101010101,0.3960707901362868,ok,1037.0080947015647,-100.07047389405284,-0.21779013561535374
748,-1.6747353894184016,-1.063499638181952,-0.1967447080095903,1.0001882436768001,419,353,0.8424821002386634,0.3191850862803561,ok,1038.683220614182,-99.00758947801194,-0.021045427605763316
749,5.737430418027543,1.445055884269891,-0.2758993292674721,0.9997173135259598,421,343,0.8147268408551069,0.8397465519517586,ok,1032.9522745984955,-100.4781513011452,0.254853901661709
750,-2.4381522064345518,5.809914117171729,-0.0592913695852081,0.999820809907518,356,304,0.8539325842696629,0.5313244592807868,ok,1035.4222449975516,-106.27461008720036,0.3141452712469171
751,-10.43921388769354,3.422597355658354,0.1488800587006315,0.9996742620271357,418,354,0.84688995215311,0.6915033877463554,ok,1045.871287660471,-109.66708214758114,0.16526521254628548
752,-2.8791922661760054,0.02862687409492537,0.14728818655511688,0.9997567123531033,400,366,0.915,0.47302439365461824,ok,1048.750488766846,-109.6948056498303,0.017977025991168537
753,-0.3425917222575663,0.7590451789699273,0.2876315437824789,1.0000308882678441,388,351,0.904639175257732,0.6960330672070945,ok,1049.0895043688818,-110.45545477620419,-0.26965451779131056
754,1.141019411031266,0.6675591588509633,0.16619946347936784,1.0001341740997565,387,354,0.9147286821705426,0.5529369277868011,ok,1047.9434398401747,-111.11431486981701,-0.43585398127067837
755,1.8315225481610469,0.8039044057400133,0.07707013079858203,1.0003065112067637,404,373,0.9232673267326733,0.4295523944444237,ok,1046.1047940539909,-111.90179109862527,-0.5129241120692604
756,0.8454703159113706,0.4552355280198981,0.0035020460860233638,1.0001136906050565,425,389,0.9152941176470588,0.34176495207792,ok,1045.255254945371,-112.3493877295158,-0.5164261581552838
757,0.7054869561752639,1.0675123707765124,-0.06718500368371012,1.0000395912524123,415,386,0.9301204819277108,0.478856365621045,ok,1044.5414196764702,-113.41133580544397,-0.4492411544715736
758,-0.49708823325590856,1.4900489712756553,-0.16221204094020936,0.9999711925243523,415,343,0.8265060240963855,0.36367999812995233,ok,1045.0310371495511,-114.9038562838615,-0.28702911353136407
759,-0.3168853567012775,0.7488313645524158,-0.09924836058293762,0.9999397319033454,433,388,0.8960739030023095,0.42741294733670765,ok,1045.3454665945358,-115.65372218250991,-0.18778075294842633
760,-1.080976985900179,0.5547096239007487,-0.42418693870120583,1.0000280069649974,395,324,0.8202531645569621,0.33752896219570705,ok,1046.4287231411433,-116.20396691453982,0.23640618575278
761,-3.2353042040065247,-1.9217640376193685,-0.32396173455991273,1.0001672228302836,376,314,0.8351063829787234,0.37602985857916427,ok,1049.6450775497935,-114.25065315922382,0.560367920312693
762,-1.0704328270232963,-8.537087880191734,-0.05888269253260245,1.0002964824261038,418,344,0.8229665071770335,1.0095547876621476,ok,1050.6231811318767,-105.70249491934555,0.6192506128452955
763,9.029779809360662,17.226715362816776,0.07164914253522547,0.9991498776081708,385,336,0.8727272727272727,0.8891351290671539,ok,1041.7584546720736,-123.01472384545195,0.5476014703100698
764,0.8218359081452036,4.674367262480587,0.1669766452555304,1.0001045864719422,412,367,0.8907766990291263,0.534335966811019,ok,1040.9676892227521,-127.69444750915534,0.38062482505453943
765,-0.7029142794883683,3.7096941150646217,0.4482255871032529,0.9997806288422981,428,355,0.8294392523364486,0.3602293406805036,ok,1041.6662261096117,-131.40496837951173,-0.06760076204871363
766,0.0002305323037035123,0.00023949692933911138,3.434205848812621e-05,1.0000004779424034,604,604,1.0,0.00057644118657753,ok,1041.6659952947532,-131.40520760414108,-0.06763510410720174
767,-2.4197672218788284,4.428335994502277,0.6108156678020765,0.999722850590774,382,321,0.8403141361256544,0.4296354048670393,ok,1044.0331572901512,-135.86188542240757,-0.6784507719092785
768,-0.7653741375381742,0.7632982497942749,0.05633360724605766,0.9999230268458609,416,380,0.9134615384615384,0.28420624425338714,ok,1044.7886799108908,-136.63493610515854,-0.7347843791553361
769,-1.1560715107029864,1.508112337643638,-0.06341278808028102,0.9998545753350615,380,348,0.9157894736842105,0.5110748143493777,ok,1045.92700093609,-138.15649103495934,-0.6713715910750552
770,-1.1836540330605203,1.6071246037924993,-0.3287079531799892,0.9999663998740279,377,316,0.8381962864721485,0.36039928865574644,ok,1047.1010222748307,-139.77066582669556,-0.34266363789506604
771,-0.4318682866619383,0.7216280603003042,-0.20154703157293777,1.000065062833558,421,359,0.8527315914489311,0.29616004711198496,ok,1047.5311119200028,-140.49335536692217,-0.1411166063221283
772,-0.5076504204103003,1.4182878012048832,-0.32324313796323845,1.0000693409613928,393,323,0.821882951653944,0.37079573442637687,ok,1048.0432680903855,-141.91002233326537,0.1821265316411102
773,-0.2818634067232324,0.5554367598563204,-0.08527197599158566,1.0000607096870557,410,366,0.8926829268292683,0.41823487411621973,ok,1048.3277206327855,-142.46413759688085,0.2673985076326959
774,-1.9950173371348683,-0.47835019529134115,-0.12298407464753759,0.99979942103901,404,353,0.8737623762376238,0.5282744659048118,ok,1050.3194324671233,-141.9722056363795,0.3903825822802335
775,7.40569427183118,2.0869006196437567,0.10824338358225094,0.9996160318160918,350,265,0.7571428571428571,0.9986591867711634,ok,1042.92410437839,-144.09554835579524,0.28213919869798254
776,2.243455382151751,4.7230892335715,0.10823345405144226,1.0002646419359957,375,351,0.936,0.5985813226450657,ok,1040.6949949601521,-148.82542522115943,0.1739057446465403
777,2.8602945451689266,5.110643084694175,0.28916315460805675,0.9998417940971992,369,303,0.8211382113821138,0.4730891077217489,ok,1037.824425530737,-153.93030413991585,-0.11525740996151641
778,0.1996598719101712,1.0043494325270785,0.23191215019060257,0.9999704938416769,404,358,0.8861386138613861,0.5908303990656245,ok,1037.6186837550688,-154.93342535333602,-0.347169560152119
779,-0.031771642942430844,0.8123167752860354,0.16605170162303978,1.000044021946057,391,355,0.907928388746803,0.5421118820974047,ok,1037.6431779737811,-155.74599412824432,-0.5132212617751588
780,0.1052253744733207,0.5209178545469513,0.03273441061618911,1.0000382670632404,434,404,0.9308755760368663,0.26409621692960145,ok,1037.5329937689478,-156.2658856858061,-0.545955672391348
781,-0.25101896839009896,0.8622575128508743,-0.041721697514622784,0.9999788596863808,411,371,0.902676399026764,0.40129130684716663,ok,1037.776414780326,-157.13031888286594,-0.5042339748767253
782,-0.16660196554244067,0.5230260315498754,-0.07714703338303297,0.9999356011144747,431,392,0.9095127610208816,0.3932286465497862,ok,1037.939113479135,-157.65457223574697,-0.4270869414936923
783,-0.26502133341273293,1.0794664856450709,-0.26885745843417985,1.0000251164868341,405,309,0.762962962962963,0.39596666741413084,ok,1038.2011527236123,-158.73476649380825,-0.15822948305951257
784,-0.0135688187838241,1.5304147639641315,-0.3651334906103475,0.9999196860603349,407,340,0.8353808353808354,0.34898241005471176,ok,1038.2202480086266,-160.26512228011836,0.20690400755083474
785,-0.3359020173236331,1.4558248379728411,-0.2618418549315005,0.9999222712609886,406,332,0.8177339901477833,0.38212090761396944,ok,1038.568048985936,-161.71815036115584,0.46874586248233513
786,-0.5085756225007572,0.3092371076456857,-0.056740151988600905,0.9999207499704467,407,366,0.8992628992628993,0.4005741928525023,ok,1039.07943933534,-162.02271014688472,0.525486014470936
787,-2.7187432369967155,-1.4113819481950713,0.08025146068612625,0.9997837325087023,404,359,0.8886138613861386,0.5931059575563238,ok,1041.78713301742,-160.59024419041953,0.44523455378480986
788,0.8087302858921248,-8.314837963316108,0.24015451132313428,1.0001064730489582,397,315,0.7934508816120907,1.076882086528854,ok,1040.9486464934048,-152.27835418991026,0.20508004246167585
789,2.5717617361272005,15.075189501408659,0.45263734113829684,0.9992867677076271,396,328,0.8282828282828283,0.7066919907751699,ok,1038.3117737454288,-167.34229122648117,-0.24755729867662063
790,10.784595460226,5.390648520377454,0.2289457186316947,0.9996067760818095,363,304,0.837465564738292,0.5685088325492853,ok,1027.4827201784888,-172.6430637697356,-0.4765030173083152
791,4.8322096511174095,1.5904959640299694,0.06834946860674,0.9997918945232432,404,353,0.8737623762376238,0.3953722710648669,ok,1022.6356044687141,-174.18753676075983,-0.5448524859150551
792,3.0896358744680583,0.8285220311821604,0.06051898154460842,1.000350292534015,414,383,0.9251207729468599,0.4345373858393183,ok,1019.5373872743812,-174.98336890995574,-0.6053714674596633
793,2.6240706473952287,1.6494459605581824,-0.038208215451195404,1.0003080639172004,388,345,0.8891752577319587,0.5832021621469069,ok,1016.8971178109389,-176.6067591587058,-0.567163252008468
794,0.2477313299166326,0.45820822849532306,-0.07116237440071747,1.000066924236335,420,390,0.9285714285714286,0.3338412273926572,ok,1016.6454291739547,-177.0628056722286,-0.49600087760775047
795,-0.30412310994620384,1.486164674338852,-0.31514592689336,1.0000557432177324,400,340,0.85,0.4098389068617131,ok,1016.9448596764805,-178.54992291018038,-0.18085495071439067
796,-0.12542020793534903,0.4999629628995308,-0.06062349225718888,0.9999148297283234,410,384,0.9365853658536586,0.3758691529759985,ok,1017.0692304693591,-179.05014795824252,-0.12023145845720186
797,0.05483699235514905,1.1025166995722202,-0.10107150200130373,0.999976685087314,431,397,0.9211136890951276,0.43203818064145255,ok,1017.0140247937245,-180.1526462584426,-0.019159956455898217
798,0.09957466041760199,0.6850218895440321,-0.02094185518758522,0.999966379321913,427,407,0.9531615925058547,0.32132623297024315,ok,1016.9144714375359,-180.83767124442716,0.0017818987316869843
799,-0.8137955119148046,0.8608884375405523,0.034253742416187206,1.000061485131176,420,370,0.8809523809523809,0.46405534389369874,ok,1017.7277789183656,-181.69902075463233,-0.03247184368450019
800,-1.0202325015766291,-0.2550330805260046,0.06190616515831546,0.9999706315529987,402,370,0.9203980099502488,0.3521433001007257,ok,1018.7484301279331,-181.44566855344965,-0.0943780088428156
801,-0.7052512128668695,-9.34035913202763,0.2459378669855109,1.0002170817883642,340,278,0.8176470588235294,1.0183905597612652,ok,1019.5091468752128,-172.10966308971354,-0.3403158758283263
802,9.025959400484226,14.847132726632253,0.363046960795325,0.999463879109313,346,280,0.8092485549132948,0.7509370122699781,ok,1010.3016087887561,-186.84487722754932,-0.7033628366236511
803,1.155890869558334,7.269461416061517,0.27440567591974235,1.0002054659153778,326,303,0.9294478527607362,0.7124065380918841,ok,1009.0218368542493,-194.09355550552425,-0.977768512543393
804,-1.223475683434117,2.978618287226368,0.07284877267660053,1.0000133524827557,340,306,0.9,0.6025598962469456,ok,1010.1904917943509,-197.0941063349436,-1.0506172852199938
805,-0.407204677648906,1.4948316610256143,-0.044330862218578064,1.0000291368633598,388,359,0.9252577319587629,0.4606054768311316,ok,1010.5713812748938,-198.5958588271725,-1.006286423001416
806,-1.289407521638168,2.2809839825614517,-0.3043389307920608,0.9999860053263194,365,301,0.8246575342465754,0.3597349797213175,ok,1011.8327477230212,-200.89246814725652,-0.701947492209355
807,-0.5664898495579109,1.0698951567688937,-0.19449575563063726,0.9999930257375561,355,294,0.828169014084507,0.3103818058977233,ok,1012.3897397342491,-201.96733850946669,-0.5074517365787177
808,-1.0337602890647304,1.7046162481791498,-0.3657796680825458,1.000171887529056,370,319,0.8621621621621621,0.3753750380986932,ok,1013.4192819581925,-203.6745056652901,-0.14167206849617187
809,-0.7389844264607746,1.7585907647137446,-0.2561148781754155,0.9999868391021689,378,304,0.8042328042328042,0.3648239745207371,ok,1014.1617775241198,-205.4316168726034,0.11444280967924361
810,-0.47318773786673773,1.4747090960820515,-0.06881771563915387,0.999940356244965,364,322,0.8846153846153846,0.5326396436330724,ok,1014.6396796898848,-206.90480493707173,0.18326052531839748
811,-0.23719781301633702,0.7890227941404646,0.0499570890500443,1.0000077612723697,386,358,0.927461139896373,0.21240809825651308,ok,1014.878712586974,-207.69327373561873,0.1333034362683532
812,-0.8862400024911494,1.0623928608405322,0.21890924226706937,1.0001491769638022,370,336,0.9081081081081082,0.6183129749987101,ok,1015.7633642763146,-208.75698954415384,-0.0856058059987162
813,-1.0283999392027,-0.12839654438539583,0.16339446823851286,0.999864480232302,369,325,0.8807588075880759,0.5785529383763078,ok,1016.7923124975575,-208.63306349538573,-0.24900027423722906
814,-0.47043919646762333,-8.445647672753807,0.4307402567329265,1.0009020493319973,203,140,0.6896551724137931,1.3034581735750552,ok,1017.3629129549167,-200.19359119150738,-0.6797405309701556
815,-6.725315772996964,16.02877657786894,0.3375376248085882,0.9996860007839232,247,172,0.6963562753036437,0.7954160130673823,ok,1023.8025951051839,-216.33924214256217,-1.017278155778744
816,6.504609806305325,5.82546790397987,0.03175585133734253,1.000057216564627,310,230,0.7419354838709677,0.6155548242827302,ok,1017.1924224157846,-222.04464677754697,-1.0490340071160864
817,2.583270129498942,0.5019634563262798,-0.06089758578862259,1.0003406579945182,357,313,0.876750700280112,0.5829019566843716,ok,1014.6008799010285,-222.50198611289898,-0.9881364213274639
818,-0.05717810351870867,0.34693765863835324,-0.2709533628151172,0.9999789049041798,339,269,0.7935103244837758,0.4047346205239385,ok,1014.6537109486201,-222.84961228411441,-0.7171830585123469
819,-4.81530915368262,0.20515307401865357,-0.372221309305474,1.0001094628481686,345,283,0.8202898550724638,0.37585479863746396,ok,1019.4676976659692,-223.08375308471352,-0.34496174920687295
820,-1.4086024013022325,-0.22892689587752102,-0.12375772983252094,0.9997261996948641,327,295,0.9021406727828746,0.6115431215452004,ok,1020.8771733941383,-222.86026612689727,-0.22120401937435202
821,-0.37660983891828437,0.1928389712096532,-0.2107334806637692,1.000205030330376,335,273,0.8149253731343283,0.4821871324088301,ok,1021.2537479863379,-223.05317391859285,-0.010470538710582813
822,0.29703308738976375,0.2116262609599744,-0.0891280539070395,1.0000576129311542,341,311,0.9120234604105572,0.45265580920045767,ok,1020.9570057061959,-223.26520775671383,0.0786575151964567
823,0.020052470275231826,0.3343500834768065,0.019037445861821434,1.0000353909738378,377,352,0.9336870026525199,0.2216139324477462,ok,1020.9373011602138,-223.5995785251024,0.05962006933463526
824,-0.5077950447384865,0.9719272501267824,0.13012662552395887,0.9999371935366873,328,297,0.9054878048780488,0.48764801746263037,ok,1021.443899794753,-224.57212991730898,-0.07050655618932365
825,-0.4196975883696723,0.6511111471463664,0.0994516032452452,0.9999558879083118,358,330,0.9217877094972067,0.3794751286766628,ok,1021.8616641292879,-225.22448315935833,-0.1699581594345689
826,-2.6016903735187498,-0.8369549323321053,0.2706833885449165,1.0003577530195593,314,262,0.8343949044585988,0.40162349187413177,ok,1024.4697142238651,-224.4075614601786,-0.4406415479794857
827,1.442923734492524,-7.612132900936899,0.17024452606215226,0.9998469922945432,300,227,0.7566666666666667,1.0344103138885634,ok,1023.1080313231266,-216.78047709700797,-0.610886074041638
828,11.862676365888092,15.712796245510617,0.04082943079492164,0.9991444074226502,336,273,0.8125,0.7910663920748479,ok,1011.0673997269116,-232.35732681634988,-0.6517155048365597
829,-2.303190542774246,6.409325320644484,-0.07667596368678035,0.9999005046623873,330,272,0.8242424242424242,0.4061959203129128,ok,1013.3061492273994,-238.78944454041607,-0.5750395411497794
830,0.9540578488579285,2.0749880682285493,-0.1924675673303509,1.0001202106146045,376,298,0.7925531914893617,0.37775620236412444,ok,1012.3382577623597,-240.85801602193703,-0.38257197381942826
831,2.7357097605977287,0.34958084405457157,-0.14031641285030697,1.0003019573876342,357,320,0.896358543417367,0.5713279627769126,ok,1009.6010943769469,-241.19602676483782,-0.24225556096912115
832,6.83752007988187,1.2178530825747202,-0.31698447180194367,0.9998873005111916,353,272,0.7705382436260623,0.5256736817965619,ok,1002.7651685161052,-242.4227967508565,0.07472891083282301
833,3.4786462151896558,0.8899606409870557,-0.25190331115010567,0.9997372178380288,339,264,0.7787610619469026,0.4838023695658449,ok,999.291652294396,-243.3325739161461,0.32663222198292907
834,0.9417366409466013,0.6582934417587012,-0.05873733378129678,1.0001774156476655,332,303,0.9126506024096386,0.4364500767376619,ok,998.3543645817789,-243.9971865101743,0.385369555764226
835,0.06912342510076996,0.31858897464030633,0.03848878933555086,1.0000970567292295,333,306,0.918918918918919,0.2942947200541317,ok,998.287171216728,-244.31618813141313,0.3468807664286751
836,0.18888314717742105,0.9860965774964825,0.1725160121101366,1.0001491657131634,318,284,0.8930817610062893,0.6779867658779046,ok,998.1012898671939,-245.30285495832766,0.17436475431853835
837,0.032673662929482816,0.5189670330538547,0.149693047770193,1.0001845137565746,322,298,0.9254658385093167,0.5337394728939793,ok,998.0688396757948,-245.8218360126292,0.02467170654834518
838,-0.9771823726559887,1.0167926471324336,0.23269613378279946,1.0000304494832053,331,301,0.9093655589123867,0.6458373229402021,ok,999.0423239354968,-246.8421698172267,-0.2080244272344545
839,-3.1226602136559904,-1.7915916492046335,0.1305519658954324,1.0001222031832195,299,237,0.7926421404682275,0.49779163973179585,ok,1002.1755165706754,-245.06906199244213,-0.33857639312988697
840,-0.20118132173865888,-5.075048619721201,0.08065495332322054,0.9999204309231451,311,245,0.7877813504823151,0.6259387815494212,ok,1002.4138261405824,-239.99562125014108,-0.4192313464531076
841,12.57122881987516,13.511639753913528,-0.06675835882192611,0.9988235387534,320,247,0.771875,0.8795087067088924,ok,989.7597146254267,-253.42966995643985,-0.35247298763118146
842,4.817205704195885,4.60528583422888,-0.12287964966284523,0.9996081118614726,333,259,0.7777777777777778,0.5203275556272863,ok,984.9240935305468,-258.015615555576,-0.22959333796833603
843,0.7513165238035526,-0.07615303191255407,-0.07558728881664399,1.0000349256620238,360,328,0.9111111111111111,0.4030568866043107,ok,984.1729844132747,-257.9374433280228,-0.15400604915169192
844,1.1319767860436514,-0.5486456584764028,-0.39228579538586117,0.9998246417591558,334,259,0.7754491017964071,0.369629856330485,ok,983.0387357337809,-257.3935100271731,0.23827974623416961
845,0.7506185562028804,-0.20379392700510834,-0.33898007137793057,1.000078059424122,340,273,0.8029411764705883,0.4277058239120806,ok,982.2861020676073,-257.19728886077564,0.5772598176121008
846,0.2385802705448441,0.03188880280538342,-0.05174902899252032,0.999993539229172,346,317,0.9161849710982659,0.3703491473231751,ok,982.047886251094,-257.23179488924336,0.6290088466046211
847,-0.08695369385554841,0.13135176304547258,0.07407322906183882,1.0001441793015036,356,324,0.9101123595505618,0.4373201370789788,ok,982.1361080480289,-257.3622983186076,0.5549356175427822
848,-0.03076722111768504,0.6874224666395321,0.2909313059038254,1.0000294507669958,351,288,0.8205128205128205,0.40228276589233514,ok,982.170042398399,-258.04957172082914,0.2640043116389565
849,-0.09102502052428463,0.72295645040208,0.2203563903385155,1.0001185769597125,361,318,0.8808864265927978,0.4635508004404197,ok,982.2616181406365,-258.7724586186031,0.043647921300440755
850,-0.348551356862572,1.5395436533874545,0.38411638628519124,1.0000575460029497,344,267,0.7761627906976745,0.43615888590233565,ok,982.6010149738779,-260.3140462737957,-0.3404684649847509
851,0.0027103909178549657,-0.01500219401123104,-0.00028199270981698807,1.0000265299972904,469,463,0.9872068230277186,0.01819951319550578,ok,982.5983937038471,-260.2990282517054,-0.3401864722749339
852,-2.2166058445345698,0.20847496166413748,0.24578052665320704,0.9998566666124786,314,263,0.8375796178343949,0.8855151420842216,ok,984.8127515816763,-260.5301612622468,-0.5859669989281413
853,-1.5169424194116345,-9.104744947444715,0.011639262913706006,1.000112638114367,317,242,0.7634069400630915,0.7591150241507748,ok,986.4245740491933,-251.4417332796395,-0.5976062618418473
854,-5.6655110216042885,9.751275773164139,-0.05982868942255703,0.999752499539193,313,259,0.8274760383386581,0.4785504206659134,ok,991.9983114898978,-261.2457551728378,-0.5377775724192901
855,7.568663391263954,10.260293152503664,-0.39560834236083947,0.9993772036254552,299,239,0.7993311036789298,0.6094203869725354,ok,984.4042123422032,-271.48723647392694,-0.14216923005845009
856,6.127945666559754,2.6099403323320303,-0.2562089761449972,0.9997847152199573,324,271,0.8364197530864198,0.5112306275418025,ok,978.281473554802,-274.10936850185703,0.11403974608654756
857,0.3518021118272827,0.33598229568087845,-0.08994625279339577,0.9999565082752454,357,310,0.8683473389355743,0.4080189096901953,ok,977.9308698433738,-274.44660116105547,0.20398599887994348
858,-1.2431291418240562,1.285781938214427,-0.06733681832594747,0.9998084019748893,312,273,0.875,0.5511251810411875,ok,979.1800738141924,-275.72648189580457,0.2713228172058911
859,-2.2742782100826844,1.2920120201023337,0.05341497416555622,0.999778524487151,306,271,0.8856209150326797,0.4965075282352543,ok,981.4592493565781,-277.00983503657903,0.21790784304033478
860,-0.0030486486709833116,0.0006772731665023457,1.3295953483731435e-05,0.9999979255227516,455,455,1.0,0.003111882093334925,ok,981.4623005588514,-277.01050071093425,0.21789454708685102
861,-4.387728111758179,1.8520407506389347,0.31688603838489426,1.000089596269701,285,231,0.8105263157894737,0.5944698883507407,ok,985.8468223017749,-278.8701194919148,-0.09899149129804398
862,-1.948990762957692,1.3143714594643825,0.3131110890828515,1.0001026434790337,324,259,0.7993827160493827,0.3847827420228236,ok,987.7863090548085,-280.1984750400852,-0.41210258038089637
863,-0.7535455771007946,1.6208817356726968,0.17414512762802103,1.000030940764933,325,282,0.8676923076923077,0.5419653456423998,ok,988.5232306909053,-281.8269820373247,-0.5862477080089179
864,-0.35738888442483585,0.5376607495018106,0.03180206623962773,1.0000331239056173,358,318,0.888268156424581,0.2588964408255805,ok,988.8747991468332,-282.3684665865609,-0.6180497742485458
865,-2.085116049762746,-0.5321277269470102,-0.06936433353352334,0.9997750599918324,323,283,0.8761609907120743,0.4999887963272691,ok,990.9649153604337,-281.8563307916695,-0.5486854407150222
866,-1.886431891464099,-1.360107584355319,-0.09543046502548594,0.9998945048946937,338,294,0.8698224852071006,0.5332025697767304,ok,992.8620476406977,-280.5111887793397,-0.45325497568953615
867,6.669364048897705,0.30413462224851173,-0.37680107500688176,0.9991360406890016,239,180,0.7531380753138075,1.0416108778953046,ok,986.1922837006726,-280.8064237188678,-0.07645390068265348
868,5.7520367559338865,10.313070594498981,-0.25164674929029607,0.9995564676297205,254,188,0.7401574803149606,0.6458465791821624,ok,980.4718079786624,-291.13703403204033,0.17519284860764314
869,0.019204803940965576,0.01383103487023618,-0.0007465798579047527,0.9999902273957688,388,368,0.9484536082474226,0.10241971182856041,ok,980.4526457364661,-291.15092397422916,0.17593942846554791
870,1.5283985702637892,2.8269097992475736,-0.15615081042895995,1.0001341459598552,296,248,0.8378378378378378,0.6006193957640245,ok,978.94065770887,-293.98664494200295,0.3320902388945081
871,0.004357116173423492,0.17228124886514706,0.05644654554962624,1.0001109839962725,341,290,0.8504398826979472,0.40657504629360497,ok,978.9371294660609,-294.15894515870207,0.2756436933448817
872,-0.13912847616393265,0.771926442348331,0.159600817799262,1.0000374203170599,294,254,0.8639455782312925,0.6231354745082726,ok,979.0778210617821,-294.93058823692525,0.11604287554561948
873,-0.06822271677197023,0.3070319563482826,0.09795247609846118,1.0000650417330448,342,305,0.8918128654970761,0.4022357194027195,ok,979.1461407165107,-295.2375986375316,0.018090399447158182
874,0.003493224926842231,0.7477101364585224,0.35143051131083647,1.0000273603517313,325,262,0.8061538461538461,0.41861486263612385,ok,979.1382974855387,-295.98527579681297,-0.3333401118636789
875,-0.3134538438612253,1.0886256358476203,0.24068396206430687,0.999974143585066,315,268,0.8507936507936508,0.7474747480545809,ok,979.4408292651387,-297.07698711835724,-0.5740240739279862
876,-0.08695223968879873,1.0340762132027521,0.06173353424734794,1.0001424310358047,332,307,0.9246987951807228,0.34212693784275344,ok,979.5163022121085,-298.11196448089925,-0.6357576081753342
877,-0.1624238210861222,0.40284906058514025,-0.03703991418246325,1.0000323315649726,365,325,0.8904109589041096,0.3304744238232214,ok,979.6745076324796,-298.5164887795954,-0.5987176939928709
878,-1.0034553354194031,0.42603415234316344,-0.21145563071855702,0.9999603094730878,334,272,0.8143712574850299,0.45048869878519415,ok,980.6750605049424,-298.9492955015286,-0.38726206327431356
879,-0.10938930464863006,-4.7696467140580125,-0.34383472072470117,0.9992108190118255,264,215,0.8143939393939394,0.9776427774224052,ok,980.7880649320889,-294.1797330691518,-0.0434273425496118
880,11.096624658621295,11.207669839244659,-0.32622437069760674,0.999156399380572,284,207,0.7288732394366197,0.7543542777446405,ok,969.7468933499149,-305.442036214283,0.2827970281479955
881,2.0176248152504286,2.5871805470501386,-0.1032173553942839,0.9998045843018739,299,239,0.7993311036789298,0.4687233394599729,ok,967.7467446023638,-308.0427511286514,0.38601438354227957
882,1.4089560912027537,1.9973462006097407,-0.05323099676719864,1.0001344874761622,330,287,0.8696969696969697,0.690102050932836,ok,966.3531419758851,-310.0508399791503,0.4392453803094783
883,0.007229189995541674,0.3293086914491141,0.09262460060640615,1.0000737206271764,368,327,0.8885869565217391,0.4647418223712594,ok,966.3479051162094,-310.3801863784819,0.34662077970307204
884,0.27313641087312135,0.6486385706807596,0.08206756524169465,0.9999672246293416,362,309,0.8535911602209945,0.4681574908289379,ok,966.0777665811346,-311.0300791897879,0.26455321446137725
885,-0.1376148657811882,0.565543453090072,0.2813140349878117,1.0000837358655639,358,291,0.8128491620111732,0.3534909454934738,ok,966.2152160017533,-311.595662875363,-0.016760820526434843
886,-0.3040699011103243,0.9432172524689122,0.3755565012756111,1.0000566552923174,354,292,0.8248587570621468,0.36622754407735103,ok,966.5128204007651,-312.5409400367316,-0.39231732180204637
887,-0.1916162379857269,0.5906813786081102,0.1072154358057023,0.9999890115304023,369,340,0.9214092140921409,0.43203931456468864,ok,966.699279570978,-313.1332695493662,-0.49953275760774873
888,-0.23312489729096342,1.2947617630723016,0.10835581241487925,1.0000322599852982,358,334,0.9329608938547486,0.4362000023716339,ok,966.9186546270313,-314.4304317696118,-0.6078885700226282
889,-0.1513390402594723,1.1756675903293399,-0.0741504799104594,1.0000524720561481,366,328,0.8961748633879781,0.5550113216308896,ok,967.0590353430911,-315.6074581255681,-0.5337380901121688
890,-0.8666940587613681,0.6641627868971227,-0.2747454565451681,1.0001176413280954,341,270,0.7917888563049853,0.38194304207595553,ok,967.9227183596574,-316.2755318085443,-0.2589926335670004
891,-1.0392039563571416,-0.5071193738842794,-0.13781701960867992,0.9999634569507245,375,333,0.888,0.4957032649198613,ok,968.9629925046878,-315.77061139356874,-0.12117561395832038
892,-1.4595374657328648,-8.08178234639638,-0.32621077949079486,0.9999069761713223,316,250,0.7911392405063291,0.7693227412875774,ok,970.3935997157226,-307.68365779433645,0.2050351655324748
893,5.284480497773302,9.076253622376953,-0.16485858553348623,0.9994390703173338,324,265,0.8179012345679012,0.5448951797178007,ok,965.1678239918555,-316.79383792608473,0.3698937510659612
894,2.6439220211502743,12.289127981417664,-0.14955047852087552,0.9995189482088594,344,267,0.7761627906976745,0.5299517723007008,ok,962.6354224819368,-329.1064303740685,0.5194442295868369
895,-1.5240157375417311,5.48574875444865,0.23132527262210953,1.0000678937903642,356,309,0.8679775280898876,0.46627065121398614,ok,964.187004604556,-334.58444609894354,0.2881189569647271
896,-0.6574097741843161,1.2373050965684342,0.13591265365513047,1.0000498192054217,356,316,0.8876404494382022,0.35860207858554716,ok,964.8476989575995,-335.82000042192726,0.15220630330959647
897,-1.3250846157473006,2.3479341505511684,0.2869454356476746,0.9999610165791989,357,319,0.8935574229691877,0.5920802762317012,ok,966.1672584150688,-338.1710442012768,-0.13473913233807844
898,-1.5819433056026355,1.49065799562959,0.1627041432318154,0.9999497616028891,343,310,0.9037900874635568,0.38712477735394357,ok,967.7414418895873,-339.6698945175617,-0.297443275569894
899,-0.6383697302517248,0.7349482156866998,0.04986372950030006,0.9999935477157381,344,313,0.9098837209302325,0.2857556055018525,ok,968.3753449197472,-340.40869878162425,-0.347307005070194
900,-1.2854385577584253,1.0073255362748341,0.04224401897654219,0.9999698253580352,340,302,0.888235294117647,0.5044239123982945,ok,969.6539050663262,-341.4247405983739,-0.3895510240467362
901,-0.7711999203559117,1.049028344735916,-0.04230601739320424,1.0000025934264984,348,324,0.9310344827586207,0.4965078061223063,ok,970.4187331540414,-342.47842355897353,-0.3472450066535319
902,-0.0016519988753316284,0.0013495268485712586,0.00012605116402168994,0.9999951698497197,493,489,0.9918864097363083,0.00260721106802751,ok,970.4203769407363,-342.4797830766454,-0.3473710578175536
903,-1.198927200954131,1.144971083449832,-0.2813869209315928,1.000189451437502,341,287,0.841642228739003,0.47225988562729493,ok,971.6179847519227,-343.62613413356894,-0.06598413688596068
904,-2.1091594889969656,-0.6087678884277921,-0.2160602685429346,1.000242436183241,358,297,0.8296089385474861,0.3527374338624736,ok,973.7255424479285,-343.0118437706184,0.150076131656974
905,-2.3020877564817965,-10.338035025104318,-0.038633123604917066,0.9999717273597354,291,223,0.7663230240549829,0.9869530551156508,ok,975.9935684499437,-332.6662826803241,0.18870925526189108
906,5.726409363255698,7.463297945366094,-0.06780584887035722,0.9995492824712039,320,259,0.809375,0.5872995661912684,ok,970.3006297968421,-340.1551430681877,0.2565151041322483
907,3.0230420961665914,10.02179149186668,0.019783481719158592,0.999606307424087,311,252,0.8102893890675241,0.5669241064416712,ok,967.3190208859576,-350.18933942485626,0.2367316224130897
908,-0.5478261262942397,3.522228117947293,0.1533145423627645,0.9999328374127103,323,288,0.891640866873065,0.40987168006013974,ok,967.8719744512641,-353.7107662285997,0.08341708005032515
909,-1.2659226238183692,2.377253558019788,0.17836417928366158,0.9999249703368407,320,295,0.921875,0.3511064714347429,ok,969.1339558979387,-356.0901143319386,-0.09494709923333647
910,-0.7307725314376512,1.1256489297214785,0.07864965370293733,0.9999240714612625,315,284,0.9015873015873016,0.3034590651709205,ok,969.8613145499648,-357.2179722117312,-0.1735967529362738
911,-1.4309864414785807,1.7858313341984058,0.10799874914371532,0.9999439525144019,318,291,0.9150943396226415,0.32724908984566314,ok,971.2835067962174,-359.01081491665525,-0.2815955020799891
912,-1.4385285423968526,1.4853049098489919,0.029006442197884074,1.0000075328363212,316,290,0.9177215189873418,0.5134256271213515,ok,972.7139623632921,-360.5038962651214,-0.3106019442778732
913,-0.5473744018258913,0.5474115045084318,-0.01891450845674209,1.0000590394350903,340,310,0.9117647058823529,0.4289496442798597,ok,973.2585428633406,-361.0540872955911,-0.2916874358211311
914,-1.0759535508223053,1.3531097450544394,-0.09188175646994823,0.9999608503893648,342,312,0.9122807017543859,0.606970693373952,ok,974.3297712264621,-362.41094094272194,-0.19980567935118285
915,-1.1856919995443604,1.9015814459689864,-0.3639955691285482,0.9999943805797693,324,249,0.7685185185185185,0.46479201394828906,ok,975.5209076249255,-364.3091168022494,0.16418988977736546
916,-0.34887449232974177,0.6337066627689865,-0.16785096903092028,1.0000701287931881,343,291,0.8483965014577259,0.4099566127796687,ok,975.8734486991474,-364.94079103539707,0.3320408588082859
917,-2.1409712171478077,-0.35039172582617084,-0.2314009630415904,1.000246745929085,342,277,0.8099415204678363,0.394086057948798,ok,978.0108707279846,-364.569362462419,0.5634418218498765
918,-1.8776618833576322,-1.127289956282084,-0.04346102230463681,0.999859662657271,346,316,0.9132947976878613,0.4583879503896946,ok,979.8764867329995,-363.4222470734625,0.6069028441545132
919,0.008023572157981107,-0.004710272488182454,-0.0005399974690552592,1.0000313338337932,512,500,0.9765625,0.010346122307266302,ok,979.8684136749648,-363.41762212902495,0.6074428416235685
920,0.09773695322064668,5.833379920085349,0.32128716083873854,1.0001665333945922,227,191,0.8414096916299559,1.5322573606994543,ok,979.7998118119358,-369.25141742783944,0.2861556807848297
921,13.567497971462444,5.503735698753417,0.2833506809748331,0.9991470389974573,261,184,0.7049808429118773,0.8985500098838572,ok,966.232583300271,-374.75581733697015,0.002804999809996583
922,9.63713166959701,2.1243386559610826,0.18291259188926623,0.9995303589476113,270,194,0.7185185185185186,0.7470600458599648,ok,956.5888214599659,-376.849851508096,-0.1801075920792697
923,0.9342110738764404,0.40813058034666483,0.0627683491739277,1.0002357508780515,304,282,0.9276315789473685,0.5381597979404739,ok,955.6528887253277,-377.2540183268725,-0.24287594125319742
924,0.39220502039870553,1.351437042695693,0.06399237982506784,1.0000384555731359,308,283,0.9188311688311688,0.5197653041825833,ok,955.2534512536954,-378.60333540030354,-0.30686832107826534
925,-0.19708201028697658,0.2908891598488026,-0.025997841898009078,0.9999987494945602,305,285,0.9344262295081968,0.4054706808313912,ok,955.4491049296792,-378.8951871797575,-0.2808704791802562
926,-1.0292501857245497,0.6968297052785601,-0.11398838134072407,0.9998716420821918,299,273,0.9130434782608695,0.7414479389004457,ok,956.4763211369478,-379.5950117624192,-0.1668820978395321
927,-1.1907381134437856,0.7072885309991079,-0.26634680624593127,1.0000822044161388,327,270,0.8256880733944955,0.47522458846026727,ok,957.6682852989902,-380.3002321232267,0.09946470840639927
928,-0.1655921238357223,0.4393229215829706,-0.21860540995492128,1.0000003357526244,327,278,0.8501529051987767,0.40550158510344675,ok,957.8363137031665,-380.7386290167998,0.31807011836132065
929,-0.2652756128868532,1.0361467652979854,-0.33991276083950983,0.9999966772681512,326,277,0.8496932515337423,0.41265982579728516,ok,958.1134706381758,-381.7716611089472,0.6579828792008305
930,-0.9256102591293711,0.3252830947011489,-0.11453423043719518,1.0000042155623645,341,312,0.9149560117302052,0.6032001213573777,ok,959.0433824134293,-382.0844350428806,0.7725171096380258
931,-0.6535600186762167,-8.42939968264568,0.2270227968394758,0.9997974916315047,308,240,0.7792207792207793,0.7751395476392435,ok,959.6166604764195,-373.64919515475094,0.5454943127985499
932,11.004857490293944,13.469082847438585,0.34193944374838614,0.9991655439065666,309,242,0.7831715210355987,0.7567571647126562,ok,948.6597239820157,-387.1572899053234,0.20355486905016362
933,0.03349701633715085,3.8488032681127606,0.2104411191371354,1.0000690463807955,328,297,0.9054878048780488,0.43501984144475714,ok,948.6257643869665,-391.0060891197073,-0.0068862500869718525
934,-2.2284808501217412,3.248102819947462,0.4910166569365482,0.9999441071280136,328,263,0.801829268292683,0.4230316437142362,ok,950.825935288972,-394.27343465244167,-0.49790290702352036
935,3.0178208047741464,0.5845891718372513,0.293177414755145,0.9997992495559987,339,277,0.8171091445427728,0.40891060677043806,ok,947.8003309856134,-394.8163025084192,-0.7910803217786655
936,6.141442223143258,0.26285030902249673,0.008949448423582355,0.9997529079786549,356,297,0.8342696629213483,0.42838442896879536,ok,941.6558173502119,-394.9933760793697,-0.8000297702022479
937,2.040008642283283,0.14977338195069478,-0.07260602209182229,1.0001453428419131,342,303,0.8859649122807017,0.45330045360432425,ok,939.6140716543259,-395.1172382602864,-0.7274237481104255
938,1.7448708487618205,0.457499268746119,-0.3269913792230305,0.9998841601811608,348,286,0.8218390804597702,0.3955095507645012,ok,937.8660460450039,-395.56253179147234,-0.4004323688873948
939,0.27491959151802803,0.38926351768816403,-0.3954487074956354,1.0000032276150446,333,260,0.7807807807807807,0.3862716407632617,ok,937.591092595879,-395.9517713948245,-0.004983661391759474
940,-0.23273061510212756,0.1491334729709024,-0.11563630879676645,0.9999864114204895,336,300,0.8928571428571429,0.5466681193187426,ok,937.8241107912604,-396.1004551282565,0.11065264740500703
941,-0.07329753570184039,0.6208894536756588,-0.1535112493431473,1.0000545301426431,342,311,0.9093567251461988,0.6005677413905525,ok,937.9002701670854,-396.7210000435525,0.2641638967481544
942,-0.6347226291568404,0.8362030230305209,-0.06236651901528635,1.00010879748178,358,335,0.9357541899441341,0.5091637056989727,ok,938.5397480097467,-397.5535722028487,0.3265304157634407
943,-0.8891819190503156,-0.004311537391572529,0.022655141683328522,0.9999222935646047,367,337,0.9182561307901907,0.3764898703728138,ok,939.4288945565154,-397.54454486159443,0.30387527408011217
944,-4.106168319326798,-2.3748813550341765,0.15158361552872138,1.000281990791494,366,302,0.825136612021858,0.4603967970145008,ok,943.5287359654703,-395.1587577506914,0.15229165855139085
945,-0.6483426077998047,-6.474711247554751,0.22144970791099766,1.000067631624954,358,286,0.7988826815642458,0.8022159232458881,ok,944.1848933064759,-388.68483379221414,-0.06915804935960687
946,4.897367128157839,7.8869884853837675,0.1168521898625483,0.999510681827336,324,257,0.7932098765432098,0.5434642071868778,ok,939.2619469936185,-396.55588148342156,-0.1860102392221552
947,-10.999883631443936,10.098770054608963,0.30503205151228785,1.00006573465742,329,270,0.8206686930091185,0.7650028787203836,ok,950.1748781787734,-406.74855186312357,-0.4910422907344434
948,-3.442885178610595,-0.054741056753641715,0.035483174747993576,0.9999020357934695,357,329,0.9215686274509803,0.5021090951871898,ok,953.6181210261391,-406.72545142031163,-0.526525465482437
949,-0.0892424497110369,0.17747388350846904,-0.02696071921081154,1.0000240319768934,368,339,0.9211956521739131,0.30245444520404663,ok,953.7058126996887,-406.90369665740957,-0.4995647462716254
950,0.5033048304094336,0.05613316528615542,-0.13301753919449472,1.0000377541745353,339,315,0.9292035398230089,0.5368773641532054,ok,953.2021590617483,-406.95660882565005,-0.36654720707713057
951,0.6988840566395993,-0.05490945720441687,-0.10618568329801857,1.0000369074162683,327,300,0.9174311926605505,0.44114032367368206,ok,952.5035317377001,-406.8985241012464,-0.2603615237791119
952,1.1295962027761561,0.5931246249415381,-0.24380254810571184,1.0000473899795321,336,279,0.8303571428571429,0.4961178088011169,ok,951.3737641639568,-407.4913222383526,-0.016558975673399902
953,0.5573779306655524,0.7071873648786777,-0.18531931915116664,1.0000128473422487,356,319,0.8960674157303371,0.6901916306570374,ok,950.8184716144323,-408.2001482473843,0.16876034347776683
954,-0.16206372390638535,0.6632283828500931,-0.0584964257301387,0.999973115569366,375,343,0.9146666666666666,0.42254249830868607,ok,950.9831646716802,-408.86272860878876,0.22725676920790552
955,-1.0427345218688515,1.4395198900627975,-0.00869635981293183,0.9998999543471688,345,301,0.8724637681159421,0.6665381723372015,ok,952.0318185065814,-410.2979421578925,0.23595312902083734
956,-1.5514332322104565,0.5526773329888783,0.11772396331076311,0.9999640429112495,355,326,0.9183098591549296,0.49715714512712267,ok,953.5843888781575,-410.84741695231924,0.11822916571007427
957,-1.4853422492228674,-0.6974062349612495,0.06323401599901195,1.0000707055780624,377,344,0.9124668435013262,0.37830769801088,ok,955.0690610403683,-410.14858533837617,0.05499514971106233
958,9.974968996185908,3.974793156137025,0.16160106744740793,0.9991870110798855,292,229,0.7842465753424658,1.319506977778736,ok,945.0867137181292,-414.10481195563784,-0.10660591773634553
959,-1.702067344938996,7.452849149355984,0.06367246884650404,0.9999279211612914,349,292,0.836676217765043,0.4103470396264237,ok,946.7666243188976,-421.5626865900889,-0.17027838658284958
960,-7.699794370439577,5.6461687899987965,0.062116049904532455,1.0002423364061068,306,239,0.7810457516339869,0.5157041309280669,ok,954.4434542834534,-427.2400395866456,-0.232394436487382
961,-4.067109620610154,2.6296120294093726,0.017828603531903863,0.9998086947024234,325,293,0.9015384615384615,0.7293448743166359,ok,958.4990410720052,-429.88738842875136,-0.25022304001928586
962,3.702837298445502,1.3718013290483668,-0.1274133688817493,0.9999333671423966,337,287,0.8516320474777448,0.4794381975347222,ok,954.7932719173955,-431.25124982855755,-0.12280967113753667
963,4.58823469852814,1.4637103281793316,-0.19754616900432032,0.9996756949152809,305,253,0.8295081967213115,0.5475925959578974,ok,950.2069503824257,-432.72094379379905,0.07473649786678344
964,0.11100559446049374,0.4587491202584033,-0.10525866099518587,0.9999837340229514,356,319,0.8960674157303371,0.38011758022595216,ok,950.09738649746,-433.180039374752,0.17999515886196918
965,-1.1583444675120518,1.3863104029204578,-0.20597195418952693,1.0000028464969628,360,286,0.7944444444444444,0.3948514710695298,ok,951.2650433492977,-434.5585153139757,0.38596711305149584
966,0.029011758034357626,0.023924263183516814,0.003109629855938253,1.0000477249296487,481,479,0.9958419958419958,0.05910681923611531,ok,951.2361921026543,-434.5826329017543,0.3828574831955575
967,-0.027009530771465506,-0.027107690785442173,-0.002813995004620518,0.9999382927371214,495,495,1.0,0.05235996591279436,ok,951.2630185546167,-434.555344018902,0.38567147820017805
968,-2.061730149886671,1.4507645587241313,-0.039278973817395514,0.999991267999128,346,311,0.8988439306358381,0.5685075884761737,ok,953.3354519077327,-435.9907774073582,0.4249504520175736
969,-0.2714951239202037,0.517846049142463,0.05134113122164002,0.9999485022122184,384,363,0.9453125,0.32708544909209736,ok,953.6103179611412,-436.50684211803764,0.3736093207959336
970,-1.0949560887797816,0.268529437044549,0.07769555875562523,0.9999263360585513,383,354,0.9242819843342036,0.36228048996709283,ok,954.7066463062421,-436.7697129126185,0.2959137620403085
971,-3.2826635585834083,-9.016280495525734,0.7976127866004837,1.0000934188210309,326,239,0.7331288343558282,0.8589289992016433,ok,958.0681322666693,-427.78252168561653,-0.5016990245601749
972,-2.22559312353269,14.431430373069588,0.1614261564702124,0.9997504544856312,319,265,0.8307210031347962,0.5902105045768056,ok,960.1265547585205,-442.23874332923117,-0.6631251810303873
973,10.456410383308594,6.12496924387483,-0.11069841264146492,0.999446528364291,317,265,0.8359621451104101,0.6799389902399061,ok,949.6115764017644,-448.2626122271679,-0.5524267683889224
974,5.78234264467892,0.6617367092379709,-0.1401978235423294,0.999589560945215,312,262,0.8397435897435898,0.5188905767677687,ok,943.8246224256914,-448.8827296447919,-0.4122289448465929
975,4.133828018277654,0.9519757360819767,-0.3104983496706024,0.9997370773244327,329,284,0.8632218844984803,0.5255983288408259,ok,939.6891106591584,-449.82736413265116,-0.1017305951759903
976,-0.7393096047699146,0.7018507237098675,-0.28562730774284784,1.00004555207768,362,304,0.8397790055248618,0.4383406232020908,ok,940.4306691143167,-450.52683835494975,0.18389671256685783
977,0.010272468087805464,-0.0102202287145019,0.00010545752312148465,0.9999934005489441,516,516,1.0,0.01575655715827536,ok,940.420363915069,-450.51665113039894,0.18379125504373636
978,-2.585134825380919,1.2965878314882957,-0.08777626769345313,1.0000662216298373,351,314,0.8945868945868946,0.6552042428692301,ok,943.0116151785215,-451.80097155763417,0.27156752273718965
979,-2.1196830044727903,0.9127121389940385,0.06208751915225655,0.9999999943887621,343,325,0.9475218658892128,0.4761759156775711,ok,945.1346209897345,-452.7059278072252,0.209480003584933
980,-0.4455546968838462,0.6595532916594493,0.053271070961514316,0.9999667305189115,372,337,0.9059139784946236,0.33860722857366166,ok,945.5819722083197,-453.3642639065574,0.15620893262341853
981,-0.7534810742110949,1.2987584189270365,0.15828604055165793,1.000019970198851,347,320,0.9221902017291066,0.5823548478237489,ok,946.3354061989621,-454.6630496401076,-0.00207710792823977
982,-0.8542790002734364,1.0901458778342885,0.3536115963197095,1.0000826243468826,324,288,0.8888888888888888,0.4335061117898323,ok,947.1829012223266,-455.75847778957245,-0.35568870424794996
983,-2.968150380975203,-1.165005702107237,0.31675567234042784,1.0002039612311941,351,308,0.8774928774928775,0.42075196563405903,ok,950.1645198078829,-454.6283868285028,-0.6724443765883784
984,11.431726054555838,0.6915397093988531,0.20408342232806165,0.9987706324830105,245,144,0.5877551020408164,1.5422616628837145,ok,938.7235524890386,-455.14496650797093,-0.8765277989164405
985,4.751148842841303,6.931532928488423,-0.07874812596240562,0.9996736127820351,335,281,0.8388059701492537,0.450898082547995,ok,933.8763534740357,-462.00967522535336,-0.7977796729540346
986,4.966359904032288,6.141358204251105,-0.32920269285363296,0.9997856497075919,284,231,0.8133802816901409,0.6849984211972874,ok,928.8599348879654,-468.1102125671481,-0.46857698010040105
987,1.6589453804494951,1.0154886130561636,-0.43342428438920133,0.9998036657318535,303,244,0.8052805280528053,0.4449223567653512,ok,927.2003667867709,-469.1246831759179,-0.03515269571119902
988,0.64567202243461,0.3565284192490026,-0.1190765206178471,1.000127935951667,381,344,0.9028871391076115,0.5160744058005104,ok,926.5552176807448,-469.48215695856595,0.08392382490664825
989,-0.018713650367317314,0.029194904356359075,0.005446471639768683,0.9999617172108325,500,492,0.984,0.100959404967952,ok,926.5739713014623,-469.5113262036788,0.07847735326687957
990,0.02968460284137109,-0.026145335465685093,-0.005392062797561717,1.000005681205481,512,506,0.98828125,0.0978926961727252,ok,926.5442484589619,-469.48522434845427,0.08386941606444129
991,1.3278769162277513,0.9359783987362107,-0.26745784825927843,0.9999248376187726,360,282,0.7833333333333333,0.4409205642836028,ok,925.2221357189751,-470.4293273991408,0.3513272643237199
992,2.3811304523096624,2.466623818111316,-0.052529493401591104,0.9999938953161778,302,256,0.847682119205298,0.6903184206934478,ok,922.8584505924878,-472.91267351150907,0.4038567577253111
993,-1.5904902333422797,0.3363755259520076,0.6309982870274095,1.0001411233848496,327,278,0.8501529051987767,0.6123726206409256,ok,924.4475948148788,-473.2553516655512,-0.22714152930209877
994,-0.3460807452502195,0.8251949220050392,0.2108305168671372,0.9999907746501451,343,308,0.8979591836734694,0.6222279591026458,ok,924.7873576758476,-474.08316791318236,-0.437972046169236
995,-0.31211858046344787,0.5830505216922575,0.15072130111917814,0.9999393207713023,364,337,0.9258241758241759,0.5184983184239381,ok,925.0934692543889,-474.6693945081089,-0.5886933472884143
996,-2.615337616497982,-0.6970661925242894,0.2284448257960856,1.0002207873570317,365,313,0.8575342465753425,0.4853614754556431,ok,927.7184819466091,-474.0096972360881,-0.8171381730845
997,10.030909105269984,2.5946870303314427,-0.05555700340390821,0.9998728914695412,356,272,0.7640449438202247,1.1753870611849495,ok,917.6539711371379,-476.47082714521423,-0.7615811696805918
998,-0.6378502589655,6.192633473492492,-0.13488394123581188,0.9999147225397476,378,332,0.8783068783068783,0.3984160513149537,ok,918.2240499996648,-482.6700668066875,-0.6266972284447797
999,-8.647235365890083,7.631793435413215,-0.48491055911790126,1.0001080018702109,326,271,0.8312883435582822,0.621599465121704,ok,926.8523729341211,-490.3232356832152,-0.14178666932687814
1000,1.0729382175850333,2.3181957390731895,-0.1369635068258102,0.9997787542122176,272,228,0.8382352941176471,0.609789667572435,ok,925.7792395744677,-492.64134109406507,-0.0048231625010678285
1001,2.3334255417767054,0.863413629730303,-0.0647929998089535,1.00012509454081,384,359,0.9348958333333334,0.34847161703419477,ok,923.4467190207886,-493.50719657951447,0.059969837307885715
1002,4.557444399772976,2.4892369522234503,-0.08057135254466709,0.9997040153343173,320,269,0.840625,0.48970111117618687,ok,918.8953941908821,-496.0076050169537,0.14054118985255287
1003,0.09210626496883378,1.58590530150434,0.03935342230556547,1.000118663054419,332,313,0.9427710843373494,0.41125096996441174,ok,918.8060888715468,-497.5936705103445,0.10118776754698737
1004,-0.4040607831670968,1.1065242057262594,0.05146544941477526,0.9999887263063909,339,318,0.9380530973451328,0.3168980131424967,ok,919.2111097642462,-498.69984364816196,0.04972231813221213
1005,-1.39325892185866,2.105141067767704,0.14225546377365383,1.0000386880231522,344,321,0.9331395348837209,0.5628454234839927,ok,920.6009670508092,-500.8072320939706,-0.09253314564144169
1006,-1.020546964659843,2.1049713254453764,0.178375083911932,0.9999974021968325,369,336,0.9105691056910569,0.529635957125245,ok,921.6115498339356,-502.9170052634064,-0.27090822955337374
1007,-0.8051919734489275,1.5744500423315912,0.11075732330652881,0.9999689006030282,345,314,0.9101449275362319,0.443922871443167,ok,922.406236104141,-504.49678397634443,-0.38166555285990256
1008,-1.7226792050473705,0.0217367930860064,0.02467573606375834,1.0000250800357393,343,312,0.9096209912536443,0.5038343250861532,ok,924.1287178312143,-504.530737349894,-0.4063412889236609
1009,-1.6532605671109195,-0.824239540841063,-0.018267397634718577,0.9998087080721016,323,299,0.9256965944272446,0.4068422317348019,ok,925.787523145642,-503.7177144398378,-0.38807389128894226
1010,-3.270048401531767,-8.362582743560552,-0.06524108289354298,0.9998505372469383,231,169,0.7316017316017316,0.9042490909305013,ok,929.1046383243338,-495.3736894169517,-0.3228328083953993
1011,-6.229846462926389,10.372607123821922,-0.17930903590851333,1.0000411717294613,299,225,0.7525083612040134,0.7365839840381858,ok,935.308482278132,-505.7618695123157,-0.14352377248688605
1012,3.216241142201852,2.338735067180778,-0.14844925004079498,0.9998197791861954,306,245,0.8006535947712419,0.4601828357438556,ok,932.0924421990464,-508.10088105759917,0.004925477553908837
1013,7.0580374947953715,1.3496713548169055,-0.2495225111322805,0.9998721182482088,299,244,0.8160535117056856,0.5537221684462794,ok,925.0404681140265,-509.4818834284,0.2544479886861891
1014,-1.4421250540467554,-0.11951479775473217,-0.0402129977373683,0.9999372859169176,303,259,0.8547854785478548,0.5471796135710927,ok,926.4819594586216,-509.35495367676515,0.29466098642355737
1015,-1.9956586344073912,0.3466878978759951,0.06529063420951511,0.9997961782615262,287,261,0.9094076655052264,0.4821057866727782,ok,928.478989982494,-509.6936496618913,0.22937035221404228
1016,-2.1299634087804407,0.8081146718152468,0.1861154690676752,0.9998244703946755,302,274,0.9072847682119205,0.5043923365506757,ok,930.6095628624408,-510.50015610872356,0.04325488314636737
1017,-0.12949045773439138,0.5240109184286439,0.11258799510855197,1.0000158997408604,346,326,0.9421965317919075,0.35355551216179193,ok,930.7384191245819,-511.0243233387025,-0.06933311196218442
1018,0.04655580280314098,1.484348898526946,0.3868628484007944,0.9998740266757287,308,259,0.8409090909090909,0.5230641204497132,ok,930.6800463560139,-512.5082545080033,-0.4561959603629782
1019,-0.14262672594531978,1.960713272408384,0.2463473873152863,0.9999253388901966,332,303,0.9126506024096386,0.6689263123669272,ok,930.7986212953699,-514.4705691879944,-0.7025433476782641
1020,-0.5134039277509146,1.3366517823296817,0.06688394392447293,0.9999376836686839,351,328,0.9344729344729344,0.37061801559885527,ok,931.2940295202156,-515.8139947612923,-0.7694272916027369
1021,-0.8087138762625727,1.379315564763374,-0.10700287061023882,1.00007590909504,322,290,0.9006211180124224,0.730552166037203,ok,932.0867427635305,-517.2025678687415,-0.6624244209924982
1022,-2.7867042346920243,-0.45322861269949044,-0.3902204099622093,1.0002474879870646,324,265,0.8179012345679012,0.510018462161071,ok,934.8755687653177,-516.7625835522317,-0.2722040110302895
1023,0.6862827984477917,-7.354747646223132,-0.16477907304350387,0.9995745748229774,321,268,0.8348909657320872,1.2283250035755044,ok,934.2030767201636,-509.4065621093406,-0.10742493798678585
1024,0.6961553175908648,10.861098262054156,-0.18322927277339565,0.9996349301472807,319,255,0.799373040752351,0.6257889131913387,ok,933.5212916232931,-520.2685719033839,0.07580433478660957
1025,14.65369857920291,5.14306849216382,-0.19451691851238037,0.9991554974118938,299,234,0.782608695652174,0.9760628508861534,ok,918.892021021763,-525.4807189880728,0.2703212532989897
1026,10.628261137912432,1.0899760643322907,-0.08374745170434418,0.9993528924086975,304,250,0.8223684210526315,0.7516007547659971,ok,908.2706984642975,-526.6363529122715,0.35406870500333376
1027,2.4202853980254986,0.7111331308494755,0.035765379045545685,1.0000892123797844,353,328,0.9291784702549575,0.476202110007863,ok,905.8544010525911,-527.3609207530347,0.31830332595778815
1028,0.6972308533117939,0.5440451614722406,0.03871826889745259,1.000025683973309,349,327,0.9369627507163324,0.28008821849171894,ok,905.1598332558816,-527.9083616871137,0.2795850570603356
1029,0.16662106302783286,1.1308101372114834,0.11474730264796412,1.0000531209064112,317,283,0.8927444794952681,0.5078806753687123,ok,904.9964661751998,-529.0396465062527,0.16483775441237167
1030,-0.5872523887742318,1.7650348308876573,0.26126042591482446,1.000055257149428,327,295,0.9021406727828746,0.6979667190611093,ok,905.5807473688661,-530.805667120259,-0.09642267150245244
1031,-1.0605803754206136,1.9558101538683559,0.21066342469370797,0.9998535198943193,369,335,0.907859078590786,0.6308583237263478,ok,906.6308300771705,-532.7671335095766,-0.3070860961961601
1032,-0.40812207476619733,1.0458099440070328,0.049254986493804415,1.0000351346757368,349,331,0.9484240687679083,0.3846120839653753,ok,907.0324400687205,-533.8154614552037,-0.3563410826899645
1033,-0.2335531866203837,2.145078418843923,-0.06489676307071514,1.000012460012555,344,314,0.9127906976744186,0.878576321385689,ok,907.2550789899597,-535.961700124299,-0.2914443196192494
1034,-0.971999659877838,1.2256011084474494,-0.2541317930140154,1.000074834264245,378,318,0.8412698412698413,0.48982503212851536,ok,908.2262802999351,-537.1879339646953,-0.03731252660523418
1035,-2.8546899620873774,-0.7513702895070082,-0.29692000843441124,1.0001224140196223,355,308,0.8676056338028169,0.493995550336886,ok,911.0775365075363,-536.4236368168453,0.2596074818291767
1036,1.9847063381707812,-9.859330632730575,0.02652678515719284,0.9996767347766286,340,247,0.7264705882352941,1.3162863790219257,ok,909.052738693039,-526.5724615780892,0.2330806966719839
1037,12.509601582997675,13.926549598482325,-0.2966717551706191,0.9990707288683705,242,175,0.7231404958677686,1.1518715335615495,ok,896.6724338027423,-540.6140770943903,0.5297524518426027
1038,-3.6219924743090814,5.519922800083009,-0.022488546999206452,0.9999864719958831,318,248,0.779874213836478,0.4389728413071259,ok,900.3474605691838,-546.0988337406568,0.552240998841809
1039,-1.539868387218121,0.37195219113175426,0.07337232625549181,0.9998724806331811,327,293,0.8960244648318043,0.43610929154941075,ok,901.8903838530459,-546.4579031247001,0.47886867258631727
1040,4.434238750478016,1.5021105543637532,0.16957303521032896,0.9997444305483575,335,275,0.8208955223880597,0.4399605541533274,ok,897.4643184058909,-547.9839287048509,0.3092956373759886
1041,6.983373540512275,1.1454707730590599,0.24211393390061825,0.9995965143111218,307,251,0.8175895765472313,0.591512882576787,ok,890.4822927781345,-549.1375869868446,0.06718170347537053
1042,2.1248179786239234,1.019306607286694,0.09198750369687408,1.0001076624840202,327,306,0.9357798165137615,0.5730345449195924,ok,888.3570336971161,-550.1559735737999,-0.02480580022150349
1043,0.6883837359246172,1.211041162477386,0.19410181301505797,0.9999626665904912,335,311,0.9283582089552239,0.7078720640961644,ok,887.6640280219166,-551.3643758243945,-0.2189076132365613
1044,-0.19651455582084054,1.318741591724006,0.052743267589695914,0.999992708574876,356,328,0.9213483146067416,0.43546268403164257,ok,887.8542879717911,-552.6840343059215,-0.2716508808262572
1045,-0.016990716453619825,0.7657565912132895,-0.02295613418721276,1.0000119823938758,361,347,0.961218836565097,0.4858163485691955,ok,887.8679547398574,-553.4498574322913,-0.2486947466390445
1046,-0.6651920017557131,2.8657566730126973,-0.33467942043399673,0.9999243943575118,347,297,0.8559077809798271,0.7778920026739297,ok,888.5374466768718,-556.3146126145692,0.08598467379495185
1047,-0.4995629151758294,0.27202835774289724,-0.09881734066062878,0.9999763468363682,359,327,0.9108635097493036,0.4596084764575729,ok,889.0378843932439,-556.5850282680873,0.18480201445558053
1048,-2.8458447776902176,-0.8299673939742434,-0.18165931353207954,1.0001576555275273,341,282,0.8269794721407625,0.6012752468987994,ok,891.8783625624831,-555.7368760742899,0.3664613279876599
1049,1.7953219673677268,-7.994950686955349,0.004996658512775205,1.0001017989607979,360,299,0.8305555555555556,1.4229497231771062,ok,890.0326385227072,-547.7534106473995,0.36146466947488465
1050,8.210570476408293,17.02779457259578,-0.11830609100021776,0.9991775404305996,320,255,0.796875,0.892588305794047,ok,881.964937818256,-564.849359316543,0.47977076047510236
1051,0.30294682651879157,6.642928940339516,0.07007538749855648,0.99977950965419,342,296,0.8654970760233918,0.44393075048164354,ok,881.7094988156331,-571.4942846435903,0.4096953729765459
1052,-1.5500818850196083,2.6884989696944785,0.1543026840317729,0.9999451112434515,387,353,0.9121447028423773,0.29401775153905274,ok,883.2715490936,-574.1758475254593,0.2553926889447733
1053,-1.1771687767882213,0.9796483255878456,0.1191685741275644,0.9998861427050691,355,326,0.9183098591549296,0.39187601592285204,ok,884.4510437130634,-575.1526942962113,0.1362241148172091
1054,-2.912404579833492,2.634627728130795,0.34247395208579795,0.9996935746950679,322,289,0.8975155279503105,0.7162503962238926,ok,887.3539454722533,-577.7977888274074,-0.2062498372685885
1055,-0.750778488511969,0.6781058003003864,0.06308371666547001,0.9999563858911307,393,366,0.9312977099236641,0.31792015875886026,ok,888.1015280667066,-578.479416350094,-0.2693335539340585
1056,-1.4073840748387738,1.5727075250408689,0.04455924492723458,0.999769988894373,348,318,0.9137931034482759,0.5756609430594841,ok,889.5002750446663,-580.0598105367062,-0.31389279886129307
1057,-0.5669199942924479,0.8836932100107333,-0.0258392722718499,0.9999200665995218,403,370,0.9181141439205955,0.4311995693870043,ok,890.0627451409594,-580.9463427471329,-0.28805352658944317
1058,-0.957476826995844,1.935361495766415,-0.1951877067064577,0.9999365711524926,414,359,0.8671497584541062,0.48521952281644537,ok,891.0170838500387,-582.8832535922371,-0.09286581988298565
1059,-0.6582727489162608,1.6305476398785004,-0.27108540684518223,0.9998640556351925,388,328,0.845360824742268,0.48848316996526286,ok,891.6804252550136,-584.5117457777652,0.17821958696219647
1060,-1.5124577756637336,0.6284154546806349,-0.20797325078170445,1.0000195157265817,366,318,0.8688524590163934,0.5046857767649784,ok,893.1970843733076,-585.1299525601137,0.3861928377439008
1061,-1.5513866437941033,-0.6495388579522796,-0.0524560802545374,0.9999246236799921,404,373,0.9232673267326733,0.38066323382871947,ok,894.7434528170429,-584.4685556424059,0.4386489179984381
1062,-0.7139550949102613,-8.511017591443533,0.03017303674462061,1.0000993545652546,280,181,0.6464285714285715,1.471720013774134,ok,895.3967131181998,-575.9526644207931,0.4084758812538175
1063,-2.1229750943384715,13.021742725825334,0.0860575343324062,0.9993813624408439,309,255,0.8252427184466019,0.7240136209283436,ok,897.5929309671557,-588.9622544999885,0.32241834692141136
1064,4.641376516279706,3.473098049730538,0.029151893966023013,0.999728878487987,342,283,0.827485380116959,0.5000363196745489,ok,892.9693921035716,-592.4590636749147,0.29326645295538833
1065,14.989288520777336,2.9681342281455727,0.25826991231255303,0.999769690715327,338,279,0.8254437869822485,1.0471478247080837,ok,877.9819193296173,-595.4363528791032,0.03499654064283532
1066,1.2714859348361642,0.4564564858577569,0.37619006536407035,0.9999459237126652,329,288,0.8753799392097265,0.3949111705104433,ok,876.7077377794072,-595.885229680767,-0.34119352472123504
1067,-0.0057309481817355845,0.31172008081830427,0.10039480629325878,1.0000253982819205,393,381,0.9694656488549618,0.33579752153075637,ok,876.7110661014106,-596.1969846724271,-0.44158833101449385
1068,0.0022896487555499334,0.00474116133671032,1.8385523733307144e-05,0.9999979337922514,530,528,0.9962264150943396,0.005232472852537962,ok,876.7087399785662,-596.2017080456661,-0.44160671653822714
1069,-0.06517742756113876,0.007750908497087039,1.2077103273536661e-05,0.9999848014501965,494,486,0.9838056680161943,0.06560152019761356,ok,876.7738557289837,-596.2099610871428,-0.4416187936415007
1070,-0.8926930858247033,1.0193933152268073,0.0793732990931161,0.9999058727163115,363,333,0.9173553719008265,0.4619882920097701,ok,877.6572426661205,-597.237429430161,-0.5209920927346168
1071,-0.7877071130162676,0.41843360236123317,-0.04943861786521026,0.999902670856341,394,381,0.9670050761421319,0.3719307984942643,ok,878.4414793644745,-597.6623317441533,-0.47155347486940635
1072,-1.020916099620763,2.2691323638064205,-0.31142179266420805,0.9999962891837277,349,289,0.828080229226361,0.5484698257683616,ok,879.4560496570762,-599.9343085240321,-0.1601316822051985
1073,-2.2249917420163,2.27116603301306,-0.717889477782407,0.9997448972275315,353,307,0.8696883852691218,0.8904059906293711,ok,881.7030447681369,-602.1837076376675,0.557757795577208
1074,-1.7514477585182249,0.24928330666375587,-0.11865436529371517,0.9998692510804991,416,398,0.9567307692307693,0.640337864230238,ok,883.4573133515753,-602.4122971277174,0.6764121608709232
1075,1.1540048694168945,-8.511379238486143,0.11887170634142388,1.0007206058881002,345,265,0.7681159420289855,1.496039318420925,ok,882.220540903711,-593.9125502084157,0.5575404545294993
1076,8.55532978093379,6.529029098243882,0.03699972551131211,0.9994999112901032,255,198,0.7764705882352941,0.7775660714890632,ok,873.7248805887425,-600.5190352374556,0.5205407290181873
1077,-1.0476014416233284,8.460388896438417,0.3129660743262029,0.9998604651778844,274,212,0.7737226277372263,0.8459109065294566,ok,874.8031259027752,-608.975573305852,0.2075746546919843
1078,-3.8145029178715504,2.3308018751945383,0.2656584502992843,0.9998123037334199,345,307,0.8898550724637682,0.6865907854840623,ok,878.6152640024752,-611.310240948296,-0.05808379560730003
1079,0.08294629250121943,0.22679937003442774,0.08142552927735677,1.0000776522131931,327,302,0.9235474006116208,0.3867548543523784,ok,878.531765723284,-611.5368376805314,-0.13950932488465678
1080,4.623821157728116,1.1048762937682568,0.05590006347277149,0.9997280466777108,362,310,0.856353591160221,0.5401036801291179,ok,873.9042032427142,-612.6259378649082,-0.19540938835742827
1081,4.407509839766135,0.7045958076606667,-0.05844886000722199,0.9997991125891404,397,341,0.8589420654911839,0.4111377341468293,ok,869.4950217225667,-613.3199959044102,-0.13696052835020628
1082,0.9841701590780758,1.1370452489366016,-0.16464867172402287,0.9999946099511,371,331,0.8921832884097035,0.6160009005938216,ok,868.5114011546652,-614.457516620068,0.027688143373816487
1083,-0.2271465482572239,1.258507382581115,-0.23756003800585923,0.9999365055888314,388,331,0.8530927835051546,0.4815274120249413,ok,868.7443714501926,-615.7149589558423,0.2652481813796756
1084,-0.4391180864472517,1.5891838686723077,-0.3893479689079013,0.9999015172138671,405,358,0.8839506172839506,0.4873296151356868,ok,869.2016166836911,-617.2990223569526,0.6545961502875767
1085,-0.24980438527018123,1.6401307595086791,-0.21560647956657422,0.9998079913007666,360,308,0.8555555555555555,0.5487700999080416,ok,869.4763014440503,-618.9351700952737,0.8702026298541506
1086,-1.1706180447899897,0.6907771223914096,0.004927547512240193,0.9999230669280654,356,345,0.9691011235955056,0.5587638868648824,ok,870.6572176513837,-619.6081905636587,0.8652750823419104
1087,-1.213884647983832,-0.16020482641999934,0.08268672659272182,0.9999466050656749,397,378,0.9521410579345088,0.35193790308395645,ok,871.8688009406019,-619.4314210575052,0.7825883557491887
1088,-1.7161842926484496,-0.6453927335091976,0.11508869785134751,0.9999570774794349,374,338,0.9037433155080213,0.6266576734228424,ok,873.5773500724532,-618.7660789118006,0.6674996578978412
1089,-4.641373055957956,1.42326745150865,0.6321291586117129,1.0000434141094525,352,251,0.7130681818181818,1.1303819967119515,ok,878.2196008720193,-620.1864808257061,0.03537049928612883
1090,6.3743618146349945,13.475978638940774,0.30211936966725367,0.9992379982996294,380,331,0.8710526315789474,0.8613089917098915,ok,871.7825689792696,-633.6326367534348,-0.26674887038112444
1091,8.165823347975675,3.531636448505651,0.12891062305817988,0.9996717958142144,396,342,0.8636363636363636,0.6545012419330967,ok,863.5925525947325,-637.107799854035,-0.39565949343930423
1092,0.9784830798630537,1.1957011693688173,0.024359808981115418,1.0000455164492477,390,364,0.9333333333333333,0.3312893089714092,ok,862.6053305346545,-638.2962959743921,-0.4200193024204196
1093,-0.9789566588854086,1.6126174138593115,-0.06914497966415065,0.9998572933159464,395,380,0.9620253164556962,0.5026251600328178,ok,863.5743933713167,-639.9148781570627,-0.35087432275626906
1094,-3.0155730823644262,1.0844801769218293,-0.29401741052255764,0.9999764940620949,385,340,0.8831168831168831,0.5434604455568626,ok,866.5888887956743,-641.0023502742887,-0.05685691223371175
1095,-1.2945115499335316,0.510069464016965,-0.11958574274727281,0.9998997818688595,402,381,0.9477611940298507,0.4754633529186595,ok,867.8839580062804,-641.5110021697673,0.06272883051356096
1096,-2.740394966113854,1.3326172918009433,-0.19353884156705142,1.000003395269373,373,335,0.8981233243967829,0.49191072474740466,ok,870.6302859584005,-642.8313491681397,0.2562676720806122
1097,-2.0500085062562903,1.480429601904234,-0.1472070238060028,0.9999646981977338,369,321,0.8699186991869918,0.45953563858936536,ok,872.6906686783757,-644.297306101049,0.4034746958866149
1098,-0.615774293702998,0.698820678398306,-0.044734767109483584,0.9999623647784515,421,395,0.9382422802850356,0.42338978782181225,ok,873.3118907613207,-644.9912884099041,0.4482094629960985
1099,-0.9576141471661686,1.4515181869087428,0.02380127427642285,0.999970505572863,405,379,0.9358024691358025,0.48333341634317245,ok,874.2802303989915,-646.4356734859472,0.42440818871967567
1100,-2.059430790771785,0.45286038667222783,0.15475681074683276,0.9998478902789328,413,389,0.9418886198547215,0.5605253723674043,ok,876.341769673282,-646.8788365849907,0.269651377972843
1101,-2.230646152506324,-0.9468681953860596,0.09139503515508018,0.9999437032098271,392,370,0.9438775510204082,0.5547001002387982,ok,878.5694591764391,-645.9250330860201,0.17825634281776284
1102,-2.259780956398572,-5.584603351788246,0.41961128570927314,1.000625754670013,333,238,0.7147147147147147,1.4073793416918212,ok,880.8527448115135,-640.3499984425074,-0.24135494289151027
1103,4.259397501850117,11.20410387210336,0.13994554895647057,0.9993389139887016,325,267,0.8215384615384616,0.7956371254742762,ok,876.5188794404187,-651.5255083459022,-0.38130049184798076
1104,3.4121240752522226,2.313506822873478,2.394227496840295e-05,1.0001367778720454,359,337,0.9387186629526463,0.6624696714153271,ok,873.091433809993,-653.8162551618715,-0.38132443412294925
1105,4.929486050994683,3.1049646673994857,-0.12637983132173453,0.9996699284790717,383,321,0.8381201044386423,0.5158162603427752,ok,868.1481806829493,-656.8992548107079,-0.2549446028012146
1106,-0.7283555209778569,1.9928470152493674,-0.2537366947940661,0.9999091279688854,385,327,0.8493506493506493,0.40347814436670765,ok,868.8764941906207,-658.8921171806851,-0.0012079080071486488
1107,-2.1237464630403338,1.5376133592665155,-0.2787076737096388,0.9998864094600044,402,340,0.845771144278607,0.48321411160826333,ok,871.0076628148845,-660.4194266374832,0.2774997657024901
1108,-1.163330913368327,0.8007566053286155,-0.0687422658051647,0.9998844839279457,428,413,0.9649532710280374,0.40663488577095647,ok,872.1758114802283,-661.21313858185,0.34624203150765476
1109,-2.761762178667823,1.4971358096496488,-0.13168312244887526,1.00000426964815,401,339,0.8453865336658354,0.4751185698881397,ok,874.9499655951302,-662.687185701459,0.47792515395653
1110,-2.308771592501216,1.4530488035536564,-0.0382243417779852,0.999817488527877,422,397,0.9407582938388626,0.7353957089699401,ok,877.2717331310608,-664.1193772392603,0.5161494957345153
1111,-1.1617479370881938,1.4468844343879255,0.042481694294150635,0.9999224793658582,403,385,0.9553349875930521,0.42887175437284003,ok,878.4454027170186,-665.5566080971256,0.47366780144036463
1112,-1.0400024178738931,1.8977997201996004,0.12373932302904281,0.9999061560506632,409,372,0.9095354523227384,0.423454287644867,ok,879.4969762964344,-667.4480207475665,0.34992847841132185
1113,-1.785874741661928,0.8695369863049791,0.2007035969144194,0.9998883422276704,414,385,0.9299516908212561,0.5777926865153991,ok,881.2851096576189,-668.312903540826,0.14922488149690258
1114,-1.8169178032742366,-0.3660165522164789,0.21912302470859968,1.0000140627370842,415,360,0.8674698795180723,0.3150880172261415,ok,883.102472631633,-667.9491038142806,-0.06989814321169709
1115,0.43435835588388727,-1.4378774211827476,0.3354719742638347,1.0006490000179178,338,243,0.7189349112426036,1.1209717951966685,ok,882.678298106933,-666.508189301803,-0.4053701174755317
1116,9.542014926999627,9.81087684002182,-0.006578534743388203,0.9993755168339954,361,298,0.8254847645429363,0.8741886990045518,ok,873.0682289390863,-676.2524144544956,-0.3987915827321436
1117,12.450939393896533,3.5654413021808296,-0.2742452004602264,0.9995536072529114,396,339,0.8560606060606061,0.8675149299394053,ok,860.6095686094384,-679.7907821940391,-0.12454638227191711
1118,3.022463182290494,0.9628111469172609,-0.173582943828658,0.9998983505775755,391,348,0.8900255754475703,0.3514325726530855,ok,857.5879305553851,-680.7561797614828,0.049036561556740965
1119,1.9166957309817008,1.7688343821487251,-0.38121369356649504,0.9997991550993557,400,345,0.8625,0.36065496414638676,ok,855.6845714188644,-682.5393571486374,0.43025025512323634
1120,0.02438634680402174,1.718120158490592,-0.24000000738944066,0.9998652822952925,432,386,0.8935185185185185,0.3271610106859837,ok,855.6802849787894,-684.2576450172302,0.670250262512677
1121,-0.6796764356465701,1.7465019403505266,-0.1338625510293919,0.999929626941721,432,395,0.9143518518518519,0.3654430656491058,ok,856.3844048097689,-685.9944364118551,0.8041128135420691
1122,-0.8992984906140009,0.6155565148030746,-0.024761307475525803,0.9999147162445676,429,417,0.972027972027972,0.38736060868144007,ok,857.2925138870233,-686.5969191933066,0.8288741210175948
1123,-1.152621943533859,1.6365223202772086,0.06936309583957576,0.999883452543011,434,410,0.9447004608294931,0.49719991918610956,ok,858.4667276146092,-688.2180190580374,0.759511025178019
1124,-0.5548049704723326,1.6738937320503737,0.17479694765090453,0.9999116305963481,448,429,0.9575892857142857,0.40311639403433835,ok,859.0385857951196,-689.8861638367787,0.5847140775271144
1125,-0.8667621593938293,1.9413883099640543,0.24128608920408054,0.9999690811132187,444,410,0.9234234234234234,0.4844700132927584,ok,859.9169688974049,-691.8223219751139,0.3434279883230336
1126,-0.7157626886212256,0.45421652115885536,0.07685023829575288,0.9999849474161376,435,413,0.9494252873563218,0.338763917445895,ok,860.634837146062,-692.2732033919921,0.2665777500272807
1127,-3.09942324050553,-1.0166337659902638,0.1241379645896463,0.999933513768418,462,448,0.9696969696969697,0.5576998045397927,ok,863.7317234158181,-691.2488674753442,0.1424397854376344
1128,1.9493562582431423,-5.718451342165622,0.16576344583942432,0.9994618675475517,228,153,0.6710526315789473,1.251400013790418,ok,861.7846951557037,-685.5296230734511,-0.02332366040178992
1129,0.009377237280432382,-0.0055514364682949235,0.00013210977043885675,0.9999851276183271,537,537,1.0,0.012366785715897267,ok,861.7753201918586,-685.5240677985909,-0.023455770172228774
1130,18.289735339194067,20.924415809601328,-0.24587741128877566,0.9986123767490187,216,156,0.7222222222222222,1.655343751214445,ok,843.5669508324229,-706.5193263352519,0.22242164111654686
1131,1.3200107825196028,-0.5033567315724667,-0.14526071549788336,0.999996991310446,349,323,0.9255014326647565,0.532418558329436,ok,842.2437370769699,-706.0244507725429,0.36768235661443016
1132,1.0594882653472268,-0.19115805180535972,-0.15211871386781414,1.0000353034463136,351,332,0.9458689458689459,0.5621680617620255,ok,841.1825582042409,-705.8429123874788,0.5198010704822443
1133,0.4658902116102581,0.1482858090390664,-0.054465095270008014,1.0000127606049143,417,394,0.9448441247002398,0.3105738087572638,ok,840.7181776128233,-705.9958602111021,0.5742661657522522
1134,0.5195651026592714,0.1664804725050999,-0.048219019066877034,1.0000572855977907,399,363,0.9097744360902256,0.5397047009091043,ok,840.2004518509652,-706.1679755187761,0.6224851848191292
1135,0.4806577517038022,0.5440277868875683,0.026575639770647273,0.9999750335960746,455,432,0.9494505494505494,0.3347176154839392,ok,839.7254782003872,-706.7169729126089,0.595909545048482
1136,-0.25137645941458686,0.9266263653485112,0.14681457776040888,1.0000407349555562,480,459,0.95625,0.41960981231721717,ok,839.9841099331933,-707.6416004982307,0.4490949672880732
1137,-0.04099704253940217,1.4873508808761926,0.1595515213842445,0.9999650622754738,426,411,0.9647887323943662,0.4893221152338,ok,840.0326227277924,-709.1287252102504,0.28954344590382886
1138,-0.6891531285659767,1.524910511138728,0.16722699880655734,0.9998976047035238,439,418,0.9521640091116174,0.47456485481825983,ok,840.7250297001585,-710.6521610264936,0.12231644709727166
1139,-0.7343316472013157,0.19636030960396056,0.060745858981823976,0.9999768547085783,430,407,0.9465116279069767,0.33142483970904485,ok,841.4595719339727,-710.8477321031193,0.06157058811544775
1140,2.3737089038286285,-11.230137113150022,0.06912997072679558,1.000541748673968,229,146,0.6375545851528385,1.0191959856180746,ok,839.0873447114722,-699.6172819097791,-0.0075593826113477605
1141,-6.675673977491442,8.699327625100182,0.04077499454405727,0.999519171307447,300,250,0.8333333333333334,0.5966463203510173,ok,845.7556776136687,-708.3222379974379,-0.04833437715540497
1142,-3.618498617905061,10.589237838233885,-0.09335006308998921,0.9993072148191893,282,230,0.8156028368794326,0.900022458751492,ok,849.3824947808822,-718.9086296148907,0.04501568593458408
1143,0.4041433711859099,2.778097218914013,-0.1927905205426211,0.9998703354099838,365,288,0.7890410958904109,0.4162482417634245,ok,848.9898853536824,-721.6883802979349,0.23780620647720485
1144,0.9031508312016285,0.9723548303129519,-0.24242926534834688,0.9999931711619324,385,337,0.8753246753246753,0.40996278633374866,ok,848.094916128196,-722.668270814965,0.4802354718255514
1145,0.7197142243098824,0.7393497248319818,-0.1441887426806298,1.0000063572195341,400,378,0.945,0.5713423273063509,ok,847.3833021093259,-723.4154201095713,0.6244242145061808
1146,0.3720482159828862,0.6058915691796756,-0.025180439858051296,0.9999642362140018,435,415,0.9540229885057471,0.364468467188335,ok,847.0181470993773,-724.02549083279,0.6496046543642321
1147,0.03943039134310311,0.49680545794103637,0.02588526779845744,1.0000023187746165,517,507,0.9806576402321083,0.1875489105929276,ok,846.9841271403316,-724.5226960833536,0.6237193865657746
1148,-0.04914401594305673,0.7964443199194875,0.12128639031001325,1.0000433264750848,439,411,0.9362186788154897,0.4734900646716008,ok,847.0402532851506,-725.3186788375025,0.5024329962557617
1149,-0.6731941817574807,1.331968465618047,0.23170940929054276,1.0000308808835379,435,419,0.9632183908045977,0.5234460545801725,ok,847.7197335036224,-726.6474515917607,0.2707235869652193
1150,-0.5010796754152125,0.7581627894510348,0.1621511493404144,1.0000423385319877,441,416,0.9433106575963719,0.4702386838788537,ok,848.2222489564684,-727.4046635013826,0.10857243762480509
1151,-1.928335333512905,2.1615295602741753,0.30461190207613403,0.9999180102099673,418,394,0.9425837320574163,0.579742432632562,ok,850.1431772698734,-729.5727782615307,-0.19603946445132855
1152,-1.156802431858523,-0.13114179396882264,0.010946686856120573,0.9999371257023955,486,470,0.9670781893004116,0.3062668544703899,ok,851.3004459136214,-729.4458163669435,-0.2069861513074491
1153,1.289747858857254,-7.2278859838070275,-0.1297355114765315,1.0004333247767705,279,207,0.7419354838709677,0.8338419990568317,ok,850.0204444238599,-722.2161980145995,-0.07725063983091773
1154,6.17761090209865,7.5667374883846605,-0.22165974408564362,0.9995968571626437,297,234,0.7878787878787878,0.6360303038498891,ok,843.8619244368256,-729.7984815918048,0.14440910425472572
1155,3.174350665599377,9.23700590103931,-0.40775486837851477,0.9993412662027676,319,239,0.7492163009404389,0.7772359898639407,ok,840.7767375570751,-739.0656495562395,0.5521639726332404
1156,-0.5089341744544527,4.155170922730122,-0.3454619761379506,0.9997588376175437,366,312,0.8524590163934426,0.43641765720373793,ok,841.3507037161787,-743.212337661129,0.8976259487711907
1157,-1.375202682691679,2.5084163575068033,-0.21287758694906728,0.9998434336393903,387,326,0.8423772609819121,0.4542664474971976,ok,842.7742630419145,-745.6936304465943,1.1105035357202577
1158,-1.5945807327143484,1.5265927939208268,-0.011816101567126562,0.9998557327692158,443,416,0.9390519187358917,0.47659253389524125,ok,844.3984391182607,-747.188697449982,1.1223196372873845
1159,-0.707392601894071,1.3114805418040305,0.059055674052583995,0.9999016402850406,469,455,0.9701492537313433,0.2858364576539956,ok,845.1300462648492,-748.4868255206303,1.0632639632348007
1160,-1.5395567350617512,1.862490304709695,0.23624806829440728,0.9998945570075735,429,403,0.9393939393939394,0.49565857898311366,ok,846.6963251550128,-750.3269003869984,0.8270158949403932
1161,-0.6266106143125398,1.200297210618828,0.13899210120036454,0.9999435922180822,422,401,0.9502369668246445,0.3834076302975437,ok,847.337303750847,-751.5195867227427,0.6880237937400288
1162,-1.3300449501377898,2.265543035810083,0.2663092733652183,0.999899608983697,434,427,0.9838709677419355,0.49378359936685656,ok,848.6839876155852,-753.7752789413199,0.4217145203748104
1163,-1.0239945478306254,2.2007372545683666,0.1738425680597236,0.9999390236888214,431,415,0.962877030162413,0.4097615835863495,ok,849.7174933404872,-755.9715656289419,0.24787195231508682
1164,-0.9235898689018995,1.472226730186776,0.05918109922565632,0.9999086449813002,446,431,0.9663677130044843,0.3625523892455311,ok,850.645926642075,-757.440742744037,0.18869085308943054
1165,-1.9621321142403758,-0.011773574411790833,-0.044242808356300733,0.9998233090497815,454,441,0.9713656387665198,0.37431198998495335,ok,852.6079946764614,-757.4209923205831,0.23293366144573122
1166,-2.1047188822949465,-1.0873396058666458,-0.054541122151805975,0.999898000781946,465,445,0.956989247311828,0.4322397603628307,ok,854.7072314918703,-756.3231062678401,0.28747478359753725
1167,-0.63614364254272,-1.9926786753868555,-0.17694562251573645,0.9999505664285121,367,314,0.8555858310626703,0.9334239208948691,ok,855.3272024273081,-754.3253367424691,0.46442040611327357
1168,2.646554391923246,6.799336957564719,-0.09567805516958376,0.9996105880190239,386,342,0.8860103626943006,0.5156439861491813,ok,852.7472407721953,-761.1502199700458,0.5600984612828573
1169,12.628250949671383,6.720181826214912,-0.2831512511924191,0.9994201875354561,384,319,0.8307291666666666,0.9016795002120526,ok,840.2192580621236,-768.0555233697097,0.8432497124752761
1170,4.515405044386398,1.1194001868062742,-0.07263390222770127,0.9998085323898274,418,365,0.8732057416267942,0.48355216659278005,ok,835.7223229640638,-769.2469570510077,0.9158836147029774
1171,0.4114303798291985,1.0660165905773056,0.04984701397755321,1.0000328127345617,433,416,0.9607390300230947,0.29479248199471464,ok,835.3270520127732,-770.3190704796606,0.8660366007254243
1172,-0.9230927357953078,0.847417038958838,0.1347146895593006,0.9999709979309331,417,398,0.9544364508393285,0.3957483458247175,ok,836.2608856712945,-771.1546364764607,0.7313219111661237
1173,-0.5534488431446789,0.7495906258367313,0.07897144088353102,0.9999295044425063,460,434,0.9434782608695652,0.3000160659870753,ok,836.8228330444144,-771.8978772706613,0.6523504702825926
1174,-1.9425399342767378,0.844456368762053,0.24482903361257452,0.9999538675134666,454,433,0.9537444933920705,0.45336785056586204,ok,838.7713300653652,-772.7284959041795,0.40752143667001806
1175,-0.030706830173130584,0.011925169095547972,0.001146915633654265,0.9999805067812412,644,639,0.9922360248447205,0.038431716746067386,ok,838.8021207026222,-772.7402029847103,0.40637452103636373
1176,-1.2367807415912466,1.2267944384825569,0.16871052933341668,0.9999583292288666,473,450,0.9513742071881607,0.49706130542869853,ok,840.0439795564187,-773.9618566935449,0.2376639917029469
1177,0.002628480019438939,0.015200447060351507,0.0022726448887283174,1.000017129409758,634,628,0.9905362776025236,0.05447164872894439,ok,840.041413547224,-773.9770678110204,0.23539134681421855
1178,-2.295699880108714,2.579022079965398,-0.08199276560406374,0.9999149760415841,429,385,0.8974358974358975,0.41417431487941514,ok,842.3513643617889,-776.5433335928072,0.31738411241828246
1179,-1.6752195110029788,-0.43281617190496036,-0.09136107493659727,0.9998512525470464,437,409,0.9359267734553776,0.4511268026745016,ok,844.023453581859,-776.0985776048399,0.40874518735487986
1180,-1.128805139951055,-13.118353022212204,-0.361895263788325,1.0005374571441306,277,204,0.7364620938628159,0.9633287785349411,ok,844.9757172930126,-762.9662289617454,0.7706404511432055
1181,10.868020041599266,9.003764966405356,-0.26972253232475496,0.999326531534021,314,251,0.7993630573248408,0.9201148839319847,ok,834.2729680332811,-772.1658377294156,1.0403629834679613
1182,0.5047672661530669,11.376334025176675,-0.22192638622193392,0.9993892354391708,363,299,0.8236914600550964,0.7984514287451163,ok,834.0189362034632,-783.5505306842042,1.2622893696898956
1183,1.4807368587999008,1.266388699593108,0.18712607003855938,1.0001882720698252,404,362,0.8960396039603961,0.6461758850712187,ok,832.5622226093516,-784.844481026449,1.075163299651336
1184,2.7860677451158153,0.7886089743944922,0.12384670714423386,1.0001741592367006,465,440,0.946236559139785,0.5175982710352303,ok,829.789632038353,-785.6792379494393,0.9513165925071019
1185,6.880556664484402,0.9845133608862398,0.3762354648959309,0.9999061456558229,458,399,0.87117903930131,0.5395154818349465,ok,822.9193034063069,-786.7327611141726,0.57508112761117
1186,2.3974437688764283,1.1917402004596624,0.10131399553677166,1.000063733687201,464,435,0.9375,0.5180211361114115,ok,820.5317957418833,-787.9442843218061,0.47376713207439813
1187,0.4555072237553759,0.7202260615354135,0.039853708422068326,1.0000626116694757,499,481,0.9639278557114228,0.2615430209632346,ok,820.0817559573329,-788.6679393521416,0.4339134236523297
1188,-0.195314038355491,1.5195281037755421,0.056291124257143416,0.999934919174761,468,444,0.9487179487179487,0.43198577155998547,ok,820.2870805147502,-790.1861471962341,0.37762229939518627
1189,-0.45965283409714175,1.8268588731930322,-0.012492072876237761,0.9999559584964004,447,427,0.9552572706935123,0.46948214721890463,ok,820.759161278771,-792.0098340725094,0.39011437227142404
1190,-0.8935535262576195,1.9449653549927461,-0.08560900412161981,0.9999282860900599,479,462,0.964509394572025,0.5198457709447182,ok,821.6688327485838,-793.9473133507,0.47572337639304396
1191,-0.0006827801682902646,-0.0002647083689453211,-0.0003719445097877884,0.9999933643731199,737,735,0.9972862957937585,0.0072212422022501985,ok,821.6695133056298,-793.9470429780204,0.4760953209028318
1192,-3.3419508987938116,0.9564194782788036,-0.30662692566163025,1.0000346208015138,458,397,0.8668122270742358,0.4557790850402636,ok,825.0242176802149,-794.8577199720859,0.7827222465644628
1193,-1.270446757605896,-5.095041824549753,-0.19218844651247713,0.9996468782408441,445,399,0.8966292134831461,0.9510052304590005,ok,826.207790530854,-789.7417995793263,0.9749106930769406
1194,5.350131909689935,11.98559787527131,-0.06434727937944451,0.9991695898733303,377,313,0.830238726790451,0.8644691750798567,ok,821.075927232474,-801.8224637566608,1.0392579724563853
1195,4.947284088872038,2.9885298438284735,0.01700326892400728,0.9997746952838471,404,352,0.8712871287128713,0.4525018471331577,ok,816.1827482039116,-804.8987812756916,1.022254703532378
1196,5.642491185438985,3.335611711098636,0.16977136752974167,0.9998217807324824,456,407,0.8925438596491229,0.49133305358081275,ok,810.5905090954393,-808.3179732882362,0.8524833360026357
1197,-0.03176175560292904,2.3872385374755822,0.29986454940097823,0.9999456646719099,466,422,0.9055793991416309,0.36155003560240995,ok,810.645293973803,-810.7047944505839,0.5526187866016566
1198,-1.1885155457375731,2.350386588717356,0.27277360054381283,0.9999285755308313,463,439,0.9481641468682506,0.4436272771654896,ok,811.8452751024793,-813.0493480562203,0.2798451860578428
1199,-1.754317071917285,2.336826532429086,0.19440912746167016,0.9999324829143041,487,473,0.971252566735113,0.32386176954571755,ok,813.6030747594795,-815.383556058377,0.08543605859617198
1200,-1.137260249887504,1.1155707913703736,0.05041285433218994,0.9999228224731741,501,474,0.9461077844311377,0.30762085451771903,ok,814.7410167120686,-816.49843146804,0.03502320426398185
1201,-1.9575510108588787,1.7578110539947147,-0.04904689763144397,0.9999111667087065,477,460,0.9643605870020965,0.5250375338957131,ok,816.7011448510297,-818.2533683160531,0.08407010189542599
1202,-0.6903862429521723,0.9659772250427068,-0.0961516253318529,0.9999050482142313,493,475,0.9634888438133874,0.4144916654974081,ok,817.3945661188164,-819.2171691819689,0.1802217272272792
1203,-0.9512962975265964,2.3631481102090675,-0.3465951491448648,0.9999545103546088,458,403,0.8799126637554585,0.36360888291975096,ok,818.3675503101214,-821.571470649484,0.5268168763721451
1204,-1.4729642651745962,1.4486312942989343,-0.3504405682270994,0.9999796553201927,455,408,0.8967032967032967,0.3582212827374846,ok,819.8625210986495,-822.9973804273981,0.8772574445992458
1205,-1.9883665840375215,-0.41428330831558924,-0.12402030587240358,0.9999470962468017,485,454,0.9360824742268041,0.34858965582239165,ok,821.8433445922678,-822.5484142603032,1.0012777504716497
1206,-2.448580799709589,-0.7821890242728387,-0.08095868135395161,0.9999070481485923,454,444,0.9779735682819384,0.4286348758393691,ok,824.2767150356137,-821.7201172798365,1.0822364318256015
1207,-5.2562876982863145,-5.814706654573229,0.12862383185238457,0.9999258965039115,409,347,0.8484107579462102,0.9638082697299115,ok,829.4355010763231,-815.8187360489653,0.9536125999732165
1208,4.894365545538449,9.12407343686391,0.22140850464771542,0.9994229105839926,412,365,0.8859223300970874,0.6518412577617212,ok,824.6581319378301,-825.0046096758566,0.7322040953255002
1209,6.718611929446979,2.928565621046232,0.27856617812476353,0.9997925906390617,427,381,0.892271662763466,0.5071750382169818,ok,817.9629171937527,-827.9862773947634,0.45363791720073593
1210,0.005902112992544062,-0.005942127182834156,0.0002813238159850201,1.0000129469196017,655,648,0.9893129770992366,0.013779441394727625,ok,817.9569682485428,-827.9803821539607,0.4533565933847509
1211,-3.966512275886771,3.747445175891926,0.3901117240015267,0.9998318092525013,462,428,0.9264069264069265,0.5018499804262061,ok,821.9276146540317,-831.7234466876893,0.0632448693832227
1212,-1.2673636539575455,1.0291464780816568,0.026534722343047403,0.9999318522860176,457,439,0.9606126914660832,0.3675425701620038,ok,823.1956374352694,-832.7517809383013,0.036710147040175195
1213,-0.7030241334744005,1.447353625216465,-0.07190966179623899,0.9998984783539696,478,456,0.9539748953974896,0.4782468131129326,ok,823.9014041581361,-834.1977991890743,0.10861980883641445
1214,-0.3022192611447281,1.9374112187260835,-0.21844555166546203,0.9999115376233741,443,399,0.9006772009029346,0.2824291571075718,ok,824.2146778903154,-836.1334536729578,0.3270653605018773
1215,-0.28189716443444013,0.8090060119792497,-0.15295139005426084,0.999860395434968,459,443,0.9651416122004357,0.4353221274417315,ok,824.503342831948,-836.9400696225936,0.4800167505561388
1216,-1.2236843078867423,2.0348278390955556,-0.22593737219018892,0.9999287752447575,446,409,0.9170403587443946,0.32795106846948635,ok,825.7520051905502,-838.9596661006894,0.7059541227463286
1217,-0.6381706414238124,0.7827556160300446,-0.07038520957516976,0.9999639928776296,505,482,0.9544554455445544,0.3429529982791204,ok,826.400723012393,-839.733703121526,0.7763393323214985
1218,-2.5724861648704973,0.9606986721848898,-0.09465165341672782,1.0000330687522618,460,423,0.9195652173913044,0.29130613169860214,ok,828.9875155969949,-840.6551862366383,0.8709909857382268
1219,0.33592008988489397,-3.4914295272596974,0.09457266128883135,0.9997328613988478,352,292,0.8295454545454546,1.1011064007183216,ok,828.6043152398122,-837.1686292047136,0.7764183244493951
1220,10.361806310707834,9.84799185101133,0.06321276778394341,0.9993232775105372,361,293,0.8116343490304709,0.9059662756969799,ok,818.3658942075757,-847.1448363138741,0.7132055566654513
1221,6.061397102303545,2.3277234353790845,0.023251392421472308,0.9998080723752831,423,378,0.8936170212765957,0.5560071489202889,ok,812.3329662814431,-849.5453803900189,0.6899541642439789
1222,8.728951096000856,2.179512102774652,0.06533249646216607,0.9998506887333172,416,353,0.8485576923076923,0.6455899243861324,ok,803.6282938125058,-851.8199215417783,0.6246216677818127
1223,2.8264759081082502,1.986855005061443,0.07062465785517935,1.0000735985024982,416,382,0.9182692307692307,0.4553523779203137,ok,800.8211607728242,-853.8340126439342,0.553997009926633
1224,1.0805448732389777,1.773117071298202,0.01052825231498145,1.0000205266659212,446,427,0.9573991031390134,0.39330587270130835,ok,799.7574828374306,-855.6172991103687,0.5434687576116515
1225,-0.21252238322472294,1.4417475127004309,-0.048444329702656726,1.0000155631309298,428,409,0.955607476635514,0.403187440200018,ok,799.9848880666915,-857.0567741936728,0.5919130873143085
1226,-0.18378123085813058,0.8791378864153785,-0.043659672465945994,0.999990422463176,486,466,0.9588477366255144,0.2886529792819177,ok,800.1784099239626,-857.9338193777455,0.6355727597802546
1227,-0.8507233268605887,1.751572521351136,-0.13490787381878924,0.9999397152662111,438,396,0.9041095890410958,0.33672746145762555,ok,801.052609760729,-859.6737938378499,0.7704806335990445
1228,-0.4780093790036517,1.881139709163449,-0.3311106979002505,0.9999262840760265,468,419,0.8952991452991453,0.31501704510894324,ok,801.5666961016407,-861.5453960407485,1.1015913314992964
1229,-0.2774288891409924,0.738378303420518,-0.10420256371113319,0.9999923933322676,432,408,0.9444444444444444,0.4723064895048733,ok,801.8596016358017,-862.2777727577119,1.2057938952104301
1230,-1.0965996245629412,1.4648958549860254,-0.11668346687119956,0.9999327496193627,474,457,0.9641350210970464,0.5048604711292602,ok,802.9897182762707,-863.7169694021919,1.3224773620816304
1231,-3.0443770977851727,-0.23287117377333288,0.10285517716501386,0.9998732370335625,512,493,0.962890625,0.4157046689870379,ok,806.0284490585989,-863.4193519806191,1.219622184916616
1232,10.243025061511162,-7.570002857554755,0.22887361439012752,0.9997545233293467,429,369,0.8601398601398601,0.7324477993362571,ok,795.656062689497,-856.0275926038402,0.9907485705264875
1233,6.694142637040841,9.399481356763772,0.3165146671473109,0.9994167038361041,393,342,0.8702290076335878,0.7305020484323952,ok,789.0729903361809,-865.5051953499045,0.6742339033791754
1234,1.6296991457518288,2.0781230003299243,0.17602527082511937,1.0000450071431408,421,397,0.9429928741092637,0.44417339969487313,ok,787.4614226440739,-867.5974104640649,0.49820863255405534
1235,1.2451660911344788,1.3500299616098346,0.15436538817638146,1.00003348852591,453,437,0.9646799116997793,0.32216378580682514,ok,786.2243807215582,-868.9548885573295,0.3438432443776732
1236,1.8616657459499493,1.99306812013549,0.21960454568050122,1.000128258180005,408,395,0.9681372549019608,0.450730230054433,ok,784.3670410666446,-870.9519887770055,0.12423869869717115
1237,0.42543640361827784,1.0838324198118698,-0.15041209807376454,1.0000203484344043,414,376,0.9082125603864735,0.32641620657452325,ok,783.9468049474959,-872.0378480919824,0.27465079677093623
1238,0.3228546401951462,0.6449747601943727,-0.1402307902758456,0.9999940203400243,456,443,0.9714912280701754,0.40957233638396945,ok,783.6286290248318,-872.6851437294,0.4148815870467824
1239,-0.22986792731535388,1.4527017229381727,-0.4410891703507915,1.0000906139096695,416,365,0.8774038461538461,0.37348379627610784,ok,783.8801731423865,-874.1342493559019,0.8559707573975756
1240,-0.2724433945882083,1.4980671641809522,-0.15076636518561906,0.999925061775194,430,405,0.9418604651162791,0.44150658512800256,ok,784.1788954817453,-875.6272984494084,1.0067371225831954
1241,-0.08865609717668121,0.7482349981038396,-0.05113095789694218,1.0000065943098346,496,472,0.9516129032258065,0.31515365645330395,ok,784.2813505564222,-876.3737691277522,1.0578680804801377
1242,-0.46483208538575127,1.943255628413226,-0.043936389688873916,0.9999604002110046,413,384,0.9297820823244553,0.45978719104282884,ok,784.7834634251042,-878.3077272379675,1.1018044701690117
1243,-1.4391583280380473,1.6080043770248267,0.07454540133827603,0.9999427120040923,434,412,0.9493087557603687,0.3473257995902349,ok,786.251218901127,-879.8896718110476,1.0272590688307355
1244,-1.5701021164609301,-0.04636963091081725,0.07746271706882704,1.0000268830412478,423,411,0.9716312056737588,0.28478628810143547,ok,787.8203366534156,-879.8172820449291,0.9497963517619079
1245,0.19322291252979085,-13.821985768026025,0.24080726611592773,1.0004286971803567,289,236,0.8166089965397924,0.9024169510508124,ok,787.4560969666826,-865.9987453960632,0.7089890856459795
1246,6.0257948878993375,10.038059091918967,0.08127155017467691,0.9993730908881953,342,285,0.8333333333333334,0.7466522678189467,ok,781.5406358508982,-876.1022177769594,0.6277175354713022
1247,1.9779159193565192,7.499646719255907,0.10362038999789616,0.9995428530575325,351,280,0.7977207977207977,0.5946173121957308,ok,779.6314026464315,-883.6196429258155,0.5240971454734057
1248,-0.6000113758814223,8.452486868460255,0.15492215758812738,0.9995642808744165,352,303,0.8607954545454546,0.5753769992033864,ok,780.2858632600665,-892.0680882986567,0.36917498788527764
1249,-1.8636902038751941,1.491872193105337,-0.060092076670226924,0.9999445229208238,377,346,0.9177718832891246,0.5558270419658018,ok,782.160678344304,-893.545955754316,0.4292670645555048
1250,-1.5833712196863416,1.6132551773207524,-0.14070496490151474,0.9997698906554354,294,269,0.9149659863945578,0.8089619080992182,ok,783.76001943707,-895.1433801673862,0.5699720294570201
1251,-1.0802493647249776,0.3571534048592184,-0.10678637681292473,0.999919129618921,419,405,0.9665871121718377,0.43198554191886074,ok,784.8444119243383,-895.487749414194,0.6767584062699452
1252,-1.8103578179839133,1.5337172864617514,-0.21401880097704443,1.000046941547391,404,359,0.8886138613861386,0.35417889604597363,ok,786.6783946914609,-896.9931368572879,0.8907772072469904
1253,-1.647113778711173,1.323645875690545,-0.16144462440575313,1.0000128561001378,407,361,0.8869778869778869,0.2941286184079107,ok,788.3495377622287,-898.2863124220424,1.052221831652744
1254,-0.6935639573869139,0.7434399403474572,-0.02993017604269269,0.9999673824184386,384,370,0.9635416666666666,0.36185234623121787,ok,789.0570186193877,-899.0165211214179,1.082152007695437
1255,-1.2714853355369087,1.718465601752996,0.05011604594077996,0.9999782898865308,388,373,0.961340206185567,0.3655845507695025,ok,790.3592497552963,-900.7118066583006,1.0320359617546568
1256,-1.3256742403366388,1.4737774251545943,0.17800519387267916,0.9999159429898381,423,414,0.9787234042553191,0.33807855411297993,ok,791.7067435255732,-902.1656610627898,0.8540307678819771
1257,-1.2520161153236131,0.05459767040747465,0.10739675153297107,0.9999671817017562,420,409,0.9738095238095238,0.33230644094348905,ok,792.9593647924764,-902.2039392595144,0.7466340163490057
1258,-2.0145038270979967,-0.5823611086332221,0.14060078020476746,0.9999743241407753,413,390,0.9443099273607748,0.46158950756751405,ok,794.9675962515967,-901.6003031631436,0.6060332361442378
1259,10.249526083146293,-5.706225317122744,0.26259492537522683,0.9994180638561099,297,241,0.8114478114478114,0.9549918484586016,ok,784.6840506509673,-895.9556169735808,0.34343831076901
1260,4.7326281647006,11.599614675668136,0.03710738015021403,0.9991593596519497,336,278,0.8273809523809523,0.8169011646634001,ok,780.0135069780747,-907.5803686599136,0.3063309306187958
1261,1.2435461193795163,2.4250241728096853,-0.11540425453111315,0.9998951836105364,362,308,0.850828729281768,0.3982649859149194,ok,778.7878441814121,-910.0144803867273,0.4217351851499094
1262,-0.0017492874326308083,0.0014584270006707811,-1.919094195014778e-05,1.0000023663545612,626,625,0.9984025559105432,0.002492454848970694,ok,778.7896041568408,-910.0159258978232,0.42175437609185945
1263,0.7735086268510258,1.924220478774032,-0.4049671748461495,1.0000431060587531,358,302,0.8435754189944135,0.4198782257744807,ok,778.043939688471,-911.9511066509718,0.8267215509380103
1264,-0.06168454660542011,1.2972007577557179,-0.22684542139000977,1.000040809272913,381,332,0.8713910761154856,0.3005167174649842,ok,778.1294656658376,-913.2469539013865,1.0535669723280208
1265,-0.0054171682352262,1.3235720061763914,-0.11610780745949151,1.000001131122666,432,414,0.9583333333333334,0.3940291509211672,ok,778.1619001222803,-914.5701395298153,1.1696747797875127
1266,-0.227960929189976,0.6604758518565177,-0.027510141555421256,1.0000352563634909,425,405,0.9529411764705882,0.3554489008720901,ok,778.4036108091118,-915.2257083515223,1.197184921342934
1267,-0.307663555493491,1.8100088504928635,0.039440640436616804,1.000040617359297,396,381,0.9621212121212122,0.3843446827650189,ok,778.7477829209404,-917.0291313356504,1.1577442809063172
1268,-0.4712895067229965,2.203444001861044,0.15431824995179796,1.0000114679052172,405,396,0.9777777777777777,0.29558719799916944,ok,779.2575872915472,-919.2239841262025,1.0034260309545184
1269,-0.5622803434766865,1.3408354520331613,0.11441416315120605,1.0000580996955335,418,405,0.9688995215311005,0.31677703847338273,ok,779.8406037663798,-920.5559340817799,0.8890118678033121
1270,-2.198784979216498,1.2698328737615157,0.3659725870608256,1.0000324784900374,404,367,0.9084158415841584,0.3587136652303567,ok,782.0508889646761,-921.8056421494126,0.5230392807424854
1271,-2.1086844458382075,-0.42519648213601613,0.16062503972291076,0.9999806499866427,441,428,0.9705215419501134,0.44158644739340447,ok,784.1568417401166,-921.3671161545669,0.36241424101957426
1272,-3.5023397288507567,-4.693367946010881,0.12061568489124154,0.9945421917828169,412,368,0.8932038834951457,3.4462473725112734,ok,787.6393434776912,-916.6590095393002,0.24179855612833243
1273,-0.8990842878770309,-3.518282836583012,-0.06919328904408524,0.9958540147016637,384,367,0.9557291666666666,2.8992991167403845,ok,788.5193179683315,-913.1358984750951,0.31099184517241785
1274,-0.2693598636733441,-9.264849272559445,-0.171901870024611,0.9881972349834055,396,344,0.8686868686868687,3.298371900657643,ok,788.710584250161,-903.8691080928301,0.48289371519702917
1275,0.05643053599646919,-9.634817548375167,-0.09027573662879274,0.9849159754935722,398,338,0.8492462311557789,2.537303703665779,ok,788.5577743778047,-894.2353371417028,0.5731694518258221
1276,-0.15328629984628606,-3.4992900238305538,0.022233305835957822,0.9920556865066256,425,369,0.8682352941176471,3.4604114937854873,ok,788.6774061626182,-890.7347349654106,0.5509361459898642
1277,-2.0469657396747607,-4.58047816541125,0.10014795575101483,0.9817797139439736,422,367,0.8696682464454977,2.25191291248281,ok,790.688270916693,-886.1382937437661,0.4507881902388492
1278,-2.2441896430002544,-10.326847719389434,0.1320109280164482,0.9768751038426271,401,337,0.8403990024937655,19.611848613291986,ok,792.8749705069667,-875.7991198949952,0.31877726222240066
1279,1.5274728836225222,-3.416094881330423,0.06746524422085202,0.9893767572442527,411,344,0.8369829683698297,3.2788809920291997,ok,791.3325286137667,-872.3897576885765,0.25131201800154856
1280,-2.063478942269967,-10.072084848040731,0.156539464871108,0.9717359282652855,409,337,0.823960880195599,22.62571446808739,ok,793.3793445747947,-862.3142734345565,0.09477255313044035
1281,-4.462547107939827,-8.208725303515848,0.13557377420898967,0.9726571091953692,361,302,0.8365650969529086,24.012257506637223,ok,797.84773611247,-854.1087280617495,-0.04080122107854952
1282,-2.233256410279182,-4.641085526600818,0.07949212579039876,0.9829852511993492,408,352,0.8627450980392157,14.784543984729815,ok,800.0907316220816,-849.4723415158348,-0.1202933468689484
1283,-1.9606104003887594,-7.639904873221894,0.11898717234935541,0.9719595157338982,310,249,0.8032258064516129,24.132427057437894,ok,802.0832308543804,-841.8406912078556,-0.23928051921830396
1284,-0.10120692728833092,-6.096751835966188,0.12275280694392066,0.9674094773556059,373,307,0.8230563002680965,23.257630706842026,ok,802.2229588894827,-835.7447005691083,-0.3620333261622248
1285,-2.100551898353615,1.9531818439395465,0.0726634535949964,0.9861761149182802,422,373,0.8838862559241706,2.8580550266753977,ok,804.3086318995519,-837.7137627032837,-0.43469677975722126
1286,-5.096206338432012,-4.346064806508821,0.13226864434741697,0.9653931003601124,292,232,0.7945205479452054,26.51503768935132,ok,809.4475941378337,-833.418338922123,-0.5669654241046383
1287,-5.753486981872356,-5.137270020624555,0.11822464580156171,0.9647386542186729,328,264,0.8048780487804879,27.605752820280266,ok,815.26210394873,-828.3502395373068,-0.6851900699062002
1288,-3.15249343759956,-2.1500953935873213,0.05640256304619808,0.9830415234080365,356,303,0.851123595505618,13.797022996146543,ok,818.442161734647,-826.2411265593321,-0.7415926329523983
1289,-8.849976339604154,-4.239173994144608,0.1097458471652204,0.9677127876161815,265,198,0.7471698113207547,27.33329419638668,ok,827.3541472697045,-822.133914465086,-0.8513384801176189
1290,-5.0567639560613316,-5.3960465089043055,0.10878080409829613,0.9664373619948619,284,235,0.8274647887323944,27.878385597422145,ok,832.5006198888912,-816.8233590126366,-0.9601192842159152
1291,-9.589285993823296,-2.92275256980588,0.11763877901381477,0.966781449467433,304,219,0.7203947368421053,27.647357120488174,ok,842.1431844148597,-814.0814914341096,-1.07775806322973
1292,-4.152165996109716,-3.1100920157754217,0.06503691054413577,0.9796126653180106,327,278,0.8501529051987767,16.931383819759603,ok,846.3565528580808,-811.0548297140774,-1.1427949737738659
1293,-8.687489121070712,-5.967884478750079,0.10583252143002113,0.9636531631322147,271,212,0.7822878228782287,30.46711037323122,ok,855.1720249180621,-805.2776708327486,-1.248627495203887
