frame,step_center_dx,step_center_dy_down,step_rotation_deg,ransac_scale_diagnostic,good_matches,inliers,inlier_ratio,median_reprojection_error_px,status,center_x_in_reference,center_y_in_reference,rotation_to_reference_deg
228,0.0,0.0,0.0,nan,0,0,0.0,nan,reference,1280.0,720.0,0.0
229,0.14486617114584988,-0.0480269043921453,-0.00047271799733398346,1.0000049222197342,367,362,0.9863760217983651,0.1383827728436527,ok,1279.8551334326137,720.0480257091742,0.00047271799733398346
230,0.11300725712999338,-0.041003760124567634,-0.000332586180332578,0.9999902683121356,383,380,0.9921671018276762,0.12717716603876444,ok,1279.7421255991787,720.0890278809542,0.0008053041776665614
231,0.16914209010019476,-0.11217839813662067,-0.0012361062591054225,1.0000279394102731,373,368,0.9865951742627346,0.14990084402032267,ok,1279.5729795123445,720.2012002525996,0.002041410436771984
232,0.04049666767605231,-0.01415865719343401,-0.00010376734140387236,1.0000027011669415,406,403,0.9926108374384236,0.0654731402324994,ok,1279.532482314591,720.2153573935709,0.0021451777781758565
233,-3.990403661191522e-05,0.0038539063418738806,0.00036317527185448383,0.9999938174085305,452,452,1.0,0.007629014446801188,ok,1279.532522338491,720.2115034884719,0.0017820025063213722
234,0.31325950788004775,-0.18589773626626993,-0.0025280539903064655,1.000081756298641,350,345,0.9857142857142858,0.178522453770046,ok,1279.2192488474004,720.397377659367,0.004310056496627838
235,0.12047457652943194,-0.04407622666462885,0.00047742317995913124,0.9999802812116744,397,391,0.9848866498740554,0.12907705194143576,ok,1279.0987713227905,720.4414458271391,0.0038326333166687062
236,0.09440057526626333,-0.029182994352140668,-0.0011870594490702114,1.000029494573667,390,386,0.9897435897435898,0.09832497363575105,ok,1279.0043681911595,720.4706205509291,0.005019692765738918
237,0.044618704723006886,-0.013027673542637785,0.0008232437060444568,1.000023452629772,381,377,0.989501312335958,0.09159614721959723,ok,1278.9597485323854,720.4836449564801,0.004196449059694461
238,2.647337916401284,-4.525026294998838,-0.21576628238478066,1.000303278548629,299,287,0.959866220735786,0.8570932819169067,ok,1276.2950582571873,724.9984746045745,0.21996273144447517
239,-4.819067701536824,5.913497727603044,-0.14416820937882607,0.9995972497048053,292,253,0.8664383561643836,0.505318311491973,ok,1281.1516103423405,719.115722635423,0.36413094082330133
240,-3.8194149640869455,8.27735675148233,-0.20921240263418706,0.9994928979150713,284,246,0.8661971830985915,0.629479143385491,ok,1285.0536619644117,710.8769995184654,0.5733433434574886
241,-1.4634568754481734,4.218258422930376,-0.07042514334805228,0.9997362523672731,294,262,0.891156462585034,0.37724921038943426,ok,1286.5644213107869,706.6754502391805,0.6437684868055409
242,-0.784578483531277,2.682895314019106,0.09927819278611864,0.9998581000099461,320,308,0.9625,0.30505399710614567,ok,1287.374459935502,704.0001319236756,0.5444902940194221
243,-0.650131705761396,2.569723464752542,0.21277469856074527,0.9999693128276933,303,294,0.9702970297029703,0.3283650359384087,ok,1288.0394581517594,701.434215461179,0.33171559545867674
244,-0.5628830981120245,2.155922206435207,0.42061721415347014,0.9998545776093699,296,273,0.9222972972972973,0.2464219903333294,ok,1288.5989953887754,699.2774224663059,-0.08890161869479356
245,-0.5265745253923342,1.8814743085865757,0.851378198257515,0.9998968596286609,303,271,0.8943894389438944,0.2288993656429562,ok,1289.0946235583208,697.3875602961419,-0.9402798169523089
246,-0.5186374333572985,1.660112585870138,0.5704654496997402,0.9999024608200338,304,272,0.8947368421052632,0.2916459634836505,ok,1289.5693128004796,695.7143511913309,-1.5107452666520493
247,-0.5680290070890806,1.4747506903474914,0.11904843303511958,0.9999771125298906,316,306,0.9683544303797469,0.31484329804049904,ok,1290.0951679984776,694.2240415381671,-1.629793699687169
248,-0.31293452797262944,0.4172863916625147,-0.10736269162393763,0.999859597152445,300,290,0.9666666666666667,0.37431020227543144,ok,1290.396905467638,693.7985883078713,-1.5224310080632313
249,7.339120026466389,5.745314916019083,-1.0187302789932882,0.9999560575168162,293,254,0.8668941979522184,0.4929600564353878,ok,1283.0075612746632,688.118014512482,-0.503700729069943
250,5.25217330773944,7.9194199082680825,-0.7555870197598239,0.9994714542468207,263,233,0.8859315589353612,0.6069204373920556,ok,1277.7902543200669,680.1755813664289,0.2518862906898811
251,3.246992171339116,3.5747314033940256,-0.29661625298092215,0.9997473991188072,291,264,0.9072164948453608,0.3911719192447518,ok,1274.5776319418246,676.5699302155314,0.5485025436708031
252,1.9202167418388854,1.5902225573397573,-0.1546716068344207,0.9998200434085981,315,287,0.9111111111111111,0.31275445424651166,ok,1272.6770756500355,674.9562617553909,0.7031741505052238
253,1.3567965122661008,1.4286507980566512,0.0022803711481374444,0.9999931167115468,307,294,0.9576547231270358,0.36513584780820785,ok,1271.3378567671068,673.5111207027278,0.7008937793570864
254,0.5701526096561338,0.7397810103248048,0.05435906509692543,1.000028348367927,316,307,0.9715189873417721,0.267403318864388,ok,1270.7760880862277,672.7649532344484,0.6465347142601608
255,1.2547222524549397,2.460733074676,0.39275470536732415,0.9999347841500745,313,287,0.9169329073482428,0.3814314453444657,ok,1269.532277423068,670.2986867788885,0.2537800088928368
256,0.10826091878925581,0.8372155395186383,0.17495005350960297,1.000109249495762,328,317,0.9664634146341463,0.3597618061275305,ok,1269.42516848291,669.4613230818687,0.07882995538323381
257,0.3139411664119507,2.303292360487376,0.7787156749295232,0.9999007552482647,316,286,0.9050632911392406,0.3677756728401397,ok,1269.0831160074283,667.1620373541125,-0.6998857195462893
258,-0.060711343597404266,0.9041895961818227,0.1753108968830504,1.0001285902296528,331,323,0.9758308157099698,0.41104639155767153,ok,1269.1300092527986,666.2570259085367,-0.8751966164293398
259,2.2313081075665195,-3.324114462988973,0.1024362428039791,1.0001033934735204,337,303,0.8991097922848664,0.5453532959301435,ok,1266.9557422734601,669.6187272540617,-0.977632859233319
260,-1.3964671299504516,9.730960692059625,-0.16961598988548696,0.9994536126372721,294,257,0.8741496598639455,0.6715807796077553,ok,1268.2148436821149,659.8690411012584,-0.8080168693478318
261,-6.75059924934726,5.619774354971241,-0.41890298057867914,0.9997161616177602,300,271,0.9033333333333333,0.5856000039443242,ok,1274.927121872166,654.2035512261073,-0.3891138887691526
262,-5.981867641132112,3.4233061982663457,-0.5024987101811097,0.9997896980592986,316,288,0.9113924050632911,0.47857338336850713,ok,1280.9157523080735,650.7920894711939,0.1133848214119573
263,-2.5879459199118173,2.668614059617994,-0.24611886530018218,0.9997555925426623,276,247,0.894927536231884,0.33748513374538264,ok,1283.5203914553467,648.1397659622548,0.3595036867121394
264,-1.6603543771104796,2.5671157181454873,-0.1693555967413568,0.9998076851665356,281,259,0.9217081850533808,0.31956782185912114,ok,1285.2043701061968,645.5880850120927,0.5288592834534962
265,-0.8598409222258852,2.0224402926812672,-0.024448829134219755,0.9998064227356748,296,282,0.9527027027027027,0.42245889059662145,ok,1286.0837014350705,643.5740424199274,0.553308112587716
266,-0.6155339313697823,2.0774618890759484,0.10321732150090378,0.9999558749575516,331,322,0.972809667673716,0.2814181936939456,ok,1286.7155358458913,641.501479948364,0.45009079108681227
267,-0.4646414443661797,1.9853481772120176,0.2080940297072607,1.0000773829694698,316,303,0.9588607594936709,0.40557402329570824,ok,1287.1885585174327,639.5181119520533,0.2419967613795516
268,-0.6735557220006285,1.7599783791179107,0.21897461354306957,1.00002049171653,337,325,0.9643916913946587,0.41226619859449787,ok,1287.8628213659672,637.758404357966,0.02302214783648217
269,1.7630380615191825,-3.7072416119335685,0.10451341926664529,1.0001588103824306,305,276,0.9049180327868852,0.6445587784181892,ok,1286.1050578622776,641.4681497725078,-0.08149127143016303
270,6.094016553564643,10.505452115259459,0.09721607006386196,0.9994450927536294,300,270,0.9,0.632707657011971,ok,1279.9783041680644,630.9817561564175,-0.1787073414940249
271,-0.07502498030976312,3.4869741989591603,0.036785757992844635,0.9997967310948072,362,358,0.988950276243094,0.426273960704587,ok,1280.0402139151752,627.4945244470111,-0.2154930994868695
272,-1.3376894299885862,4.578190746765586,-0.034963740916919596,0.999698040183944,305,270,0.8852459016393442,0.39455873200145564,ok,1281.3634716203708,622.9121415984799,-0.18052935856994998
273,2.7295398101709907,4.175178668055423,-0.20009025990029652,0.999821395585157,320,279,0.871875,0.3517034546078026,ok,1278.6353573841457,618.7360313030497,0.01956090133034632
274,3.332325850259622,2.307337177678278,-0.18681843123499928,0.9998908642730824,326,288,0.8834355828220859,0.29694298408369074,ok,1275.311364159235,616.4167060855451,0.20637933256534535
275,1.4595839058165438,1.9771703275966956,-0.17787235044859842,0.9999730315903832,333,300,0.9009009009009009,0.26451309777431087,ok,1273.8650727852673,614.4297916575853,0.38425168301394347
276,0.3196429229503792,1.5191189572165058,-0.06792846021024637,1.0000103304918633,329,314,0.9544072948328267,0.456814294367353,ok,1273.5574286280553,612.9081974025684,0.45218014322418976
277,-0.04473505576447678,1.5301723370052969,0.044459692009015436,0.999958597910054,342,336,0.9824561403508771,0.25793014954902116,ok,1273.6130512640134,611.3783821429635,0.40772045121517436
278,0.060109461714773715,0.764268471683863,0.06206974280693054,0.9999824772620814,368,359,0.9755434782608695,0.22754039177424937,ok,1273.5575535033545,610.6137649558955,0.34565070840824397
279,5.166505968582442,2.719169423741505,0.2897666468953895,0.9998335297657106,306,268,0.8758169934640523,0.706772876060002,ok,1268.3937021633367,607.8895576185944,0.055884061512855035
280,1.4228024965166242,5.117474997975933,0.1440098217307971,1.0000231592521063,297,288,0.9696969696969697,0.5480622609979016,ok,1266.9630302430367,602.7742770636817,-0.08812576021794177
281,1.800963658986575,6.756214935549679,0.2307657173319606,0.9998276820923985,284,252,0.8873239436619719,0.3961924428361082,ok,1265.1244915647956,596.0281903547115,-0.3188914775499019
282,0.1047893432953515,3.621545078881809,0.15360027855691855,1.0000402884834207,303,290,0.9570957095709571,0.3404109426468372,ok,1264.9898409182133,592.4076325567726,-0.47249175610682004
283,-0.18235267570321412,2.6533373439118577,0.05604579525292315,0.9999821538790831,306,292,0.954248366013072,0.37384086383491766,ok,1265.1477098870464,589.7527259769448,-0.5285375513597431
284,-0.36141691539478416,2.0912715808403846,-0.03894763238994504,0.9998528045724241,283,270,0.9540636042402827,0.5964928265219387,ok,1265.491244001537,587.6584424899867,-0.48958991896979814
285,-0.5242129370635666,1.9508292388184145,-0.13918430725059078,0.9999319978288072,322,292,0.906832298136646,0.25436477522210293,ok,1266.0035164615479,585.7044438080197,-0.3504056117192077
286,-0.5051070299364255,1.7779934314132788,-0.24124939763171563,0.9998443904909203,338,300,0.8875739644970414,0.2927264729021468,ok,1266.505235258769,583.9254913065868,-0.10915621408749251
287,-0.5580464377546832,1.4493557769960717,-0.3842390669156273,0.9998693708440829,348,307,0.882183908045977,0.2965126608342863,ok,1267.0702337423488,582.4788314610961,0.27508285282813416
288,-0.30853381276165237,0.3761631645710395,-0.10492976104287584,0.9998988638478375,340,336,0.9882352941176471,0.44087498301849565,ok,1267.38125564209,582.1047228968011,0.3800126138710098
289,1.1825814128646925,0.06619596501968772,-0.08473663510984474,1.0002286312918784,338,327,0.9674556213017751,0.4228871525667415,ok,1266.1992500692825,582.0289368183342,0.46474924898085446
290,-1.5107922946110648,10.639577939169158,0.1924444122796419,0.9993344166201853,280,239,0.8535714285714285,0.7342574142800765,ok,1267.760590939187,571.3966592274753,0.2723048367012128
291,6.19266302658616,6.159922332642964,0.36254394782744165,0.9996923920115559,281,237,0.8434163701067615,0.5176368546339662,ok,1261.558233906719,565.2464977867623,-0.09023911112622832
292,3.1394325476574068,2.2964381841018167,0.20549740111581938,0.9998475322266278,284,248,0.8732394366197183,0.40878285718583407,ok,1258.406989991882,562.9662945405807,-0.2957365122420474
293,3.365944223668521,5.089123066637512,0.25074855215789793,0.9996515752693368,283,248,0.8763250883392226,0.5012540285213762,ok,1254.9926597366132,557.9095067249624,-0.546485064399945
294,-0.36652587675757786,3.198468716276011,0.09490979418396046,0.9999180639483004,297,287,0.9663299663299664,0.46098417714289097,ok,1255.3233582908977,554.7071354451882,-0.6413948585839054
295,-1.112758376757256,2.7617054845648,0.02916208423426578,0.9997175493429952,270,264,0.9777777777777777,0.6838735829569462,ok,1256.4037197819189,551.9325963055765,-0.6705569428181711
296,-0.6348390517255211,1.259615358993642,-0.013930786242493116,0.9998926068647193,301,288,0.9568106312292359,0.40788241772099154,ok,1257.0240819055057,550.6657883841348,-0.656626156575678
297,-1.2325150653161927,2.674141634696525,-0.10170567654903796,0.9999410573780325,306,269,0.8790849673202614,0.33621857169702724,ok,1258.2306400010566,547.9798352142694,-0.5549204800266403
298,-0.811383915073975,2.609318397344623,-0.13397008397104976,0.9998791114854716,293,258,0.8805460750853242,0.424849311627152,ok,1259.0228316052373,545.3646260794914,-0.42095039605559076
299,-0.37161073573020076,2.273378336346468,-0.10575654727596179,0.9998524752232444,274,238,0.8686131386861314,0.40504344404767484,ok,1259.3819305393456,543.0892378588571,-0.3151938487796292
300,-0.1498452277173783,5.5660260325573745,-0.08434293642077707,0.9999676359700572,269,229,0.8513011152416357,0.48693809194392573,ok,1259.5093484886588,537.5226532638322,-0.2308509123588522
301,4.261875722021614,8.295342635195198,-0.00945469064126819,0.9995777091715277,272,231,0.8492647058823529,0.5593434935823748,ok,1255.215450688277,529.2438408015812,-0.221396221717584
302,5.920906099768672,3.6905789789669825,0.06027057650441266,0.9997641322798833,243,212,0.8724279835390947,0.4122907752135839,ok,1249.2764732729343,525.5824135522269,-0.2816667982219966
303,2.58709788058718,2.090335074890845,0.1066907742720052,1.0005759725748398,278,252,0.9064748201438849,0.5581038731128389,ok,1246.6752663915279,523.5096620164218,-0.3883575724940017
304,0.4374820524478764,1.9832099377620125,0.1773940905558853,0.9999978285857486,295,284,0.9627118644067797,0.4501502096428354,ok,1246.2182233148494,521.5308684876492,-0.5657516630498868
305,-0.19893981508880643,1.9160009193008136,0.32144194698959977,0.9999484524648853,273,236,0.8644688644688645,0.28571453701138483,ok,1246.3874722466,519.6120169113435,-0.8871936100394865
306,-0.7527196933701816,1.752264784411409,0.18884724861310326,0.9999656186108119,278,272,0.9784172661870504,0.44144059555532394,ok,1247.1071528026778,517.8459255465837,-1.0760408586525896
307,-0.8107628189536626,1.4682255111476934,0.03894629955109011,0.9999067112625828,279,269,0.96415770609319,0.3761147188338112,ok,1247.8891919544337,516.3622014262352,-1.1149871582036797
308,-0.31701226660311477,0.5604715482853635,-0.04214621337397535,0.9998741863121241,306,297,0.9705882352941176,0.37329277541097805,ok,1248.1956546525403,515.7958925456026,-1.0728409448297045
309,-0.47417572270501296,1.889816704049963,-0.3496487387225222,0.9999229616654355,278,246,0.8848920863309353,0.4468155877212979,ok,1248.645939809681,513.9002414521342,-0.7231922061071825
310,7.885098423919089,4.404213783892374,-0.24632209050960416,0.9996879793631608,244,204,0.8360655737704918,0.6303833906614683,ok,1240.7244588468473,509.56180676153605,-0.4768701155975785
311,0.19131208740350303,8.414410265853576,-0.13791578528049306,0.9996724301373185,215,173,0.8046511627906977,0.5174705800142227,ok,1240.4833718480097,501.1486755076046,-0.3389543303170855
312,-2.471447646916886,3.2567272143239734,-0.031775141781604226,0.9994446625112557,212,200,0.9433962264150944,1.2582161349011962,ok,1242.9373238064438,497.8787450181802,-0.30717918853548126
313,0.09472095079013343,1.8680228241516943,0.025916866758227845,0.9999616720442218,270,263,0.9740740740740741,0.48550573798900304,ok,1242.8317445372732,496.01130443064017,-0.3330960552937091
314,3.6139548375731465,1.9686047381433127,0.09626575797382197,1.0005354922895828,248,241,0.9717741935483871,0.6523897011565035,ok,1239.2031390256377,494.0698368867472,-0.4293618132675309
315,3.627317174558357,1.3968752045459496,0.17101118580721025,1.0003382101686573,265,232,0.8754716981132076,0.3993378414473873,ok,1235.561384117715,492.7110464641495,-0.6003729990747411
316,0.45726853721726,0.7943272448192147,0.0915256548242132,1.0001001756774899,265,256,0.9660377358490566,0.3128143588537391,ok,1235.0945569304092,491.9222989353525,-0.6918986538989542
317,0.16306028947883533,1.6523939316761016,0.2079539144509285,1.0001271009446855,263,251,0.9543726235741445,0.5036181590592567,ok,1234.9055663262372,490.272669608813,-0.8998525683498827
318,-0.3935506910618187,1.3969775030248002,0.15385346970704603,0.9999928508863342,262,252,0.9618320610687023,0.4380191308878425,ok,1235.2733606049094,488.8686910979486,-1.053706038056929
319,-0.3295379893536392,1.2561901588403543,0.05729814442270425,0.9999486607063054,282,270,0.9574468085106383,0.2585449600964377,ok,1235.5784797871017,487.606347528926,-1.1110041824796333
320,0.30890387207477943,-1.3179427646998647,-0.08216656033897304,0.9999492083163877,255,246,0.9647058823529412,0.3298480570460774,ok,1235.2932902196237,488.9296243872626,-1.0288376221406603
321,7.916500001675104,11.295429664088715,-0.15931326836590268,0.9994622212483333,225,190,0.8444444444444444,0.6967874543583558,ok,1227.2062882653383,477.75563213004875,-0.8695243537747576
322,3.4523563023706174,5.451751468553084,-0.2175262998467012,0.9996674983828349,243,206,0.8477366255144033,0.41156205602721124,ok,1223.692118552606,472.34351892506993,-0.6519980539280563
323,1.677264804773131,2.287935927163744,-0.20629441915271743,0.9999647853194938,248,208,0.8387096774193549,0.3356691592308042,ok,1221.9971068308212,470.06869952671144,-0.4457036347753389
324,1.2285179604584755,1.6516998343311116,-0.1341743675991822,0.9998987592707259,275,235,0.8545454545454545,0.3501542567226968,ok,1220.7596264328547,468.42370378612503,-0.3115292671761567
325,0.5101562651116183,1.4595591823072027,-0.009136087108510493,0.9999668364648471,280,275,0.9821428571428571,0.4342627526353818,ok,1220.2417741104691,466.9668573996829,-0.3023931800676462
326,0.3097539596487877,1.7165366117396843,0.09379272892405702,1.0000340023999457,271,258,0.9520295202952029,0.380507656121768,ok,1219.920158231559,465.2525036784825,-0.39618590899170314
327,-0.07532492232098775,1.858535458991014,0.20513034420930548,1.0000946641233857,263,253,0.9619771863117871,0.5140714035028098,ok,1219.9759741298271,463.39328005509833,-0.6013162532010086
328,-0.13389210008335795,1.7398656988484618,0.27228248184261417,0.9999036473635676,275,252,0.9163636363636364,0.3693420621120517,ok,1220.0833236591723,461.65157519403726,-0.8735987350436225
329,-0.29622752414184106,1.8931644816325388,0.2733665367704376,1.000089605436453,267,257,0.9625468164794008,0.6414150042954812,ok,1220.3415963891514,459.75286044518106,-1.1469652718140602
330,1.3505555568410728,-1.3672249417695639,0.11987388659715369,1.0004140917715987,255,232,0.9098039215686274,0.8680382506841109,ok,1219.0215985288976,461.1496102446928,-1.266839158411214
331,0.9404458475723914,9.954675538994934,0.013645236218699995,0.9994406292303608,217,181,0.8341013824884793,0.48206692922658867,ok,1217.8589323039,451.2184365613797,-1.2804843946299138
332,3.6762144121485107,3.4586035090185305,-0.05245809429528311,0.9997198164332202,231,199,0.8614718614718615,0.36462209012871477,ok,1214.1094393179567,447.8394140718053,-1.2280263003346306
333,11.343770009841364,4.994659134333915,-0.41665079230498614,0.9996598350615004,222,193,0.8693693693693694,0.6647181692812311,ok,1202.6960788489175,443.0058914735201,-0.8113755080296448
334,1.2840337683678626,0.9354549593533648,-0.12921356604283712,1.0001182279198169,263,251,0.9543726235741445,0.5354073444700677,ok,1201.400998849407,442.0857901235832,-0.6821619419868076
335,2.1589697134936614,3.077137305704696,-0.3562098202412274,0.9999928197874367,261,224,0.8582375478927203,0.3545259462404823,ok,1199.224558524192,439.02098479000637,-0.32595212174558047
336,0.24386805589665528,0.7667615062208597,-0.06405622964569745,1.0000173103106464,269,258,0.9591078066914498,0.3721239267824307,ok,1198.9771882029852,438.255345997693,-0.26189589209988295
337,0.04015876273570029,1.6720122397305204,-0.031464936168882865,0.9999693484578273,280,266,0.95,0.42036142982543895,ok,1198.930305319643,436.5835087893254,-0.23043095593100016
338,-0.33087513512464284,1.6503525433713548,0.09729092857627535,0.9999465026591032,274,258,0.9416058394160584,0.29016703041715525,ok,1199.251735364484,434.9312907048312,-0.32772188450727546
339,-0.19100175693893107,1.6211343565228162,0.1971394131243935,1.0000437795357806,262,245,0.9351145038167938,0.5111075806544592,ok,1199.427878820233,433.308474709085,-0.5248612976316688
340,0.005548394272409496,1.6325035579149016,0.24655402652990221,1.0001898621788634,244,233,0.9549180327868853,0.6183590639768624,ok,1199.400351993824,431.67619381257487,-0.7714153241615708
341,2.148070445183521,3.6934118902547652,0.18054385751149316,1.0003777064033117,215,204,0.9488372093023256,0.7804638146053859,ok,1197.1912154736615,428.01897986424865,-0.9519591816730637
342,-5.191913872856048,9.350298999367851,0.12330532920531458,0.9997446502908288,206,169,0.8203883495145631,0.5447903172413003,ok,1202.206749203088,418.5728969485782,-1.0752645108783783
343,-6.968031262163549,5.504348314837671,0.027645936460250372,0.9996800608062226,217,180,0.8294930875576036,0.523879577756385,ok,1209.067540575721,412.9354461254892,-1.1029104473386284
344,-4.284277621299907,4.117754337652059,-0.09806871051320015,0.9997775403920383,215,182,0.8465116279069768,0.4288399535528152,ok,1213.2789467102364,408.7431920907495,-1.0048417368254285
345,-1.8452910534883813,3.425841025931618,-0.19997504240167369,0.9998328753027613,217,186,0.8571428571428571,0.3630578053195951,ok,1215.0759325250076,405.2917680674584,-0.8048666944237548
346,-1.0415512551619486,3.0265694925237767,-0.20313632929840145,0.9998528817374204,227,198,0.8722466960352423,0.3125557603361132,ok,1216.0856413599518,402.25442712860405,-0.6017303651253535
347,-0.6402808159305096,2.8304583282899785,-0.12365952169004744,0.999824065102759,207,181,0.8743961352657005,0.333252410382697,ok,1216.7022830712767,399.4187249454951,-0.4780708434353061
348,-0.44068222693567805,2.302299848581697,-0.05890018045184983,0.9998940917560774,218,207,0.9495412844036697,0.7113687570596616,ok,1217.126110240971,397.11326274711814,-0.4191706629834563
349,-0.6104464584782363,2.0820477980191754,-0.011700566067464984,0.9998786438762723,224,216,0.9642857142857143,0.5217431086710931,ok,1217.7217344988073,395.026926327606,-0.40747009691599134
350,-0.4223042933626857,0.9815849316910317,0.011143195746089754,0.9999223157285702,223,216,0.968609865470852,0.31982814702457774,ok,1218.1368559482244,394.04228219059536,-0.4186132926620811
351,-4.872462323995478,10.372353341785583,0.07949906817110332,0.9997657442098162,196,165,0.8418367346938775,0.5710309961785455,ok,1222.9189611419329,383.627961624091,-0.4981123608331843
352,-1.149688783028978,3.4256465387994695,0.05840273592996582,0.9998480316728092,234,226,0.9658119658119658,0.5186199708674148,ok,1224.0353228401543,380.19130990106805,-0.55651509676315
353,-0.8017846374884812,5.554905697845243,0.31448317955104244,0.9998870826281262,227,213,0.9383259911894273,0.48234718858231895,ok,1224.752573590764,374.62485795412607,-0.8709982763141922
354,-0.07321433289916968,2.2892888039065156,0.09810793575706211,0.9999835231520596,243,234,0.9629629629629629,0.30026850621000395,ok,1224.7870580508534,372.33465831473956,-0.9691062120712542
355,-0.04755822335482662,1.9668474709013708,-0.02070697488977965,0.9999286985582692,266,259,0.9736842105263158,0.3679449559692624,ok,1224.8020546306573,370.367293106906,-0.9483992371814748
356,-0.05594040830510494,0.9237658043766714,-0.05435113472787468,0.9999850072902076,238,231,0.9705882352941176,0.38991943224699743,ok,1224.8435742953213,369.44276689956354,-0.8940481024536
357,0.03714155956026843,1.4672189880145652,-0.2347813846961551,0.9999156012162751,254,226,0.889763779527559,0.32902554521528166,ok,1224.789553195271,367.9760723932036,-0.6592667177574452
358,-0.196243470602667,1.2934121598811998,-0.2507924980051977,0.9999984355779208,257,230,0.8949416342412452,0.2699621875726701,ok,1224.9765707369968,366.68129405149034,-0.4084742197522477
359,-0.3695158071179776,0.9455317894211248,-0.10161436442476275,0.9998250882017842,244,234,0.9590163934426229,0.549912090924021,ok,1225.3410172701842,365.7337968108804,-0.30685985532748505
360,-0.4983616168253775,0.846281682956942,-0.06619482449647117,0.999856558725692,255,249,0.9764705882352941,0.440465795026174,ok,1225.8358197818914,364.8854292829529,-0.24066503083101395
361,2.2529402001155177,2.1798475825578407,-0.05969953787147654,0.9997230553604151,217,173,0.7972350230414746,0.5669490867696856,ok,1223.5760059047857,362.7127083461272,-0.18096549295953748
362,-6.08351494355793,8.569232050696996,0.028192657661889,0.9997841377332837,211,180,0.8530805687203792,0.4029984922523183,ok,1229.6281984152176,354.12132558059625,-0.20915815062142643
363,-8.474957476852751,5.016233905474564,0.07509057821624376,1.0002536419181718,208,177,0.8509615384615384,0.4603505731875474,ok,1238.0781657816597,349.06310866799174,-0.28424872883767005
364,-5.044963950791498,3.2860732215218604,0.12975128478932557,1.0000692487085483,225,190,0.8444444444444444,0.3955961916415821,ok,1243.099254181509,345.74066833551205,-0.4140000136269953
365,-2.011631074730758,2.9250520886574805,0.2438015549995169,0.9999202286068821,234,213,0.9102564102564102,0.40269400467245614,ok,1245.0771714726707,342.7927143854809,-0.6578015686265116
366,-1.0645656231040448,2.2972718743933456,0.14770681523300785,0.9999750167389427,221,208,0.9411764705882353,0.3397078253377299,ok,1246.1093361313424,340.4807035403153,-0.8055083838595191
367,-0.5595857478820108,1.7764792331672652,0.02703429953558031,0.9998921916471195,232,217,0.9353448275862069,0.3688713344468881,ok,1246.6430503848615,338.69628100887917,-0.8325426833950992
368,-0.32595031538266994,1.487554554625035,-0.12876950970169354,1.0000294855540937,215,181,0.8418604651162791,0.2867585350496714,ok,1246.9507047017582,337.20483507208525,-0.703773173693406
369,-0.22801451580517096,0.566293516751557,-0.08395026299735013,0.9999870228536156,222,208,0.9369369369369369,0.5571640938769403,ok,1247.1725798598607,336.63610808947425,-0.619822910696056
370,-1.3144212869153762,1.6789295171906815,-0.42768113061264124,1.0000168756474161,208,167,0.8028846153846154,0.3074968171535357,ok,1248.4813634649674,334.9527801005802,-0.1921417800834156
371,-3.044098188170665,4.09895753707292,-0.2309133749809173,0.9997216172495379,191,155,0.8115183246073299,0.5080887949153645,ok,1251.5282346876832,330.8558834186834,0.03877159489750112
372,-1.9756409216286102,8.61038992382646,-0.1373236988543417,0.9996322065352894,204,169,0.8284313725490197,0.49992445910383976,ok,1253.5303297764801,322.2516061714673,0.17609529375184252
373,-0.5187330279386515,3.435855220866074,0.01695926307105237,0.9998450556178544,198,191,0.9646464646464646,0.9337373497022912,ok,1254.0586036995014,318.81720495505664,0.15913603068079016
374,0.01523536958893601,2.0058526856596472,0.09311909013475748,1.000041735653474,199,192,0.964824120603015,0.32792225954322146,ok,1254.0456795090038,316.81133604649,0.06601694054603291
375,-0.016565532043159692,1.9992007367435463,0.16822148562501546,1.0001397347366385,213,198,0.9295774647887324,0.5526725923665321,ok,1254.058678830669,314.8121089407603,-0.10220454507898222
376,-0.08652927496086704,1.785710845362246,0.2294861713937822,1.0001054041161181,211,180,0.8530805687203792,0.7971577799932478,ok,1254.1348690635145,313.02592709473,-0.33169071647276394
377,-0.1877034546341747,1.5606089300570147,0.2270621832977078,1.000127593143573,210,203,0.9666666666666667,0.6149517613026504,ok,1254.3073446541566,311.46356190371733,-0.5587528997704714
378,-0.42916309756628834,1.3269182995070423,0.11475034941547271,1.0000303642350732,219,211,0.9634703196347032,0.3789141135196264,ok,1254.7208807366053,310.13169064627834,-0.673503249185944
379,-0.5714202179997301,1.0608982746632591,-0.0031967434634509327,0.9998958017420077,201,188,0.9353233830845771,0.445336837908743,ok,1255.2798506258105,309.0641800478842,-0.6703065057224932
380,-0.33969406531764434,0.4655632642175078,-0.046682868481946055,0.9999515462374147,224,218,0.9732142857142857,0.3812486923947921,ok,1255.6144573463866,308.5949471062163,-0.6236236372405471
381,1.603956916505922,-2.351672581428261,-0.2105544159486247,1.0001050843160286,234,219,0.9358974358974359,0.4477573971348444,ok,1254.027496156752,310.95812206860097,-0.41306922129192275
382,-8.058148350775582,11.949772897782395,-0.2814762320364127,0.9998272477479438,175,140,0.8,0.5402685555137823,ok,1262.0581778653273,298.989873305844,-0.1315929892555106
383,0.1916578570640013,6.128917385546401,-0.38221710067445397,0.9998639689793419,176,142,0.8068181818181818,0.3648971838228104,ok,1261.8933309643912,292.86017620465867,0.2506241114189426
384,0.039995765001549444,3.16508630896044,-0.2662985599487492,0.9998852467424584,196,162,0.826530612244898,0.27108339122983366,ok,1261.8818918566415,289.69485787134676,0.5169226713676915
385,-3.497909188229187,2.310294282940049,-0.07457597800861993,0.9999309704267383,219,186,0.8493150684931506,0.31704086052111824,ok,1265.403464776715,287.42079706928206,0.5914986493763112
386,-5.385342161944209,2.2222017784821446,0.16246060642906984,1.0001307672398279,213,172,0.8075117370892019,0.35872692067988743,ok,1270.8052959282522,285.2389833385097,0.4290380429472417
387,-3.0427318124736757,1.796730397554711,0.3304454541124229,0.999856421731172,208,184,0.8846153846153846,0.40276888263029276,ok,1273.8511149856959,283.4474914257591,0.09859258883481933
388,-1.549876492469366,1.2109995775264224,0.3629381372908724,1.000078420283983,199,171,0.8592964824120602,0.3202155418887655,ok,1275.3953878135299,282.2293540969277,-0.26434554845605257
389,-0.8253988422902694,1.1482654969375972,0.17639386351245534,0.9999491969905387,226,215,0.9513274336283186,0.4022621814539921,ok,1276.2119294581203,281.0747733752105,-0.4407394119685077
390,-0.8924010736234322,0.9079052056099499,0.1121250160485018,0.9999733282770318,231,221,0.9567099567099567,0.3277131276033172,ok,1277.0955284688296,280.1582995202362,-0.5528644280170094
391,1.3473040840117392,-1.6796308499576753,-0.014720210475980253,1.000161139534276,231,215,0.9307359307359307,0.5285454885540878,ok,1275.7640593253595,281.8505105020324,-0.5381442175410291
392,-4.962459304571894,6.4611169998842115,-0.028681118421324144,0.9999149290117444,194,152,0.7835051546391752,0.4245132818706179,ok,1280.668872196652,275.345524265819,-0.509463099119705
393,1.556596952764039,10.214048608563417,-0.2561341426841097,0.9994348135025055,193,159,0.8238341968911918,0.603118685745861,ok,1279.067129962415,265.13845784757166,-0.2533289564355955
394,1.4747004001289952,2.3965592857808815,-0.18782120550228176,0.9999317562644687,205,168,0.8195121951219512,0.3535871473514306,ok,1277.589690478346,262.7435861910279,-0.06550775093331393
395,-1.7670278934056114,1.9748376776813075,-0.12188590942667385,0.9999678191936562,228,200,0.8771929824561403,0.31497360922336426,ok,1279.3586607256461,260.7704881971539,0.0563781584933598
396,-1.499113833251613,0.8424934008821765,-0.023954868244280017,0.9997874477211345,245,235,0.9591836734693877,0.4616138718227529,ok,1280.8589543246408,259.9300974949258,0.0803330267376398
397,-3.4162438002394993,2.4913042688313,-0.03195775790200332,1.0000820958446865,229,187,0.8165938864628821,0.33510063073627994,ok,1284.2800741283838,257.44549331095453,0.11229078463964308
398,-0.7008559563018935,1.5951854589942513,0.07720921487210174,0.9999712994145722,244,237,0.9713114754098361,0.2728762423682863,ok,1284.9819066675987,255.85073727727104,0.0350815697675414
399,-0.45816871850979624,1.572430877637089,0.11391069338571586,1.0000049165093463,264,248,0.9393939393939394,0.2990660222372582,ok,1285.437911559115,254.27767752682263,-0.07882912361817437
400,-0.33936660034100896,0.9438971222720056,0.09268941482909991,1.0000497469755245,256,245,0.95703125,0.36112754872302527,ok,1285.7744510273612,253.33276872002017,-0.17151853844727422
401,0.7349624953021703,-1.9680917320201843,0.4606745428420487,1.0000742047031494,221,191,0.8642533936651584,0.36851258208305493,ok,1285.0612484607843,255.30884995169458,-0.6321930812893225
402,-5.41727243447599,6.732342809510328,0.09616235017736904,0.9997527808339586,241,206,0.8547717842323651,0.5191023561685486,ok,1290.3925025994683,248.5081875102215,-0.7283554314666915
403,-5.762226223489506,10.12596509889886,0.0756882710662749,0.9997484439502106,215,179,0.8325581395348837,0.5319903680290063,ok,1296.0120663216971,238.30235957680048,-0.8040437025329663
404,-3.182684559713607,5.708690709727534,-0.1367207476324775,0.9998907849624973,211,177,0.8388625592417062,0.41106197113225545,ok,1299.128047495831,232.55698822688635,-0.6673229549004889
405,-2.23010151781682,4.028277197553962,-0.2852578840609185,0.9999036321748652,223,191,0.8565022421524664,0.32908006829215247,ok,1301.3312378964806,228.51392972884474,-0.3820650708395706
406,-1.771890600931556,3.319936923775913,-0.37276051032484847,0.9999369691189545,217,190,0.8755760368663594,0.33376242477524687,ok,1303.1025893321748,225.19370510228953,-0.009304560514722426
407,-1.7005857091101007,3.1165262497265758,-0.340192984440324,0.9997274166212198,226,194,0.8584070796460177,0.28706403931414154,ok,1304.821144809841,222.08705180823688,0.3308884239256011
408,-1.4014257925082347,2.679917905734328,-0.20654694197256138,0.9999585700533813,227,200,0.8810572687224669,0.2989278775615374,ok,1306.2476462567388,219.42039700204623,0.5374353658981624
409,-1.2754689162486557,2.1893367569388147,0.00923290676142843,0.9997774546771879,207,195,0.9420289855072463,0.5768895123941807,ok,1307.543243903354,217.24291149585235,0.5282024591367339
410,-1.029637406540587,2.1075873727885437,0.1845826672178624,0.9999744518364162,225,213,0.9466666666666667,0.3821338914897372,ok,1308.5855025442913,215.1415370293953,0.3436197919188716
411,-0.965293649122259,1.6120873909674174,0.341579948281446,1.0000647479469134,207,178,0.8599033816425121,0.3203085227328064,ok,1309.5508535863169,213.52948400582233,0.0020398436374257077
412,1.645425410569942,-3.675585539053259,0.1677852968227248,1.0001146007458481,211,178,0.8436018957345972,0.47320207120488555,ok,1307.9160677937334,217.20981405202917,-0.16574545318529907
413,-5.925742339642966,13.364772730871437,0.19105682173109542,0.9995478894908898,213,179,0.8403755868544601,0.5832088735809768,ok,1313.7584683263801,203.80839888646523,-0.35680227491639444
414,2.467990972897269,6.487589127958131,0.11950125100928907,0.9997490034076266,210,173,0.8238095238095238,0.4197786176582401,ok,1311.2366315033519,197.3415502587701,-0.4763035259256834
415,1.6559790042203986,2.9606941101468465,0.05634721686533763,1.0002671354754709,212,204,0.9622641509433962,0.6326656345994746,ok,1309.5532003340318,194.3963786891602,-0.5326507427910211
416,-2.024473656169448,2.171760695717694,-0.019070680895726787,0.9996957669032727,227,216,0.9515418502202643,0.5475764298586976,ok,1311.5581259898725,192.20655878365608,-0.5135800618952945
417,-3.7259092579788557,1.8451865843064752,-0.08413935340297699,0.9992647986972272,218,206,0.944954128440367,1.029968054378266,ok,1315.270100763826,190.3334980245961,-0.4294407084923175
418,-1.7073664569988978,1.6221013043985977,-0.1809542330723967,0.9999809031008215,216,182,0.8425925925925926,0.31555664796394506,ok,1316.9704162834437,188.70400730846313,-0.24848647541992086
419,-0.635241546247471,1.2299247459760636,-0.26486201298052403,0.9999683334646753,213,185,0.8685446009389671,0.2831243337015269,ok,1317.6060093249012,187.47426416922883,0.016375537560602955
420,-0.28612341246139295,0.583712391331801,-0.12125300595100463,0.9998842216658816,232,226,0.9741379310344828,0.7379044710507445,ok,1317.8935340292971,186.89124075004702,0.1376285435116075
421,-0.5468048044774605,0.6422018614319995,-0.014117301609049332,0.9999804138103473,222,214,0.963963963963964,0.41792890947716,ok,1318.4420377629542,186.25048933242033,0.15174584512065684
422,0.23701896883380869,-2.951519813064351,0.086341805040339,0.9999219284223968,223,191,0.8565022421524664,0.39105046263889875,ok,1318.201649742648,189.20173666163407,0.06540404008031792
423,-1.220294264890299,12.101069914797904,0.2254584610487783,0.9996473507995731,186,148,0.7956989247311828,0.4853980586821087,ok,1319.388135234232,177.0973051031507,-0.16005442096846015
424,-3.5910497913773725,3.6213466356107347,0.16336069846268858,0.9996030801402154,207,195,0.9420289855072463,0.6592531612833302,ok,1322.9586866592515,173.45574601662042,-0.3234151194311486
425,-10.8026095537723,4.82839628034435,0.30047646232780756,1.000087708807181,200,158,0.79,0.7090184205268177,ok,1333.7080806033753,168.51000910031235,-0.6238915817589559
426,-2.674793482306768,2.106806345055247,0.11414982718183354,0.999627842077487,215,203,0.9441860465116279,0.4112834189953679,ok,1336.3555146247386,166.3689238028329,-0.7380414089407894
427,-1.6069253815944649,1.600038880345437,0.02275296369123258,0.9998499292760191,216,210,0.9722222222222222,0.5456581211590663,ok,1337.9410530671541,164.74768925834167,-0.7607943726320219
428,-1.068479345126434,1.4281965527003422,-0.04802179589732164,0.9998353170955313,201,190,0.945273631840796,0.6495476840510362,ok,1338.99168310192,163.30631143342703,-0.7127725767347003
429,-0.7741909331591614,1.200970576178861,-0.10462644177685983,0.9997979391616149,197,191,0.9695431472081218,0.8423533403254018,ok,1339.753083379865,162.09719128117638,-0.6081461349578405
430,-0.8485501804034357,1.515036030100191,-0.21377632463810617,0.9999429036283004,206,168,0.8155339805825242,0.31956732644171215,ok,1340.5911854707992,160.57635057080063,-0.39436981031973456
431,-1.0209278589316,1.413823354080705,-0.20997385732026647,1.0001726426932462,219,182,0.8310502283105022,0.39945021348975585,ok,1341.60755791939,159.15924887528558,-0.1843959529994682
432,0.19124925787195934,-2.7754964530678308,-0.103858001971859,0.9998341173984964,247,238,0.9635627530364372,0.4803787283261041,ok,1341.4202102324753,161.9350114162528,-0.08053795102760924
433,-0.17685870184595842,12.676306922273852,-0.03992347922370631,0.9998114339899179,196,160,0.8163265306122449,0.35196542655448726,ok,1341.5880832111632,149.25858231136965,-0.04061447180390295
434,-5.442582097246941,4.101661577934692,0.13202642266951128,1.0000243459732892,190,159,0.8368421052631579,0.4424721005939273,ok,1347.0182816903778,145.14054005059677,-0.17264089447341419
435,-2.6267336511616577,2.7509436778516374,0.22008408161679874,0.9998969436726675,222,205,0.9234234234234234,0.42177202872099734,ok,1349.626097870806,142.3716566001866,-0.3927249760902128
436,-0.32357208772418744,1.2154868313803036,0.12082645913905846,1.0000387906440154,239,221,0.9246861924686193,0.3256261318921269,ok,1349.9387624997687,141.1533184028831,-0.5135514352292713
437,-0.13950573973306746,2.8348273160431745,0.47499798180827024,0.9999097626019282,225,187,0.8311111111111111,0.340102155131594,ok,1350.0293393733916,138.31650617907144,-0.9885494170375411
438,0.09734200515640623,0.9057537147613175,0.09432609099614414,1.0000251400388915,240,234,0.975,0.3203444713717194,ok,1349.914897259684,137.4127538565947,-1.0828755080336852
439,0.10947192656817606,1.5232039453542257,0.07873487054344523,1.0001251027644746,248,231,0.9314516129032258,0.3263061826434048,ok,1349.7745686224114,135.8920822170188,-1.1616103785771303
440,-0.10013039341629337,0.6667110139189845,-0.09723627870272764,0.9999346099926251,231,225,0.974025974025974,0.6067474805250433,ok,1349.8622970723984,135.2236262417822,-1.064374099874403
441,-0.7572918078535622,0.7726945638078178,-0.26384406302194036,0.9999788238298501,231,197,0.8528138528138528,0.30028744416876996,ok,1350.6087193163758,134.44042664724952,-0.8005300368524627
442,1.172928399678085,-3.182345004099716,-0.3304455594992511,1.0000459851378904,229,213,0.9301310043668122,0.8315554631514979,ok,1349.461939720164,137.63228775224798,-0.4700844773532118
443,-8.106502241388398,10.704419545233009,-0.3279630102684699,0.9997285637236233,208,176,0.8461538461538461,0.5926693518543296,ok,1357.5418648705877,126.90779308100366,-0.14212146708474216
444,-0.8271365679199789,5.685590238292207,-0.2241319331236362,0.9997913489310407,222,191,0.8603603603603603,0.33474879943740765,ok,1358.3771386730969,121.223392590662,0.08201046603889393
445,-0.9310109648154139,2.5493737390266915,-0.013221106007847008,0.9999101541637511,215,202,0.9395348837209302,0.7907868140364744,ok,1359.312385675483,118.67556980986035,0.09523157204674093
446,-3.5991976946108934,2.2693496726084277,0.14675421939893807,0.9994493224006527,222,210,0.9459459459459459,0.4697213350479438,ok,1362.9095412255288,116.40298451327942,-0.05152264735219708
447,-4.9647978345180945,1.923278107099236,0.29175445858010923,0.9999862882797166,241,207,0.8589211618257261,0.3647518844788324,ok,1367.8627270549907,114.44999543146162,-0.34327710593230615
448,-3.3784910213535113,1.6188822500560036,0.36093615404659435,1.000008848724842,252,217,0.8611111111111112,0.3334333807561025,ok,1371.2210659723198,112.78971201069737,-0.7042132599789003
449,-2.0542534849282674,1.6944048358407144,0.3024566334850178,0.9998784225408263,269,251,0.9330855018587361,0.5598712700512464,ok,1373.2452337370228,111.05947792584118,-1.006669893463918
450,-1.3406720188793315,1.3663628258725566,0.20148007071367,0.9998213430925982,278,260,0.935251798561151,0.6080973753798065,ok,1374.556798459436,109.66515127363482,-1.208149964177588
451,-0.573899264430338,0.5001887295350116,0.039637694893623905,0.9999328354485021,294,274,0.9319727891156463,0.2540557347256858,ok,1375.1196693837533,109.15258376254394,-1.2477876590712118
452,0.6395958766267995,-3.085978084862518,-0.20504608193622317,1.000026947994524,273,256,0.9377289377289377,0.5645747385799245,ok,1374.536338885379,112.24969034051594,-1.0427415771349886
453,-5.629098237950984,9.44439371146973,-0.2839821826770586,0.9996688026049795,227,185,0.8149779735682819,0.7523344832544775,ok,1380.0398765039854,102.73158164023653,-0.7587593944579297
454,-1.6639025106462668,5.314934177153191,-0.2543247296505633,0.9998801335423552,257,212,0.8249027237354085,0.4721536320632592,ok,1381.6569222102655,97.40220456067027,-0.5044346648073663
455,-0.45829856901514177,3.2075617994514687,-0.13739497878586907,0.9998958852964271,253,205,0.8102766798418972,0.3150974339128277,ok,1382.0946637116456,94.19177271220633,-0.3670396860214971
456,-0.21444296334948376,1.2258251507926161,-0.030723815606520637,0.9998953842633455,255,240,0.9411764705882353,0.4534525073447787,ok,1382.3019076499463,92.96470994491051,-0.3363158704149765
457,-0.26463671267015343,1.9842169279702375,-0.012181593883038612,0.9999859477004008,249,231,0.927710843373494,0.607497864348359,ok,1382.5553150552523,90.97902767076084,-0.3241342765319379
458,-0.4725090490783259,1.9539450105883134,0.07266866972174128,0.9999264881653475,248,236,0.9516129032258065,0.502436219914349,ok,1383.0142807999862,89.02185717460452,-0.39680294625367923
459,-0.37506839038223916,1.7391659029271977,0.12237994070468586,0.9999484582723394,262,243,0.9274809160305344,0.33524430264660005,ok,1383.3735746414688,87.2793640552951,-0.5191828869583652
460,-0.5281723597561268,1.5786199696375434,0.17108951844971046,1.000040740996422,233,221,0.9484978540772532,0.5029176390003182,ok,1383.8826906660609,85.69449563058174,-0.6902724054080759
461,-0.7746980088270448,1.490790599916977,0.23414663960255655,0.9998923298855694,230,214,0.9304347826086956,0.7324736356316689,ok,1384.633236241279,84.19140050478245,-0.9244190450106325
462,-0.7271053819301869,1.1529351280382798,0.16430082500702758,0.9999886483801783,245,225,0.9183673469387755,0.5449333104131974,ok,1385.3383038979703,83.02485807289918,-1.0887198700176604
463,3.23454678122539,5.5413943618874555,0.02404130221093305,0.9999620896976485,247,204,0.8259109311740891,0.5938997034690203,ok,1381.9967525416912,77.54732405773836,-1.1127611722285933
464,-6.173805987189098,9.11311663606125,-0.09826173873389672,0.9996132911306316,248,207,0.8346774193548387,0.6220893272733874,ok,1388.008239113321,68.3263260429344,-1.0144994334946968
465,-8.015161891933076,4.115994059894888,-0.21017349969912505,0.9998783430404292,245,210,0.8571428571428571,0.595560058300801,ok,1395.9648322614316,64.09822330879638,-0.8043259337955717
466,-4.681220060007945,2.607663057355694,-0.28976673499949396,0.9999131983933148,263,221,0.8403041825095057,0.3704345295820247,ok,1400.6224450823788,61.44862509754489,-0.514559198796078
467,-2.213059579911942,2.3769121725815694,-0.33971234006727224,0.99990554103136,257,214,0.8326848249027238,0.3480878795708411,ok,1402.828240856855,59.06497051231065,-0.17484685872880584
468,-0.6542548947988962,0.7481714398062422,-0.08582542280538503,0.9998611515164436,303,282,0.9306930693069307,0.546114335232359,ok,1403.4813325156185,58.315783448911816,-0.08902143592342086
469,-1.2531866073691162,2.961746899020909,-0.08146076325334704,0.9999301617873589,287,241,0.8397212543554007,0.2877356956336738,ok,1404.734128284009,55.3538712068879,-0.007560672670073836
470,-0.805006711606211,2.0091340220742495,0.16170179637049684,1.0000027940416893,284,270,0.9507042253521126,0.39069609760738466,ok,1405.5331961331322,53.34236781467462,-0.16926246904057052
471,-0.9160400678713359,2.216621063599632,0.2859644297640142,1.0000018150084002,280,265,0.9464285714285714,0.7290086664145999,ok,1406.4315959574087,51.1185386617766,-0.4552268988045845
472,-1.0837133641737182,1.870410843852369,0.2318475229223796,1.00005913610333,284,269,0.9471830985915493,0.5733174017113719,ok,1407.4928025144334,49.23526703404548,-0.6870744217269638
473,4.243592502565662,5.2735322831307485,0.09499846441915037,1.0000784129244984,269,231,0.8587360594795539,0.4837869613010685,ok,1403.1776251839772,44.020148178662225,-0.782072886146114
474,-4.154258575091944,7.662353925443426,0.0735393654491169,0.9997536102492259,265,218,0.8226415094339623,0.5599984045783726,ok,1407.2170009627357,36.29661431743875,-0.8556122515952309
475,-6.212048130345238,3.1965791983236613,0.007926166113262712,0.9997710683355079,262,214,0.816793893129771,0.5439965933263151,ok,1413.3801678617226,33.00677627885534,-0.8635384177084935
476,-3.060066154537708,1.4889197402135324,-0.059271631679254734,0.9998466285840573,262,214,0.816793893129771,0.3751372646663361,ok,1416.4190331089603,31.475050170153963,-0.8042667860292388
477,-0.745327513361417,1.0635097664068098,-0.0736554375676139,0.999845898866952,269,256,0.9516728624535316,0.6846808711590116,ok,1417.1507389715111,30.402123026250365,-0.7306113484616249
478,-0.11266651478013046,1.2940493572738205,-0.1403512455515762,0.9999856111006484,268,237,0.8843283582089553,0.3117238887494337,ok,1417.2500684699617,29.106981669737138,-0.5902601029100487
479,0.28028353890977087,0.8556907155123099,-0.10550476788253424,1.000047672263307,252,239,0.9484126984126984,0.7211385869069062,ok,1416.962555412002,28.253692911871212,-0.4847553350275145
480,0.14821032834242942,0.5331742719779413,-0.03486285296887207,1.0000029032814166,257,243,0.9455252918287937,0.3297460578574514,ok,1416.8101631552358,27.72169882750154,-0.4498924820586425
481,-0.04751457314637264,1.6853021960048409,0.004748539476398734,0.9999947084901154,266,254,0.9548872180451128,0.40849870281936995,ok,1416.844303529034,26.03607266449967,-0.45464102153504116
482,-0.3258402477038089,0.6451839992739679,0.042106189053071987,0.9999598080292518,274,253,0.9233576642335767,0.19659136817923423,ok,1417.1645379364963,25.38808795463376,-0.4967472105881131
483,1.2030960307336045,-4.361281066977654,0.08703703344314201,1.000205748185316,250,213,0.852,0.5202033960700461,ok,1416.005940492014,29.761400722545886,-0.5837842440312552
484,-9.361295206965451,10.943821985204636,0.18327763940421807,0.9997906128706258,252,205,0.8134920634920635,0.6407744449530488,ok,1425.2198879540676,18.693236477183746,-0.7670618834354733
485,0.006956667805070538,5.334505752261293,0.1285034030962373,1.0000906614707785,279,261,0.9354838709677419,0.6512184363326932,ok,1425.1295542034327,13.359491092406529,-0.8955652865317106
486,-0.2325341771861531,3.040575121652978,0.09048869583150052,1.00007734808121,266,240,0.9022556390977443,0.4766441382147605,ok,1425.3097285693907,10.315364549073252,-0.986053982363211
487,-4.09535600331651,2.3784100163939,0.04872949119251833,0.9995851070288715,268,248,0.9253731343283582,0.7768536353548902,ok,1429.361464034443,7.863382754438248,-1.0347834735557295
488,-5.720821011307407,2.19039026025564,-0.021698200451955627,0.999938766900325,292,242,0.8287671232876712,0.3659616012837672,ok,1435.0426630381612,5.572186469570283,-1.0130852731037738
489,-3.3469547640704604,2.0636975685426933,-0.08275463072053393,0.9999324153545579,267,213,0.797752808988764,0.35627636250906086,ok,1438.3556691260967,3.454417712495342,-0.93033064238324
490,-1.8965933817692076,1.8954305491103014,-0.18496033633365017,0.9999809540154504,278,223,0.802158273381295,0.2780052788767714,ok,1440.227444746791,1.5344751487592703,-0.7453703060495901
491,-1.0748144026651971,1.7233088972154746,-0.3251900802637908,1.0000023375780018,276,234,0.8478260869565217,0.3377548915249533,ok,1441.289592426037,-0.19666951962358326,-0.42018022578579917
492,0.003990059674379154,-0.007580164979685833,0.0005177275831983577,1.0000120729969577,377,375,0.9946949602122016,0.01671531603797317,ok,1441.28565813127,-0.18906026197146275,-0.42069795336899757
493,0.32339292115239004,-2.0651558620564856,-0.2179345223390808,0.9999255460782556,290,269,0.9275862068965517,0.6222920348060346,ok,1440.969575578248,1.8772271177782613,-0.20276343102991673
494,1.7131071360213355,11.816278518067293,0.15196989439431594,0.9996049136103705,294,246,0.8367346938775511,0.5975397796448915,ok,1439.183344037046,-9.928218700031493,-0.35473332542423275
495,-2.609422898206276,3.19371317114485,0.15681244742893033,0.9997508985916742,309,287,0.9288025889967637,0.5572448193665309,ok,1441.7641493377596,-13.145101613821794,-0.511545772853163
496,-6.048541589190108,3.948490226005788,0.3455550633761733,0.9993896647867658,315,295,0.9365079365079365,0.6937825101617235,ok,1447.752949995579,-17.18362821419521,-0.8571008362293364
497,-2.581626423567741,2.185968043405069,0.19402547897335806,0.9997902825413413,278,258,0.9280575539568345,0.4725370191672439,ok,1450.2940413144156,-19.416587279423425,-1.0511263152026946
498,-0.4651223720507005,2.2396782991700093,0.15240754276135698,0.9999912697994569,296,269,0.9087837837837838,0.38337726809090944,ok,1450.7120186851514,-21.66554095220272,-1.2035338579640515
499,0.2122801030343453,1.5831499662707529,0.058758881179825626,1.0001003877861194,300,286,0.9533333333333334,0.30734958093541054,ok,1450.4649142817043,-23.243630325984896,-1.2622927391438772
500,0.4568228606374305,1.4712259099841276,-0.03681783904933801,0.99998739569853,294,268,0.9115646258503401,0.5439295240456247,ok,1449.976730886707,-24.704749683552336,-1.225474900094539
501,0.2111970695011678,0.6645888481841666,-0.052148321297515475,1.0000451592106596,281,262,0.9323843416370107,0.32303601440207647,ok,1449.7519693270021,-25.3648745055184,-1.1733265787970237
502,-0.052800259356899915,2.321049726234037,-0.2795172047262765,0.9997760670199872,275,224,0.8145454545454546,0.44309813480501076,ok,1449.7685564485578,-27.68646546140144,-0.8938093740707471
503,-0.5870008593349212,1.453860119604883,-0.23459955859896822,1.0000017225025957,287,242,0.8432055749128919,0.3015323979412826,ok,1450.338791609915,-29.14698287553574,-0.6592098154717788
504,2.5550907693700537,2.9939348940956734,-0.18303437464798952,1.0000319194968934,216,155,0.7175925925925926,0.5933580471146268,ok,1447.758907284661,-32.119579696181404,-0.47617544082378904
505,-5.871584076151976,6.964762296277968,-0.029672296078265856,1.0000342130709454,220,171,0.7772727272727272,0.628004015628672,ok,1453.5760375759123,-39.12988700624862,-0.4465031447455231
506,-7.740122452962623,3.9420533489703757,0.12470757006652206,1.0001688997631721,232,181,0.7801724137931034,0.7492348509921813,ok,1461.2764757022944,-43.14890838647909,-0.5712107148120452
507,-5.0484632112707,3.2203344312815716,0.24273657366955498,0.9999145432904821,236,210,0.8898305084745762,0.7081365020307063,ok,1466.2786827757404,-46.44063423156649,-0.8139472884816003
508,-2.3494496121902557,2.385797756892771,0.23579234839013685,0.9998441156784952,244,225,0.9221311475409836,0.5697064154972309,ok,1468.5840293336712,-48.86907440271614,-1.049739636871737
509,-1.555712360571306,2.1354397875352333,0.11178836197650512,0.9999179960314438,259,231,0.8918918918918919,0.4358661442781117,ok,1470.096134314541,-51.0356114002891,-1.161527998848242
510,-0.0035724972351545148,-0.0004087049961754019,-0.0001875014300789879,1.0000041613327961,378,375,0.9920634920634921,0.005227521704002707,ok,1470.0997143614995,-51.03527518600424,-1.161340497418163
511,-1.8360132065815833,3.6017938622468364,0.09242351321315288,0.9999114028996512,249,211,0.8473895582329317,0.636387907704629,ok,1471.856478731323,-54.67637975327227,-1.2537640106313162
512,-0.7810991069932243,1.4958726041547834,-0.030954313794963693,1.0000041416036543,227,209,0.920704845814978,0.5763962884202465,ok,1472.6054773838616,-56.188580692731534,-1.2228096968363524
513,-0.9203602477116419,1.5058558139536444,-0.059290187867939624,0.999878755657485,270,243,0.9,0.6274836683296745,ok,1473.495070183814,-57.71281471946702,-1.1635195089684125
514,-4.103554742278902,2.431723225284941,-0.2515298297809747,1.0003234435067885,221,170,0.7692307692307693,0.9816199239427397,ok,1477.559400457318,-60.20954433941995,-0.9119896791874378
515,1.4132163033875713,8.991808028183414,-0.34539582093082677,0.9998744947780053,259,212,0.8185328185328186,0.524801069944546,ok,1476.0573353571494,-69.18693774567771,-0.566593858256611
516,1.5638838598638358,2.3720493503393527,-0.1019982178175214,1.000050390592842,281,232,0.8256227758007118,0.5602619077323099,ok,1474.4742688289737,-71.54622815064204,-0.46459564043908963
517,2.11283339549459,3.2954205136941255,-0.08290159570810401,0.9999473425055483,270,225,0.8333333333333334,0.35838116132757963,ok,1472.339528988178,-74.82750033248146,-0.3816940447309855
518,-1.8626091198759696,2.6888540480368874,0.1454246834658159,0.9998956371723126,281,255,0.9074733096085409,0.3774076724714559,ok,1474.177322290101,-77.5333762728186,-0.5271187281968015
519,-3.002119262293263,2.388766290522767,0.2854335751367634,0.9998868396909947,250,215,0.86,0.5396510820921916,ok,1477.1452640003608,-79.96447611862311,-0.8125523033335651
520,-1.415668138768524,2.298526533927884,0.31823845355990016,1.0000088582708428,246,228,0.926829268292683,0.6267472874544542,ok,1478.515295614205,-82.29049286047223,-1.1307907568934656
521,-0.5305864745193958,1.8800588183416949,0.15834416485567912,0.9999635904829809,266,244,0.9172932330827067,0.48395413962899625,ok,1479.0034506994973,-84.18201282602104,-1.2891349217491448
522,-0.3732254066217138,1.6255995784811148,0.10516711659259395,0.9999601708098488,245,225,0.9183673469387755,0.38015727585562187,ok,1479.3370102758852,-85.81621269222649,-1.394302038341739
523,-0.6207678822936487,1.2723176558059777,0.03326236344932783,0.9999419823753875,254,231,0.9094488188976378,0.3582240994893881,ok,1479.9258880802145,-87.10360071164064,-1.4275644017910667
524,-3.984058355775005,5.806444265634809,-0.05499840847360214,1.0000809160734372,211,170,0.8056872037914692,0.7663664382586566,ok,1483.769718615473,-93.0038111153766,-1.3725659933174645
525,-5.099484563900887,9.28830517948279,-0.10897217598843688,0.9998492193695699,200,141,0.705,0.6635773759407828,ok,1488.663136609361,-102.40231186080223,-1.2635938173290275
526,-2.871106317822978,5.004453523310531,-0.20160714463341506,1.0000973103463897,232,188,0.8103448275862069,0.5422568065960995,ok,1491.4409966977994,-107.45911914250473,-1.0619866726956122
527,-2.2055249263228234,3.4203552340233045,-0.2581196985609523,0.9998496854076717,243,198,0.8148148148148148,0.3513014840668298,ok,1493.5983181163863,-110.91008051934546,-0.8038669741346596
528,-1.990548246222943,3.2537597461139285,-0.15503698729254145,1.0000354574151442,229,197,0.8602620087336245,0.421835250311873,ok,1495.5518932298241,-114.18617256355446,-0.6488299868421179
529,-1.5462479749055547,2.6657501300572903,0.0008182529204425892,1.0000149258435396,250,224,0.896,0.5030930327161602,ok,1497.067816849491,-116.86928309708401,-0.6496482397625605
530,-1.3881041849699614,2.5623154770781866,0.14870006453462786,0.9999161649229293,281,260,0.9252669039145908,0.29023498838953876,ok,1498.4200846330184,-119.45069078941742,-0.7983483042971884
531,-1.247250239933237,2.589219214564423,0.25460774150942,0.9999334770462557,249,230,0.9236947791164659,0.4533711075801167,ok,1499.6195434323859,-122.06239289545931,-1.0529560458066085
532,-1.020992811009819,2.336585327009857,0.2447151585961304,0.9999011481064881,261,231,0.8850574712643678,0.42949824574657314,ok,1500.5873584457368,-124.42150107662951,-1.2976712044027392
533,-0.8939311089118291,2.044100326245484,0.1776459594564167,0.9999783005238883,264,242,0.9166666666666666,0.3479550893838573,ok,1501.4283652110748,-126.48793921794754,-1.4753171638591558
534,4.503431994087805,1.97501790215631,0.06124034484782405,0.9999166540485086,223,183,0.820627802690583,0.7055291263486556,ok,1496.8735929070394,-128.34148843434411,-1.5365575087069798
535,-1.357115693792366,5.354348558903894,0.0147826249587872,0.99995630780876,212,169,0.7971698113207547,0.47890541495375133,ok,1498.085254582196,-133.73061521718466,-1.551340133665767
536,-6.2237344207756,6.570832877979797,-0.043225635937191545,1.0000201760733678,234,187,0.7991452991452992,0.6259812459182917,ok,1504.1338985247464,-140.4629715139754,-1.5081144977285756
537,-4.935266368323255,3.6432638895562377,-0.138794727305127,1.0003215410042894,251,204,0.8127490039840638,0.6167344253865498,ok,1508.9806929451615,-144.2231323804117,-1.3693197704234488
538,-1.195614912905512,3.370681795738051,-0.19890021411800543,1.0000892377949198,223,186,0.8340807174887892,0.4739165472408247,ok,1510.1072080045185,-147.61753285901227,-1.1704195563054431
539,-0.08855685362073018,2.7276003199000343,-0.18369396957168502,0.9999476338690911,249,202,0.8112449799196787,0.32875318398224185,ok,1510.148780378332,-150.346253724029,-0.9867255867337581
540,0.33879934615856655,2.343050926576325,-0.09987687481425118,0.9997749260614734,237,190,0.8016877637130801,0.3361002730423439,ok,1509.7737563148355,-152.68378010747074,-0.8868487119195069
541,0.3549970100621067,1.9638392853050846,0.0024945730494374276,0.9999531677636949,240,217,0.9041666666666667,0.4400826919800409,ok,1509.388320641389,-154.64187279100133,-0.8893432849689442
542,-0.0046178051588867675,1.8176591980260355,0.0819198510466379,0.9999720363897779,238,211,0.8865546218487395,0.35575024067996724,ok,1509.3621267733183,-156.45934910874746,-0.971263136015582
543,-0.5002183390861319,1.790751394799372,0.14892425717059654,0.9999129347370479,246,219,0.8902439024390244,0.3947929235574246,ok,1509.8272408383568,-158.25953739091062,-1.1201873931861788
544,1.246242189801933,-1.773461713766551,0.2133828322127094,1.0002746604857888,240,188,0.7833333333333333,0.4570748675269341,ok,1508.6226101332506,-156.45755212178278,-1.3335702253988884
545,-8.374723194115404,12.767922284060205,0.29844757730349303,1.0001489529063774,179,127,0.7094972067039106,0.9099699129429386,ok,1516.6303027746762,-169.45880923755124,-1.6320178027023813
546,0.3748643086703396,6.108507661543285,0.15434864238908805,1.00009852751876,194,151,0.7783505154639175,0.5898376208927723,ok,1516.065200595393,-175.55266258564018,-1.786366445091469
547,-0.09251424908893568,3.182781177558695,0.0307343181263314,1.0000541551274669,210,171,0.8142857142857143,0.6145496938699597,ok,1516.0567452757039,-178.73677681381662,-1.8171007632178
548,-1.558840970144729,1.209202407003886,-0.032957036628453486,1.000000841525319,214,192,0.897196261682243,0.5286627699886369,ok,1517.577183053441,-179.99392620642448,-1.7841437265893467
549,-7.289345244186052,3.0586889581900323,-0.30788632240857094,0.9999943968981442,192,148,0.7708333333333334,0.6428770833977763,ok,1524.7853087747555,-183.2393931709181,-1.476257404180776
550,-2.7609120539407286,1.6366040227416079,-0.27617014265124945,0.9999812558607596,211,169,0.8009478672985783,0.49960564705252813,ok,1527.511338286365,-184.9334625905948,-1.2000872615295266
551,-1.228100857880463,1.283477725779676,-0.2508006523233493,1.000042200416473,210,174,0.8285714285714286,0.43733041593782307,ok,1528.7180066753986,-186.2371106215469,-0.9492866092061777
552,-0.5009457759617817,0.5662585264694826,-0.06378442511883044,0.9999030977245373,221,199,0.9004524886877828,0.42206458841978334,ok,1529.210141489158,-186.81104329559435,-0.8855021840873474
553,-0.7034473802257253,0.9592357945881531,-0.04482259149206064,0.9999909892067562,207,178,0.8599033816425121,0.5734613538300919,ok,1529.899439145695,-187.78049688760302,-0.8406795925952867
554,-0.45964036169607425,0.9489885200924846,0.08679237833670653,0.9997812095344797,220,194,0.8818181818181818,0.5737376244660568,ok,1530.3436582646964,-188.73680115282457,-0.9274719709319932
555,4.100951715520068,3.9349665916481626,0.19327734870969845,1.000019517966841,199,150,0.7537688442211056,0.6930158795791548,ok,1526.166525033309,-192.59080232273277,-1.1207493196416913
556,-3.38279357186002,7.533094324586955,0.29730298040458875,0.9999627365903541,255,207,0.8117647058823529,0.8137776762483837,ok,1529.3618599459203,-200.20530409561252,-1.4180523000462797
557,-5.332175420020576,3.8040258057736764,0.15129169105933368,0.9990691402200204,226,179,0.7920353982300885,1.0103303237554626,ok,1534.5878552524528,-204.1539342501046,-1.5693439911056133
558,-2.237433841031816,2.3488199879376452,0.09106195247464534,0.9998444303150932,223,191,0.8565022421524664,0.541058628057113,ok,1536.7562914239106,-206.566598772794,-1.6604059435802585
559,-0.07990758612527316,1.8991001004933423,0.029687878773914163,1.0000718658520154,264,231,0.875,0.41142302353381127,ok,1536.7801532830865,-208.4672294643516,-1.6900938223541724
560,0.3391748541037032,1.9472481795905878,-0.020264169415445264,0.9999551952663536,246,205,0.8333333333333334,0.5586267711313542,ok,1536.3843798450018,-210.40376720998995,-1.6698296529387275
561,0.630903646436991,1.4800806117564207,-0.0629481221700284,1.0000905943982472,235,190,0.8085106382978723,0.6850168788829339,ok,1535.712220326571,-211.86557417746792,-1.606881530768699
562,0.6186338210882241,2.0266071720269565,-0.17574518952721233,0.9998600604830284,240,196,0.8166666666666667,0.4469840994404311,ok,1535.043164065182,-213.87609852534365,-1.431136341241487
563,-0.03073098861386825,1.7012630894790846,-0.2687822441252374,0.9999713282556641,229,177,0.7729257641921398,0.5052795460318829,ok,1535.0393777330473,-215.5776349360542,-1.16235409711625
564,-0.28095157953521266,0.6712756360694812,-0.07168004118412144,0.999951436680516,244,220,0.9016393442622951,0.522913318183386,ok,1535.307500877949,-216.25413678290465,-1.0906740559321286
565,2.141110886512706,3.2128755521391668,-0.04968322793042111,1.0006996419102099,220,171,0.7772727272727272,1.5996112939882041,ok,1533.1083727579748,-219.4275829623466,-1.0409908280017077
566,-5.623728209191768,9.066743268605023,0.18039980390562657,0.9999997572954589,235,169,0.7191489361702128,0.8081295642594687,ok,1538.5375594900902,-228.6121397778644,-1.221390631907334
567,-7.017315192370461,4.425406091767059,0.3324752961623056,0.9990522447204813,229,181,0.7903930131004366,0.9848414065948718,ok,1545.4322915874927,-233.2262053269401,-1.5538659280696392
568,-2.0766649875058647,1.2593314921555248,0.13755980062742867,0.9999234453545254,238,213,0.8949579831932774,0.5682892011087727,ok,1547.4708804881673,-234.54628432893708,-1.691425728697068
569,-2.294455033585109,2.4019592474802494,0.1791685930165267,0.9995987160456372,243,211,0.8683127572016461,0.4489790224488196,ok,1549.6857075006699,-237.02185970294408,-1.8705943217135947
570,-1.3252074359820654,2.127686128514142,0.12302691839015968,0.99975441058115,238,203,0.8529411764705882,0.42518018319476303,ok,1550.9360943540087,-239.19435958254132,-1.9936212401037536
571,-0.699439957719278,1.7383097871718292,0.04267452282202396,0.9998974607351254,227,203,0.8942731277533039,0.4769407885576575,ok,1551.5733259891258,-240.9564245682434,-2.0362957629257776
572,-0.5038596121514729,1.421628011014036,-0.04239325365870687,0.9998996693267154,216,189,0.875,0.6449090536759319,ok,1552.027417629645,-242.39472269188389,-1.9939025092670704
573,-0.3793537269200442,1.3692165853830147,-0.1054370401078063,0.9998378972299233,222,179,0.8063063063063063,0.7853802523642707,ok,1552.3614441921143,-243.77569682755086,-1.8884654691592642
574,-0.5191688724091819,1.2593121749104057,-0.1697233657454813,1.0000009587302323,232,181,0.7801724137931034,0.34962564451709566,ok,1552.8426086773025,-245.05001398201023,-1.718742103413783
575,4.094870661704135,6.052299952162116,-0.17469118202843856,0.9999358120242405,187,131,0.7005347593582888,0.6128255249679879,ok,1548.5861425347096,-250.98977798607552,-1.5440509213853446
576,-2.7589265740248266,8.347647213129562,-0.07559394159985361,0.9998172570194821,184,123,0.6684782608695652,0.6567710854074567,ok,1551.1302411899733,-259.4053856211792,-1.468456979785491
577,-5.604027886798576,3.60417597179935,0.05162032364815416,1.0000643007163341,166,114,0.6867469879518072,0.7055864049841535,ok,1556.6366881208214,-263.156952652363,-1.5200773034336448
578,-2.1140581128395297,1.9679165915131307,0.09827229016922123,0.9999604456686317,205,155,0.7560975609756098,0.6519380226127083,ok,1558.6943255273352,-265.1837890342474,-1.6183495936028662
579,0.3788974195285846,1.350530274908806,0.13452085201124006,0.9999133022765153,198,161,0.8131313131313131,0.5825671693714094,ok,1558.2742945943214,-266.5220974042736,-1.7528704456141062
580,0.36266683196436134,0.5752137428099786,0.08039124851645263,0.9997609052269916,189,166,0.8783068783068783,0.5473179581882168,ok,1557.8934117317356,-267.0854146558405,-1.8332616941305586
581,1.2141419384129222,1.697095335731774,0.1867663627945527,0.9999925935839455,200,169,0.845,0.6642446569914768,ok,1556.6202036644816,-268.73865826845645,-2.0200280569251117
582,0.7193081425421042,1.0148088551676437,0.0655494040314626,0.9998839220414151,207,177,0.855072463768116,0.42530955566223494,ok,1555.864440919673,-269.7266177261332,-2.085577460956574
583,0.12200470551306353,0.9186039335939995,0.0020446922472096354,0.9999207322385153,219,188,0.8584474885844748,0.4306860969820079,ok,1555.709054452692,-270.64016760482684,-2.0876221532037835
584,-0.31678094480503205,0.45244809235100547,-0.020730350215366077,0.9999924005415496,244,204,0.8360655737704918,0.3743559537256127,ok,1556.0093111971144,-271.10374643382204,-2.0668918029884176
585,3.7465910153837285,3.900368365723125,-0.19163605290884927,0.9998521846503953,201,138,0.6865671641791045,0.90751466343669,ok,1552.1370928244282,-274.87942418743364,-1.8752557500795684
586,-5.6242740751681595,9.420144674208814,-0.18879620317840884,0.9997602509496321,213,160,0.7511737089201878,0.623691501075407,ok,1557.4816956434602,-284.4610109695084,-1.6864595469011598
587,-4.1740314832516106,3.242695519945528,-0.08966656713492546,1.0001138538762453,199,164,0.8241206030150754,0.4337748120827387,ok,1561.5637463116807,-287.81875953072176,-1.5967929797662346
588,-6.98832878711778,4.849650212182155,-0.13901546857854488,1.0000522331612929,196,163,0.8316326530612245,0.4854617250823434,ok,1568.4264368613547,-292.84462511157346,-1.4577775111876896
589,-2.2034976072577592,3.514866666303078,-0.022854499487216084,0.9997488863166877,218,178,0.8165137614678899,0.48094292542545825,ok,1570.5412258986098,-296.41356847270765,-1.4349230117004736
590,-1.1393301846728718,3.04384112829257,0.10977351895385287,1.0000150807811168,194,165,0.8505154639175257,0.4414365862925961,ok,1571.598089911722,-299.4870161364528,-1.5446965306543265
591,-0.470552782764571,2.631310038006177,0.22958095895926545,0.9997826422587918,194,172,0.8865979381443299,0.42142684034166134,ok,1571.9869463798798,-302.1316338942112,-1.7742774896135916
592,-0.27824516940472677,2.251219297159764,0.3058788719592327,0.999889136508775,194,168,0.865979381443299,0.5508938794390903,ok,1572.1832943299291,-304.3914693264303,-2.080156361572824
593,-0.2886093883835201,2.0200316746186218,0.35262634469357995,0.9998928825104171,190,157,0.8263157894736842,0.6119510253392019,ok,1572.3858986836497,-306.421931052585,-2.432782706266404
594,-0.6966246449960636,1.5508018408044109,0.2316331603113734,0.9999572492144784,218,180,0.8256880733944955,0.4938004735137187,ok,1573.0096795501822,-308.00343972344535,-2.6644158665777775
595,1.179603232927093,-0.7775669261170606,0.011828461369738967,1.0002021393458012,217,182,0.8387096774193549,0.5781178247200908,ok,1571.867669268916,-307.17164249502684,-2.6762443279475163
596,-5.150459482572614,10.65148704587341,-0.16532517534329158,0.9997895853557762,167,123,0.7365269461077845,0.6887360172687864,ok,1576.5465444393808,-318.03854344742535,-2.5109191526042247
597,2.7066722485958508,5.456073254876401,-0.3430812787869101,0.9996683225758016,168,135,0.8035714285714286,0.7107415385383957,ok,1573.635423097857,-323.38832685975365,-2.1678378738173154
598,2.791829897219941,2.2318122481133287,-0.3488829159093482,0.9999596232395355,173,134,0.7745664739884393,0.6282838001000304,ok,1570.7741590730645,-325.53039788244814,-1.8189549579079665
599,-1.422152834172266,1.7108431033184388,-0.1875121318789636,0.99992165643978,172,137,0.7965116279069767,0.580750677058254,ok,1572.1470273780587,-327.28103645881356,-1.6314428260290033
600,-3.593564526600858,1.752019028936843,-0.08195731447292677,1.0000102810586189,202,162,0.801980198019802,0.4873147285043138,ok,1575.6919027259223,-329.1295860125748,-1.5494855115560766
601,-1.4713359519391815,1.3819770178448607,0.002581760043165079,1.0000968648920927,192,165,0.859375,0.6038028881552663,ok,1577.125267519415,-330.5509076968168,-1.5520672715992416
602,-0.5172810041240155,1.3165308321894145,0.1032342441763222,0.9998773826911297,183,162,0.8852459016393442,0.46239475466693436,ok,1577.6043027694323,-331.8818315483478,-1.6553015157755635
603,-0.17816188451547532,1.4599213010287713,0.18093574684124714,0.9999296523739323,216,176,0.8148148148148148,0.543225621211539,ok,1577.7355930542528,-333.3467119951431,-1.8362372626168106
604,-0.3311451422071059,1.247730014823901,0.15340197767169095,1.0000140331715692,194,170,0.8762886597938144,0.4999984224468625,ok,1578.023218896144,-334.60518673472893,-1.989639240288502
605,1.5233928670973,-3.1425324965296113,0.09085220559438871,1.0002199354682335,169,132,0.7810650887573964,0.8313022273355801,ok,1576.614914991595,-331.40942134413785,-2.0804914458828905
606,-0.9868053794289153,10.81198258807217,0.06258792765290354,0.9994906344032469,175,133,0.76,0.5826133540500675,ok,1577.1967153115193,-342.2507432528989,-2.1430793735357945
607,-7.706241187265277,5.674953969363742,0.05060858848495393,1.000089506930126,171,123,0.7192982456140351,0.5801154405840571,ok,1584.6800845750809,-348.2165156468037,-2.1936879620207486
608,-3.3529415179471016,1.5762185719167974,-0.002389871991479443,1.0001806068160166,176,151,0.8579545454545454,0.6326773225403483,ok,1587.9703058425623,-349.9197848035262,-2.1912980900292687
609,-5.478447013770165,4.1208255147288355,-0.1031214936287147,0.9999209510407042,165,133,0.806060606060606,0.4825593772618126,ok,1593.2949622718509,-354.23749467283903,-2.0881765964005545
610,-0.7161877899882256,1.1241750939032045,-0.053726665271688887,0.9998179356959547,207,162,0.782608695652174,0.5735497525920522,ok,1593.97078996892,-355.3863861020675,-2.034449931128865
611,-1.015618865470742,2.4747885304414012,-0.3379619613153254,0.9998114063765569,169,138,0.8165680473372781,0.5003534033415689,ok,1594.912697613574,-357.89015724561204,-1.6964879698135398
612,-0.4642295948297033,1.9909941723019529,-0.2121072158334564,0.9997663794750689,190,153,0.8052631578947368,0.44502350429999593,ok,1595.3251958479223,-359.8925088924301,-1.4843807539800835
613,-0.19447218338518724,1.4409165494691933,-0.03888793107505856,0.9999475188100084,180,160,0.8888888888888888,0.6227127342702549,ok,1595.483257681312,-361.3378726492299,-1.4454928229050248
614,-0.3356129308738218,1.6500024381045932,0.1280216239903709,0.999903168667251,189,166,0.8783068783068783,0.5682980314480319,ok,1595.7734357235342,-362.9964686786876,-1.5735144468953959
615,-0.5303256206170772,1.587150937584397,0.2546146652592987,0.9999261723454704,176,151,0.8579545454545454,0.558572289245724,ok,1596.2528589884569,-364.5997299473553,-1.8281291121546945
616,5.524607944569198,1.0764087896392311,0.20910537855675473,0.9995220281355809,116,78,0.6724137931034483,1.3231378086020684,ok,1590.6934777387264,-365.4790643227516,-2.037234490711449
617,-2.333854775572945,8.05827881680841,0.1364963090860607,1.000073666549959,144,107,0.7430555555555556,0.6451445362151483,ok,1592.720005331989,-373.62006681118237,-2.17373079979751
618,-5.603722186531741,4.418901326890023,0.13292408698860547,1.0001500733679047,162,113,0.6975308641975309,0.7197738747672302,ok,1598.1413357035824,-378.2609253828965,-2.3066548867861156
619,-2.282651288538773,2.3318583201107685,0.043959127599502615,1.0000603645700952,154,127,0.8246753246753247,0.7332694661926563,ok,1600.3264263855162,-380.6844432478738,-2.3506140143856182
620,0.04968770294681235,1.951595514923838,-0.03589490313557896,0.9997131152717478,160,141,0.88125,0.6905021074467051,ok,1600.1979572463617,-382.63243955227983,-2.314719111250039
621,0.6274225898660006,1.8323902689246552,-0.10741109094012405,0.9998808820695829,164,126,0.7682926829268293,0.5945176844174441,ok,1599.5004252020071,-384.439304862983,-2.2073080203099154
622,0.686156452508385,1.4908421121940592,-0.13697141204390878,0.9998216555701611,162,131,0.808641975308642,0.6680168055229807,ok,1598.76085800039,-385.90438548707937,-2.0703366082660066
623,0.5399775954388133,1.378706924554308,-0.1521592742422976,1.0000254785058151,164,127,0.774390243902439,0.5154307047048777,ok,1598.1750345510216,-387.2642455804564,-1.9181773340237094
624,0.14870222959575585,1.0610726229981537,-0.08357773662294042,0.9997707852855733,166,144,0.8674698795180723,0.7073143781788231,ok,1597.9924390132428,-388.32001370554167,-1.8345995974007694
625,-0.35723178160992575,0.988822159956726,-0.0002872772063923059,1.0002236801563305,163,134,0.8220858895705522,0.5010545518013413,ok,1598.3178362129129,-389.3197639104733,-1.8343123201943774
626,-2.8748433795913115,2.7657353495754933,0.1303549703201476,1.0000808350246098,138,117,0.8478260869565217,1.0208289042188154,ok,1601.0961713997895,-392.18243225843673,-1.9646672905145246
627,-5.078417857213481,8.158424791619836,0.21685642423938542,1.000032610142503,157,109,0.6942675159235668,0.5349504283018797,ok,1605.8603535277568,-400.5282570627652,-2.18152371475391
628,-3.0810573458484214,4.673174010032881,0.2231119374208856,0.9996123533596131,167,141,0.844311377245509,0.5216140893475836,ok,1608.742627835291,-405.3265864087542,-2.404635652174795
629,-2.0912779470777423,2.6129976953599225,0.14979644779132278,0.9998606824727786,172,149,0.8662790697674418,0.380330411054591,ok,1610.7153704027555,-408.03019273557106,-2.5544320999661174
630,-1.9137651799287596,2.2591641240112494,0.09130412369474669,1.0000439408820945,153,131,0.8562091503267973,0.4520535497774804,ok,1612.5228116681487,-410.3752888477338,-2.6457362236608635
631,-1.382217782974294,1.5606749881742417,0.004194315107559242,0.9999600876469945,174,155,0.8908045977011494,0.5753410739072181,ok,1613.831395881056,-411.99819974362845,-2.6499305387684227
632,-0.5248830806567639,0.6172433676481432,-0.030302454291156435,1.000142954175833,174,151,0.867816091954023,0.4331718701297264,ok,1614.3275192074525,-412.63878796414974,-2.6196280844772666
633,-1.1921232423164838,1.2834714244202132,-0.1080761356950174,0.9999552905866542,172,136,0.7906976744186046,0.4815923076489753,ok,1615.4622545415154,-413.9732663056013,-2.5115519487822495
634,-0.9545541486390903,0.970898545434693,-0.13459100702817994,0.9999752122050499,179,132,0.7374301675977654,0.4700247529596569,ok,1616.375720435195,-414.982918557268,-2.37696094175407
635,-0.8487071218683013,0.655917728931513,-0.15465653414298103,1.0000038093385064,158,135,0.8544303797468354,0.43435302055342007,ok,1617.1983548481946,-415.6712531186449,-2.222304407611089
636,0.4194622430391064,-3.6047748685431316,-0.08757499922650841,0.9996237066409029,151,126,0.8344370860927153,0.905288223412618,ok,1616.9134595481253,-412.05335523531346,-2.1347294083845805
637,-4.276475577193651,9.671712456479554,0.0019966668379057177,0.9999280674295307,167,127,0.7604790419161677,0.6296118951444398,ok,1620.8263590355912,-421.87778818608217,-2.1367260752224864
638,-0.5966133752767746,5.101247381947701,0.06867007619139777,0.9999834195410958,177,155,0.8757062146892656,0.5984359246795312,ok,1621.2262247031078,-426.99821588494956,-2.205396151413885
639,0.47967740639069234,2.6119574916178863,0.12167525022834594,0.9998227714214559,165,141,0.8545454545454545,0.4678578713462318,ok,1620.6408872349837,-429.5885425826135,-2.3270714016422303
640,0.31916125585894406,2.164834000669316,0.19858889126802057,0.9999069557424602,177,152,0.8587570621468926,0.5108780410241855,ok,1620.226638681023,-431.7372092140938,-2.5256602929102505
641,0.32713972494389054,1.8154604606120301,0.29156984505248085,0.9999812519292364,161,127,0.7888198757763976,0.4748443217500049,ok,1619.8106642166886,-433.5343965523265,-2.817230137962731
642,0.14853222404076405,0.9090511138512056,0.09169389527310633,0.9998593005333692,174,155,0.8908045977011494,0.4128739912482125,ok,1619.616190406834,-434.4347385353824,-2.9089240332358366
643,-0.1961466039615516,2.2881447853084182,0.07955195428245881,0.9999713141074864,178,150,0.8426966292134831,0.5425849637719199,ok,1619.692777604845,-436.7299976601612,-2.9884759875182954
644,-0.2964747404946593,1.2376532204553996,-0.12656951654157433,0.9999438045763849,169,148,0.8757396449704142,0.6710666061160451,ok,1619.927087881999,-437.98090991123047,-2.861906470976721
645,-0.6373637867086472,1.4407234931170478,-0.26556060925912844,0.999862823787628,170,141,0.8294117647058824,0.5878023688899046,ok,1620.4985336573177,-439.4490265639856,-2.596345861717593
646,1.7960464055990997,-2.8836516514639925,-0.3033771607647836,1.0001191689869764,174,157,0.9022988505747126,0.7298200106413332,ok,1618.8192978378213,-436.4958254870902,-2.2929687009528097
647,-7.949401601785667,12.489051088063434,-0.25311185600914704,1.0000090982417467,164,136,0.8292682926829268,0.6448743805521934,ok,1626.3191179701726,-449.25991890922955,-2.0398568449436634
648,0.25598732440630556,3.807383903062714,-0.10118954941501285,0.999956896181865,178,156,0.8764044943820225,0.3881817622077768,ok,1625.9344746233883,-453.0564635476253,-1.9386672955286506
649,1.6770615072009605,6.663213959502059,-0.06098308941644505,0.9995261664280969,165,132,0.8,0.6146967209752203,ok,1624.0399873665763,-459.66114927843887,-1.8776842061122052
650,-3.2144778598640187,3.496751686475818,0.21225259271217325,0.9996520620986611,175,155,0.8857142857142857,0.5989125840010665,ok,1627.1248067965382,-463.2728011654508,-2.0899367988243784
651,-4.857611032880413,3.056111973262432,0.33389377335148474,0.9999452476634941,162,134,0.8271604938271605,0.721439185140386,ok,1631.8488251896981,-466.5316131515841,-2.4238305721758624
652,-1.8024583407577666,1.6221940045925294,0.17388175968637723,0.9999611825758938,164,150,0.9146341463414634,0.5437204583358882,ok,1633.5759084245105,-468.23383316049365,-2.5977123318622395
653,-1.9139097686661444,2.61641975862085,0.33116658389515047,0.9998704974701247,185,164,0.8864864864864865,0.5422520823357816,ok,1635.353628687938,-470.9446289146764,-2.928878915757389
654,-0.6403344174141239,1.9295473837310055,0.1933536152819643,0.999782871428076,211,197,0.933649289099526,0.5434131067476186,ok,1635.887917347374,-472.9061887278316,-3.122232531039353
655,-0.4945533427317059,1.6333922451995022,0.028874169803563113,0.9998161589252574,208,173,0.8317307692307693,0.6324918053241663,ok,1636.2919362432276,-474.56429667584905,-3.151106700842916
656,1.8653651911104134,-4.48916856821711,-0.1668884940621867,1.0008383465795374,187,161,0.8609625668449198,1.4958768950169414,ok,1634.6628107502902,-469.9841032456176,-2.9842182067807297
657,-5.902280485469873,11.600209705119369,-0.20276864689963128,0.9997655153842943,185,143,0.772972972972973,0.5556731176858645,ok,1639.9952214930108,-481.85706310417083,-2.781449559881099
658,2.5798038463760804,6.205138854635379,-0.2660329866672554,0.9994726772289838,217,182,0.8387096774193549,0.6428804447170332,ok,1637.1455710469463,-487.94300004324,-2.5154165732138445
659,1.9591733861761895,3.4905927870381674,-0.15226119226702914,0.9996724743065407,229,197,0.8602620087336245,0.591196661525666,ok,1635.0441357022796,-491.3498413741811,-2.3631553809468158
660,-0.4914805090122627,1.3752575441080808,-0.04834334908361346,0.9999532721861717,239,218,0.9121338912133892,0.3805354690018545,ok,1635.4796683647596,-492.74382763784286,-2.314812031863202
661,-5.107097667304515,3.758123525416522,0.0035259813337949132,1.0000096809377481,215,174,0.8093023255813954,0.6279311624844353,ok,1640.430563792545,-496.70546536469476,-2.318338013196997
662,-1.8475606609081296,2.1633434380044037,0.10235055667024674,0.9998089818830516,226,209,0.9247787610619469,0.4959881121868033,ok,1642.1851038947054,-498.9449126751715,-2.420688569867244
663,-0.6735103610601527,1.9331850938358457,0.1459366601986045,0.9997776009622554,240,212,0.8833333333333333,0.487884732901772,ok,1642.771368489211,-500.9063189662579,-2.5666252300658474
664,-0.35826340853145666,1.7167090020087699,0.1424047357926007,0.9996640706522498,223,208,0.9327354260089686,0.5027999579795289,ok,1643.0480931918435,-502.63804235826467,-2.7090299658584485
665,-0.205418633018553,0.7325612986597889,0.05950843100620779,0.9997414556761083,243,225,0.9259259259259259,0.33754028836545363,ok,1643.2178883924262,-503.37967060809365,-2.768538396864656
666,-0.5396928532645688,1.2503994720725586,0.08323280977846258,0.9998847762908104,238,221,0.9285714285714286,0.4907606002081529,ok,1643.694702698801,-504.65537250621117,-2.8517712066431185
667,4.58852631661307,0.950178373988706,-0.012399758576011994,1.001025135698377,208,178,0.8557692307692307,1.649293671004326,ok,1639.064741430383,-505.37708668342884,-2.8393714480671064
668,-5.725142646459517,7.804092885388059,-7.930424663285358e-05,1.0000594153268334,220,189,0.8590909090909091,0.6309408511851723,ok,1644.3962823745244,-513.4551926029509,-2.8392921438204732
669,-7.695529959461055,4.090969603796907,-0.035356063670262776,1.000228563335341,231,185,0.8008658008658008,0.6089676997727175,ok,1651.8824754578568,-517.9177173115904,-2.8039360801502107
670,-4.212760923556289,2.5082982166663896,-0.09500258575137716,1.0000229706278618,225,188,0.8355555555555556,0.5037949710467435,ok,1655.9719810152692,-520.6223168824445,-2.708933494398834
671,-1.9067651569248483,2.156534480097207,-0.11463782306773095,1.0000723887640055,218,176,0.8073394495412844,0.42160831669069243,ok,1657.7791795271796,-522.862948013635,-2.594295671331103
672,-1.0269901840870261,1.6732536444731068,-0.06196874389327675,0.999630486860761,222,193,0.8693693693693694,0.6795443827124683,ok,1658.7312373487557,-524.5799432091233,-2.5323269274378255
673,-0.44023977762549293,1.6795244904526498,-0.007157712877707033,0.9997414652268973,250,212,0.848,0.5551392729365487,ok,1659.097052726564,-526.2772330150177,-2.525169214560119
674,-0.3632744774497496,1.380005347293718,0.059740049838688004,0.9998477529433695,244,227,0.930327868852459,0.4653557711807187,ok,1659.397719497843,-527.6722178167894,-2.584909264398807
675,-0.4697230845094964,1.3677054831496207,0.11916671983325003,0.9996937555312265,240,228,0.95,0.5622582960135256,ok,1659.8023946152846,-529.0605607550011,-2.704075984232057
676,-0.7748465459271756,1.2940480810411827,0.19702344585369155,0.9997090850010001,231,199,0.8614718614718615,0.6194126901983387,ok,1660.5107536109003,-530.3921669802463,-2.901099430085748
677,-0.024133544187179723,1.7817232570371289,0.2863345557120828,1.001802019028695,168,127,0.7559523809523809,1.8188610945969816,ok,1660.435781504041,-532.1724757668942,-3.187433985797831
678,-2.3271746109944615,7.035041563616687,0.23170364927212353,0.9998904039834697,226,194,0.8584070796460177,0.6878063429893058,ok,1662.3392452068956,-539.3337869180581,-3.419137635069954
679,-0.5841668631196626,3.7767944495077472,0.03746938225081338,0.9997448166700474,244,198,0.8114754098360656,0.6426056693423285,ok,1662.6946366251782,-543.1389313538987,-3.4566070173207675
680,0.07463891193765448,1.4564529971522688,-0.06305731593238859,0.9999755765502247,235,205,0.8723404255319149,0.42560332632334474,ok,1662.533915325044,-544.5884122829805,-3.393549701388379
681,0.22241515168025217,2.3614911361521536,-0.28985033802192983,0.9996561645094446,237,199,0.8396624472573839,0.5169244892467172,ok,1662.183967530777,-546.9343972418218,-3.1036993633664496
682,-0.2239184277498225,2.209710187606106,-0.3188813995357423,0.9998733059032299,251,190,0.7569721115537849,0.5469092667449292,ok,1662.300262513318,-549.1523769650231,-2.784817963830708
683,-0.08307502732054672,2.086966336779824,-0.22278202837861652,0.9996754009153953,247,210,0.8502024291497976,0.5584529698371108,ok,1662.2899648870643,-551.2409707287574,-2.5620359354520916
684,-0.23037144324075598,2.005407893350025,-0.139651773364548,0.9995882302841794,240,195,0.8125,0.5734946223093687,ok,1662.4353699287333,-553.2543234535498,-2.422384162087544
685,-0.35763675668295036,1.7064903074087852,-0.011892333260642403,0.9996899824877686,276,246,0.8913043478260869,0.6641673517534249,ok,1662.720917619603,-554.9743454694699,-2.4104918288269017
686,-0.6158266471766183,1.6929648300334748,0.10636270687345359,0.9996488297001005,279,258,0.9247311827956989,0.594278599135192,ok,1663.2618065815952,-556.6927201392954,-2.516854535700355
687,2.567934224732653,-0.4442575051748463,0.22388581369886476,1.0007022114579223,235,190,0.8085106382978723,1.076556293355054,ok,1660.7180526758498,-556.1261806610046,-2.7407403493992195
688,-7.117450314954112,9.300841246642676,0.3279881681491737,1.0000709554901903,245,189,0.7714285714285715,0.739383452128872,ok,1667.3273873336707,-565.7947091044657,-3.068728517548393
689,-3.3824508050583972,4.951583388922245,0.3323741919766164,0.9998065119611762,263,241,0.9163498098859315,0.5513289774665059,ok,1670.4101249977016,-570.9382370766707,-3.4011027095250097
690,-2.0540711330561408,2.491757445788039,0.2007484477266361,0.9999789075482441,256,228,0.890625,0.5862901940642651,ok,1672.3035996311635,-573.5541149791597,-3.6018511572516445
691,-1.798076935981726,2.0284861574011757,0.035299703351762475,0.9997861084679086,242,222,0.9173553719008265,0.4903457296249484,ok,1673.9693725318436,-575.6925811121243,-3.6371508606034073
692,-1.684287116538144,1.914278296188968,-0.1565044890499992,0.9999861071485665,241,197,0.8174273858921162,0.39297726668032146,ok,1675.534334269551,-577.7055836570082,-3.480646371553408
693,-1.4627493150392183,2.0204141879653434,-0.2915341056352315,0.9997437551716277,223,180,0.8071748878923767,0.44669176547040423,ok,1676.8824190788991,-579.8042442766377,-3.189112265918177
694,-1.2747682406313743,2.0775359097677892,-0.3598300565873753,0.9997582907274748,240,195,0.8125,0.5528911303119586,ok,1678.0530857912581,-581.9421706019054,-2.829282209330802
695,-1.2071145963177514,2.0111626583465068,-0.31652353305246733,0.9995910083427028,265,216,0.8150943396226416,0.5376783619119081,ok,1679.1708666249554,-584.0043216377875,-2.512758676278335
696,-0.3224281109980893,0.768470392496738,-0.09286211568400596,0.9997487256561197,278,255,0.9172661870503597,0.7191988142614133,ok,1679.460560380186,-584.7857204854231,-2.4198965605943292
697,4.716719035446886,4.279937682292257,-0.07415900360548924,1.000224897762866,248,183,0.7379032258064516,0.7754062053182045,ok,1674.5726184496575,-588.8690192385678,-2.34573755698884
698,-2.764251499656666,6.105602302533498,0.24962774680599084,0.9997730721239352,260,229,0.8807692307692307,0.7902518386165363,ok,1677.057559493756,-595.093529969333,-2.5953653037948308
699,-4.915081681127049,3.630957400153875,0.35572167487101863,0.9995866163281969,241,206,0.8547717842323651,1.1878496182554974,ok,1681.7791889549521,-598.9727173591151,-2.951086978665849
700,-1.730472826597861,1.428107258533032,0.17522888953410665,1.000040200111689,255,227,0.8901960784313725,0.5878032242740606,ok,1683.429201060082,-600.4930747507811,-3.126315868199955
701,-0.7762016819451674,3.1991247914013456,0.2596676327514335,0.9999794837877225,250,221,0.884,0.6225127818412223,ok,1684.0151004847453,-603.7324590049557,-3.385983500951388
702,0.06546075936125817,1.0478016962726997,0.05310495940254631,0.9999349982738611,277,263,0.9494584837545126,0.310399187687163,ok,1683.8869027315388,-604.774446932813,-3.4390884603539345
703,0.2945393416330262,3.1404306911185813,0.04143708021586545,0.9996842031564773,262,220,0.8396946564885496,0.8710675181194336,ok,1683.402253395136,-607.8912038001695,-3.4805255405698
704,0.013387611535335964,1.0744291347623403,-0.02610107916918442,0.99981209952175,267,242,0.9063670411985019,0.49471754585701766,ok,1683.3241508527285,-608.9628740790512,-3.4544244614006154
705,0.05373248327418878,2.3293375706595043,-0.14316512926569008,0.9996291665155916,252,201,0.7976190476190477,0.6558951907922111,ok,1683.1359650437685,-611.2852191867279,-3.311259332134926
706,-0.25446612447126427,1.0611558950304243,-0.07624494498708617,0.9997673787638387,253,239,0.9446640316205533,0.6757207570342458,ok,1683.3301428808372,-612.359044037275,-3.2350143871478396
707,1.69500073468339,-1.5286332102309643,-0.3525765820006011,1.0004471845572924,249,221,0.8875502008032129,1.0439655685561398,ok,1681.7141567217527,-610.7471086428976,-2.8824378051472395
708,-5.891877463374158,6.201708795842592,-0.0496414309486877,0.9998986172690112,229,179,0.7816593886462883,0.5585772153768943,ok,1687.2923367343874,-617.2324243467389,-2.832796374198552
709,-0.7718568782258899,11.426104978432704,-0.06567853357160343,0.9993050568046112,254,204,0.8031496062992126,0.6955176739356685,ok,1687.5116807624154,-628.682469159577,-2.7671178406269488
710,0.012201416655216235,3.97305101942311,0.13566192191676593,0.9999787446847355,252,228,0.9047619047619048,0.6293058322327792,ok,1687.2982941597436,-632.6498044662162,-2.902779762543714
711,-3.100905705991636,3.81193092366334,0.26530524210862844,0.9997319709150406,249,230,0.9236947791164659,0.5829642923330497,ok,1690.183793090565,-636.6272822454705,-3.1680850046523417
712,-4.424668441085032,3.5046572730836942,0.2531487827223357,0.9997079169522711,262,237,0.9045801526717557,0.5393796045441407,ok,1694.3914307638217,-640.3897413649696,-3.4212337873746765
713,-2.531151528715327,2.8661875495306504,0.16523490290385678,0.9995336409725758,243,212,0.8724279835390947,0.5493646971223092,ok,1696.7383312669208,-643.4086512938936,-3.5864686902785325
714,-1.310588504032694,2.4618204181915644,0.09340028276126398,0.9997850103025804,254,227,0.8937007874015748,0.5238100318183789,ok,1697.8882138592887,-645.9495117824089,-3.6798689730397967
715,-0.6603706888729448,1.9149213800984626,0.009495200585851146,0.9997278568981732,256,240,0.9375,0.5905456027845726,ok,1698.4239964145206,-647.9029575564679,-3.6893641736256475
716,-0.35229292136023105,0.9020916230635976,-0.012629021517460507,0.9998516148690798,250,229,0.916,0.48458669098406354,ok,1698.7177157044614,-648.8257839635232,-3.6767351521081872
717,0.6864347705352429,0.07961389975514521,-0.14264629443212043,1.000274783681983,242,216,0.8925619834710744,0.874670119054212,ok,1698.027678736421,-648.8629329873492,-3.5340888576760676
718,-4.798778028262177,5.184076667351974,-0.0456757803115569,1.0001402485840967,206,166,0.8058252427184466,0.8334514189615987,ok,1702.5021313405673,-654.3293939403572,-3.4884130773645103
719,1.5567124270160093,6.759188150494424,-0.28262730257342444,0.9998976323148937,224,178,0.7946428571428571,0.562990056782136,ok,1700.5698654410098,-660.9909498042389,-3.2057857747910874
720,3.5182055439083797,2.716065276635163,-0.21387599185340278,1.0000294668410994,241,189,0.7842323651452282,0.5402968096254753,ok,1696.9146906246997,-663.51968029568,-2.991909782937685
721,-0.24299166601122124,1.8188849672876586,-0.003540658810141285,1.0000911652098456,247,219,0.8866396761133604,0.6345020800954564,ok,1697.0625274958536,-665.3487597727677,-2.988369124127544
722,-2.887911949118916,2.02878966565504,0.13641914394086907,0.9997933817264921,249,220,0.8835341365461847,0.49937861205761047,ok,1699.835554669375,-667.5319554186605,-3.1247882680684125
723,-2.273583624185221,2.2960999688436914,0.2214627672222063,0.999669847060505,229,196,0.8558951965065502,0.7767575612705284,ok,1701.9712387563923,-669.9568494459426,-3.3462510352906176
724,-0.9614486030259286,2.2479930381861095,0.29723542839120015,0.9997628559291696,244,234,0.9590163934426229,0.7582387955897962,ok,1702.7878886348508,-672.2613969269041,-3.643486463681816
725,-0.7760530395817113,2.014063470286146,0.3727695592457361,0.9997311965602095,254,214,0.84251968503937,0.5229973538444046,ok,1703.4209718576174,-674.3248686654158,-4.016256022927551
726,-0.7090530892214701,2.268670982298886,0.22354415252776735,0.9997423433867468,235,206,0.8765957446808511,0.8481444644987344,ok,1703.9603595061399,-676.6397520909647,-4.239800175455318
727,-0.9216922266025449,1.7390870306749093,0.04731622986734559,0.9994019572638319,240,214,0.8916666666666667,0.7369257160485365,ok,1704.749468232741,-678.4428737392299,-4.287116405322664
728,4.128738910124412,2.2632171358186497,-0.24021801090417394,1.0009852053555386,239,186,0.7782426778242678,1.2389309642813724,ok,1700.4713018497137,-680.4090703700308,-4.0468983944184895
729,-6.334857740535426,8.539952874387836,-0.30886215321886956,0.9999933868828969,220,170,0.7727272727272727,0.6567193189639983,ok,1706.2359223030712,-689.3438545710239,-3.7380362411996217
730,-8.129166093762024,4.256129733272928,-0.20582208236091762,1.0001510608057385,212,161,0.7594339622641509,0.7464206560416217,ok,1714.087426575002,-694.0927346868272,-3.5322141588387046
731,-4.5129441147507805,2.5550854536843417,-0.07132622549844546,1.0000008488914087,238,182,0.7647058823529411,0.44515290061440965,ok,1718.437896898069,-696.9155939158014,-3.460887933340259
732,-0.99624382854131,1.0239215978648417,-0.011074604222679653,0.9999627548162081,223,205,0.9192825112107623,0.5552722559855774,ok,1719.3707217314973,-697.9976082570286,-3.4498133291175797
733,-1.708456148985988,2.7239702283064844,0.023942266981993438,0.9995708347357471,225,200,0.8888888888888888,0.8819328363355652,ok,1720.9109898646313,-700.8200912588836,-3.473755596099573
734,-0.5501470042001984,1.7370478031539278,0.07273400517415052,0.999753408845232,228,223,0.9780701754385965,0.4298262054310848,ok,1721.3526322994712,-702.5878437179174,-3.5464896012737235
735,-0.492425160881794,1.678826537699365,0.11470640952900955,0.9998094392244664,241,229,0.950207468879668,0.4541854604948388,ok,1721.736848567921,-704.2946884506952,-3.6611960108027324
736,-0.17795027638089778,0.8102832110512281,0.07187327387125256,0.9998816474154449,250,223,0.892,0.472675408326465,ok,1721.861665138619,-705.1148384410351,-3.733069284673985
737,-0.7269304131959871,1.5229771850206362,0.17846694630551213,0.9997709379578446,241,219,0.9087136929460581,0.6647870497005899,ok,1722.4830105461056,-706.6838563556294,-3.9115362309794954
738,1.0365609542670882,-6.603615006172504,0.04635762375808704,1.0010800801211104,251,192,0.7649402390438247,1.4140837707115081,ok,1721.9047254017914,-700.0244437649034,-3.9578938547375833
739,1.3368762690668063,12.515487008949094,0.03803643014968619,0.9995860709362697,219,179,0.817351598173516,0.6413625884338849,ok,1719.6989496454541,-712.4163446095162,-3.9959302848872693
740,-4.118465455843534,6.125449443510433,-0.02882967618338795,1.0000917724564424,240,195,0.8125,0.6318879073776263,ok,1723.3837660103545,-718.8120476164529,-3.967100608703881
741,-3.0930909124733716,3.2421462868726394,-0.11711553858999564,1.000198257549321,219,171,0.7808219178082192,0.5727715402066169,ok,1726.2521848137183,-722.2545608708672,-3.849985070113885
742,-0.41967240229655545,2.9115938249130977,-0.17457220962448758,0.9998463461385126,215,167,0.7767441860465116,0.4606166357268582,ok,1726.4843490266644,-725.1870688938312,-3.675412860489398
743,-0.1596863892084457,2.414265110610586,-0.14749201952083693,0.9998743138792041,219,178,0.8127853881278538,0.40862009031618124,ok,1726.4951711549434,-727.6065850952133,-3.527920840968561
744,0.040350946269882115,2.056058223966488,-0.07140239475055471,0.9998036440987841,217,180,0.8294930875576036,0.46985982766785866,ok,1726.3309317222975,-729.6564702207677,-3.4565184462180065
745,-0.12532762582441137,1.6962519356394523,0.013910325336649449,0.9998297440385087,217,194,0.8940092165898618,0.5056111829766918,ok,1726.3533496580728,-731.3571980294164,-3.4704287715546562
746,-0.3882467274654573,1.738737270617321,0.08601303242716116,0.9997089819341884,221,204,0.9230769230769231,0.5388693959860823,ok,1726.6329917440708,-733.1166704279949,-3.556441803981817
747,-0.9231132178181269,1.6309576854712304,0.14734200920736984,0.9996237307958522,223,205,0.9192825112107623,0.6404744836507567,ok,1727.448819957698,-734.8038530827655,-3.7037838131891867
748,-0.47851419696098674,0.7599044765836425,0.07741771530118102,0.9997869963887025,218,205,0.9403669724770642,0.44254506582836,ok,1727.8761794472096,-735.5936597153975,-3.7812015284903673
749,-2.631365194168893,-0.8718755044951649,0.16532566703274465,1.0017717490081823,201,152,0.7562189054726368,1.7232131029350841,ok,1730.5613121477438,-734.9049565420767,-3.946527195523112
750,-1.4579144098395318,10.895484170566192,0.17930691960071587,0.9996061445986244,218,164,0.7522935779816514,0.7051325260921752,ok,1731.2315490008993,-745.8770972765983,-4.125834115123828
751,-0.018915305482551048,1.9513222125117409,0.018985644071139486,0.9999716592401671,243,226,0.9300411522633745,0.37670010537544385,ok,1731.1093778059342,-747.8246830551827,-4.144819759194967
752,-2.222698891941036,3.49165280803345,-0.029708064103381157,0.9997539398460182,215,167,0.7767441860465116,0.4730469167109872,ok,1733.075783531465,-751.466836019939,-4.115111695091586
753,-4.603007443999104,2.882377317856708,-0.0897997573495268,0.9996987202806036,232,184,0.7931034482758621,0.4948482022060715,ok,1737.465101259544,-754.665220989572,-4.0253119377420585
754,-3.8777765804534283,2.561681171893497,-0.13334907143533595,0.9998848773047762,207,168,0.8115942028985508,0.43252595945674516,ok,1741.1600599682479,-757.4841998428665,-3.891962866306724
755,-1.9194470865008952,2.2243922787080237,-0.20018908998721663,0.9999203105879043,200,165,0.825,0.4706187729802432,ok,1742.9322974926645,-759.827567565718,-3.691773776319508
756,-1.1551486424320956,1.7611751932764719,-0.12347903574633434,0.99975613675789,219,185,0.8447488584474886,0.5182669543510441,ok,1743.975594227603,-761.6572228257031,-3.5682947405731738
757,-1.0088454507276765,1.51631967260073,-0.0036778626693294964,0.9997150807187616,200,184,0.92,0.5327252462427925,ok,1744.8882119562059,-763.2333330294676,-3.5646168779038443
758,1.5293742640426444,-0.11532401797080638,0.08144471251495224,1.0005900041190394,204,182,0.8921568627450981,0.915359022795908,ok,1743.3692670391015,-763.020985184084,-3.6460615904187965
759,0.004805732530257956,0.02978718008978376,0.0009391628760994769,0.999968273895106,280,273,0.975,0.043334300277979666,ok,1743.3625763001137,-763.0504063529025,-3.6470007532948965
760,-2.092434463723066,10.74796446406242,0.37609041237775187,1.0000396170917825,182,153,0.8406593406593407,1.0610408053287819,ok,1744.6957936051135,-773.918688357128,-4.023091165672647
761,-5.929246806264928,3.222344592778427,0.3263636458349531,0.9995753248377809,212,180,0.8490566037735849,1.108627183621612,ok,1750.363583702948,-777.5814233695335,-4.3494548115075995
762,-0.463882977640651,1.4515690453418983,0.10833449541628433,1.0000102912788917,221,193,0.8733031674208145,0.41824059468679886,ok,1750.7132407051272,-779.064656355671,-4.457789306923884
763,-0.025640337720005846,1.5964603990323667,-0.002199636145203459,0.9999852126874823,219,188,0.8584474885844748,0.46737921234885405,ok,1750.614780364295,-780.6582839137536,-4.4555896707786795
764,0.16646619849188937,0.8130146404083689,-0.044632999794439625,0.9999531648189772,221,208,0.9411764705882353,0.34242796219122273,ok,1750.3862785217095,-781.4560875917932,-4.410956670984241
765,0.5772312160097499,2.782021101440364,-0.2727707090456401,0.9997318746518745,198,158,0.797979797979798,0.5785298026396786,ok,1749.6097954540558,-784.1892014443873,-4.1381859619386026
766,0.027231488161305606,2.095718043224565,-0.2532395257583625,0.9996281755176216,205,166,0.8097560975609757,0.4785612968314238,ok,1749.4406350156303,-786.2782587477461,-3.8849464361802415
767,-0.19185580852399653,0.7947452914323776,-0.0921267394806804,0.9997885564822577,203,178,0.8768472906403941,0.5783536461988459,ok,1749.5794991236044,-787.0839544030865,-3.7928196966995613
768,-0.5774365485146973,2.071577869471753,-0.16320358453641534,0.9996880597349299,195,163,0.8358974358974359,0.5506336519221303,ok,1750.0246332984136,-789.1879323980434,-3.6296161121631463
769,0.010536182448049658,-0.019155915871806428,0.0001175431236639845,0.9999895041235309,285,284,0.9964912280701754,0.023037706245986684,ok,1750.0153309825512,-789.1681478795234,-3.62973365528681
770,-5.043218219315122,11.772444391402473,0.11126178233647588,1.0006184429825087,174,132,0.7586206896551724,1.3268403122244934,ok,1754.2796945551188,-801.2445587816603,-3.740995437623286
771,1.4980634224898495,5.752405606909974,0.22412453412738745,0.9997395005126848,178,135,0.7584269662921348,0.46323692392539134,ok,1752.3874429130317,-806.8796051884992,-3.9651199717506724
772,-1.2642255121406833,4.234737934025588,0.2760016239074177,0.9999036198504838,164,145,0.8841463414634146,0.5404642829719294,ok,1753.33503091041,-811.1962414370898,-4.24112159565809
773,-3.7743597329122167,3.671855192752332,0.21296052022557965,0.9996158038316514,157,140,0.89171974522293,0.7538504535430601,ok,1756.81283494441,-815.1501244716601,-4.4540821158836685
774,-3.150803990828308,2.972664536043908,0.139387767037499,0.999483226749422,182,152,0.8351648351648352,0.7205400747174211,ok,1759.7154518046457,-818.3655739884694,-4.593469882921168
775,-1.5471844098581187,2.385338962501237,0.04716107468270412,0.9997477424020865,184,152,0.8260869565217391,0.7616202026609387,ok,1761.0645764945136,-820.8682693625258,-4.6406309576038725
776,-1.0727998593633856,1.8270684039438265,-0.048216891967307704,0.9997172393132153,175,153,0.8742857142857143,0.7143972107849786,ok,1761.9876443214898,-822.7753677547807,-4.5924140656365635
777,-0.7982348230111711,1.4426713921401415,-0.11018598840878156,0.9997153645480845,179,161,0.8994413407821229,0.7863890446826511,ok,1762.6706932596373,-824.2760088599298,-4.4822280772277825
778,-1.0558213068632085,1.4577321511929995,-0.2319213168752339,0.9998241716126405,157,123,0.7834394904458599,0.5019953835949839,ok,1763.6155727223627,-825.807982899386,-4.25030676035255
779,-2.098209367208028,-0.6819177649286985,-0.28129671312879106,1.000929302425059,174,140,0.8045977011494253,1.425871605213012,ok,1765.7559500522948,-825.272932180035,-3.96901004722376
780,-1.6415266148214869,7.082229387233269,-0.132725012351839,1.0000103029840273,175,143,0.8171428571428572,0.5816032256387277,ok,1766.9199563556235,-832.4491200291907,-3.83628503487192
781,-0.14427380343022378,3.877403969161719,0.02315436522028493,1.0001093012998268,163,140,0.8588957055214724,0.4770418671113834,ok,1766.8029187996035,-836.3274416611481,-3.8594394000922057
782,-0.11790512145671528,3.2269149057857476,0.16780006058177485,1.000012585901785,155,132,0.8516129032258064,0.38728519215203266,ok,1766.693904210023,-839.5546691471034,-4.02723946067398
783,0.004316550205658132,2.779272994416033,0.25043927236603253,1.000012124791085,152,119,0.7828947368421053,0.5880448469407507,ok,1766.4822930500063,-842.3258778593898,-4.277678733040011
784,-0.08079510260995448,1.3462937730366775,0.13180782409287012,0.999731163831519,145,130,0.896551724137931,0.5086202935713684,ok,1766.4593404024777,-843.674398511028,-4.4094865571328805
785,-0.6432921744763007,3.698377058566166,0.3621834054488555,0.9995811044622384,133,105,0.7894736842105263,0.6727530332362559,ok,1766.7927530782026,-847.4134697428632,-4.771669962581735
786,-0.20501361481183267,1.1291161391909554,0.06790426907172073,0.9998835253666652,170,158,0.9294117647058824,0.32250802711198295,ok,1766.9017766567565,-848.5558565851189,-4.839574231653456
787,-1.0063513971647353,2.905643295344362,0.044101694579850144,0.9995061423224334,142,127,0.8943661971830986,0.9010741737343883,ok,1767.6571083055064,-851.5366249751067,-4.883675926233306
788,-0.3551051310043931,0.8332323828553854,-0.04526808346633072,0.9998564973621885,160,149,0.93125,0.39840921896607123,ok,1767.9406683685384,-852.396839802088,-4.838407842766975
789,2.671310667153193,-7.033747636422845,-0.2865974846740511,1.0013697870818412,143,116,0.8111888111888111,1.95673876494171,ok,1765.8359850641577,-845.1732801060939,-4.551810358092926
790,-7.819029195145049,10.834157812822127,-0.21572673708591175,0.9996957876112224,127,78,0.6141732283464567,1.027955888072202,ok,1772.8134988702664,-856.5675986093318,-4.336083621007014
791,0.41377058517764453,6.556924647206756,-0.33734012423956855,1.0000830138708001,161,105,0.6521739130434783,0.6576436822394002,ok,1771.9434910785383,-863.0797068216266,-3.9987434967674464
792,0.15427989932140918,4.045986952085173,-0.23577737827092193,0.9997120406038001,146,95,0.6506849315068494,0.737486484887207,ok,1771.5240099386756,-867.1068457908052,-3.7629661184965246
793,-3.7904547204266237,3.659740565979405,0.0066318647864564975,0.9999177692959712,127,94,0.7401574803149606,0.7814556177239961,ok,1775.0656563839339,-871.0078698172208,-3.769597983282982
794,-4.700412176689724,3.4761344845449003,0.23812699706385548,0.9993263395301192,144,114,0.7916666666666666,0.8488095428305531,ok,1779.5116239282356,-874.8040202595023,-4.007724980346837
795,-1.3998394718751115,1.363781359452787,0.151937940332296,0.9999885752877989,140,123,0.8785714285714286,0.8185371711568367,ok,1780.808852610681,-876.2657479663105,-4.159662920679133
796,-2.2120167716077503,3.814051362127657,0.5133420828970796,0.9993331095178585,132,89,0.6742424242424242,0.6472389684706279,ok,1782.702789684609,-880.2473316149137,-4.67300500357621
797,-0.7992987121936039,2.131041254425668,0.21583256422903435,0.9995821948673657,141,122,0.8652482269503546,0.8703960084838258,ok,1783.3175671538838,-882.4387384513205,-4.888837567805244
798,-0.6906040045896589,1.6095313318778608,0.11585601086024441,0.9997450661902222,128,98,0.765625,0.637128071287566,ok,1783.8651270220134,-884.1023799963252,-5.004693578665488
799,1.4936753404174397,-4.260778878214637,-0.06321089800767925,1.000773446956215,136,107,0.7867647058823529,1.1735406643834692,ok,1782.7440194813298,-879.7287750125809,-4.941482680657809
800,2.6577193243458623,12.366767092662144,-0.10498578118871289,0.9993583399555597,111,82,0.7387387387387387,0.8162664749848751,ok,1779.053089270511,-891.8274292563392,-4.836496899469097
801,-4.151213880926434,6.418329030618224,-0.1399588170220903,1.0001630468480212,138,100,0.7246376811594203,0.6655553574691511,ok,1782.6648429651418,-898.5641019869825,-4.696538082447007
802,-4.407736265044377,4.195535903617156,-0.3296343384685993,0.9999425499324941,114,84,0.7368421052631579,0.6949570856861276,ok,1786.74032211633,-903.0830764490656,-4.366903743978408
803,-0.21726253243991778,2.02476507676829,-0.21398201474391088,0.9999770786697506,142,112,0.7887323943661971,0.41746411396199323,ok,1786.8103833150692,-905.1182590090671,-4.152921729234498
804,0.10722999493941643,0.8980179815887368,-0.06443799181294432,0.9998403465656804,147,129,0.8775510204081632,0.42769644848886934,ok,1786.6394002535108,-906.0063464820848,-4.088483737421553
805,0.4955620046023341,1.47551014374244,-0.04328255746966413,0.9999292988524154,137,111,0.8102189781021898,0.7801996701130292,ok,1786.0409852776752,-907.4432220512933,-4.045201179951889
806,-0.019623120587766607,1.417878504569103,0.1001283955565955,0.9999178993919429,158,137,0.8670886075949367,0.6530476605075941,ok,1785.9580635204702,-908.8588097394154,-4.145329575508484
807,-0.26900556775967743,1.6285657527772628,0.19550785975257232,0.9997492013112331,139,116,0.8345323741007195,0.8913542019179833,ok,1786.1030321847288,-910.5030647357548,-4.340837435261055
808,-0.9356657446746794,1.352063963806927,0.23157054713785274,0.9997238535275341,135,110,0.8148148148148148,0.8478786272506873,ok,1786.9279350202519,-911.9254158386577,-4.572407982398909
809,1.943047732915602,-4.275153774759929,0.11662631842186963,1.0005923464818376,124,75,0.6048387096774194,1.21101758511772,ok,1785.3408748279817,-907.5057309815276,-4.689034300820778
810,-7.153125931316481,10.785306027041202,0.19262489078261166,0.9998997683133622,107,75,0.7009345794392523,0.9236544510119045,ok,1791.5502456533925,-918.8606308330778,-4.881659191603389
811,-3.7476321195597393,6.134291996725665,0.046645872312549234,0.9998482079502043,108,77,0.7129629629629629,0.7406187985050905,ok,1794.757031041312,-925.294200004267,-4.928305063915937
812,-2.2683847118221365,3.787701500219555,-0.01309522503717753,0.999702645352186,111,75,0.6756756756756757,0.9597271671149897,ok,1796.6925383521293,-929.2623309629637,-4.915209838878759
813,-1.8984905095333033,2.6401291944621335,-0.12251360101409017,0.9998932841649448,125,97,0.776,0.6260833149017434,ok,1798.3638058777194,-932.0518494225096,-4.79269623786467
814,-1.6257782009740822,2.1961335581894446,-0.27718231474011507,1.0000499371134268,122,89,0.7295081967213115,0.4734624989976776,ok,1799.8116382905232,-934.3691622344974,-4.515513923124556
815,-1.2732114896984967,1.8679442267915647,-0.37139823410062967,0.9999099195428147,150,98,0.6533333333333333,0.5626031332154469,ok,1800.9465331206272,-936.3242317617797,-4.144115689023926
816,-0.6444014326189063,0.4909291600772576,-0.0720052545220342,0.9999218820127105,145,129,0.8896551724137931,0.7953827599467266,ok,1801.5544459199857,-936.8596817360549,-4.072110434501893
817,-1.5288820865853268,2.0263047426366256,-0.008054165741842563,0.9997055145182868,121,99,0.8181818181818182,1.2078001501510673,ok,1802.9358758797441,-938.9892456846121,-4.06405626876005
818,-0.4962400905267259,0.7217703470287233,0.0767466066327403,0.9998709331400767,134,114,0.8507462686567164,0.6205932793350193,ok,1803.3787031804097,-939.7449643115369,-4.140802875392789
819,2.2571887615945343,-3.135521857462095,0.4636540543106593,1.000791316666911,132,93,0.7045454545454546,0.9988879354267496,ok,1801.3805077865381,-936.438362794571,-4.604456929703448
820,-4.6930309557717464,5.226365012774977,0.27959231784502675,0.9987063530913286,116,87,0.75,1.0359660593838385,ok,1805.6115281862376,-942.0453135858587,-4.884049247548474
821,2.9178535533158083,8.214223579812597,0.21000548394110355,1.0008013579026764,124,88,0.7096774193548387,0.9879937160890613,ok,1801.9758506704406,-949.968014348785,-5.094054731489577
822,2.364057350254825,2.2397590840323574,0.05553455214767034,1.000429665340579,132,103,0.7803030303030303,0.9867714649019131,ok,1799.4203026727603,-951.9865440962374,-5.149589283637247
823,-0.17751889023838885,0.8792699528360117,0.00768605197909353,1.0000688369132078,130,106,0.8153846153846154,0.5488396353016429,ok,1799.5180653926936,-952.8782116671085,-5.15727533561634
824,-3.0719900934175257,2.1266434428105185,-0.0035607156163067724,0.9995868794220598,122,104,0.8524590163934426,1.0583566226666097,ok,1802.3866041007961,-955.2722085649807,-5.153714620000033
825,-2.3977902174460723,1.8442008684055509,-0.057633503352722604,0.9996514791038927,145,116,0.8,1.2449069255917364,ok,1804.6111028970356,-957.3221060930141,-5.096081116647311
826,-0.7180091008578984,1.9588043513120965,-0.13288126830673885,0.9998453448995203,138,110,0.7971014492753623,0.6863853638723414,ok,1805.1569521100198,-959.3356850441155,-4.963199848340572
827,-0.5777551670621506,2.0048610147839554,-0.08687963602052644,0.999928904008386,136,110,0.8088235294117647,0.8715938596675887,ok,1805.562192616496,-961.3824016472577,-4.876320212320046
828,-0.6707784413601985,1.9716919712874414,-0.05104635379721442,0.9999591150604619,139,118,0.8489208633093526,0.9768971480058081,ok,1806.0647401165297,-963.4035297869959,-4.825273858522832
829,-0.7220947305243044,1.8696927975499875,0.007288009860686686,0.9997867857827267,131,104,0.7938931297709924,0.8545518209638785,ok,1806.6267572261088,-965.3274083501082,-4.832561868383518
830,-1.3117260755693678,1.0881000797136267,0.09194687121727037,0.9999760876549837,130,101,0.7769230769230769,1.0411024992730067,ok,1807.840235389223,-966.524094536394,-4.924508739600789
831,-4.40823596102814,8.040243902313932,0.19453920341452857,0.999392555988279,115,85,0.7391304347826086,0.6718004886892184,ok,1811.513494733573,-974.9255963120255,-5.1190479430153175
832,-2.1755674195485426,4.262623942494201,0.2587761390014982,0.9998776169398519,156,127,0.8141025641025641,0.6138346970044014,ok,1813.2799801647707,-979.3733581866643,-5.377824082016815
833,-1.4994944450495495,3.670855750763394,0.32846711518273053,1.0000302065081978,139,108,0.7769784172661871,0.8587424168925056,ok,1814.4070545556247,-983.1751168390681,-5.706291197199545
834,-1.463646554163688,3.150874750293042,0.21556108833277998,0.9997939197788773,150,135,0.9,0.6632972951758133,ok,1815.5378086738062,-986.4601842739567,-5.9218522855323235
835,-1.277142106250949,2.7163337909180427,0.06669778349054252,0.999746543952509,157,126,0.802547770700637,1.257707935060824,ok,1816.524586779171,-989.2949382657545,-5.988550069022866
836,-1.061543124048967,2.9864779988835153,-0.1515326756366583,0.9999857416063493,137,104,0.7591240875912408,0.6054769897554462,ok,1817.2769040689318,-992.373889927856,-5.837017393386207
837,-1.1360152181514422,3.1517052805035064,-0.3111981714354864,0.9997696499806729,160,118,0.7375,0.4016401233622568,ok,1818.1041488685476,-995.6203407271958,-5.525819221950721
838,-0.9471033141173848,2.9308688496853392,-0.35266245058622553,0.9997010086455727,165,111,0.6727272727272727,0.6776873622772,ok,1818.7831296868228,-998.6246679314268,-5.173156771364496
839,-0.9594323622991396,2.854834527453704,-0.32472984106099156,0.9997973181411592,135,98,0.725925925925926,0.6143522417761752,ok,1819.4978382060171,-1001.5503785065794,-4.848426930303505
840,2.86541371562771,-5.009090981227018,-0.15988060695644785,1.0006380325895448,141,116,0.8226950354609929,1.5779185039563066,ok,1817.0514523546344,-996.3238323730346,-4.688546323347058
841,-6.793397898055218,13.495159351677103,-0.03629728559005683,0.9994460796261679,95,63,0.6631578947368421,1.1084445322915741,ok,1822.727904596416,-1010.3255276587935,-4.6522490377570005
842,-0.9614336947186075,4.362431609378291,0.20929788628484672,0.9998249579205948,146,126,0.863013698630137,0.8674471333385623,ok,1823.3161711042137,-1014.7537447731233,-4.861546924041846
843,-0.0846466223540574,3.1756044358279496,0.2774418483299454,1.0003673331599314,142,116,0.8169014084507042,1.0997823168942684,ok,1823.1160320302713,-1017.9241663436101,-5.138988772371791
844,-0.38523657307450776,3.28018114689678,0.3332791946624774,0.9999758272463017,137,115,0.8394160583941606,1.0599698371468333,ok,1823.186701831984,-1021.2261356579461,-5.472267967034266
845,-0.42602488047850784,3.0314027052186248,0.30220390042575485,0.9999559660195078,132,107,0.8106060606060606,1.2902316591563108,ok,1823.305566331766,-1024.2850195705332,-5.77447186746002
846,-0.4437245574811186,2.5179460269241645,0.17665297696878632,1.0001607928903706,130,114,0.8769230769230769,0.8096219008353274,ok,1823.4858387142108,-1026.8354010215207,-5.951124844428806
847,-0.3942553673882685,1.5462232482475429,0.012877361693479998,0.9999840544403088,138,120,0.8695652173913043,0.9671862597928356,ok,1823.7173019552915,-1028.414219692605,-5.964002206122285
848,-0.23380855036430148,0.7048308609438436,-0.05292137220509092,0.9998811343003884,137,126,0.9197080291970803,0.6457860800122198,ok,1823.87728038562,-1029.1393816625068,-5.911080833917196
849,-0.5065578857991113,1.8609620431294616,-0.3067374040136391,0.9998988176251589,122,90,0.7377049180327869,0.5760675450067347,ok,1824.1996784516118,-1031.0409179110907,-5.604343429903556
850,-0.881646683386407,1.6745518487664413,-0.3688413825836261,0.9998656559417071,117,84,0.717948717948718,0.6060974437977542,ok,1824.9248446944707,-1032.7889335542563,-5.235502047319932
851,0.3348039107424938,-0.6138015206256568,-0.18784296005915735,0.9996380132077899,130,98,0.7538461538461538,1.5268897780519655,ok,1824.6453441323176,-1032.1480549377252,-5.047659087260776
852,2.057731740596182,-1.3364733095475003,-0.08668371036831496,0.999902255191698,127,108,0.8503937007874016,0.9014322834840258,ok,1822.710895483687,-1030.6386413929338,-4.960975376892462
853,4.45577126246144,-2.7066102814144415,-0.0495574125151446,0.9993210071346932,121,85,0.7024793388429752,1.2759904746263557,ok,1818.5032124023298,-1027.5604861262693,-4.911417964377316
854,6.027109515581287,-4.238726043849738,0.02754726300180271,0.997490557485632,110,76,0.6909090909090909,1.974657530607021,ok,1812.8634126423551,-1022.8185976569977,-4.938965227379119
855,7.186603723664803,-6.205532432862128,0.002744845879553853,0.9952602492820709,100,68,0.68,2.421300639852096,ok,1806.2380809265214,-1016.0170621309964,-4.9417100732586725
856,6.995407884461429,-7.424686222994978,-0.016635918622199913,0.9942137416341805,136,94,0.6911764705882353,1.9580761112708638,ok,1799.9059325030996,-1008.0192128373628,-4.925074154636473
857,9.015498338115322,-8.047573317763181,-0.07315148295891181,0.9927902407611359,144,94,0.6527777777777778,3.2512569244575307,ok,1791.6034107358962,-999.2379385053289,-4.851922671677561
858,9.951623197352774,-8.232036959339666,-0.14260894092147014,0.9917617438481404,137,95,0.6934306569343066,3.0696190801069516,ok,1782.3612381637022,-990.2166590557271,-4.709313730756091
859,12.754128269911462,-8.530405096684717,-0.18605975621027263,0.9899055585684329,150,97,0.6466666666666666,3.0326748748207586,ok,1770.3195730742784,-980.7069849859674,-4.5232539745458205
860,13.950093211748936,-8.611301719538005,-0.21980734939875407,0.9896513070639075,131,94,0.7175572519083969,2.729956715584526,ok,1757.0549914495218,-971.0731647550534,-4.303446625147067
861,16.82809488895623,-13.957120473131454,-0.19521435685379027,0.9863750825920518,145,92,0.6344827586206897,10.135846225867002,ok,1741.2700350158668,-955.9463296637057,-4.108232268293277
862,15.379378635150715,-13.69033739742622,-0.19195548892377365,0.9925808305141715,160,111,0.69375,4.155980882601003,ok,1726.8616009439847,-941.2375685719305,-3.916276779369504
863,8.438523626054575,-7.350816914895631,-0.08006237450848036,0.9961851761344368,187,145,0.7754010695187166,3.614269364558612,ok,1718.9337880013813,-933.33864635109,-3.8362144048610247
864,19.4883209272175,-16.08821427478074,-0.21407035309977604,0.9919740421964351,166,125,0.7530120481927711,3.534117165740855,ok,1700.5007900799726,-916.0513712985311,-3.6221440517612495
865,28.64605715521202,-26.089739997052448,-0.2726414244527312,0.9887166456597684,188,143,0.7606382978723404,1.3575499161329994,ok,1673.428002378268,-888.3325096748657,-3.3495026273085196
866,14.999619637078467,-17.507905348243867,-0.14951342893334607,0.9998030079557776,205,164,0.8,1.2618831612979848,ok,1659.429084857838,-870.0146045764031,-3.1999891983751745
867,8.265461263764792,-10.042234817647227,-0.08986622150405796,0.9996883997729097,196,144,0.7346938775510204,0.774995966529053,ok,1651.720641579476,-859.5387164393599,-3.110122976871117
868,15.124257771109114,-18.599049026637317,-0.14962538511503692,0.9996074953799527,188,154,0.8191489361702128,1.1132033640855739,ok,1637.577162240103,-840.1833608497834,-2.9604975917560803
