frame,step_center_dx,step_center_dy_down,step_rotation_deg,ransac_scale_diagnostic,good_matches,inliers,inlier_ratio,median_reprojection_error_px,status,center_x_in_reference,center_y_in_reference,rotation_to_reference_deg
278,0.0,0.0,0.0,nan,0,0,0.0,nan,reference,1280.0,720.0,0.0
279,0.016484986103932897,0.0927942043015264,-0.0007136213097116576,0.9999755648220581,306,304,0.9934640522875817,0.10616510086846395,ok,1279.9835161696533,719.9072055903846,0.0007136213097116574
280,0.01785865194528924,0.04995852646277399,0.0012113669258336085,0.9999952059759338,323,320,0.9907120743034056,0.07876664591521369,ok,1279.9656570837037,719.857247219067,-0.0004977456161219506
281,-0.006794749005166523,0.03887791273677976,0.0009193972507852202,0.999994244896795,321,319,0.9937694704049844,0.080406703997233,ok,1279.972450871108,719.8183691382822,-0.0014171428669071703
282,0.024068646857585918,0.07425837501443766,-4.891290466098698e-05,1.0000017208076633,342,339,0.9912280701754386,0.08741414914190908,ok,1279.9483804509587,719.7441113380509,-0.0013682299622461837
283,0.025745819414396465,0.02185743020697828,0.0013614459707028833,1.0000244164691283,322,314,0.9751552795031055,0.07675601679294018,ok,1279.9226335902456,719.7222551344466,-0.002729675932949067
284,0.00015199249924080505,0.002599437090339052,-0.00016115503155036324,1.00000171964189,354,352,0.9943502824858758,0.005333609935460204,ok,1279.9224814812158,719.7196557041726,-0.002568520901398704
285,0.012925144545988587,0.0009864125896683618,0.0007186487339690434,0.9999906231439305,347,341,0.9827089337175793,0.023483164545388218,ok,1279.9095562800985,719.718670033125,-0.003287169635367748
286,1.2193169285060321,-4.898689134639312,-0.3169096475504425,0.9999706245077101,269,261,0.9702602230483272,0.6819331126380753,ok,1278.6634435775504,724.6106115845465,0.3136224779150747
287,-3.9431550371671165,10.44014270792502,-0.18053558139116982,0.9995882296349166,265,227,0.8566037735849057,0.5863703698907374,ok,1282.6964937870268,714.2048652193491,0.49415805930624457
288,9.277217034967862,16.53699449513192,-0.07864661627225038,0.9991261191945114,255,224,0.8784313725490196,0.7910870630114655,ok,1273.5850633580317,697.5759512925919,0.5728046755784949
289,3.3402855698241183,3.9073281885887354,0.27898428866056674,0.9997908292930706,285,251,0.8807017543859649,0.32560684132209905,ok,1270.2648589205414,693.6515451267389,0.29382038691792817
290,-1.247914373480171,1.5102326584158163,0.16649960539798597,0.999973875345491,293,287,0.9795221843003413,0.30495153971921607,ok,1271.5161261990838,692.1440892687677,0.12732078151994217
291,-3.66059345965391,2.655446310488742,0.566790210174578,0.9998580287690136,269,228,0.8475836431226765,0.42967614117965314,ok,1275.1562444056103,689.460643903707,-0.43946942865463595
292,-1.604405478421313,1.17094399280586,0.25795849476344535,0.9998730044240846,266,261,0.981203007518797,0.4925498193567573,ok,1276.746278162443,688.2702576531108,-0.6974279234180814
293,1.1337999113209207,-4.788102704663288,0.1931289009053639,1.0001400513490573,179,148,0.8268156424581006,0.5109883724647563,ok,1275.687034401479,693.0754041029262,-0.8905568243234453
294,-5.507357228133969,8.585293489835522,-0.07968100748154362,0.9997223961763195,202,164,0.8118811881188119,0.5570606697436954,ok,1281.0723411940737,684.4130303696745,-0.8108758168419017
295,8.667409047103547,10.80743786111043,-0.3867939108855058,0.9993144110585157,194,152,0.7835051546391752,0.7045704362870073,ok,1272.3251776859238,673.6700408754383,-0.4240819059563958
296,4.547701636983902,1.442589750943398,-0.24975320718018312,0.9998432299435066,203,162,0.7980295566502463,0.3507160212358111,ok,1267.7731078681345,672.2412946619612,-0.17432869877621252
297,0.0016667577490352414,0.8980315423648335,-0.47148626660287496,1.0000378006863655,190,142,0.7473684210526316,0.3153561770857206,ok,1267.776098642917,671.3432665530304,0.2971575678266627
298,-1.5515300472134186,0.4868471643453631,-0.1665098503844543,1.0000103426175155,203,173,0.8522167487684729,0.2705122069036124,ok,1269.331517665299,670.8689909858236,0.4636674182111172
299,-3.6504565306468066,1.5078696258565287,-0.16803983653964008,1.0000348482570518,204,166,0.8137254901960784,0.29984125297876807,ok,1272.9983768115965,669.4014598304682,0.6317072547507574
300,-1.8953352656653806,0.5978961466896635,0.011701189080491817,0.9996880510520985,198,187,0.9444444444444444,0.45396168730512093,ok,1274.9000709050551,668.824107991115,0.6200060656702655
301,0.9584557530317852,-1.8086076112117553,0.25069920661891437,1.0002524654233853,196,163,0.8316326530612245,0.42449444044293544,ok,1273.9299775441393,670.6265002328204,0.369306859051351
302,0.744348605044479,18.84759306999706,0.38620705169350783,0.9990853933873931,229,185,0.8078602620087336,0.9157684661700032,ok,1273.180069610004,651.7791275387722,-0.016900192642157245
303,-7.045758653899611,4.014882929059468,0.127458768843216,0.9998333592260724,257,220,0.8560311284046692,0.4682366133389254,ok,1280.2156902562524,647.7465053068821,-0.14435896148537342
304,-6.661891801304591,1.7810006844346162,0.11523416350463066,1.0000874980541126,242,199,0.8223140495867769,0.42000682546008306,ok,1286.8694444311898,645.9353396077403,-0.25959312499000425
305,-2.216387637403841,0.32366336193240386,0.14569120486660392,0.9997834488274067,214,194,0.9065420560747663,0.6881616925670994,ok,1289.0834871917143,645.5960067539454,-0.4052843298566085
306,-0.004021334013032174,-0.0017942223090585685,-0.0002465497267160962,1.000000146581162,273,273,1.0,0.00672780663555046,ok,1289.087521108934,645.5977725038722,-0.4050377801298924
307,1.4620498263807349,-0.3643572992485815,-0.06622652052155628,1.0001093370570326,199,191,0.9597989949748744,0.49049922225355347,ok,1287.627651412638,645.9707690268749,-0.33881125960833597
308,0.618466222893403,-0.009713956239238541,-0.08236398307617186,0.9999544422925545,223,216,0.968609865470852,0.39604546898909254,ok,1287.0092348627304,645.9832510382023,-0.256447276532164
309,-0.09764774714903979,0.47279029133801487,-0.3864039989018938,0.999938800466959,201,171,0.8507462686567164,0.3758795931189994,ok,1287.1079547278075,645.5106834447874,0.12995672236973058
310,-0.9556474582843748,0.36369564341248406,-0.3763595704934161,0.999970877838373,207,174,0.8405797101449275,0.33734648921074856,ok,1288.066778768055,645.1554468399654,0.5063162928631476
311,-0.17946146183066958,-0.4110651569003494,-0.007695988275295165,0.9999608147767897,250,233,0.932,0.2063429449639077,ok,1288.242545307152,645.5681054194638,0.5140122811384428
312,-0.055908052271888664,-2.3136515270050495,0.1596219527592572,1.0001449988099531,231,189,0.8181818181818182,0.3474260223087296,ok,1288.2841418031742,647.8820584938023,0.35439032837918527
313,0.08612008557497575,-1.152151900597346,0.11712388701428147,0.9999698446644798,253,228,0.9011857707509882,0.4525541720137197,ok,1288.1932513157608,649.0338438863503,0.23726644136490355
314,0.48519964280603745,-2.802035827359532,0.1153474034505977,1.0002538173298683,249,224,0.8995983935742972,0.9343025340544668,ok,1287.7020903557388,651.8348409200039,0.1219190379143057
315,0.35849149133900937,-1.7732147269425695,0.009792044086827831,1.000048552450057,230,221,0.9608695652173913,0.5878155420273017,ok,1287.3401293980714,653.6073506893234,0.11212699382747783
316,0.9059056322612378,-4.605310726446305,0.016917071770818033,1.0001695210396016,231,194,0.8398268398268398,0.42609137989311685,ok,1286.426572252657,658.2111496905554,0.09520992205665978
317,0.5479694032121643,-2.412845135032967,-0.01867407391155928,1.0000091637877193,251,236,0.9402390438247012,0.5651841114599869,ok,1285.8738080417393,660.6229008882615,0.11388399596821909
318,1.1405346392689353,-4.30389598222564,-0.05194425726975033,1.0002546086740551,233,221,0.9484978540772532,0.8984599731026216,ok,1284.7208216501094,664.9234778576814,0.1658282532379695
319,1.2063745935918178,-5.441859238515008,-0.011623426148398348,1.000290848226839,255,211,0.8274509803921568,0.37718392417416385,ok,1283.4975987996168,670.3615747205471,0.17745167938636786
320,0.6376083329325866,-2.407741931940336,-0.023192074028157643,1.0001321881333993,263,253,0.9619771863117871,0.49810140091854,ok,1282.8515627361771,672.767069056808,0.20064375341452556
321,0.5176455133919262,-2.0680948506792447,-0.018797831079117137,1.0000777373071743,278,262,0.9424460431654677,0.45602082547987444,ok,1282.3260002806253,674.8331661731738,0.21944158449364273
322,0.5163814354202714,-1.9437754100719076,-0.01680982327314243,1.0001267012028003,276,263,0.9528985507246377,0.43514517855723783,ok,1281.8016083623509,676.7747958360334,0.23625140776678522
323,0.807511733277579,-2.3070182698177177,-0.01800064959128599,1.0001477720269731,265,247,0.9320754716981132,0.5255538397345567,ok,1280.9838671377647,679.07820804106,0.2542520573580712
324,0.21498412186838323,-0.30245972735656323,0.0006928784163899039,1.0000574693783857,290,282,0.9724137931034482,0.25243876093635365,ok,1280.7675466073063,679.3797134098849,0.2535591789416813
325,0.06704431270372879,-0.13926522190786272,-3.661730252356494e-05,0.9999956595171636,317,311,0.9810725552050473,0.20049416577974616,ok,1280.6998865540813,679.5186805250474,0.25359579624420486
326,0.07854489535156972,-0.17209479966436447,0.0013016780277635804,0.9999781902326472,307,303,0.9869706840390879,0.1920431255410005,ok,1280.6205846267737,679.6904277957174,0.25229411821644127
327,-0.0027875995647264062,-0.010238499203410356,-5.501739113669508e-05,0.9999955815831795,330,327,0.990909090909091,0.0913773989089135,ok,1280.6233271057868,679.7006784730672,0.25234913560757793
328,0.008902477801257191,-0.04554015745486595,0.00016549054757167102,0.999995723070102,345,344,0.9971014492753624,0.07608631080647457,ok,1280.6142242728254,679.7461790058564,0.25218364506000623
329,-0.015669731791604136,-0.08130207504586906,0.002054583340632279,1.0000059742450715,322,318,0.9875776397515528,0.11769767389400024,ok,1280.6295389260638,679.8275487133486,0.25012906171937394
330,0.9415777119645554,-3.3859245934775117,-0.41551208252702987,1.000011374043269,268,227,0.8470149253731343,0.4745238939871683,ok,1279.6486892225041,683.2023061563971,0.6656411442464043
331,9.598841959680158,24.459878486720413,-0.45444161030175423,0.9987657348269496,249,207,0.8313253012048193,1.0945650074396474,ok,1270.5298203282182,658.5594643429847,1.120082754548159
332,-4.380311221071452,4.856019268486307,0.4127646814542725,0.9997166557517989,282,266,0.9432624113475178,0.5701462202321328,ok,1274.9697439515428,653.757888794438,0.7073180730938863
333,-1.2714203095856647,1.2803085911032213,0.26645159579193267,0.9998962408224953,292,272,0.9315068493150684,0.5496991841224101,ok,1276.2509779520851,652.4874010424573,0.4408664773019532
334,-1.0698410296579368,1.5406316689484356,0.39390895576092405,0.9999358403305287,265,229,0.8641509433962264,0.2747427252833877,ok,1277.3220812675704,650.9476466933279,0.046957521541028696
335,-2.0843992508764586,1.4637251267972715,1.1603324846735896,0.9998827390991104,253,208,0.8221343873517787,0.3311742014383636,ok,1279.3776455882448,649.443696292735,-1.1133749631325622
336,1.64996040986739,-2.9589271357340294,0.28742512209530413,1.0001876924359285,256,213,0.83203125,0.4019787567222023,ok,1277.8005126129026,652.4420743087298,-1.4008000852278666
337,6.542595790347605,11.640671613399263,0.0395606438880418,0.9993855838184366,233,190,0.8154506437768241,0.559654705002699,ok,1270.9673796255513,640.9695380214024,-1.4403607291159084
338,-12.177164428828746,13.051054246758667,-0.6960338064548628,0.9996309183443229,218,179,0.8211009174311926,0.846277800137717,ok,1282.9739756334627,627.7613964874326,-0.7443269226610452
339,-4.105836361210095,2.342048682087807,-1.0753122991852937,0.9998920427695307,233,191,0.8197424892703863,0.3561192146977744,ok,1287.0932729219387,625.4431052840979,0.3309853765242492
340,1.4956748936544955,0.11122728800046389,-0.3186200752149839,0.9998639867076438,246,208,0.8455284552845529,0.2829848163338048,ok,1285.5989551983778,625.3149279141913,0.6496054517392333
341,3.1927853122722354,0.5421184730345203,-0.3635044058308899,0.9998437622398393,256,222,0.8671875,0.2935705040594378,ok,1282.4162542910626,624.7164419714645,1.0131098575701234
342,1.3384985887855692,0.1034446459730134,-0.07212555346612355,1.000151567535563,269,255,0.9479553903345725,0.3688160018851094,ok,1281.0799550149773,624.5876649871286,1.085235411036247
343,0.7186026982130898,0.18958320730143896,0.013687796602519365,0.9999941733508049,281,273,0.9715302491103203,0.3227787880510984,ok,1280.3650233694211,624.3846763851029,1.0715476144337277
344,1.6716784656791788,-3.8537832199915556,0.29859888383229466,1.0000812525764236,240,192,0.8,0.4809300636224264,ok,1278.6415091320905,628.2155578336761,0.7729487306014328
345,-8.959518541929128,8.72448019323906,0.3676865994430618,0.9996368765197913,240,201,0.8375,0.733376373901499,ok,1287.6625126713998,619.5546674470493,0.40526213115837073
346,9.084826873008296,12.868059441972377,0.8495393943495309,0.9992098581271395,206,169,0.8203883495145631,0.7668132200586212,ok,1278.4781796814157,606.7574388156714,-0.44427726319116034
347,2.674643630781702,1.6878412543128434,0.32076830736695344,0.9998599326604953,242,200,0.8264462809917356,0.24758043525312665,ok,1275.7812381405822,605.1054603119467,-0.765045570558114
348,-6.740890814896829,3.2192346563897445,0.24199436045766567,0.9999443322219329,240,199,0.8291666666666667,0.48060975893520813,ok,1282.464508901018,601.7682499958344,-1.0070399310157796
349,-2.643969921724647,1.6581866243398053,-0.0955187767018244,1.0000555621291531,256,223,0.87109375,0.3128438429311519,ok,1285.0817651849986,600.0682119456458,-0.9115211543139553
350,-0.10473088044841461,0.8679835605350945,-0.3184288834252568,1.0000000248085745,256,221,0.86328125,0.30588828532815326,ok,1285.1775057586838,599.1991907944479,-0.5930922708886984
351,0.361427799947478,2.371068409295276,-0.7467958973858627,0.9998476133517304,252,207,0.8214285714285714,0.3571427304721565,ok,1284.8224399611906,596.8271613394065,0.15370362649716432
352,-0.3151244788391523,0.6556935506055197,-0.3377511727637029,1.000038436382122,271,236,0.8708487084870848,0.23619415857015186,ok,1285.1431769930143,596.1741948579648,0.49145479926086705
353,-0.4147193200910806,0.8847655749625574,-0.24690575744388044,0.9999568711500512,288,246,0.8541666666666666,0.28439745887988266,ok,1285.569263378908,595.2948470150427,0.7383605567047473
354,-0.12269392179950955,0.30732522215771496,0.021119959599032196,0.9999971131073091,321,304,0.9470404984423676,0.1815859724331078,ok,1285.6957947485973,594.9890817405178,0.7172405971057152
355,-0.19917925541153636,0.5826013955813778,0.16481876668715673,1.0000564042600313,284,269,0.9471830985915493,0.4723741340317036,ok,1285.9005818570417,594.4084277969896,0.5524218304185584
356,-0.0010756619672065426,0.39875808660644907,0.16505388152311445,1.0001430623417933,256,243,0.94921875,0.5884920678674914,ok,1285.9043534159518,594.009686096103,0.38736794889544424
357,0.041620416486921386,0.16021135829601008,0.07559239946709846,0.9999735270793877,275,253,0.92,0.3728062708631139,ok,1285.8636054030385,593.8492506329434,0.31177554942834573
358,0.20381016155488396,-0.003704532853589626,0.019367944360142334,1.0000319554691801,299,281,0.939799331103679,0.23708414602234998,ok,1285.659778989732,593.8519149819099,0.29240760506820346
359,0.24318509816885125,-0.17536512469723675,0.0029083581965431717,1.0000897864854157,287,277,0.9651567944250871,0.24420733548538712,ok,1285.4157109295732,594.0260491283074,0.2894992468716603
360,0.24489788099026555,-0.11467712397757168,-0.006802573044131359,1.000014092341606,309,301,0.9741100323624595,0.19532451513868748,ok,1285.1702232798368,594.1394582492112,0.2963018199157917
361,0.3870824424143393,-0.3759276754374241,-0.012220834697791179,1.0000317513444754,276,267,0.967391304347826,0.25255523663377916,ok,1284.7811221876534,594.5132961478341,0.3085226546135828
362,0.2201987212338281,-0.20341110616698188,-0.000715236123946414,1.00008629711367,276,264,0.9565217391304348,0.16750656327464203,ok,1284.5598288245726,594.7155158362954,0.30923789073752916
363,0.4096841698778917,-0.42946761753023566,-0.014293760744837304,1.0000063028206665,268,253,0.9440298507462687,0.23988153512119775,ok,1284.1477261273849,595.1426632587696,0.32353165148236646
364,0.25515999216577256,-0.26085855937344604,-0.005399815661518753,1.0000078602181677,280,271,0.9678571428571429,0.2003566783090022,ok,1283.891072775676,595.402052669997,0.3289314671438851
365,0.4390442187352619,-0.5625027024501605,-0.005918110374722752,1.0001193249490616,281,262,0.9323843416370107,0.2674713148570493,ok,1283.448748679576,595.9619799065892,0.33484957751860783
366,0.21066319779947662,-0.23944761911570822,0.0003806449281141921,0.9999886899701849,311,298,0.9581993569131833,0.20290951387762196,ok,1283.2366912835123,596.2001936886885,0.33446893259049365
367,0.21731253482380453,-0.43570767592882476,0.005377054830477985,0.9998986648576117,281,266,0.9466192170818505,0.27109906846067794,ok,1283.0168797568485,596.634645998385,0.32909187776001564
368,0.10900057796493456,-0.25535284796478663,-0.0010188493761017939,0.9999871597440206,295,286,0.9694915254237289,0.1741783339918614,ok,1282.9064097758542,596.8893666026938,0.33011072713611744
369,0.10540093037434417,-0.4952665065599149,0.0015743124088560747,0.99997539743882,277,268,0.9675090252707581,0.2699604238253547,ok,1282.7981707147644,597.3840205972176,0.32853641472726136
370,1.0450135432383831,-2.0964257286618704,-0.2507278886286521,0.9999903746154251,281,263,0.9359430604982206,0.5704468616941706,ok,1281.7320159299175,599.4697742058913,0.5792643033559131
371,-7.929917374396382,8.20030723817763,-0.2201368228538274,0.9997249526992668,276,224,0.8115942028985508,0.6276957696136694,ok,1289.7755699492118,591.3809011630037,0.7994011262097401
372,2.924323253718967,7.797756694158807,-0.16626456912812806,0.9996122744848374,277,232,0.8375451263537906,0.45223376626909334,ok,1286.9830795526102,583.5349676087077,0.965665695337868
373,7.391675128733141,3.161385477230624,-0.09400561109228464,0.9996999637352261,269,230,0.8550185873605948,0.47729321046392914,ok,1279.651134282104,580.2374233869156,1.0596713064301524
374,-1.9886884502977864,1.0382346109514629,0.21826618327891933,0.9998826852641176,241,222,0.921161825726141,0.6071670743245183,ok,1281.654854526306,579.2285041420303,0.8414051231512333
375,0.022059533372384976,-0.033608780220674817,-0.000468543576716315,0.9999996313448742,329,325,0.9878419452887538,0.06733999607945787,ok,1281.632303562449,579.2617851749116,0.8418736667279495
376,-2.374048386942377,1.233174973424866,1.2977057899197444,1.0001369703894678,258,218,0.8449612403100775,0.32286201700813527,ok,1283.9964660632515,578.0097620407707,-0.4558321231917937
377,0.16558370091979668,0.5144088976837793,0.40402874547272005,0.9999616483004257,273,236,0.8644688644688645,0.2462473150068234,ok,1283.8231813565492,577.4978959582359,-0.8598608686645134
378,-0.22981369267517948,0.5896959892561426,0.2915889513918073,1.0000451124598477,263,221,0.8403041825095057,0.28367546817360345,ok,1284.041098561877,576.9037008852944,-1.1514498200563206
379,-5.927181902573466,8.669032454061835,0.10859383547823682,0.9997533455256974,185,156,0.8432432432432433,0.8046493732439366,ok,1289.7762139802435,568.1064251630161,-1.2600436555345573
380,-3.1408647925138666,8.784879504652508,-0.30799700108411043,0.9997619115737209,210,170,0.8095238095238095,0.5236610780246997,ok,1292.7706792771203,559.2705710932662,-0.9520466544504469
381,2.3636610122241564,3.555027542170137,-1.1271487766857469,0.9997750439018157,204,162,0.7941176470588235,0.4528148601832219,ok,1290.417893836139,555.7083365592969,0.1751021222352998
382,2.136972123634223,1.2115164794528255,-0.87445690396991,0.9999683152138191,224,183,0.8169642857142857,0.29622192529313984,ok,1288.303471875813,554.4578799183586,1.0495590262052097
383,0.5831019360405207,1.1435136673817397,-0.31371618504037313,0.9999231772837968,223,192,0.8609865470852018,0.25552819947997796,ok,1287.7477407764086,553.3008171195193,1.3632752112455826
384,1.0963752544871568,1.3773454816853246,-0.40332881289689015,0.9998426148678752,204,173,0.8480392156862745,0.3804637454497915,ok,1286.6943476731508,551.8903270470338,1.7666040241424728
385,-0.008687875788154997,0.7927974492945395,0.04824870479110136,1.0000183948767523,248,235,0.9475806451612904,0.2330297400242489,ok,1286.726804832878,551.0981466335066,1.7183553193513712
386,1.5751467834375035,-2.7088728245175844,0.4358570500261507,1.0000543135994266,198,163,0.8232323232323232,0.4220019901317698,ok,1285.0914227834662,553.771086012027,1.2824982693252207
387,5.796800330184851,8.02826630647246,0.5741493083378904,0.9994918692741941,219,181,0.8264840182648402,0.47436389747562735,ok,1279.3943165531575,545.6717690929127,0.7083489609873305
388,-10.198365738576967,10.457509049008877,1.025989597052066,0.9995858384454668,214,177,0.8271028037383178,0.7847561400362959,ok,1289.5345507456964,535.1578825722986,-0.31764063606473475
389,-3.5476671657222596,0.7088706487184027,0.34955792901648325,0.9999351557506493,240,204,0.85,0.2873056593520588,ok,1293.0737229007082,534.407749002494,-0.6671985650812177
390,0.010652766749444709,-0.002445897391339713,0.00012888739352010504,1.0000076595301135,312,312,1.0,0.012019020903401354,ok,1293.0630993433683,534.4103188046107,-0.6673274524747378
391,1.9474534383653008,1.5421063495539329,0.31854490189197493,0.999973383113105,216,181,0.8379629629629629,0.3484312044599813,ok,1291.0894009096396,532.9019483658157,-0.9858723543667125
392,3.109243913621185,0.3326851959591295,-0.6823515938953084,0.9999210306522603,257,225,0.8754863813229572,0.4019426933931479,ok,1287.9784382525186,532.5857387834169,-0.3035207604714046
393,0.49593142916501165,0.5351950363658489,-0.3946978015526237,1.0000376306719905,262,231,0.8816793893129771,0.24502299697941377,ok,1287.4833591279714,532.0497552297309,0.09117704108121882
394,-0.5261253555909207,1.1229142252317388,-0.773958984327429,0.9999821675991084,260,214,0.823076923076923,0.34314075182628195,ok,1288.0263792757312,530.9349129242225,0.8651360254086473
395,-0.09958360433142843,-0.16075744163651962,-0.11722730145032972,0.9999648046698589,263,244,0.9277566539923955,0.4007864420840081,ok,1288.1231921156823,531.0973540622192,0.9823633268589769
396,0.025877529775243602,-1.832477611730269,-0.002224760933981384,0.9999880264979627,276,268,0.9710144927536232,0.3642383679510367,ok,1288.0658301042538,532.9291164495622,0.9845880877929584
397,0.2131434162399728,-2.3699919462221715,0.11829952471338778,1.0001376644957318,257,224,0.8715953307392996,0.27701988236002145,ok,1287.8168791142184,535.2956149907842,0.8662885630795706
398,0.26334586067150667,-2.533834459821719,0.17829114157522868,1.0000689090867567,273,229,0.8388278388278388,0.2378345030638218,ok,1287.5231271413702,537.8261046450923,0.6879974215043421
399,0.9236393194246375,-7.538438895468971,0.265028653398593,1.0002610113797186,262,218,0.8320610687022901,0.3726761832368689,ok,1286.5438632492062,545.3575197048676,0.42296876810574907
400,1.3837041639776544,-8.644815091582814,0.11715467913017769,1.000422554751276,231,201,0.8701298701298701,0.501855592426931,ok,1285.1140376355534,553.9948262234302,0.3058140889755714
401,0.7736670915869581,-5.192996683662386,0.006583688075120009,1.0002423188000877,241,209,0.8672199170124482,0.3125352994756726,ok,1284.313260503625,559.1837115864068,0.2992304009004514
402,1.3595707125682566,-8.774558783974499,-0.012125907213369012,1.000384049285054,245,212,0.8653061224489796,0.46917185457753957,ok,1282.906027456561,567.9507526794523,0.31135630811382037
403,0.7387862742307334,-5.003716426641404,-0.010971266716739333,1.0000586676367125,261,221,0.8467432950191571,0.3385067870947086,ok,1282.1391037267524,572.950233775515,0.32232757483055974
404,1.5693276326619525,-10.785948844357108,-0.024398762182329725,1.0003188692932845,261,226,0.8659003831417624,0.48676134525671927,ok,1280.504533883444,583.7264883715737,0.3467263370128894
405,0.8937255126579657,-6.4304154272703045,-0.013912681940810452,1.0003008551135186,261,231,0.8850574712643678,0.38621065350760686,ok,1279.5703511320519,590.1511510433606,0.3606390189536998
406,0.9020742455727486,-6.450453360027495,-0.0072849280344314225,1.0002634461775906,276,229,0.8297101449275363,0.38068763342539086,ok,1278.6268742850125,596.5956787943691,0.36792394698813125
407,1.6443845773796966,-12.310868485178275,-0.007977615191290748,1.0003995035587625,275,231,0.84,0.46981503887827836,ok,1276.9017575164373,608.895494062594,0.375901562179422
408,0.7612099326859152,-5.9104879944533195,0.002042278023104357,1.0002165115057042,281,244,0.8683274021352313,0.35125564625817596,ok,1276.1019976821374,614.8008893162275,0.37385928415631764
409,0.23868450899635718,-0.2507038212971793,0.00018389442891334452,1.0000188672400177,301,282,0.9368770764119602,0.24929961903748196,ok,1275.861683204206,615.0500311484122,0.3736753897274043
410,0.2216511482097303,-0.3810075204464738,-0.0009230190991778141,0.9999946592702829,279,269,0.96415770609319,0.21310685131164825,ok,1275.6375457931044,615.4295813863044,0.37459840882658213
411,0.18008209347090087,-0.24422857291324362,0.0014417799680789167,0.9999856070239974,309,297,0.9611650485436893,0.1850013044657821,ok,1275.4558769153787,615.672631947057,0.3731566288585032
412,0.11096684662402367,-0.5154210912371582,-0.0005402227788056186,0.9999562180271997,273,265,0.9706959706959707,0.2791767466983015,ok,1275.3415507525265,616.1873183280983,0.37369685163730887
413,0.2567039855357507,-6.189375720810631,-0.67407468162228,0.9999805144964699,205,172,0.8390243902439024,0.5930521729860052,ok,1274.9717104931224,622.3709650621922,1.0477715332595885
414,5.687758877344322,7.651586067650669,-0.35611574133524515,0.99959733196061,238,196,0.8235294117647058,0.4870370830756974,ok,1269.4731227972334,614.5823256593122,1.4038872745948332
415,-10.226640194806805,12.42209932279161,-0.28036703284229353,0.9998448289480173,220,185,0.8409090909090909,0.7721951555726861,ok,1280.0604495788227,602.4661697970276,1.6842543074371263
416,-3.1146448138506457,0.991462303480489,0.17687303052486852,0.9998561364719416,251,235,0.9362549800796812,0.42363703499075306,ok,1283.2000976934683,601.5569836049447,1.5073812769122579
417,1.4449137140491075,1.50301813286967,0.6529020814781465,0.9999335817522971,228,187,0.8201754385964912,0.3264406734737441,ok,1281.7777590523156,600.032584727135,0.8544791954341121
418,1.9683849553853179,1.3231075144880151,0.5860177782940992,0.9998498759040461,231,190,0.8225108225108225,0.38882084785684357,ok,1279.8155951488284,598.7002688324114,0.26846141714001376
419,0.7449126964302195,0.96808498522023,0.1605430878210437,1.0001046944744396,248,232,0.9354838709677419,0.512103916995756,ok,1279.0725071899542,597.7307824997132,0.10791832931897025
420,0.35320494808183867,0.901550767931667,0.14428902738704624,1.0000246317337298,232,210,0.9051724137931034,0.48521251243036106,ok,1278.7187300190749,596.8294561238248,-0.036370698068075864
421,1.6686902769095013,-2.504402540622891,0.05527063515025637,1.0002894754681868,229,198,0.8646288209606987,1.0041114742067927,ok,1277.0540475239955,599.3365244348818,-0.09164133321833218
422,-9.454650935483642,9.664448349473332,0.009389730451395217,1.0000118830450968,226,181,0.8008849557522124,0.7024634513169079,ok,1286.4916422090125,589.6554194993481,-0.1010310636697274
423,6.940440567270343,15.501001463095008,-0.22254659003143548,0.999092752406642,203,166,0.8177339901477833,0.773258321419638,ok,1279.5840924634717,574.1397333031283,0.12151552636170795
424,-2.7461446276620336,1.4167611637933533,-0.5609264748884647,0.9999585556919157,212,178,0.839622641509434,0.3942556650664143,ok,1282.346916742314,572.7557808055651,0.6824420012501723
425,0.012799848124814162,-0.0019221201648633723,-0.0008467310661588675,0.9999868409406568,256,252,0.984375,0.13387292128001865,ok,1282.334094882415,572.7575501463102,0.6832887323163312
426,-4.307750173187742,2.7099505236727737,-0.36787337716311624,1.0000060121750027,227,192,0.8458149779735683,0.38170960739655957,ok,1286.6908347280726,570.1270822577753,1.0511621094794474
427,0.08604628821876759,1.1984085882982072,-0.10723421064809202,0.9999317275271026,245,230,0.9387755102040817,0.7191760375553111,ok,1286.6290335957021,568.9271790415696,1.1583963201275393
428,-0.1892517044534543,0.6137053040392857,0.0677287863574447,0.9999670096689266,243,226,0.9300411522633745,0.4021459546533415,ok,1286.8299326414078,568.3171872536911,1.0906675337700946
429,5.901882959147088,6.563922511022156,0.31472473024744513,0.999392743999795,153,118,0.7712418300653595,0.9088823553647841,ok,1281.0174817836316,561.6739413437376,0.7759428035226494
430,-5.047288040568219,10.979599256259235,0.32194004719266145,0.9996033821940653,171,139,0.8128654970760234,0.49571884074760353,ok,1286.1516110815833,550.7346802743403,0.45400275632998793
431,-11.746755630219923,6.128761575849467,0.6579203028019672,1.0004704945679899,185,140,0.7567567567567568,0.7752954161422998,ok,1297.8764798993639,544.5641505162441,-0.2039175464719791
432,-0.5988282170137609,2.9291429656643686,0.32814732510876893,1.0001374365660776,201,186,0.9253731343283582,0.8612498891315434,ok,1298.4480818345132,541.6295730382202,-0.5320648715807481
433,0.5854382271131726,1.0729245077440055,0.011384409276433229,1.000057673496491,207,194,0.9371980676328503,0.37572163787846014,ok,1297.8524934275054,540.5622495790378,-0.5434492808571814
434,1.802927460845467,1.5539732201366405,-0.29838346411057726,0.9997736509865245,188,139,0.7393617021276596,0.4022699158236159,ok,1296.0429358160893,539.016002040984,-0.24506581674660388
435,0.24292691275468314,0.8040134808987887,-0.18816159133103194,0.9999429628346371,202,190,0.9405940594059405,1.029785965535684,ok,1295.799210504348,538.2122302233489,-0.05690422541557174
436,-0.011475988239453727,-0.015227481959300349,-0.0005239037783037048,0.9999948043456244,267,266,0.9962546816479401,0.023817060875410606,ok,1295.8107014712102,538.2274464053097,-0.056380321637268034
437,-0.0017493043840204336,-0.01378726971006472,-0.0013678201969661618,0.9999996612140913,266,265,0.9962406015037594,0.030448504481231094,ok,1295.8124640126227,538.2412319890715,-0.05501250144030187
438,-0.508738729497054,1.5519801414915264,-0.7932087626200012,0.9999974790776057,198,161,0.8131313131313131,0.37919608315247233,ok,1296.3411556078775,536.695935042986,0.7381962611797003
439,-0.42865049031252056,0.9464396037419647,-0.340169953577871,0.9999800848818939,192,156,0.8125,0.36187924815798467,ok,1296.7875421066014,535.75773023585,1.0783662147575719
440,-0.3253400451840207,1.3320442844101308,0.2198955317980813,1.0000817632692813,216,205,0.9490740740740741,0.6576562200154366,ok,1297.1328030931359,534.4307098999819,0.8584706829594901
441,0.007325220609345706,0.2993139768933588,0.145483451420234,1.0000390845846618,231,213,0.922077922077922,0.5195207809442772,ok,1297.129202999116,534.1313279450419,0.7129872315392557
442,0.027902714690753783,0.3817947346365145,0.15142648144965898,1.0000861563407495,221,204,0.9230769230769231,0.7116238068794971,ok,1297.1050435669692,533.7492780756248,0.5615607500895963
443,0.11968481283770416,0.08391098706988487,0.04720256792775139,1.0000624694297224,234,229,0.9786324786324786,0.3332974228686053,ok,1296.9861168561245,533.6642960444497,0.5143581821618448
444,0.11327328108609436,0.045737950351167456,0.034614338884034083,0.9999972186287939,234,222,0.9487179487179487,0.2438480911655988,ok,1296.873230510149,533.6176112588907,0.4797438432778106
445,0.42324055137851246,-0.30303826524232136,-0.004301673744458328,1.0000910655180042,237,225,0.9493670886075949,0.28380736845941523,ok,1296.4474449686347,533.917063136777,0.4840455170222689
446,0.35484312896005576,-0.3577067679038919,-0.02781642820136068,1.0000770377976853,253,240,0.9486166007905138,0.24663422780246713,ok,1296.0894204057445,534.271585618915,0.5118619452236297
447,0.5141024068927891,-0.47066038264210874,-0.02567772887761722,1.000068627218467,234,226,0.9658119658119658,0.2562674269853876,ok,1295.5709250297443,534.7374021338956,0.5375396741012469
448,0.25670879946187597,-0.3186065496001902,-0.005083441156734553,1.0000108694652012,244,239,0.9795081967213115,0.2466087499504806,ok,1295.3112104051704,535.0535632557171,0.5426231152579816
449,0.45713692872777756,-0.43443852338157285,-0.00336693902129707,1.0000229909188367,239,234,0.9790794979079498,0.33777735419853916,ok,1294.8499543892865,535.4836259139611,0.5459900542792787
450,0.2007432968532612,-0.2632522732332063,-6.806545670683208e-05,1.000009970628627,248,237,0.9556451612903226,0.23680578796045285,ok,1294.646711318194,535.7449530741392,0.5460581197359855
451,0.3312052946598669,-0.49452656408493567,0.003358658219840071,1.0000019000376072,248,239,0.9637096774193549,0.34236218181994116,ok,1294.3108368483643,536.2363203607109,0.5426994615161456
452,0.17336150909432035,-0.47399432054385215,0.008184175005950122,0.999994421991197,246,235,0.9552845528455285,0.3184575757304108,ok,1294.133061029787,536.7086767802423,0.5345152865101954
453,0.0815346505951311,-0.24300604210975507,-0.0002252923847250311,0.9999849324455122,273,260,0.9523809523809523,0.18033447964372962,ok,1294.0492619916708,536.950911288437,0.5347405788949203
454,0.011355852398992283,-0.1844118138669728,0.003989070634244749,1.0000124728336361,264,261,0.9886363636363636,0.1406788132401895,ok,1294.0361983776563,537.1352099983249,0.5307515082606757
455,1.4668014813137233,-1.4663505685505243,-0.6576109535590898,1.000065137723156,206,172,0.8349514563106796,0.29225834180010524,ok,1292.539301222481,538.5708246688757,1.1883624618197666
456,-7.618088495647726,8.968164419366303,-0.63086790951275,0.9996799932719587,252,207,0.8214285714285714,0.5506183221837668,ok,1300.4382552741317,529.8490261003338,1.8192303713325175
457,-4.460959977306629,11.644107578926196,-0.45494843866118057,0.9994859576790908,223,189,0.8475336322869955,0.6440067719535617,ok,1305.3577572090817,518.391107181928,2.2741788099936993
458,0.5299749682844777,0.7863395429455977,0.11195884056151216,1.0000765574768464,228,208,0.9122807017543859,0.48662772791767167,ok,1304.8578273035307,517.5853321305992,2.162219969432187
459,0.5593393281092176,1.4201792937872142,0.644854812923113,0.9997639341002131,202,162,0.801980198019802,0.26758157035658664,ok,1304.3362903478362,516.1508395672456,1.5173651565090733
460,0.5239323981465986,1.286555029823603,1.0451753367784422,0.9999563512956224,210,167,0.7952380952380952,0.31372696063735617,ok,1303.8229784654882,514.8600104096759,0.4721898197306296
461,0.02394655965053971,0.843857152324972,0.16632626524273714,1.0001497721916042,237,222,0.9367088607594937,0.5788153660194366,ok,1303.8035370103028,514.0160374473902,0.3058635544878923
462,-0.19923163193743676,0.8425388710541029,0.15937080240095458,1.0001112481301284,227,210,0.9251101321585903,0.5158079221631825,ok,1304.0049221759464,513.1740107212942,0.14649275208693768
463,1.6051511222112822,-2.190841279637425,0.20522236358794,1.0002164568420664,184,150,0.8152173913043478,0.48709164093578644,ok,1302.402017563867,515.3664961698829,-0.058729611501002414
464,-7.795761110330659,8.868750095376072,-0.019535469429125592,1.0000272078558738,219,178,0.8127853881278538,0.5985985196729975,ok,1310.1917100329338,506.4924153284128,-0.039194142071876804
465,-5.028060549940392,11.267452273359822,-0.2585638256924167,0.9997853047602709,206,165,0.8009708737864077,0.5786785447296549,ok,1315.262873580624,495.24429664576724,0.21936968362053985
466,0.21547817659006796,0.640246395341137,-0.1746978611288333,0.9998439904165112,235,221,0.9404255319148936,0.9235365492035923,ok,1315.0518039371418,494.602583394436,0.3940675447493732
467,0.8881066475566968,1.1096871323328514,-0.4851091295854851,0.9998957646097731,202,159,0.7871287128712872,0.3155512495407401,ok,1314.1808287986141,493.4793998577128,0.8791766743348584
468,0.0028110944747368194,-0.023403458637631047,-0.0011374752434007078,0.9999609140914122,269,265,0.9851301115241635,0.09208095506721799,ok,1314.177658470439,493.50275736502016,0.880314149578259
469,0.8103083839771443,0.3832840908967228,-0.46445084104345385,0.9999891357770511,214,169,0.7897196261682243,0.365534323169908,ok,1313.3765683354554,493.1005621796807,1.3447649906217134
470,-0.0036980109721298504,0.3341621527863481,-0.0075885108667478095,1.0000259564944818,242,227,0.9380165289256198,0.2587954751152923,ok,1313.3881518204705,492.7665803800048,1.3523535014884613
471,-0.286687831324798,0.618154753258068,0.05758867290413463,0.9999716827555936,200,185,0.925,0.36961040850396076,ok,1313.6887342702792,492.15506144941264,1.294764828584327
472,4.763167172698786,6.542327463369702,0.4338781241811992,0.9995446720974099,233,188,0.8068669527896996,0.6743295459428601,ok,1309.0244015365404,485.5419071111255,0.8608867044031272
473,-11.915714844711147,13.186104424870791,0.5483189287153142,1.0000119539599452,218,181,0.8302752293577982,0.789157721720849,ok,1321.0118733558807,472.42100281513353,0.3125677756878126
474,-3.878190916233052,2.6132540693060946,0.20371926349596298,0.9996107923249778,251,237,0.9442231075697212,0.48214021694514,ok,1324.8950218391446,469.81512110822064,0.10884851219184936
475,-0.579965751699774,1.7355819155824292,0.12445229094811755,0.9999916814619235,265,250,0.9433962264150944,0.2448106260639183,ok,1325.474514905624,468.0793813106865,-0.01560377875626829
476,0.5982033666921325,3.474898513548169,-0.03545552734771412,0.9998387995410456,260,224,0.8615384615384616,0.35023704954687007,ok,1324.877515552005,464.604275741188,0.019851748591445863
477,0.8511123755549761,0.8290550708782121,-0.14389610827276073,0.9999750331447519,242,229,0.9462809917355371,0.6615444242692547,ok,1324.028776038111,463.7727916319433,0.16374785686420673
478,-0.011355215076036984,2.493060562243272,-0.41170650144663795,0.9998195446935053,248,217,0.875,0.3289177908424825,ok,1324.0651694958765,461.27997085536236,0.5754543583108451
479,-0.5401814160818503,0.6375539497348655,-0.265289114056994,0.9998695857017346,253,221,0.8735177865612648,0.27557504511897674,ok,1324.614647723712,460.6504117411902,0.8407434723678394
480,-0.33734403546327485,0.2973116541018044,-0.16444013387585518,0.9998631021271803,245,228,0.9306122448979591,0.5105152269006304,ok,1324.9571555438092,460.3590638201408,1.0051836062436947
481,-0.5026650962056465,0.7871984047542355,-0.014284926478102812,0.999896126282394,245,222,0.9061224489795918,0.37507602152117603,ok,1325.4737470189039,459.5809335127691,1.0194685327217976
482,-0.08998742872518051,0.27936967616813035,0.0629673524656575,0.9999946810530926,274,263,0.9598540145985401,0.3073518678296249,ok,1325.5683855157542,459.30310495375346,0.9565011802561401
483,-0.04572259243695953,0.5821704046111336,0.17301221295021596,1.0001588045091756,273,265,0.9706959706959707,0.592132582285787,ok,1325.6220644524562,458.72161419095585,0.783488967305924
484,0.05015492036636715,0.29731014863409655,0.12522096155525797,1.0001054081374183,243,233,0.9588477366255144,0.5315863965491382,ok,1325.575328546696,458.42374744955873,0.6582680057506658
485,0.1508672882052906,0.07616251060858303,0.03266178114504771,1.000091180463023,257,245,0.953307392996109,0.2696662913871109,ok,1325.4253018451927,458.34594220867626,0.6256062246056181
486,0.14216455095993297,0.006933417136906428,0.013634849016862436,1.00001991472248,282,271,0.9609929078014184,0.22093318126762015,ok,1325.2832194571947,458.3374907683493,0.6119713755887557
487,0.3801959779805202,-0.1309894998233858,0.007354955133972346,1.0000904377424227,270,253,0.937037037037037,0.25358066616819863,ok,1324.9016624003855,458.4644610134295,0.6046164204547833
488,0.30997619914865027,-0.17667560145719108,-0.003159573929257705,1.0000787677913359,284,274,0.9647887323943662,0.21384449073616113,ok,1324.5898295555648,458.63783860448353,0.6077759943840408
489,0.41769587969520217,-0.2916833833976398,-0.008031291385911124,1.0000602284815674,259,239,0.9227799227799228,0.2608898855256846,ok,1324.1690228878585,458.92501588854105,0.6158072857699521
490,0.5654837507790944,-0.4295058895584134,-0.006101258693451301,1.0001028273544226,242,228,0.9421487603305785,0.2526268171446138,ok,1323.598910532079,459.3483586377977,0.6219085444634034
491,0.2562477822718847,-0.24862677947157863,-0.00011735655304440894,1.0000553223956485,272,262,0.9632352941176471,0.19171501426972137,ok,1323.3399787117744,459.59418889188214,0.6220259010164477
492,0.36018957002215757,-0.41304530509478354,0.007803684859280062,0.9999873155870721,256,241,0.94140625,0.28109440429520144,ok,1322.9753819950577,460.0033492327913,0.6142222161571677
493,0.3215697809755511,-0.3904104242114954,0.007563727532179237,1.0000548275035452,252,245,0.9722222222222222,0.23827826208448766,ok,1322.6496965777092,460.39033299510737,0.6066584886249885
494,0.0745692427949507,-0.18402649860286147,0.005825964335898413,1.0000411355083347,311,300,0.9646302250803859,0.2118436540951113,ok,1322.573201675371,460.5735674189345,0.6008325242890901
495,0.15909166087249105,-0.3449215326372723,0.009925986240018631,0.999995841162177,297,281,0.9461279461279462,0.2642328876466933,ok,1322.4105612711976,460.91682988289836,0.5909065380490715
496,0.053865414711253834,-0.18780647639061954,0.004435584414181648,0.9999812745837117,292,286,0.9794520547945206,0.17268925350874825,ok,1322.3547763530862,461.1040751722584,0.5864709536348899
497,-0.013943704882194652,-0.12529214845449133,0.006337558784088404,1.0000091143758998,303,296,0.976897689768977,0.11594710418407654,ok,1322.3674507520907,461.22950207918046,0.5801333948508013
498,0.6015602937004587,-3.221488489027479,-0.3735353205400392,0.9999292482651216,266,241,0.9060150375939849,0.4523747184117579,ok,1321.7123556842976,464.44053202672774,0.9536687153908409
499,-10.705051629833179,10.875641762629584,-0.20966341894723955,0.9996979686049676,258,219,0.8488372093023255,0.646653298714013,ok,1332.6360044013659,453.7844721145211,1.1633321343380807
500,3.8179252677637123,9.767058719685906,-0.1866518609733351,0.9993965346870824,235,198,0.8425531914893617,0.49326512696751035,ok,1329.0492457281935,443.93017601563906,1.349983995311416
501,8.885427690150664,4.39296087123671,0.025418048628778906,0.9997021506503201,230,194,0.8434782608695652,0.4189995843328941,ok,1320.2677398982612,439.3329936381411,1.3245659466826372
502,-10.2147818904416,0.8834905908147448,0.5655149394291473,1.0001360927051506,246,210,0.8536585365853658,0.492992498151678,ok,1330.4933295017033,438.584901427697,0.759051007253489
503,-0.6275600540068353,0.403943051881015,0.3609890118116431,0.9999677121752804,254,220,0.8661417322834646,0.26760178811433544,ok,1331.1236807790722,438.1853280581293,0.39806199544184534
504,0.4340575652395273,0.5455586824217562,0.9580235171786846,0.999880716028535,250,216,0.864,0.2893526022954436,ok,1330.684312189057,437.6440374818066,-0.5599615217368406
505,-0.2239798787388736,0.4294073541356056,0.3029357010847661,0.9999743406883603,256,225,0.87890625,0.2755802742503265,ok,1330.901799866177,437.21130572636594,-0.8628972228216071
506,-6.240019624719935,4.620236963865295,0.09854293376528923,0.9998837240915192,209,163,0.7799043062200957,0.8769101933153758,ok,1337.0634156774777,432.48701476230724,-0.9614401565868964
507,-3.5829315031317037,8.898151600189976,-0.2127080998465981,0.9998196830079548,240,209,0.8708333333333333,0.39326395427953187,ok,1340.5297649507233,423.54280307138873,-0.748732056740298
508,-0.14434370029357524,4.313297192271648,-1.0141219332945912,0.9999159232315787,234,201,0.8589743589743589,0.4167369460084506,ok,1340.6940859095098,419.23022073650196,0.2653898765542948
509,0.14258643965968076,1.1481873969569278,-0.4500750019576022,0.9999696282691535,253,211,0.83399209486166,0.24743138076687696,ok,1340.5658478800058,418.080342395505,0.7154648785118977
510,0.8913867228166055,0.4032869522372948,-0.8140029584906764,0.9998970638223963,223,190,0.852017937219731,0.36299955101165315,ok,1339.6855428958725,417.65340704868044,1.5294678370025754
511,-0.037607566347787724,0.7413498858297771,-0.1995916742626659,1.0000137941924754,220,193,0.8772727272727273,0.2946636242732296,ok,1339.7455022381826,416.91352945100886,1.7290595112652414
512,-0.39309187561525505,1.003501649377995,-0.03926691020289962,0.9999523117729578,227,217,0.9559471365638766,0.5127188784355682,ok,1340.1693731858645,415.9226358125743,1.7683264214681411
513,0.017251818499971705,0.003016502412947375,0.000346258320341506,1.0000104776977083,320,320,1.0,0.01932756493212446,ok,1340.1522226456216,415.91908848996076,1.7679801631477996
514,-4.175618623949958,8.210961581064339,0.7699397137953957,1.0001435025757965,188,132,0.7021276595744681,0.5998903302781073,ok,1344.470228054084,407.7821043882876,0.9980404493524031
515,0.0019521659505699063,0.0048969049985316815,0.00045177402834973147,0.999994074954254,289,289,1.0,0.007919746876273899,ok,1344.468361440744,407.7771742376709,0.9975886753240537
516,14.780471748008495,15.253649820391274,1.0858789720304098,0.999118597277077,177,137,0.7740112994350282,1.037886818848632,ok,1329.6644020415592,392.54631858067995,-0.08829029670635748
517,-0.4726008220482072,1.0174889083418748,0.17851330573800683,0.999975241272834,183,175,0.9562841530054644,0.5787287153476949,ok,1330.132259716625,391.5266399982422,-0.26680360244436446
518,-3.1373917243131473,1.8919032036376393,0.11666102966714893,0.9998056917681392,196,184,0.9387755102040817,0.5954031233821266,ok,1333.2569192907506,389.61378163716444,-0.3834646321115134
519,-4.637880835962278,1.5389989052486044,-0.38092293744112105,1.0000083760758918,197,163,0.8274111675126904,0.43209782418814957,ok,1337.8947318507105,388.0745769926739,-0.0025416946703922727
520,-1.3353785150056865,0.743617037080412,-0.3229366032383848,1.0000590186902478,204,174,0.8529411764705882,0.24913752819622742,ok,1339.2342477319107,387.33843890767366,0.3203949085679926
521,-0.690414220392995,1.3289968794617835,-0.41889475239135066,0.9999027611673286,210,178,0.8476190476190476,0.36592152776363746,ok,1339.9417521024768,386.01846085218585,0.7392896609593432
522,-0.1276261863572472,0.11033910025957994,-0.11916199378401632,1.0000309337082998,206,200,0.970873786407767,0.5959079804563336,ok,1340.0710170917348,385.91004626348877,0.8584516547433597
523,1.1415977099341035,-2.562333122703194,-0.048305971974976214,0.9998891339578284,208,193,0.9278846153846154,0.5548676124867259,ok,1338.8890127900127,388.4539924487959,0.9067576267183359
524,1.0353712852306671,-2.095232476522824,0.03055325081272538,1.0001101872220632,213,208,0.9765258215962441,0.7028887962650205,ok,1337.8217221603466,390.5331469742661,0.8762043759056105
525,1.6998873087015909,-3.922909127355865,0.0842551574308782,0.9999426876097827,210,173,0.8238095238095238,0.37550932203588633,ok,1336.0677760321335,394.4321860691076,0.7919492184747324
526,3.571065182961547,-8.359056437385789,0.19288841918475647,1.0002228180671742,218,188,0.8623853211009175,0.4065065146950267,ok,1332.409508821364,402.7534487184279,0.5990607992899759
527,2.549262235734659,-6.256711777978239,0.05277974841904482,1.000163711733468,212,181,0.8537735849056604,0.3950034321724352,ok,1329.8007093472775,408.9855707906629,0.5462810508709313
528,4.83082755354485,-11.968659406348934,0.03521677323147198,1.0003422379395925,224,193,0.8616071428571429,0.47612066196230046,ok,1324.8633178816729,420.91066485119944,0.5110642776394593
529,-0.008498887328187266,-0.004159250993780006,6.662015157043112e-06,1.0000009548984983,301,301,1.0,0.00946990587406954,ok,1324.8717793323963,420.9148997427331,0.5110576156243022
530,5.205518318929762,-13.615632739219564,-0.0006483528538427702,1.0004516396923686,235,207,0.8808510638297873,0.5540447409754496,ok,1319.5448696406906,434.48349985455144,0.5117059684781449
531,4.755974866359111,-12.861540903389368,-0.010872551560242378,1.000389918261244,227,190,0.8370044052863436,0.5398126564642283,ok,1314.6717877590766,447.3011285086389,0.5225785200383873
532,5.843317162777112,-16.865446797124378,-0.011983898161296531,1.0003565687020923,212,180,0.8490566037735849,0.6098191577242109,ok,1308.6713746997157,464.1113246481398,0.5345624181996839
533,3.3448009092285247,-10.170544673742029,-0.008512355625832187,1.0004448751846047,239,193,0.8075313807531381,0.4592901550214677,ok,1305.2303245559135,474.24970943028313,0.5430747738255159
534,4.989452949793531,-15.907530812914729,-0.01176741311495828,1.000569340564968,241,199,0.8257261410788381,0.7193359925500727,ok,1300.0870622458428,490.10817814929396,0.5548421869404743
535,2.2981771315862716,-7.819634763065778,-0.0036875178283302524,1.0002324446642368,259,227,0.8764478764478765,0.2986546049406626,ok,1297.7127682898335,497.9050386819922,0.5585297047688046
536,4.976593993923416,-17.571422069425807,-0.012698239458721231,1.0006053985730987,234,193,0.8247863247863247,0.6824330494486511,ok,1292.561240813971,515.4259726179355,0.5712279442275259
537,-0.0009203393246934866,-0.007310086983125075,-0.000656632236960989,0.9999871868585076,317,317,1.0,0.007206947951173819,ok,1292.5620881447194,515.4332915267871,0.5718845764644868
538,0.23166939224165617,-0.36586280221933976,0.00983566191244936,1.0000133165772964,264,258,0.9772727272727273,0.2554163986379293,ok,1292.3268409872774,515.7968641773875,0.5620489145520374
539,0.008788982526311884,-0.006859407165620723,-0.00040232267303527333,0.9999977904003395,336,336,1.0,0.010434922370120479,ok,1292.3179850930753,515.8036369772802,0.5624512372250727
540,-0.0360762313507621,-0.2720315585498838,0.00791840190930826,0.9999147894141354,269,259,0.9628252788104089,0.2522139796175134,ok,1292.3514268391714,516.0760049506792,0.5545328353157645
541,0.33910421827590653,-4.735181022775805,-0.4583001680593549,0.999920350608295,245,212,0.8653061224489796,0.3761639065979753,ok,1291.9286748848667,520.8044520292075,1.0128330033751187
542,-6.09780164066683,23.56653107443458,-0.40813973639535034,0.9992304982077564,245,198,0.8081632653061225,0.9368665404347767,ok,1298.6090067710493,497.39638210403723,1.4209727397704683
543,8.305046835464054,5.035965202002558,-0.005463010009358299,0.9996780854339375,222,179,0.8063063063063063,0.5333892878558272,ok,1290.4318960222506,492.1552364032469,1.4264357497798268
544,1.967624243006867,2.030732982663949,0.1453226623648604,1.000258596717895,235,224,0.9531914893617022,0.519179011394935,ok,1288.5101662971101,490.0810193287681,1.2811130874149665
545,-8.394765636495777,2.3206821048988786,0.6303271764384101,1.0001866643395372,255,214,0.8392156862745098,0.5237898524993077,ok,1296.9307489943012,487.8558356142284,0.650785910976558
546,-0.6298845953920136,1.2748099154262036,0.23598751553639422,1.0000291448151681,268,250,0.9328358208955224,0.5838278328889304,ok,1297.5698461134348,486.58561917743634,0.4147983954401642
547,0.565574491928146,1.5693802112684807,0.40000899079682173,0.9999735982208157,242,210,0.8677685950413223,0.3368324576421612,ok,1297.004676734736,485.01609303021166,0.014789404643343437
548,-0.14391881805431694,0.6336048477373879,0.10013678547552074,1.000036086478506,262,251,0.9580152671755725,0.31632771047498576,ok,1297.1476515802483,484.3822745050665,-0.08534738083217709
549,2.135551729816825,-5.66098307982611,-0.02517428988579912,1.0001446927537159,237,188,0.7932489451476793,0.46077079057047865,ok,1295.0180462965388,490.04549725862285,-0.060173090946378016
550,-7.0096221892879385,10.336883882032225,-0.13570459621457945,0.9997821240526231,231,185,0.8008658008658008,0.5438014236037096,ok,1302.0412892307013,479.7178629547316,0.07553150526820114
551,-3.472016757826623,14.443188927967299,-0.42797299726605975,0.9993120851089341,219,177,0.8082191780821918,0.6540789286474831,ok,1305.6400943112767,465.30574275097206,0.5035045025342598
552,1.142101878232097,2.6026226607808667,-0.2758726727188152,0.9998681918477034,233,200,0.8583690987124464,0.2367927085483607,ok,1304.5334996927377,462.6878256848885,0.7793771752530744
553,-0.0016982263850877644,-0.0033776558706222204,-0.0003021147831742496,1.0000077043834237,307,307,1.0,0.006818298083130938,ok,1304.5351518002653,462.69122613673375,0.7796792900362486
554,2.3104042611071236,5.250411438498077,-0.4224446704672982,0.9996649538746816,217,176,0.8110599078341014,0.44029501259325676,ok,1302.3354069556751,457.3934991956813,1.202123960503546
555,0.17979861737580904,1.4155120493899176,0.022121129573456886,1.000045125931571,217,210,0.967741935483871,0.3147833114496143,ok,1302.1847967851281,455.9745846523399,1.1800028309300892
556,2.003846201830129,0.10306573381990347,0.32206736702017036,0.9999550860630473,152,108,0.7105263157894737,0.5456785838952363,ok,1300.1827184528047,455.84152640450066,0.8579354639099195
557,6.530355021686773,9.027023139067069,0.230382971696405,0.9993821675942927,159,117,0.7358490566037735,0.5998962942026642,ok,1293.7516248531883,446.7435201077621,0.6275524922135151
558,-2.7097613824291784,8.526217672985013,0.3506331312489289,0.9994888295107075,167,138,0.8263473053892215,1.3486739902145626,ok,1296.502562954331,438.2304986629102,0.2769193609645867
559,-8.768216746903136,4.568501012181287,0.5341259165042941,0.9998219324761397,178,137,0.7696629213483146,0.5419964076477475,ok,1305.250182957967,433.622682402363,-0.25720655553970645
560,1.8072722132810668,1.0928699260437043,0.08831429116056279,1.0007418129462955,175,156,0.8914285714285715,0.7372800641152257,ok,1303.4363531204388,432.54073099465495,-0.34552084670026917
561,2.3634592216424153,0.7416624275720096,-0.013589736430524019,1.0006330533814551,172,157,0.9127906976744186,0.6799731283083023,ok,1301.0686369180949,431.81277314285603,-0.33193111026974514
562,-0.7460597069157302,2.144942429478192,-0.3701848336348385,0.9998425433646759,169,136,0.8047337278106509,0.4036752049576896,ok,1301.8161285367787,429.66832930072445,0.03825372336509295
563,-1.0142357635957069,0.9990100017837449,-0.31275879159771086,1.0000825654262495,170,142,0.8352941176470589,0.3146974718576844,ok,1302.836465488131,428.67555154436326,0.35101251496280333
564,-0.7158657427460184,1.2492202828127574,-0.5756417841142731,0.9999703650003152,158,128,0.810126582278481,0.4287748220468841,ok,1303.5724405773285,427.43807195070957,0.9266542990770757
565,-0.4034278983958757,0.2622708642743419,-0.09665326436048212,0.999715410185216,185,174,0.9405405405405406,0.6521784057226563,ok,1303.9804880654083,427.1830477892604,1.0233075634375577
566,-0.2434722039852204,0.39345436850794613,0.013704414160810653,0.9999923846189577,199,188,0.9447236180904522,0.20636197944671636,ok,1304.23085513274,426.79394447931946,1.0096031492767468
567,-0.18641975788978016,0.4655645991254005,0.0753960983298549,1.0000028078036642,204,192,0.9411764705882353,0.4093808392290568,ok,1304.4248408003766,426.331481202029,0.9342070509468924
568,-0.13972111692169165,0.8451535929355032,0.4472935998670388,1.0000923489701299,198,166,0.8383838383838383,0.357538272680813,ok,1304.5717391060543,425.4875454971587,0.48691345107985445
569,-0.0021646212269388343,0.24971945115930794,0.07911649931307575,0.9999931123847474,187,178,0.9518716577540107,0.5028131737274915,ok,1304.5756810105422,425.23784777738274,0.4077969517667788
570,0.10870494336154479,0.22843344596549287,0.030638319942132407,1.0001513089165543,201,194,0.9651741293532339,0.3265749020894588,ok,1304.468482111173,425.00870371806434,0.3771586318246465
571,0.18996807144390004,0.03550403014037329,0.007091037773356863,1.0000218127937617,217,213,0.9815668202764977,0.21180023787052413,ok,1304.2787473175129,424.97197345262856,0.37006759405128964
572,0.2650355228247463,-0.031212210830972253,-0.003463737258700073,1.0000611539587132,214,207,0.9672897196261683,0.22429391799521436,ok,1304.0135139449958,425.00145715265427,0.3735313313099898
573,0.29983849744439794,-0.1018054891403608,-0.005169459460561261,1.0001955279733712,213,206,0.9671361502347418,0.2175978878306295,ok,1303.7130091107879,425.1012786272299,0.37870079077055097
574,0.25203412465293695,-0.031889060425555726,-0.002995957668438935,0.9999616560674998,216,213,0.9861111111111112,0.1756003385326994,ok,1303.4607681397633,425.13148797513674,0.38169674843898993
575,0.38305256451258174,-0.19688985331720232,-0.008174610987618307,1.0001033671253485,208,200,0.9615384615384616,0.2634722028388333,ok,1303.0763847088947,425.3257667943447,0.3898713594266083
576,0.17802685482774905,-0.0907411004319556,-0.0005410695591652205,1.0000509031673244,213,209,0.9812206572769953,0.19232026606430455,ok,1302.897743683506,425.4152927257589,0.39041242898577344
577,0.4010805288494339,-0.2335364371289188,-0.004227606996930177,1.0000722188040934,213,205,0.9624413145539906,0.22687978555573163,ok,1302.4950641364426,425.6460610954839,0.39464003598270364
578,0.1606786309450854,-0.1196329130052618,0.0028938068407113413,1.0000357782977496,234,229,0.9786324786324786,0.1896528124870436,ok,1302.333571306056,425.76459261892916,0.39174622914199225
579,0.06646342665294469,-0.1128065115553909,-0.000726794196581759,1.0000369832914302,243,234,0.9629629629629629,0.1469341169872182,ok,1302.2663367261637,425.8769412165993,0.3924730233385741
580,0.20055364988047586,-0.180464320692181,0.0023514410069776005,0.9999979407493663,232,225,0.9698275862068966,0.18409062876354987,ok,1302.0645589701005,426.0560358136186,0.39012158233159644
581,-0.01300311473983129,-0.041723319127640934,0.0026709884694700483,1.0000014604234264,269,264,0.9814126394052045,0.07150515536324532,ok,1302.0772796445617,426.0978461089202,0.38745059386212644
582,-0.03678005744859547,-0.06708597142198869,0.0016526157340042973,0.9999946496214894,251,246,0.9800796812749004,0.10801287370007272,ok,1302.11360715194,426.1651782141542,0.3857979781281221
583,1.2784652331463349,-4.447169450809497,-0.2598023227333877,0.9998139480747155,167,152,0.9101796407185628,0.42913821095658733,ok,1300.785114095813,430.5976601009081,0.6456003008615089
584,-7.872081580786926,20.112776936852242,-0.2836820648251998,0.9993929670158699,183,148,0.8087431693989071,0.6751012760131702,ok,1308.9823558663463,410.61520049550467,0.9292823656867075
585,5.012858818229688,3.0365049441445535,-0.015843976361164427,0.9997393125392188,178,149,0.8370786516853933,0.4752939442416095,ok,1304.0202656391568,407.4964224680476,0.9451263420478718
586,-1.6810122429349121,0.4740603601095472,0.16761418317997137,0.9998077015478912,187,170,0.9090909090909091,0.6613916917966434,ok,1305.707555977599,407.0452166394905,0.7775121588679011
587,-4.525473450702975,0.5036521785841614,0.1656466105460775,0.9995820210498707,180,168,0.9333333333333333,0.7128897996389669,ok,1310.2381498164314,406.5899201014567,0.6118655483218244
588,-2.44308232778576,0.2182879488659637,0.3631152845153029,1.0001095220902159,181,154,0.850828729281768,0.30948425736444396,ok,1312.6821568163468,406.3822408455809,0.24875026380652307
589,0.012456847050998476,0.4787187036781688,0.13051208525577615,0.9999714199909665,200,190,0.95,0.5220933281484044,ok,1312.6706879008264,405.90349745474765,0.11823817855074754
590,-0.13985344691673163,0.6313091600777625,0.10276637173128997,1.0000572890525667,184,172,0.9347826086956522,0.41400585977964127,ok,1312.810711817561,405.272226082868,0.015471806819458077
591,-3.528799177322526,4.280613998559147,0.015623910436882915,0.9998681209090453,159,127,0.7987421383647799,0.5866851861466805,ok,1316.339499631087,400.9916027163891,-0.00015210361742476084
592,-2.8924419108207076,7.415254359983919,-0.09146006474170876,0.9996732245325868,186,156,0.8387096774193549,0.4497782384079071,ok,1319.243754995456,393.58096723694035,0.09130796112428351
593,-0.13783840992277874,2.4784284941541728,-0.1625470010347899,0.9999121771613674,199,161,0.8090452261306532,0.3165294224826542,ok,1319.3925729540133,391.1031737743822,0.2538549621590725
594,1.4549459138265775,1.8839775089759314,-0.6333016850778662,0.9998381264035461,180,150,0.8333333333333334,0.3211670535424611,ok,1317.9669714208121,389.1968949031194,0.8871566472369353
595,0.35549046669825657,0.9836347083019064,-0.2992067067990331,0.9999136609195758,207,173,0.8357487922705314,0.24852834353801906,ok,1317.6319227896881,388.2061108065215,1.1863633540359668
596,0.4604141946724667,2.101320431390377,-0.3564377954350023,0.9999480244073677,204,169,0.8284313725490197,0.35929939723589494,ok,1317.2282508325177,386.09315606563655,1.542801149470967
597,-0.14999763964260637,1.1689373611188785,0.025141417696405453,0.9999685707801277,224,206,0.9196428571428571,0.3040764317743553,ok,1317.4091552327434,384.92860145373675,1.517659731774562
598,-0.4250154645674229,1.5665268925575901,0.16609638359343912,1.0000582919335819,191,180,0.9424083769633508,0.5870650800728929,ok,1317.8710021893853,383.3725352472828,1.351563348181124
599,7.012562326208126,4.256150175014795,0.575247690663083,0.9995914682397292,192,162,0.84375,0.6709048648897487,ok,1310.9167494844055,379.0217635908391,0.7763156575180441
600,-3.892315512244295,8.804693321016543,0.3634880937739246,0.9998594356363699,210,197,0.9380952380952381,0.7402716591086335,ok,1314.8724029919174,370.24534348623365,0.41282756374412144
601,-10.262145185005693,4.614716567583059,0.3599256161270882,1.0000135862132054,215,177,0.8232558139534883,0.6071110112119674,ok,1325.1388046306085,365.6401040581109,0.05290194761703528
602,-3.8879584842595705,2.271795698131882,0.23618269742277256,0.9996716833353051,233,215,0.9227467811158798,0.559267699356645,ok,1329.0194760957665,363.3558829985623,-0.18328074980573608
603,0.2062744624588504,1.595971349288675,0.10854793320250834,1.0001127782913954,225,211,0.9377777777777778,0.3520041235447873,ok,1328.8050754693015,361.76098297881674,-0.2918286830082439
604,2.665563550101524,2.8073041208566565,-0.15564536493271938,0.9998280159414308,229,190,0.8296943231441049,0.39721519300118996,ok,1326.1328469217178,358.96002241927886,-0.1361833180755253
605,1.952167356824475,0.8911215404984887,-0.3199333517054755,1.0000423427095424,210,179,0.8523809523809524,0.30676418707771524,ok,1324.1835474643055,358.06264478732936,0.1837500336299486
606,-0.005547659556668805,1.7244098620394652,-0.5250274697218869,0.9997906972671083,195,164,0.841025641025641,0.37048966397404814,ok,1324.2104259694202,356.3384354918005,0.7087775033518329
607,0.0038879356775396445,0.010721731161424941,0.0009663006862242721,0.9999857190373915,268,266,0.9925373134328358,0.013784470071044287,ok,1324.206670779407,356.3276665498424,0.7078112026656087
608,-0.8095057535363139,1.7279206202007344,-0.17864171498995726,0.9999320309442922,193,160,0.8290155440414507,0.3096728583660601,ok,1325.0428121455,354.61247651645516,0.8864529176555652
609,-0.13565520410452336,0.47559559825197084,0.05691786661373827,1.0000098257143144,203,197,0.9704433497536946,0.2887469679416504,ok,1325.185338620697,354.13889472695587,0.8295350510418272
610,-0.2785321403832768,0.8206123808514576,0.13225249937826886,1.0000466420751275,223,215,0.9641255605381166,0.5162144069124566,ok,1325.473836639896,353.3217327321524,0.6972825516635588
611,-0.07894587728446822,0.2549711584154011,0.05406595734339091,1.0000505744772936,227,223,0.9823788546255506,0.2796841582865528,ok,1325.555639851687,353.06766388773315,0.6432165943201681
612,-0.013557347771666173,0.48439755580545807,0.11228643763169915,1.0000346530954631,228,216,0.9473684210526315,0.41396401235586155,ok,1325.5736852130951,352.58341275590124,0.5309301566884693
613,-0.004973995860609648,0.0021879496325709624,-0.000112721222577748,0.9999950827061818,283,282,0.9964664310954063,0.00679847986216154,ok,1325.5786792739182,352.5812710008001,0.531042877911047
614,0.2346134162812632,0.2129696399599652,0.04199967126119622,1.0000528917816554,227,218,0.960352422907489,0.30739212684675893,ok,1325.3458921657698,352.3663066202071,0.48904320664985096
615,0.042843582311888895,-0.03531583383858106,-0.0024398032620942455,1.000034048943944,302,297,0.9834437086092715,0.07858263528542503,ok,1325.3027472243148,352.40125364714595,0.49148300991194527
616,0.511957521973045,-0.2502396635208015,-0.04357743541058066,1.0001554696401045,223,217,0.9730941704035875,0.32858444795285324,ok,1324.7884751800214,352.64670151933467,0.5350604453225258
617,0.20675766433305398,-0.0894059298366301,-0.014843905162759588,1.000005709911369,254,250,0.984251968503937,0.18139210595231753,ok,1324.58086896544,352.7341189759298,0.5499043504852853
618,0.29549720719364814,-0.21432540351815987,-0.003927891072252888,1.0000756028004127,233,225,0.9656652360515021,0.2314276055633766,ok,1324.283313883959,352.9455780772645,0.5538322415575381
619,0.15322641643751922,-0.0994857390209063,-6.628063839560494e-05,1.0000659466062725,235,230,0.9787234042553191,0.18166132355539913,ok,1324.1291328787906,353.0435778966932,0.5538985221959337
620,0.21337911953514777,-0.18137175779202153,0.0016508139123057374,0.9999997551218971,238,232,0.9747899159663865,0.1814364567984143,ok,1323.9140155387765,353.22288459819475,0.5522477082836279
621,0.10851677365212709,-0.24829114101771665,0.008501446338154129,0.9999792833276797,228,219,0.9605263157894737,0.22826564794540036,ok,1323.8031473638482,353.47013473198615,0.5437462619454737
622,0.08476761643169084,-0.20719063592014209,0.0014688165660243142,1.000036250268335,246,241,0.9796747967479674,0.2235213114866536,ok,1323.7164226119473,353.67651381478316,0.5422774453794494
623,0.05750421400512096,-0.09816723290384743,0.00625535658397469,1.0000337424733918,267,261,0.9775280898876404,0.15623458360100959,ok,1323.6580025389258,353.77413878757443,0.536022088795475
624,-0.06203108451040862,-0.1325191498484628,0.006770632406889347,0.9999653222162901,260,255,0.9807692307692307,0.11212064796668805,ok,1323.7188068911412,353.9072252680064,0.5292514563885856
625,0.7116676860191546,-3.1548424656165253,-0.716388579990067,0.9999723107772032,206,164,0.7961165048543689,0.4241999769679402,ok,1322.938724870827,357.0458513877861,1.2456400363786486
626,2.5802504137495816,16.98286267398521,-0.890553765125579,0.9994419871649299,194,157,0.8092783505154639,0.5785114099920884,ok,1320.9933034453895,339.9786122355815,2.136193801504223
627,-6.6817025106502115,4.002475348186863,-0.17378643623837,1.000083814536208,205,170,0.8292682926829268,0.43974446865110706,ok,1327.8308994636873,336.2487009706545,2.3099802377425918
628,-8.112600437371611,1.9607716007672025,0.16808915082745418,0.9999488680016351,207,162,0.782608695652174,0.4430556841087753,ok,1336.0111144665111,334.59250242144833,2.141891086915139
629,0.9589474970421179,0.5377461859676487,0.7232155936005003,1.0000720542354153,198,164,0.8282828282828283,0.2893782675261307,ok,1335.0657744480773,334.0311794198229,1.4186754933146424
630,2.0961322702053167,0.4429552415222133,0.964099311600016,0.9998742152396611,211,183,0.8672985781990521,0.34474718802742815,ok,1332.9732224531383,333.5716078925661,0.4545761817146322
631,1.022329256141802,0.2566320156365691,0.31721350323017755,1.0000355887169146,212,175,0.8254716981132075,0.24006150560603046,ok,1331.9515113919663,333.3125256529356,0.13736267848445655
632,0.8251558558447414,0.6921621699947309,0.5485980311165732,0.9999660575813354,222,187,0.8423423423423423,0.3236326080910087,ok,1331.1214089004236,332.62630374309776,-0.41123535263211336
633,9.372413792556245,6.598436451848329,0.19341435302191426,0.9997332866041709,202,168,0.8316831683168316,0.6567239193141021,ok,1321.6798841457296,326.127141165159,-0.6046497056540264
634,-3.2418036122487592,8.125802753836638,-0.09825632925293161,0.9997233596105077,245,211,0.8612244897959184,0.4416778497786212,ok,1324.849744350405,317.97300434159115,-0.5063933764010954
635,-9.7663509159363,4.924631137026154,-0.49077070682473684,0.9999692963710118,224,189,0.84375,0.6435205199120441,ok,1334.6147521188,313.04571042584394,-0.015622669576361272
636,0.74701611268938,0.7363618020318654,-0.30878060915869515,0.9999732272485731,239,200,0.8368200836820083,0.3187096568202543,ok,1333.8715134154738,312.30553611800326,0.2931579395823321
637,5.673634447799259,1.4494192543073723,-0.8007861837738187,0.9999984360357933,224,185,0.8258928571428571,0.3955219270651319,ok,1328.2265850435704,310.74806133551414,1.093944123356146
638,0.23969902842418378,1.2763185309984237,-0.7118138098615552,0.9999547237213873,234,197,0.8418803418803419,0.31075828845663384,ok,1328.0272233838807,309.46482342092327,1.805757933217697
639,-1.0096208240540818,0.5888982459815679,-0.23004533649327769,0.9999423072202983,212,180,0.8490566037735849,0.2957223531401857,ok,1329.0571269770583,308.9121626377621,2.035803269710973
640,-1.4118769692622664,1.3946899428948427,0.056970938875164336,0.999828742271431,217,207,0.9539170506912442,0.479227845843114,ok,1330.5163210023893,307.56705691344774,1.9788323308358096
641,1.991501752570457,-2.6622391821387055,0.32121919748165073,1.000091282579816,167,123,0.7365269461077845,0.5679585495567397,ok,1328.4486426429264,310.17057432172703,1.6576131333541608
642,7.423532303043885,18.033235967038763,0.9018622794570279,0.9992802453996604,172,131,0.7616279069767442,0.8936971158717433,ok,1321.2636137518455,292.04099100793906,0.7557508538971381
643,-0.41038275936602986,5.129768789981995,0.33365120507035756,1.0001569837124553,179,157,0.8770949720670391,0.7588916126361687,ok,1321.711776186658,286.9143846957788,0.42209964882678236
644,-3.302320491737646,2.481812520061794,0.3688686578439609,0.9998337403086711,194,157,0.8092783505154639,0.6187379221165162,ok,1325.0164009958266,284.435641287212,0.05323099098282355
645,-1.2694765643416304,0.7601579952555539,0.09115219945052051,0.9998228060351232,201,190,0.945273631840796,0.5261188987026476,ok,1326.2853741716342,283.6746432555165,-0.03792120846769645
646,-2.2291789760388383,1.8604446328477025,0.02044386758245403,0.999689499032459,179,166,0.9273743016759777,0.8309833070829702,ok,1328.5126568257836,281.8119288067534,-0.058365076050150365
647,-1.9436729653152724,2.4291697718927026,-0.2688995111822857,0.9999727400159497,186,140,0.7526881720430108,0.4344874495283664,ok,1330.4652426798823,279.38991748160515,0.2105344351321338
648,-0.3387896496233225,0.7675944817400477,-0.11947483527457986,0.9998726473139129,170,160,0.9411764705882353,1.076413789976998,ok,1330.8084478364885,278.6242870645181,0.3300092704067129
649,-0.7411716901860927,1.073075452797184,-0.5747193037798278,1.0000033557270405,169,137,0.8106508875739645,0.34914663818682534,ok,1331.566470812549,277.5630483687037,0.9047285741865372
650,-0.21210831209236858,0.19415183148487358,-0.1333283215971533,0.9998486064774786,197,184,0.934010152284264,0.7685724740106304,ok,1331.7820616693757,277.3727710653269,1.0380568957836898
651,-0.47285283092605823,0.8279347437501201,0.011172043733322064,0.9999436637869108,183,174,0.9508196721311475,0.4055217180075254,ok,1332.269676442226,276.5534435527157,1.0268848520503675
652,-0.33748291978463385,0.590086227861434,0.2728338036519393,1.000076777790845,208,171,0.8221153846153846,0.35683610430754037,ok,1332.6148958438664,275.9678498008799,0.7540510483984303
653,-0.2173053386391075,0.6272138591217526,0.1336867524208153,1.0000718970093456,197,183,0.9289340101522843,0.7129262289914409,ok,1332.83897940735,275.34302551209765,0.6203642959776158
654,-0.08094701596201048,0.5200636597458015,0.22508941861721782,1.0001384956238486,212,189,0.8915094339622641,0.5227487919136169,ok,1332.9235123087296,274.8235326650194,0.3952748773603995
655,0.10773441554533747,0.18423035807393262,0.0576240506274245,1.000143123340089,227,214,0.9427312775330396,0.3484394781516774,ok,1332.8168654489996,274.6386706179719,0.33765082673297536
656,0.09393550741810941,0.0030821146906419017,0.009289417289540169,1.000040862863708,265,252,0.9509433962264151,0.20199131374700144,ok,1332.7229491476614,274.63505021360237,0.3283614094434353
657,0.25890358110541456,-0.07066234086028089,-0.0044883897166702385,1.0000715838947398,243,236,0.9711934156378601,0.2271632598215117,ok,1332.4636394371278,274.7042073155375,0.3328497991601055
658,0.2695374167162754,-0.18843138295142126,-0.009848980622820653,1.000045498302602,228,222,0.9736842105263158,0.19849275005956601,ok,1332.1929797985276,274.8910231744035,0.3426987797829261
659,0.28579269918827777,-0.2431242715119879,-0.009907560014315482,1.0000320463489811,242,234,0.9669421487603306,0.22529077191438432,ok,1331.9056962995542,275.1323840443163,0.35260633979724154
660,0.1511748538205211,-0.17978287647883917,-0.007083884124050326,1.0000146383392605,241,236,0.979253112033195,0.17351091619216202,ok,1331.7533957949643,275.3112143420972,0.3596902239212918
661,0.33990490497103565,-0.29848746363290957,-0.0032691295812917742,1.0000477180155831,232,214,0.9224137931034483,0.29278894829701385,ok,1331.4116068537724,275.6075425892291,0.3629593535025835
662,0.19639413170830267,-0.29071034556363884,-0.0006670128957919105,1.0000230977612132,223,214,0.9596412556053812,0.20301194404750214,ok,1331.2133717029742,275.89700067768996,0.3636263663983755
663,0.13397276260275248,-0.27801449575213155,-0.0006300598433213489,1.00003199075097,219,213,0.9726027397260274,0.24143209865741305,ok,1331.077634189772,276.1741578325268,0.36425642624169674
664,-9.192183574668888e-05,-0.2666318922344999,0.0019364605802015974,0.9999806100822572,230,222,0.9652173913043478,0.18834731754412126,ok,1331.0760400272175,276.4407849749036,0.3623199656614952
665,-0.009251754571096171,-0.1582237056734357,0.0005788850614187383,0.9999692675580368,244,242,0.9918032786885246,0.1651973039416158,ok,1331.0842926471332,276.5990639383328,0.3617410806000765
666,-0.013076683955659973,-0.2090607483785334,0.000390565522673423,0.9999805727047983,250,243,0.972,0.16724333689077595,ok,1331.0960505845867,276.8082029999227,0.36135051507740307
667,0.6357997439511109,-3.2765945655118003,-0.5062039050403826,0.9999614395321951,215,179,0.8325581395348837,0.48301981824331847,ok,1330.4107124701802,280.07479525027964,0.8675544201177824
668,5.54791831828652,9.00585143522892,-0.4236151087248082,0.9997645649509408,159,119,0.7484276729559748,0.5610220912040247,ok,1325.0671339228843,270.94621781189045,1.2911695288425877
669,-7.500176476530214,14.623111273537916,-0.5049047618319015,0.9999051275969995,163,125,0.7668711656441718,0.7005266280373477,ok,1333.0219472323543,256.5653633272344,1.7960742906744858
670,-7.748764679276746,1.8643568759957816,-0.09696545234999772,1.0000863018989414,188,147,0.7819148936170213,0.48435939987795384,ok,1340.8280696445788,254.95799482522727,1.8930397430244825
671,-0.009006602667113839,0.00013480023528700258,-0.0005136542295076283,1.000004689077469,239,235,0.9832635983263598,0.01832857155023411,ok,1340.8370757832683,254.9581577013015,1.8935533972539902
672,1.3055548527775045,3.6709983112131113,1.0553872787572929,0.9999357915632,169,117,0.6923076923076923,0.43947041854385166,ok,1339.5853608549342,251.26845421555572,0.8381661184967037
673,2.0450432043392084,1.2913006865732086,0.7860701853924766,0.9999701793327214,175,134,0.7657142857142857,0.3776510323787744,ok,1337.5414926051951,249.97529461656273,0.0520959331042322
674,0.6042152349441494,1.0218299466076814,0.52447304654382,0.9999970360559524,187,139,0.7433155080213903,0.4156068393871662,ok,1336.928873486825,248.9584808156484,-0.47237711343958444
675,1.8576006649445844,-3.668890407902836,0.31020460623679547,1.000185217832649,168,121,0.7202380952380952,0.6051361239786606,ok,1335.1215565443615,252.6524004851982,-0.7825817196763779
676,-7.734836025348386,8.6056428094289,-0.012344394300187786,0.9998144443319046,190,148,0.7789473684210526,0.6438552003619642,ok,1342.7400099662063,243.94355762511128,-0.7702373253761902
677,-4.320377074649059,11.414727176165911,-0.30313965231789436,0.9997796196799287,191,151,0.7905759162303665,0.5813122817355638,ok,1346.9671871688606,232.49398874803933,-0.46709767305829764
678,0.8172285443715737,3.4885654064182745,-0.5580914747484723,0.9997571691629468,216,157,0.7268518518518519,0.3792600692407106,ok,1346.1554999880468,229.00412986706783,0.09099380169017138
679,1.20351816596758,2.314199069852293,-0.5632293529895401,0.9997831532732206,201,152,0.7562189054726368,0.36269542670412097,ok,1344.9784840341201,226.6763397659371,0.654223154679708
680,0.9594644987798802,1.9330701809526545,-0.43205272792213223,0.9998438139965403,202,154,0.7623762376237624,0.40910624185506445,ok,1344.055839025973,224.72542750808225,1.0862758826018375
681,0.43526152582671784,1.9852464915459223,-0.23500767495396818,0.9997951645560674,203,154,0.7586206896551724,0.41258350319989445,ok,1343.6664704429397,222.73067230139463,1.3212835575558046
682,-0.062113704891316956,0.7896229089217286,0.003947531461327182,0.9999988026932047,219,207,0.9452054794520548,0.36516811387364867,ok,1343.7467210239156,221.94268607379786,1.3173360260944773
683,1.3335460763191804,-0.3581629166089897,0.2635855444876839,1.0000305611427256,178,130,0.7303370786516854,0.6063845921258215,ok,1342.4068137216823,222.27626400160887,1.0537504816067949
684,-6.5375814175467895,12.281157347421868,0.5416065616084638,0.9991916074320641,176,155,0.8806818181818182,1.6671685886708731,ok,1349.0539088317612,210.0540333058335,0.5121439199983339
685,9.114899017790549,5.423500672370551,0.595181936014987,0.9997100808262734,194,145,0.7474226804123711,0.6671826236795405,ok,1339.9311591814876,204.64374842736765,-0.0830380160166502
686,-0.04690274984682219,2.0255765248191437,0.46850658961883385,0.999971598982754,219,159,0.726027397260274,0.39966485634137966,ok,1339.9585613141721,202.6178142603805,-0.5515446056354818
687,-5.787340174073961,2.1951576184188752,0.2549591629939929,1.0000554278783864,176,126,0.7159090909090909,0.46450399507611895,ok,1345.7144298128496,200.3414133541063,-0.8065037686294736
688,-0.9082624591337662,2.2128523642142,-0.10275446401342608,0.9999758173231063,181,139,0.7679558011049724,0.4780067001560547,ok,1346.5954445476816,198.11757223624528,-0.7037493046160479
689,0.5359406794766528,2.3604033559544177,-0.3774576465427053,0.9998307949056515,200,151,0.755,0.4456423408057135,ok,1346.0460704559928,195.76025924851956,-0.32629165807334437
690,0.11240832735529693,1.1565756014351791,-0.25811470646961454,1.0000197090745904,186,146,0.7849462365591398,0.40861907976494105,ok,1345.932285985031,194.60381822189424,-0.068176951603731
691,-0.6484488080222945,1.8156794968155054,-0.5217263348667992,0.9999439414821473,186,138,0.7419354838709677,0.4138703121794174,ok,1346.5950871184275,192.7933286335923,0.45354938326306576
692,-0.6310404668920455,0.8325406694935964,-0.2816545676430155,0.999941392868406,210,148,0.7047619047619048,0.2662381149867181,ok,1347.2367582781949,191.96895362187763,0.7352039509060799
693,-0.21559593991401016,0.2499293317411002,-0.03303417289932966,0.9999006112105795,215,193,0.8976744186046511,0.5446481670550428,ok,1347.4556858614774,191.72193744133483,0.7682381238054093
694,-0.4694196418140564,0.8022752837696316,0.10230482872431415,0.9998705189547977,199,178,0.8944723618090452,0.44662543231548857,ok,1347.9343982151552,190.9251721600226,0.6659332950810956
695,-0.19103705664770132,0.5375792894583356,0.09453472611014803,1.0000385794351725,203,184,0.9064039408866995,0.5135603906434442,ok,1348.13078684649,190.3895247433859,0.571398568970948
696,-0.25785707449995243,0.6796011967417144,0.16631663345703915,1.0001329679427153,192,165,0.859375,0.9433514370005053,ok,1348.3934422261302,189.71176356935143,0.40508193551390953
697,0.01867112931608972,0.09681861127671709,0.06011682641670006,1.0001197067621854,200,186,0.93,0.3852459731189938,ok,1348.3753543549676,189.61483429886903,0.3449651090972096
698,0.010960965612866858,0.19242325032041663,0.0429824769936605,0.9999675981619319,191,186,0.9738219895287958,0.3560375471116543,ok,1348.3654077211945,189.4223559507161,0.3019826321035493
699,0.0007164093442497688,-0.04786071259673008,0.0023740778560776806,1.000002533717723,240,234,0.975,0.09144913039679649,ok,1348.3644410516658,189.47021226276195,0.29960855424747174
700,0.05420420069935972,-0.008570273973191433,-0.0014763933812438977,1.0000242608325776,240,234,0.975,0.0925038975502779,ok,1348.31019256344,189.4784975807786,0.3010849476287156
701,0.1618584129573719,-0.22627298802206042,0.008228721802045707,0.9999946195678133,193,184,0.9533678756476683,0.2848961194322367,ok,1348.1471797194852,189.70394030889213,0.29285622582667
702,0.2553433992261489,-0.4472664010451126,-0.026406253790128745,0.9999861577700165,196,181,0.923469387755102,0.1987862065887171,ok,1347.8893480477086,190.14977695393281,0.31926247961679854
703,0.0034541053801149246,0.0016894628666932476,-0.00018450252307039908,1.000013136477584,253,244,0.9644268774703557,0.06720239068130998,ok,1347.8859034153993,190.14806825939968,0.31944698213986894
704,0.4441461524349961,-1.1056914336670616,-0.045375332894887765,1.0001221587013365,203,183,0.9014778325123153,0.32967095876058833,ok,1347.4347259890558,191.2509092638811,0.3648223150347565
705,0.1471245766872471,-0.5921037663747484,-0.007401798562978146,1.0000222703550619,207,194,0.9371980676328503,0.3283337399252629,ok,1347.2837579204768,191.8420447419993,0.3722241135977346
706,0.015518369079245531,-0.2657982928280944,0.000606819379094845,1.0000414586873758,222,207,0.9324324324324325,0.21977761623621445,ok,1347.266515936694,192.10773679352576,0.37161729421863976
707,-0.016030527760676705,-0.5114690227410392,-0.002731660779358534,0.9999488369756288,230,219,0.9521739130434783,0.3100743802995169,ok,1347.2792044009086,192.6192996361167,0.3743489549979983
708,-0.17383475164638185,-0.4422980059246129,0.0016978663231605132,0.9998476566134921,212,197,0.9292452830188679,0.30469206584274766,ok,1347.4501587949567,193.062718898306,0.3726510886748378
709,-0.07798802620618517,-0.17030409051972129,0.0031145680046178194,0.999955145491998,232,224,0.9655172413793104,0.1902838832398943,ok,1347.5270468085223,193.23352243705517,0.36953652067022
710,-10.337722977003295,14.630066085281669,-0.9716854348171732,0.998451676055959,161,93,0.577639751552795,1.6211138786185344,ok,1358.204377662567,178.8494355406882,1.341221955487389
711,-2.0266716535015803,4.058498588892007,-0.17104811161925593,0.9998528340748114,199,146,0.7336683417085427,0.466576676285718,ok,1360.337451366015,174.8458364894842,1.512270067106644
712,0.2543281823836878,0.07644334690553478,-0.04735178599699051,0.9999936933995474,189,168,0.8888888888888888,0.5210936238478054,ok,1360.0852979729648,174.7624993668212,1.559621853103634
713,0.3688370274603585,0.40133427979469616,0.32710967027869964,1.0000395600577172,174,126,0.7241379310344828,0.4235659838793431,ok,1359.7251788747371,174.3533243528526,1.2325121828249361
714,0.024341166759086263,0.5006239295703381,0.5718490373584977,0.9999913208616743,169,115,0.6804733727810651,0.4345453038104667,ok,1359.7066117661623,173.85245303830493,0.6606631454664406
715,-0.25184429643149997,0.7650829653246092,0.5602730945415841,0.9999546799574982,176,121,0.6875,0.5745462198994583,ok,1359.9597962054431,173.0878125128413,0.10039005092485843
716,-0.8073991572744035,1.5965440264358222,0.40090179715742713,0.9999748558762789,200,150,0.75,0.5153842161199079,ok,1360.7588105509335,171.4870557220654,-0.3005117462325672
717,1.299511923451064,-2.1959424507532503,0.18853178931216893,1.000455947200935,174,128,0.735632183908046,0.5820257780355953,ok,1359.478089027388,173.6940099276028,-0.4890435355447355
718,5.049351563676964,15.5042448302828,-0.10232238520575912,0.9994554812988633,185,145,0.7837837837837838,0.7454644666575805,ok,1354.3242064834708,158.2241988849795,-0.38672115033897675
719,-8.205037030873655,3.7875700842793094,-0.3112428433568561,0.9999999439874134,192,145,0.7552083333333334,0.6968923401154263,ok,1362.5242468598851,154.4258232260297,-0.07547830698212184
720,-0.24091159630779657,0.38695103858538005,-0.4455039809970961,1.0001346384531289,219,168,0.7671232876712328,0.41249777948552824,ok,1362.7676524090475,154.04043609322048,0.37002567401497255
721,4.408493679668709,0.40374252999276905,-0.3216488193882782,0.9999104036925022,212,166,0.7830188679245284,0.46707467449849005,ok,1358.3643538175768,153.5835049511959,0.6916744934032495
722,-0.12159653927915315,0.43856874178959515,-0.192265741972915,0.9998398711412411,188,152,0.8085106382978723,0.7330668757635057,ok,1358.4927017106925,153.14686427744653,0.8839402353761637
723,-1.2598306207573842,0.6814672799728214,-0.05395918864325324,0.9997548332112132,211,190,0.9004739336492891,0.6384298135574318,ok,1359.7635182789595,152.4861100898022,0.9378994240194167
724,-0.579037392221835,0.5543959145066992,0.025310627753907595,0.9998803814991187,211,197,0.933649289099526,0.30205894379998527,ok,1360.3513120913851,151.94100682831242,0.9125887962655093
725,-0.6498599647511583,1.464262182424136,0.14869422800895998,1.0000192061575057,225,197,0.8755555555555555,0.44762368731472607,ok,1361.0206359601978,150.48553876912956,0.7638945682565498
726,7.4932331911993515,5.24662195781184,0.2686861290722966,0.9999730774303531,192,136,0.7083333333333334,0.6299940343672841,ok,1353.5730287282126,145.17434943490628,0.4952084391842542
727,-8.829016265551445,11.621980188474026,0.3270242344522929,0.9996665603059949,198,138,0.696969696969697,0.8251259112605636,ok,1362.4361216978587,133.5783356918107,0.16818420473196258
728,-10.52625795566405,2.319164506317179,0.2977095635078208,1.0000502056293232,184,143,0.7771739130434783,0.8298192071916647,ok,1372.957109955451,131.23538101018585,-0.12952535877585708
729,-0.6719808700784142,0.8384316597121142,0.10950733790476401,0.9999402807729076,205,180,0.8780487804878049,0.44195706374284227,ok,1373.6255871284395,130.39415321288493,-0.2390326966806207
730,1.0368332048342381,0.38260750789254416,-0.03769420855858863,0.9999874196837057,197,180,0.9137055837563451,0.44304616253437035,ok,1372.5874158376923,130.01519151190382,-0.20133848812203217
731,1.2833537271449131,-0.0398793666927304,-0.1516449303791836,1.0000263803111902,179,168,0.9385474860335196,0.9190671305423531,ok,1371.304097181257,130.0561839369351,-0.04969355774284912
732,0.5872562608865337,0.3361423260723768,-0.27223663430052203,0.9999953298252454,195,155,0.7948717948717948,0.33852662806652584,ok,1370.7181509604188,129.71776318459672,0.22254307655767203
733,-0.45644459166965135,0.08855342817582823,-0.10909924826887829,0.9997935273383819,201,185,0.9203980099502488,0.5656322506449102,ok,1371.1751004723494,129.631853240743,0.33164232482654993
734,-0.9025778370789794,-0.3387969912037079,-0.16827858561215164,0.9997029731813736,206,175,0.8495145631067961,0.9102611219224503,ok,1372.0746878965795,129.97851246736468,0.499920910438701
735,0.7088092380126909,-2.2858949907226815,-0.027267082471055443,1.0000462742865786,210,189,0.9,0.6683580987693531,ok,1371.344876059699,132.25778891555012,0.5271879929097564
736,1.767818011729105,-4.800710085494416,0.05661072652937034,1.0001646089225003,186,146,0.7849462365591398,0.41202010335803574,ok,1369.5376892944362,137.0438179421045,0.47057726638038616
737,2.875801794338031,-7.368437068185699,0.07527884866591797,1.0002020731518766,211,164,0.7772511848341233,0.5199254721151549,ok,1366.6111195917388,144.3922388992478,0.39529841771446844
738,1.4739403146447785,-3.9683148258188794,0.029624206868673397,1.0000496333826223,213,182,0.8544600938967136,0.4539011653358225,ok,1365.1118828135711,148.3510659592415,0.3656742108457951
739,4.095136649645156,-10.044228039387463,0.06626773134648983,1.000306373648637,211,165,0.7819905213270142,0.5979572693212548,ok,1360.964314908021,158.37375729217854,0.2994064794993055
740,4.156641163653148,-10.800928437193079,0.033431255453188494,1.0002053177044077,190,139,0.7315789473684211,0.5862004254034682,ok,1356.7575792525945,169.1552736973092,0.26597522404611706
741,4.506222033215408,-12.074103902606794,-0.02021749537281941,1.000394690534817,209,158,0.7559808612440191,0.5606500192348496,ok,1352.191103472975,181.20671846620428,0.2861927194189364
742,4.815441629630186,-13.128186151074942,-0.044311814095373665,1.000449107740526,197,155,0.7868020304568528,0.6587838436279332,ok,1347.3000138504954,194.30690899957142,0.33050453351431
743,4.80398153974329,-14.032950291424186,-0.037442303501090235,1.0005636883848124,190,140,0.7368421052631579,0.6942098390105444,ok,1342.4060140135127,208.30871952933467,0.36794683701540004
744,4.969129115555916,-14.864659295495926,-0.03708816679430448,1.000581495156162,203,152,0.7487684729064039,0.6459632920952614,ok,1337.3319287687766,223.13787995962844,0.4050350038097044
745,5.059326258687179,-16.092708225145884,-0.012942095571253077,1.0004571586937647,195,148,0.7589743589743589,0.7500594611791005,ok,1332.1553406358257,239.19325212950696,0.4179770993809574
746,4.5648636148578134,-15.815326769594208,-0.004803858296771698,1.0004351508829668,192,152,0.7916666666666666,0.5441973170109988,ok,1327.4739023276359,254.97446488448577,0.4227809576777291
747,4.478828523665015,-16.702822876090863,-0.007719959409752426,1.0005315670171206,197,156,0.7918781725888325,0.6007301440248659,ok,1322.8697021044832,271.6431642122552,0.43050091708748156
748,4.042544197156531,-16.302592221097257,-0.0028438551435647,1.0004334397929007,208,164,0.7884615384615384,0.5443835188362602,ok,1318.7039734231578,287.91471549868515,0.43334477223104617
749,3.763619856704281,-16.423572396670806,-0.003086907067897231,1.000535503279701,191,159,0.8324607329842932,0.614138173989723,ok,1314.8153628216153,304.3091435852039,0.43643167929894344
750,3.552562258834314,-17.469051895973053,-0.002820920785083507,1.0005382911187626,188,146,0.776595744680851,0.7640751134888004,ok,1311.1289814614327,321.7504470116794,0.4392526000840269
751,3.4948216520424467,-18.27383246020463,-0.006690806862178876,1.000487171234687,186,159,0.8548387096774194,0.6462868173489384,ok,1307.492038558673,339.9965254255544,0.44594340694620577
752,1.382517526723177,-8.171006148763354,0.0024725249635947407,1.0003316368784545,215,175,0.813953488372093,0.3457736885503388,ok,1306.0463192667207,348.1565862049666,0.4434708819826111
753,-0.005375241797764829,0.0005030719314618182,0.00016717078272569195,1.0000043727838788,298,297,0.9966442953020134,0.005952271430940199,ok,1306.0516982399142,348.15612473651123,0.4433037111998854
754,4.993482305057796,-32.87991687972283,-0.5959598601029822,1.0006935765957907,186,152,0.8172043010752689,0.7098940877072766,ok,1300.4626753515106,380.9400632232351,1.039263571302866
755,-10.317703674193808,23.12729730105832,-0.8551131399446403,0.9993648203179755,199,164,0.8241206030150754,0.9577655703111535,ok,1311.5392611264945,358.1664790272982,1.8943767112475038
756,-0.3004659197811179,1.974867461666122,0.011478357722774663,0.9999988631246949,231,213,0.922077922077922,0.4758080718834726,ok,1311.9044527606204,356.20255022755487,1.88289835352473
757,-0.30046513371985384,1.5465576193805646,0.3934353206222932,0.9999515084582145,187,146,0.7807486631016043,0.3178869613017292,ok,1312.245016210139,354.6643251778637,1.4894630329024372
758,-0.4185945168710532,1.3124244654547965,0.6745187354652471,0.999927993206855,192,154,0.8020833333333334,0.2792038195830556,ok,1312.6822349745203,353.3579871285243,0.8149442974371921
759,-0.6765770431193232,1.2625285681717742,0.4996200220507817,0.9999626514835727,189,158,0.8359788359788359,0.300762627060401,ok,1313.3657499953626,352.09920116696884,0.3153242753864117
760,-0.8674492906138767,1.5862894411394564,0.19800519226630853,1.000033836089816,188,179,0.9521276595744681,0.6650007374623758,ok,1314.2364455582795,350.51469124286825,0.1173190831201037
761,1.1898187794549813,-4.171981512437924,0.09818498232202069,1.0000521998632463,198,167,0.8434343434343434,0.49773563188567377,ok,1313.0452335992122,354.686275179054,0.01913410079808323
762,-5.3058037833659455,7.179734241672236,0.011595841792150036,0.9999084271046874,161,122,0.7577639751552795,0.4736536936245664,ok,1318.3519819559042,347.50723907053873,0.0075382590059332255
763,6.232173348849074,10.03003042437058,-0.09875900220592335,0.9995884745474725,161,126,0.782608695652174,0.6021489300565407,ok,1312.1384274071522,337.4656637542057,0.10629726121185637
764,6.9048830443698535,2.0318740372374577,-0.268510808189149,0.9999136458682661,159,120,0.7547169811320755,0.5586829142219218,ok,1305.2469837858032,335.3886642902218,0.3748080694010048
765,-1.6266350512792087,0.8832556897561972,-0.2965766873750862,0.9999596072884139,184,138,0.75,0.272030429139329,ok,1306.8838568054007,334.52452950834413,0.6713847567760902
766,-1.1616848586556898,0.2180502884608586,-0.09153267253464485,0.999611058280153,189,176,0.9312169312169312,0.7926451987930192,ok,1308.0483420275684,334.321966415752,0.7629174293107349
767,-4.273277892358465,1.6060245653181937,-0.24590452773151134,1.000097306677011,180,139,0.7722222222222223,0.4214842901310051,ok,1312.3492337838666,332.791427637958,1.0088219570422459
768,-0.9327845974646607,0.5493188635347224,-0.006981925136348694,0.9998280717463734,204,195,0.9558823529411765,0.3898967270965862,ok,1313.2916102190416,332.2587316894762,1.0158038821785944
769,-0.9043411009279225,1.354209814262049,0.07933245381400159,0.9999375076201414,185,172,0.9297297297297298,0.356126717946356,ok,1314.2179634385363,330.91948310888955,0.9364714283645929
770,8.170661885114214,4.333126101943208,0.24663189089291568,0.9999181710569482,154,109,0.7077922077922078,0.5213083747254141,ok,1306.1000632127493,326.48829891272175,0.6898395374716779
771,-7.5992260628840995,8.483953416636496,0.35082594809226103,0.999710083240468,179,138,0.770949720670391,0.7146668325125138,ok,1313.749354691969,318.04945762991446,0.3390135893794176
772,-7.62654136555534,0.31696030951275134,0.33208657388552143,0.9999265750344288,174,132,0.7586206896551724,0.5466994583985494,ok,1321.3759343220436,317.7334193656771,0.006927015493896847
773,-1.955166959712642,0.5524229117872892,0.3552409533344655,0.9999610366342429,186,144,0.7741935483870968,0.30862061912380334,ok,1323.3277068708212,317.16912083505946,-0.34831393784056774
774,1.5503397386107736,1.0177143301697242,0.13168557548235937,1.000282508287971,208,189,0.9086538461538461,0.6830833824486098,ok,1321.7688956609304,316.164430148894,-0.4799995133229269
775,2.349812237202741,0.46362815586371653,-0.13398613193566844,1.000304337508266,193,171,0.8860103626943006,0.9526189120770745,ok,1319.4163264057447,315.7150010481757,-0.3460133813872587
776,1.1906267287429273,1.5621601733162152,-0.4095716267316704,1.0000222713405678,202,168,0.8316831683168316,0.3795364842067535,ok,1318.2274333145006,314.15152107328487,0.06355824534441093
777,-0.689716750757043,1.4535992948933654,-0.3796643054970174,1.0000225839186154,201,161,0.8009950248756219,0.4034893617820779,ok,1318.928373914207,312.7033006542631,0.44322255084142764
778,-0.33827178023102533,0.15240101638914894,-0.08502597437762277,0.9998866794340796,209,195,0.9330143540669856,0.7108507153552776,ok,1319.2680363856712,312.55402482709786,0.5282485252190504
779,-0.16445883912251702,-2.371432464921895,-0.09514831908133592,0.9998372786746643,215,194,0.9023255813953488,0.41852447661348885,ok,1319.406684037708,314.9271062572296,0.6233968443003862
780,0.46396743749733105,-4.2894806992824215,0.07282096825965517,1.0001987293716874,195,160,0.8205128205128205,0.3678901261105374,ok,1318.9015194836882,319.21193055070256,0.5505758760407311
781,1.1204609918383994,-6.95760004966894,0.10625800600597851,1.0002497482796289,201,159,0.7910447761194029,0.4394916818737842,ok,1317.7271378583293,326.1606325218194,0.44431787003475276
782,0.5981597181450979,-3.610628238625054,0.06123536156728267,1.000200645652453,193,158,0.8186528497409327,0.2629950189840514,ok,1317.104850845014,329.76718076065225,0.3830825084674702
783,1.5211090823152063,-8.738968017874413,0.0648727338249457,1.0003207173749076,179,135,0.7541899441340782,0.4680703841870174,ok,1315.5352309183547,338.4975660982858,0.31820977464252465
784,1.704474313577748,-10.132752634511235,0.03123305179656576,1.0003577039426017,173,133,0.7687861271676301,0.4764295189411082,ok,1313.780026393453,348.6216544875485,0.28697672284595893
785,2.0306960324357988,-11.911933827353778,0.005599638318221919,1.0002827276930726,181,142,0.7845303867403315,0.3697908312889714,ok,1311.6908560941322,360.5234720522669,0.281377084527737
786,1.9599582838070546,-11.8032649448337,-0.011527463358681713,1.0004874978761988,186,149,0.8010752688172043,0.46916029562718614,ok,1309.6705836377405,372.3165632091327,0.29290454788641873
787,2.1696466215648798,-14.04567608132777,-0.022001063062293918,1.0003847625487432,195,160,0.8205128205128205,0.4367289684909599,ok,1307.4237731760618,386.3501025272571,0.3149056109487126
788,1.9006940701406165,-13.002195612336095,-0.018076637406441703,1.000449949445235,187,156,0.8342245989304813,0.46253149932777654,ok,1305.4475475935797,399.3410324838407,0.3329822483551543
789,1.9560547675196176,-13.451930718671292,-0.016199351544771645,1.000558060229339,204,167,0.8186274509803921,0.601837389106809,ok,1303.4095486344067,412.7807925470219,0.34918159989992587
790,0.9276063410725328,-6.728649121706212,-0.009043023233582395,1.0003822526077364,183,149,0.8142076502732241,0.36983429537483953,ok,1302.439891843195,419.5035106159499,0.3582246231335082
791,1.943627008614385,-16.03190958448613,-0.004522212026281804,1.0007264077656997,215,181,0.8418604651162791,0.5514974027069206,ok,1300.394804416268,435.52279363017914,0.36274683515979006
792,1.4505186349633732,-14.148551629526537,0.0022290714182714474,1.0005421679153006,216,187,0.8657407407407407,0.5827698049343706,ok,1298.855289255491,449.6619382504699,0.3605177637415186
793,1.3227258014662766,-13.577782642193142,0.0006373901267946021,1.0005952890096932,232,196,0.8448275862068966,0.6015166723383736,ok,1297.4473067312206,463.23114494194067,0.359880373614724
794,-0.023808912884760502,-0.18301197461187257,0.0013672360138196685,0.999959239601734,267,261,0.9775280898876404,0.1624738212480977,ok,1297.4699700366134,463.4143023108145,0.35851313760090436
795,-0.16305357141027343,-0.12454759560569073,0.0053331486108833615,0.9999511769163459,281,265,0.9430604982206405,0.185761487673874,ok,1297.6322527846223,463.5398526211271,0.35317998899002095
796,-7.578484332251946,4.762651526633363,-0.9139669568518985,0.9998113131182297,173,127,0.7341040462427746,0.7184160339177524,ok,1305.314205500506,458.94595701834515,1.2671469458419171
797,3.7841561579668905,11.47400320951624,-0.6040690521423854,0.9994596078118365,186,138,0.7419354838709677,0.6003681547129185,ok,1301.9067287435419,447.35450803081056,1.8712159979843013
798,3.9181257151381033,2.0294087684162605,-0.18496561609164985,0.9997506122921247,170,140,0.8235294117647058,0.4223313433526563,ok,1298.0639398519577,445.1858258033577,2.056181614075951
799,-0.48812490813793374,2.669700603671231,0.07671403318104943,1.000087790759317,184,174,0.9456521739130435,0.4581862222059041,ok,1298.6439885558523,442.5345787872731,1.9794675808949014
800,-6.636215573368872,2.8353858511356975,0.5526080672737016,1.0000895593184356,173,138,0.7976878612716763,0.4076676478265356,ok,1305.348749853972,439.86531934010844,1.4268595136212001
801,-2.007747851707336,2.4269035023752394,0.8074934566102507,0.9998409474381954,178,146,0.8202247191011236,0.35837824697428655,ok,1307.382614658555,437.4602609203282,0.6193660570109506
802,-0.3662098715774391,2.1370607440970844,0.886066815143193,0.999861375905006,182,153,0.8406593406593407,0.3003842968585567,ok,1307.7388729947716,435.3215186983954,-0.26670075813224103
803,-0.2914838429237534,1.2454150299680578,0.35951930755935024,1.0000068709149028,186,150,0.8064516129032258,0.24514914375947006,ok,1308.0167278085073,434.07299231499763,-0.6262200656915908
804,1.3611524075045054,-2.6102018697434914,0.5389760170136416,1.0001036536868642,142,103,0.7253521126760564,0.5690985370744285,ok,1306.7089355921896,436.71033362704037,-1.1651960827052317
805,-6.631413494231083,19.623527873193552,-0.10344962319419182,0.999271390324542,151,123,0.8145695364238411,0.7807482768585234,ok,1312.9755882909928,416.96729548510154,-1.0617464595110402
806,3.4153293892272814,4.645500174475728,-0.2373127627530606,0.9997860596376899,151,120,0.7947019867549668,0.5708688966803396,ok,1309.49377028177,412.3714179781805,-0.8244336967579798
807,1.3644412108696997,3.1853170017375305,-1.262888640557517,0.99970074681,149,119,0.7986577181208053,0.4253184702813853,ok,1308.1537443662346,409.1757529824134,0.4384549437995356
808,-2.9180200299713306,0.7569462133776597,-0.2891625420479068,0.9999821936964364,174,146,0.8390804597701149,0.308135398311152,ok,1311.0811415452454,408.4559236821069,0.727617485847442
809,-2.4143690194755436,1.7734144910241412,-0.533482407358037,1.000017091079116,175,145,0.8285714285714286,0.36021104243910146,ok,1313.5339560751754,406.73607554900343,1.2610998932054784
810,0.10395066451565071,0.1966237717919057,-0.15315122429830655,0.9999108051841865,206,198,0.9611650485436893,0.7591948388359211,ok,1313.4348899142096,406.53694608348314,1.4142511175037848
811,0.11395661522783485,1.1942951472617551,0.0007546773500462908,1.000021857586797,181,167,0.9226519337016574,0.47055619577662017,ok,1313.3504284471728,405.3402033084837,1.4134964401537387
812,-0.46038971363896053,0.946666510138698,0.12742786080534108,1.0000171162495288,171,156,0.9122807017543859,0.6492012541049447,ok,1313.831949403227,404.40410836739966,1.2860685793483972
813,2.224719713966806,-4.639129385259594,0.3216942367653138,1.0002963829067144,202,172,0.8514851485148515,0.5338734121156552,ok,1311.5294649587197,409.00513701778806,0.9643743425830837
814,3.263449032341441,8.945047403047056,0.39478365593599035,0.9995650472919944,216,180,0.8333333333333334,0.45157750612944253,ok,1308.3551005198706,400.0280894497499,0.5695906866470937
815,-13.075945967013922,12.195239827446471,0.8270013975126006,0.9997724231038199,182,152,0.8351648351648352,0.8204892759782524,ok,1321.3761255885067,387.77422705689014,-0.2574107108655067
816,-4.909639708968825,2.0342622085171342,0.3207257182102035,1.0000082479407784,213,181,0.8497652582159625,0.3405892658606497,ok,1326.264989221062,385.6905290972125,-0.5781364290757102
817,-0.9373633517800499,2.132952961661772,0.14770912687497936,1.0000069480612608,231,217,0.9393939393939394,0.3205015176231971,ok,1327.1752569884775,383.54587271878574,-0.7258455559506893
818,1.4597385165993728,2.5190981073874354,-0.2769274844634787,0.9998599711965593,198,176,0.8888888888888888,0.450125400067357,ok,1325.6958260977656,381.0382890110914,-0.4489180714872107
819,0.5902574990209359,1.258322756184043,-0.31824072842978646,0.9999766107604363,241,210,0.8713692946058091,0.2805822852655283,ok,1325.1027002169458,379.78131575625133,-0.1306773430574241
820,-0.09286347946112983,2.1666895248654328,-0.8540899608870249,0.9999559892797192,209,182,0.8708133971291866,0.36617917145511397,ok,1325.2229120424736,377.6159713864149,0.7234126178296012
821,-0.7305600282547857,1.0547147362810847,-0.37910685404728073,0.9999841584458793,206,170,0.8252427184466019,0.32375743593558937,ok,1325.9736310158332,376.575508915756,1.1025194718768818
822,0.01807706530098585,-0.9426550613593463,-0.011868048370509206,0.999955608586338,226,219,0.9690265486725663,0.29765004962443964,ok,1325.9372241378471,377.517634111381,1.1143875202473912
823,0.5582909379052126,-3.4784620028057134,0.2150871134885358,1.0001250882305084,204,172,0.8431372549019608,0.3063533181106689,ok,1325.3244071289414,380.9869052149281,0.8993004067588554
824,1.06868493986849,-5.5233847260432185,0.2605530818784047,1.0000060218896183,231,197,0.8528138528138528,0.3568115599545958,ok,1324.194213833604,386.49803299858195,0.6387473248804505
825,1.52782261441007,-6.93764735509933,0.18587552906879232,1.000305930847815,234,205,0.8760683760683761,0.34298677385120213,ok,1322.6116036294732,393.4233876975558,0.4528717958116582
826,1.739525176398729,-8.078739494300521,0.08716376644052713,1.0002084258559074,224,191,0.8526785714285714,0.3614949056685375,ok,1320.8205491845529,401.49085964553484,0.36570802937113117
827,2.24927411242993,-10.366492052917465,0.025150845395331526,1.0003129025655293,246,217,0.8821138211382114,0.3937373295347372,ok,1318.509698354277,411.8437993225668,0.34055718397579965
828,2.248129405435293,-11.04797428327106,-0.015017670298893084,1.0004614730014372,232,196,0.8448275862068966,0.409292163090411,ok,1316.1930494833698,422.8776091630672,0.35557485427469276
829,1.1232305866981278,-5.655627215790901,-0.01974539981235641,1.0002341066309073,218,181,0.8302752293577982,0.34255314002587733,ok,1315.032795654832,428.5257572850849,0.3753202540870491
830,2.1441305018345247,-11.266624479309485,-0.027374329713077603,1.0005131580613484,239,196,0.8200836820083682,0.4897333687040573,ok,1312.8095330229855,439.77703392538245,0.40269458380012674
831,2.3478516578618382,-12.523818596968681,-0.022857472346003046,1.0005649458893016,240,207,0.8625,0.4483763625127005,ok,1310.3687290151595,452.2830690865549,0.4255520561461298
832,2.1447158404007496,-12.8281025227476,-0.011048692893752701,1.000404839376866,258,220,0.8527131782945736,0.4733067983850734,ok,1308.126324700126,465.09445633611176,0.4366007490398825
833,1.950334655291499,-12.287453030675351,0.0007623652816692114,1.0005134678249075,237,202,0.8523206751054853,0.505438188378675,ok,1306.082578993079,477.366718178723,0.4358383837582133
834,1.852239204166608,-12.14621790662693,0.0006466153843407487,1.0004836363172531,246,198,0.8048780487804879,0.4670737010778362,ok,1304.1381371522746,489.49851711509007,0.4351917683738726
835,1.2257616060840064,-8.790398969515536,0.003907720253469628,1.0002846017385656,216,176,0.8148148148148148,0.4192696294507394,ok,1302.8462426926665,498.2794404300633,0.43128404812040294
836,0.20106179177764716,-0.2523194408929612,0.011297278131369765,1.0000312403420388,245,231,0.9428571428571428,0.23366134242447853,ok,1302.643336779224,498.5302792919954,0.4199867699890332
837,0.04040009602272221,-0.11551560280145168,0.007663733167307329,0.9999653134340432,287,279,0.9721254355400697,0.1624656604234594,ok,1302.6021064406366,498.64550117112094,0.4123230368217259
838,-0.0064354659853052,-0.028513643271935507,0.002291359553834277,0.999983535112035,307,303,0.9869706840390879,0.06262425158865245,ok,1302.6083376884546,498.67406013863933,0.4100316772678916
839,10.308362268643577,3.6339111388745096,-0.6274012064730845,0.9993614742089081,192,149,0.7760416666666666,0.7338065333950572,ok,1292.3674594216172,494.8541052762554,1.0374328837409756
840,-2.6714774722950096,8.229058326063296,-0.2944427620296243,0.9997220623931825,223,174,0.7802690582959642,0.36470359595411006,ok,1295.2294874451197,486.68936471629786,1.3318756457705998
841,-9.934467094874435,5.78549175660828,-0.18754957664863867,1.0000061874024109,205,167,0.8146341463414634,0.5581508961436736,ok,1305.3138688249858,481.16932816657004,1.5194252224192382
842,4.9753632779202235,1.7471358406305626,0.2822731785118116,0.999944667441024,225,192,0.8533333333333334,0.478475946759533,ok,1300.3773872191632,479.31517802478885,1.2371520439074266
843,2.2326335588866186,1.738411962958935,0.5992307753164628,0.9998612401314543,213,170,0.7981220657276995,0.37228179975359227,ok,1298.1642468171194,477.55201656818116,0.6379212685909639
844,-1.5236519564798527,1.5802888482567141,0.7391278709660025,0.9999345216555056,198,165,0.8333333333333334,0.42555710175121125,ok,1299.6851049941088,475.9690388254785,-0.10120660237503887
845,-1.0141210318840876,1.5165830502926383,0.6426551150463219,1.0000063151893996,215,182,0.8465116279069768,0.2922589586764005,ok,1300.6794515639708,474.43941778916,-0.743861717421361
846,-0.15003482008842184,1.1026248139576182,0.18941492137317487,1.0001250173424032,196,181,0.923469387755102,0.708590037538389,ok,1300.8115068946984,473.3344954764066,-0.9332766387945358
847,-6.0328301958816155,5.7787664246105805,0.14970403781147784,0.9995882486838357,144,106,0.7361111111111112,0.6848268217279798,ok,1306.7340381454292,467.4427380860637,-1.0829806766060135
848,5.938645205577359,10.671756837671865,-0.45557910455947515,0.9992826542448654,188,139,0.7393617021276596,0.7330460686179066,ok,1300.6788931964256,456.83664924395623,-0.6274015720465383
849,2.6128259085166974,2.3931260054289396,-0.734659277000407,0.9999106621824569,180,137,0.7611111111111111,0.4382263199456839,ok,1298.0705517955848,454.4386362242384,0.1072577049538686
850,-4.903903968125405,2.207503933229418,-0.5848671849801553,0.9998510711332591,165,131,0.793939393939394,0.5115816093133237,ok,1303.0007636578146,452.29053037550744,0.6921248899340234
851,-2.187885064129432,1.7928094402896022,-0.4554192641019022,0.9999420293338986,172,139,0.8081395348837209,0.3669580360474568,ok,1305.224114661648,450.5418974646928,1.1475441540359252
852,-0.21763013445706747,0.7713218879564465,-0.10164988772780569,0.9997817976619515,199,190,0.9547738693467337,0.6350891987672235,ok,1305.4585085237823,449.77550340961534,1.249194041763731
853,0.005091284337595425,1.4973386069785874,-0.04289296602546091,0.9999730113358831,178,171,0.9606741573033708,0.6517798195099174,ok,1305.4871824132488,448.2784307216046,1.292087007789192
854,-0.5892619640017074,2.0782142569639745,0.23645117327225829,1.0002424980562103,171,144,0.8421052631578947,0.8522549329063994,ok,1306.1146318863102,446.2114253227673,1.0556358345169334
855,-3.0641064047351847,7.117029013064439,0.4612494783311449,1.0000383729549307,134,112,0.835820895522388,0.807105591292059,ok,1309.2524041403587,439.126565739539,0.5943863561857889
856,-2.7410545189704862,12.869228157999487,0.6575742654213796,0.9999779459890706,163,146,0.8957055214723927,0.8035114071274336,ok,1311.9792643335102,426.2543224717313,-0.06318790923559053
857,1.844334300596529,1.6014610485769936,0.44586790496566825,0.9998847313787594,167,137,0.8203592814371258,0.39500510706181385,ok,1310.1207745125291,424.6693107721609,-0.5090558142012589
858,0.8157515908719688,0.556589763363263,0.11233452449500261,1.0002217561962128,194,183,0.9432989690721649,0.50512929674133,ok,1309.2990346271015,424.12160064500557,-0.6213903386962616
859,1.5369937186201241,0.3802087114261212,0.054274343172405974,1.0001971325778651,204,195,0.9558823529411765,0.4241190207981389,ok,1307.7576642428996,423.7595430611504,-0.6756646818686675
860,1.4450053842986108,0.15750885373313395,-0.4301104362614286,0.9998950669178994,193,157,0.8134715025906736,0.4066334362999027,ok,1306.3119970907705,423.60822853801596,-0.2455542456072386
861,0.0664062958364866,0.327316133716522,-0.49764146216263694,0.999975986363578,192,161,0.8385416666666666,0.3436043571172951,ok,1306.2470315428186,423.28062340207174,0.2520872165553985
862,-0.10828635171947099,0.14317069138405714,-0.11604067018116082,0.999862115156656,213,199,0.9342723004694836,0.5600371355251617,ok,1306.35623553107,423.13815140555965,0.3681278867365594
863,-0.4216836257594423,0.220804881968661,-0.11554707894246495,0.9997828535756313,196,182,0.9285714285714286,0.6475059212844756,ok,1306.7797680827684,422.9209140842112,0.4836749656790244
864,0.0347342469326577,-2.6476518945679572,-0.028997070653875582,0.9999499053340586,186,171,0.9193548387096774,0.6231357319270913,ok,1306.7213448430405,425.56814919801934,0.5126720363329
865,0.18645585352987837,-1.6753495902696613,0.0076833687878180654,1.0000548804895533,194,185,0.9536082474226805,0.5584900498959613,ok,1306.520130369027,427.24179036935186,0.504988667545082
866,0.566745617534707,-4.8993175331984276,0.08391905339163858,1.0002426324754579,203,165,0.812807881773399,0.40029438389024136,ok,1305.91739504494,432.1368105955815,0.42106961415344335
867,0.6604659297922808,-6.61611292141356,0.08109657094315556,1.0002421143012976,198,166,0.8383838383838383,0.3324823274536426,ok,1305.2176832807484,438.74888809666726,0.3399730432102877
868,0.9810943842312554,-8.28588268521105,0.039838923607087774,1.0002714277843332,201,169,0.8407960199004975,0.4767725020607191,ok,1304.1931983795268,447.0295178282165,0.3001341196031999
869,1.292727286325544,-10.25214231744269,0.01925397180897772,1.000467694678203,211,171,0.8104265402843602,0.41891104666127577,ok,1302.8502279212173,457.2751996640936,0.28088014779422216
870,1.3182232143267356,-9.646275587341279,-0.005312668111012313,1.0003893978416416,210,185,0.8809523809523809,0.430743910939745,ok,1301.4838381386785,466.91477040722816,0.2861928159052345
871,1.3554033440984767,-10.24188609055102,-0.012047616314713693,1.0004200730552029,216,180,0.8333333333333334,0.44267041447238986,ok,1300.0751415382792,477.1494625279047,0.2982404322199481
872,1.343180464879424,-10.692566459519526,-0.017778084108550505,1.0004391722023456,222,182,0.8198198198198198,0.472403824733323,ok,1298.6730062726792,487.83445798646403,0.31601851632849864
873,1.4090581996806577,-11.25706258232617,-0.021109137673449394,1.0005812012796351,232,199,0.8577586206896551,0.5494203110896645,ok,1297.1977364306288,499.0830348691469,0.3371276540019481
874,1.2667293109930142,-10.992157484105292,-0.010604004252635598,1.0004700208697626,227,192,0.8458149779735683,0.45432754011083504,ok,1295.8643187690202,510.06730210198543,0.34773165825458374
875,0.5985398868463108,-5.482985206292597,-0.0024369984818296145,1.0002368972256002,241,200,0.8298755186721992,0.31988803964054335,ok,1295.232280478519,515.5465268982415,0.3501686567364133
876,2.2169149284641207,-12.596548013673441,-0.004540273662403619,1.0004878324512754,251,207,0.8247011952191236,0.48062083206223166,ok,1292.9374253341298,528.1291090468744,0.35470893039881696
877,0.20618797864335647,-0.07295664506546018,0.0012534414444139764,1.0000070796227007,291,283,0.9725085910652921,0.20288641478680028,ok,1292.730791214909,528.2007923459759,0.353455488954403
878,0.9332207044083134,-0.19710609126491363,-0.0008543213203757154,1.0000610967652137,265,247,0.9320754716981132,0.35027034992867473,ok,1291.7963694825353,528.3921237872424,0.3543098102747787
879,0.8581008489593387,-0.1843714181558198,-0.0009467670148532374,1.0000024159066339,248,240,0.967741935483871,0.3259075788929451,ok,1290.937141959677,528.5711711295306,0.3552565772896319
880,0.05407158823982172,-0.1579492074058635,0.0035172886713392983,0.9999436664442904,277,266,0.9602888086642599,0.19246264660697904,ok,1290.8821017448763,528.7287854167307,0.3517392886182926
881,1.1495380591791218,-4.334246569063453,-0.20030245755614434,0.999993632521364,242,227,0.9380165289256198,0.4711027353756506,ok,1289.6908574564752,533.0517552427057,0.5520417461744372
882,-4.102137624593524,17.31448622037169,-0.24551021782148458,0.9995198008181275,263,224,0.8517110266159695,0.674797403196542,ok,1294.033605931781,515.7960459890478,0.7975519639959223
883,11.377697784101656,6.076451325532162,-0.1280380542057848,0.9993335072294415,239,192,0.803347280334728,0.7325454003364513,ok,1282.755551069909,509.53659344824837,0.9255900182017072
884,1.3384981045589939,1.1573047430856604,0.06513770773979169,1.0002599803740981,239,230,0.9623430962343096,0.4138582684832536,ok,1281.434583331748,508.359318765341,0.8604523104619156
885,-2.4016899942539567,0.8265656412306726,0.19984374351510822,0.9998852325761282,247,232,0.9392712550607287,0.5687666601383325,ok,1283.84564361293,507.5604984424466,0.6606085669468071
886,-3.2868048907384946,0.5134947862550234,0.3128987868484553,1.0001924071700505,252,217,0.8611111111111112,0.3548708703039576,ok,1287.1355041958484,507.0669595582085,0.34770978009835135
887,-2.723483871041708,0.6287078772799077,0.7578853163893017,0.9999739045413358,241,209,0.8672199170124482,0.32115045539390996,ok,1289.8544174509132,506.4187707722746,-0.41017553629095127
888,-0.4984873224802868,0.3851085332285038,0.2829490703364216,1.0000745945059193,255,223,0.8745098039215686,0.20671143764891609,ok,1290.348209635982,506.0276602111744,-0.6931246066273731
889,1.7858420953980385,-1.9290142156212369,0.3393072787790224,0.9999872032477469,235,204,0.8680851063829788,0.3255952593786689,ok,1288.5974151347486,507.9885392100459,-1.0324318854063959
890,-7.831166083399694,6.737437806500907,-0.005878560310993426,0.9998660440563198,227,197,0.8678414096916299,0.5151959546836324,ok,1296.3066178800693,501.11188134057227,-1.0265533250954022
891,3.4257577034884434,9.986200419040642,-0.4314890301374766,0.999434388437031,239,205,0.8577405857740585,0.5523251619912757,ok,1292.7773318080092,491.1617982015316,-0.5950642949579256
892,1.6903593618474133,1.5402121873664782,-0.8594020746997664,0.9998448229392763,241,197,0.8174273858921162,0.31791307752665005,ok,1291.0940962789675,489.6138038513901,0.26433777974184136
893,-6.390979604470658,0.8351949398909255,-0.6260575980970626,1.0000070051051848,228,185,0.8114035087719298,0.44667342187238024,ok,1297.4972828655455,488.87802370090657,0.8903953778389042
894,-1.1526567849255116,0.7441971127821034,-0.20067066396569402,1.000111133871452,257,214,0.8326848249027238,0.25019245057117817,ok,1298.6639013281556,488.1559098807886,1.0910660418045983
895,-0.43773542993972114,1.753678840344719,-0.2713795562552282,1.000001821370268,249,214,0.8594377510040161,0.2995061474723838,ok,1299.143210088127,486.41313482522014,1.3624455980598265
896,-0.20918384838000748,1.8232563124745411,0.07073557313697905,1.0000614141883075,240,230,0.9583333333333334,0.38173980104656435,ok,1299.393441868482,484.5950574012633,1.2917100249228473
897,1.8630366309055262,-0.7071918736954785,0.3592805918219158,1.0000332262791898,196,150,0.7653061224489796,0.3993217227324566,ok,1297.5191436303553,485.2718379778702,0.9324294331009312
898,-9.666345630285832,17.359413560015128,0.5160572878546351,0.9995616426799719,218,177,0.8119266055045872,0.809053872062022,ok,1307.3113848945056,467.9831281354197,0.41637214524629595
899,-1.5311083268125003,6.590037664243937,0.406730485147474,0.9998868838924951,221,202,0.9140271493212669,0.5748540923238918,ok,1308.843602162698,461.3933482174224,0.009641660098821796
900,0.3562097573781102,2.187898695024046,0.2102639552164541,1.0001410245055804,216,202,0.9351851851851852,0.4925507952216723,ok,1308.479733634483,459.2067102078027,-0.20062229511763227
901,0.18039189390151478,0.6767677905136225,0.04805239271042082,1.0000916502169286,217,197,0.9078341013824884,0.3638664657719149,ok,1308.2964061466487,458.530731724516,-0.24867468782805313
902,0.9682823922169064,1.5182233722573528,-0.045652094538173635,0.9999970101117923,200,186,0.93,0.6601396388143944,ok,1307.3227501524584,457.0159489004378,-0.2030225932898795
903,0.049497628096787594,1.3059767016409296,-0.29613421508952054,0.9999957388731955,199,168,0.8442211055276382,0.29249646586432193,ok,1307.2753749372362,455.70989348453895,0.09311162179964096
904,0.046575584670790704,2.2112428970748397,-0.6216113224339018,0.9999110549208521,198,165,0.8333333333333334,0.35993107884017744,ok,1307.256385898781,453.49824164680103,0.7147229442335429
905,-0.28023632669237486,0.10580731846664548,-0.17982498491485885,0.9998208432401287,208,195,0.9375,0.8241176348716118,ok,1307.5382399530972,453.3968223216974,0.8945479291484016
906,-0.22567002485743615,-0.3140678755667068,-0.21063277574782022,0.9998152353310181,198,175,0.8838383838383839,0.3801652714699843,ok,1307.7578103042329,453.7151844605964,1.1051807048962219
907,0.2299243757702243,-1.9999200240999926,0.015740794016026807,1.0000536198344019,220,209,0.95,0.6179321396898553,ok,1307.4899026762762,455.7103713752114,1.0894399108801949
908,0.5111166967883491,-3.929966393035329,0.2018054220883792,1.0001402052936919,230,195,0.8478260869565217,0.30973460321607943,ok,1306.917966142533,459.63194819193865,0.8876344887918157
909,0.89333715077737,-5.357184690636359,0.22487821459853174,1.0002118918518856,219,178,0.8127853881278538,0.3566515410858855,ok,1305.9627220874831,464.9784412359666,0.6627562741932839
910,1.3378123218185465,-7.288434788915083,0.16917170398708598,1.000253932209428,206,169,0.8203883495145631,0.4177464356374926,ok,1304.5621726798204,472.2550809025554,0.4935845702061979
911,1.5805491540154435,-8.59820556001614,0.03223565955663173,1.000314478993464,200,165,0.825,0.4236399879682527,ok,1302.9124422661143,480.8402811939082,0.46134891064956607
912,1.7174003086574885,-9.241632576068014,0.004685360396963771,1.0003072029588287,211,186,0.8815165876777251,0.4258797634884511,ok,1301.1214388636724,490.067932211565,0.4566635502526023
913,1.7795681510306167,-9.36281480148375,-0.006974636773476819,1.0003672103409254,222,188,0.8468468468468469,0.46141149733610576,ok,1299.266165784659,499.41604034173383,0.4636381870260791
914,0.8056804140358054,-4.828290713585375,-0.0047273687630562475,1.0000973057150848,224,192,0.8571428571428571,0.33650881264541616,ok,1298.4210437648708,504.2375837581229,0.46836555578913536
915,2.6922143610104285,-15.950888725487175,-0.023115277013733056,1.0005958653462,223,182,0.8161434977578476,0.587409082747069,ok,1295.5921040642418,520.1647922225309,0.4914808328028684
916,0.8337650389396458,-5.046267285729982,-0.0060689268992286565,1.0002643316710456,216,182,0.8425925925925926,0.3098445234163214,ok,1294.7145498257637,525.20362901466,0.4975497597020971
917,1.82998215855946,-11.289784864216472,-0.003400453825737415,1.0005128441049942,218,184,0.8440366972477065,0.524012475219328,ok,1292.7859296773715,536.4769826108245,0.5009502135278345
918,1.67216201211113,-10.541230199292613,-0.0004700583751532149,1.000494141462777,237,201,0.8481012658227848,0.5476294568322212,ok,1291.0215819882922,547.0031755190541,0.5014202719029878
919,0.3004916223856071,-0.3039064941322067,0.0033590698911589,1.0000265012032368,255,239,0.9372549019607843,0.2809220634855418,ok,1290.7184599516588,547.3044584478882,0.49806120201182863
920,0.22682336118077728,-0.2935810379152599,0.006489192062988383,1.000046925596328,248,237,0.9556451612903226,0.2858027661206715,ok,1290.4891261761934,547.5960826623,0.49157200994884026
921,0.21416598737141612,-0.323742145179267,0.003576181297825464,0.9999894041491573,255,247,0.9686274509803922,0.19733370994599395,ok,1290.2722106348658,547.917989006821,0.4879958286510148
922,0.014006215925519427,-0.14841444305682217,0.0036924971189406038,1.000025634428332,282,272,0.9645390070921985,0.1544027090487182,ok,1290.2569504332944,548.0662797591975,0.48430333153207433
923,0.1257667267391298,-0.27738002897740444,0.007467500539466761,0.9999962393597944,268,259,0.9664179104477612,0.22670120597110163,ok,1290.1288796334416,548.3426035190435,0.4768358309926076
924,6.4318030507240564,5.948156240078561,-0.883359968952027,0.9993182266424844,192,154,0.8020833333333334,0.7476547650569294,ok,1283.8400842660621,542.2434473506121,1.360195799944634
925,-8.57296249368801,11.743357544979744,-0.5128800833094124,0.9999056407738345,206,170,0.8252427184466019,0.6024023012311833,ok,1292.792303834811,530.7865761747491,1.8730758832540457
926,-0.019197859417317886,-0.022213877820604466,-0.0004752239806519733,0.9999760305531595,283,280,0.9893992932862191,0.06520923535347034,ok,1292.810765175067,530.8094058284914,1.8735511072346969
927,-8.705679286176291,3.885775117015328,-0.07485589775250319,1.0002495962542726,228,195,0.8552631578947368,0.4626862194251142,ok,1301.6435259109662,527.2218665776786,1.9484070049872002
928,-1.1490435195378268,4.928263969220666,0.14375588609322382,0.9998979160456746,254,237,0.9330708661417323,0.45441074873670495,ok,1302.9471998908728,522.3322325510642,1.8046511188939767
929,3.8739817894324915,-0.11789275001342503,1.2968348676944237,0.9998444167028592,218,183,0.8394495412844036,0.5005001196976145,ok,1299.0723253811998,522.4157857655161,0.5078162511995546
930,0.9480678205218283,0.8104143222421953,0.4042880522391972,0.9999692348359579,248,209,0.842741935483871,0.25888727933298655,ok,1298.1257234516354,521.6036596959003,0.10352819896035807
931,0.7333978195886175,1.8148992271153475,0.8998783338828874,0.9998996827378921,244,206,0.8442622950819673,0.35162155832080344,ok,1297.3671721213962,519.7991288854809,-0.796350134922528
932,1.6172205849788952,-4.639490685870214,0.28452210925435945,0.9999723108802923,245,215,0.8775510204081632,0.4225654877304026,ok,1295.8377570734206,524.46830074522,-1.080872244176887
933,-2.5102523861066857,17.97069315201702,-0.0667094317982717,0.9993368285671475,260,226,0.8692307692307693,0.7082363571989944,ok,1298.0295429408686,506.4559923391006,-1.0141628123786153
934,11.62000825130076,3.384304580401249,-0.67606633243115,0.9994334525145167,235,197,0.8382978723404255,0.6695587886559582,ok,1286.3897666806577,503.1403147514187,-0.3380964799474666
935,-0.6219378203186352,1.3156407932749516,-0.8316987024696366,0.999927081426355,234,204,0.8717948717948718,0.2897531344358874,ok,1287.0230155057993,501.830080698004,0.4936022225221687
936,-3.1049063187883803,1.2794795565854429,-0.5337324614908153,1.0000057593836595,247,215,0.8704453441295547,0.3421017264571554,ok,1290.150363043084,500.6064759557725,1.0273346840129833
937,-3.7029120804088507,1.2854792651999105,-0.3712344180058362,1.0000213671850833,250,213,0.852,0.3412947504571045,ok,1293.8835469892213,499.41175739443713,1.3985691020188187
938,-2.451990468012127,1.410648329585797,-0.09454839331939319,1.0000545930012086,256,210,0.8203125,0.27506627334535283,ok,1296.3714619895732,498.06547922258346,1.4931174953382118
939,-0.6154381718629338,1.4628688853165386,0.1844756005132425,1.000034434159111,234,227,0.9700854700854701,0.4349863661849221,ok,1297.0201488214234,496.617047341825,1.30864189482497
940,-5.598868082170384,4.271068327285207,0.5331475432213679,0.9998695903150424,211,174,0.8246445497630331,0.7019816558205236,ok,1302.676310915814,492.4221481988345,0.7754943516036026
941,1.7356803430789114,7.931738552947309,0.2863714030066761,0.9996913772891906,216,177,0.8194444444444444,0.37621395571898514,ok,1301.008404708028,484.47588167878325,0.48912294859692695
942,8.87799258777568,6.97914706197912,0.4114489981932223,0.9993027499327265,194,158,0.8144329896907216,0.6594912864390058,ok,1292.1398816690973,477.48470543945916,0.07767395040370528
943,1.7581336788452973,2.411965942164784,0.30918888766454444,0.9998521697146475,210,168,0.8,0.31949013574589863,ok,1290.372016343716,475.079863255413,-0.23151493726083858
944,-6.1496866335917275,1.7668231734704705,0.14173337597537558,0.9999973846145231,209,177,0.84688995215311,0.47524818270760355,ok,1296.5100627562467,473.27301626263556,-0.37324831323621394
945,-0.9855531766829699,1.4405002324314182,-0.06685474632032348,0.999865955213655,228,215,0.9429824561403509,0.5988057153307629,ok,1297.4878986926922,471.8272663309042,-0.3063935669158906
946,0.6319380244453896,0.7846874007057068,-0.31896983559358516,0.999956107350051,245,208,0.8489795918367347,0.34068506883251126,ok,1296.8561329202312,471.0424402404148,0.012576268677694338
947,-0.144920593651932,1.0395348913993985,-0.42332202851065476,0.9999995322883789,226,190,0.8407079646017699,0.2986759917025113,ok,1297.0089578800714,470.0040379577944,0.4358982971883487
948,-0.33418036372245297,0.5134467668342495,-0.2812770205262171,0.9998277003637188,237,194,0.8185654008438819,0.3094137319070057,ok,1297.3495387465496,469.4948142630796,0.7171753177145656
949,-0.25962925828480365,-0.0891241501449258,-0.2596848650208482,1.0000538177884404,226,194,0.8584070796460177,0.27280513704302983,ok,1297.6076108288157,469.588351775615,0.9768601827354138
950,0.2064483007261515,-2.0743608833447524,0.031065742172378952,1.0000629991148873,241,234,0.970954356846473,0.5612626983335471,ok,1297.3669502638643,471.6590223113838,0.9457944405630351
951,0.44933343218076516,-3.8986535795015698,0.1991624445225904,1.0002665359952372,219,185,0.8447488584474886,0.3705025555690069,ok,1296.8668523376455,475.55148969473174,0.7466319960404447
952,0.8298124091543286,-5.876201968156806,0.2299341921111403,1.000234981280012,253,210,0.8300395256916996,0.3621511292839288,ok,1295.9840823418774,481.41996950977136,0.5166978039293046
953,1.6979899481377743,-6.770662065405304,0.16255641537637036,1.0002666862397513,242,210,0.8677685950413223,0.405664469453529,ok,1294.2442760847816,488.1800071469199,0.3541413885529345
954,1.3217284470731556,-7.684265009749424,0.0651116835772843,1.0002916611257389,233,194,0.8326180257510729,0.44640034449763505,ok,1292.883801190774,495.8575069281403,0.2890297049756502
955,1.557253785562807,-10.127077304623526,0.00835750827465091,1.000477162762247,222,186,0.8378378378378378,0.45635351894695636,ok,1291.276957240893,505.9768343073291,0.2806721967009993
956,1.3743373742950098,-9.258487114990658,-0.02034758645137565,1.00031009749906,225,199,0.8844444444444445,0.4637727652408241,ok,1289.8539969447042,515.2279732032868,0.3010197831523749
957,1.5379697183661847,-9.741030694394112,-0.03325861859436664,1.0003603675022925,241,207,0.8589211618257261,0.4688090483161293,ok,1288.2592220304675,524.9598652503996,0.3342784017467415
958,0.8171700376672106,-5.903477607530704,-0.012773100209554276,1.0002740006547446,241,212,0.8796680497925311,0.36090970838436226,ok,1287.4063087085276,530.8582848351982,0.34705150195629575
959,1.4731232606056892,-10.055660044287833,-0.023155110776859535,1.0005478779046293,231,195,0.8441558441558441,0.5142258719562971,ok,1285.8682437697569,540.9042167138916,0.37020661273315525
960,2.461586958825137,-11.857580761419172,-0.01228481386510215,1.0002928067454993,214,186,0.8691588785046729,0.5001918867383668,ok,1283.3275541855282,552.745100477616,0.38249142659825736
961,1.3833449832627593,-11.523224048466773,-0.004409267851418144,1.0005594400038067,245,202,0.8244897959183674,0.5405253054664275,ok,1281.866428561685,564.2587205740593,0.38690069444967556
962,0.26159016638712274,-0.30264753242317965,-0.0026347270984192366,1.0000499481952843,255,237,0.9294117647058824,0.24825483685511235,ok,1281.602786854323,564.5595826590275,0.3895354215480948
963,0.4149659293059358,-0.606412189457842,0.002930174555988635,1.0000650551124883,258,250,0.9689922480620154,0.35408675812980717,ok,1281.1837386154198,565.1631810681372,0.38660524699210613
964,0.06434066732936117,-0.25631757890960216,-0.002805376068815793,0.999949439580284,298,283,0.9496644295302014,0.17345391405856336,ok,1281.1176573857326,565.4190554392914,0.3894106230609219
965,0.08723838644914395,-0.3408125114269751,0.0024768837958312386,1.000031715217788,270,258,0.9555555555555556,0.2044667780912059,ok,1281.028119407957,565.7592710393913,0.3869337392650906
966,0.053190617409654806,-4.58091978244704,-0.3359088659120697,0.9996641949263511,278,258,0.9280575539568345,0.5276108821215926,ok,1280.917141748461,570.3391552359717,0.7228426051771597
967,2.505234237204604,17.202543263790858,-0.7506551881938728,0.9992553202800555,170,125,0.7352941176470589,0.8764329692906515,ok,1278.8550916416064,553.0778794232551,1.4734977933710312
968,-5.517222331699259,1.8444014997996874,-0.06982096774786005,1.0001771215975572,175,146,0.8342857142857143,0.38845872499370876,ok,1284.4199873700932,551.3827408799692,1.543318761118891
969,4.615588319979452,0.831427645542135,0.23134074826351897,0.9998022609378914,171,136,0.7953216374269005,0.4348103014596474,ok,1279.8246456976321,550.44585114118,1.3119780128553724
970,2.520285549233222,0.5233766684273178,0.22190392476102944,0.9999334910646971,188,160,0.851063829787234,0.2801701863896907,ok,1277.314773102731,549.8746226894289,1.0900740880943434
971,0.23177445530291152,0.4270223971955147,0.6141014851035728,0.9999545505226066,189,157,0.8306878306878307,0.3125657257348141,ok,1277.0865540025734,549.4456896315272,0.47597260299077176
972,-1.7028956112969809,1.2083913273542066,0.7000849806602127,1.0001466313466134,185,148,0.8,0.3739607235894573,ok,1278.784709977609,548.2306466909488,-0.22411237766943923
973,-0.5699118825823462,0.9773777691273153,0.3019503175415362,0.9999986102999919,216,185,0.8564814814814815,0.6416426527687642,ok,1279.3456241450365,547.2480775309035,-0.5260626952109748
974,0.9408208455047316,-4.620816793606764,0.3541136186804253,0.9999869901696973,186,151,0.8118279569892473,0.4422226228191938,ok,1278.4758963882693,551.8828013988943,-0.8801763138913996
975,4.004353463165899,17.77979885408638,-0.08841050480283079,0.9990460635765767,231,186,0.8051948051948052,0.8728339576731043,ok,1274.2262354567347,534.1600342358147,-0.791765809088569
976,-10.813874737037168,4.427443099609718,-0.5081731140929115,1.0002322217268724,223,186,0.8340807174887892,0.5904739368178916,ok,1285.018063631402,529.6791209497688,-0.28359269499565815
977,-1.0772753513238058,0.5112449910042187,-0.33032880038986967,1.000122994646194,260,223,0.8576923076923076,0.246776068583398,ok,1286.0957556462754,529.1687548610885,0.046736105394211205
978,1.7325761617571516,1.1116292407508581,-0.5845553533770471,0.9999135833441811,241,213,0.8838174273858921,0.35258533231682165,ok,1284.3755324602644,528.0381037586296,0.6312914587712576
979,2.920238193707519,0.6207503605162401,-0.4090278049440036,0.9999477076295912,250,215,0.86,0.33608970913335334,ok,1281.467045963105,527.3644358776164,1.0403192637152605
980,1.9905689886495566,0.1519359613441793,-0.1371590368851165,1.0001576575375717,249,234,0.9397590361445783,0.5615680339968668,ok,1279.4800195034095,527.1716269478612,1.1774783006003766
981,0.10836485089930648,0.46277836206047596,0.035225729511432,1.000013264609753,244,238,0.9754098360655737,0.22663162287928207,ok,1279.3809015563152,526.706780321687,1.1422525710889446
982,-0.3286817201314989,0.6274740475076896,0.09276215831339461,1.000039235682033,253,240,0.9486166007905138,0.3102394503059543,ok,1279.7210209782688,526.0854316818283,1.0494904127755502
983,-4.995416390783021,10.034635458046523,0.5221821452850866,0.9997083090995779,242,215,0.8884297520661157,0.8215159311560435,ok,1284.808575924455,516.097194682101,0.5273082674904647
984,3.850352362896274,9.734811529111084,0.32941519035203853,0.9995128107635987,238,203,0.8529411764705882,0.5674749523483777,ok,1280.9918693876878,506.34914256703837,0.19789307713842674
985,7.651437425279482,3.115247123233871,0.31255703070233504,0.9995240473670948,227,188,0.8281938325991189,0.6208630622073206,ok,1273.334212858348,503.24921421456827,-0.11466395356390777
986,-3.982516619605576,1.7202332093717132,0.13602404360752532,0.9996017544580402,241,223,0.9253112033195021,0.5494538638632722,ok,1277.3091647927383,501.5115726982176,-0.2506879971714328
987,-2.3335108856201714,1.3878072310722018,-0.032788049302481345,0.9997553465699157,239,224,0.9372384937238494,0.651204112087405,ok,1279.6373808857356,500.1149010158839,-0.21789994786895156
988,0.2982516624508662,0.7394855762306634,-0.18201999939747632,0.9999797809018233,249,231,0.927710843373494,0.8176452821368334,ok,1279.3386661987447,499.37560235675903,-0.03587994847147557
989,-0.0936657540125907,1.3561476446566303,-0.2785036486346013,0.9999320257687231,247,220,0.8906882591093117,0.28823029471922423,ok,1279.4380738147668,498.0198635052618,0.24262370016312518
990,-0.22213010196946925,0.298765679054668,-0.10279942680275628,0.9999643760063086,239,231,0.9665271966527197,0.47855343154503527,ok,1279.6620010588836,497.7224424190489,0.3454231269658813
991,-0.4454125629945338,-0.49818293910652756,-0.15584807565888747,0.9999908578945945,233,223,0.9570815450643777,0.5649424017169518,ok,1280.1030381118833,498.2245030826858,0.5012712026247684
992,-0.012232618241341697,-0.9896821009360792,0.00583084267090034,0.9999772977144844,263,251,0.9543726235741445,0.27082883677899433,ok,1280.1067125334685,499.2142539586581,0.49544035995386804
993,0.11448757499351814,-3.156510995686631,0.065690707033566,1.0001336627334592,239,212,0.8870292887029289,0.44836057836151655,ok,1279.9685528436876,502.3698174536359,0.4297496529203022
994,0.25477393433857287,-5.229867232045763,0.11053521522135043,1.0001196127570553,225,191,0.8488888888888889,0.3206788870569486,ok,1279.6846456301762,507.5981840930905,0.319214437698952
995,0.4857573175543166,-6.534566555640595,0.08018609309230765,1.000382693549718,240,204,0.85,0.3626828391973363,ok,1279.171631507422,514.1306672925721,0.23902834460664454
996,0.5912748183714029,-7.121378727424258,0.03262260526827319,1.0001967644365923,224,187,0.8348214285714286,0.3477023111694188,ok,1278.5547061010295,521.2498697713052,0.20640573933837142
997,0.7109937638606425,-8.503796414241606,0.003214682589963785,1.000313195928689,216,182,0.8425925925925926,0.4209089231485759,ok,1277.813559407819,529.7510912815503,0.20319105674840762
998,0.7949913017228027,-8.514399510484282,-0.011671796506175723,1.0004161295814358,229,194,0.8471615720524017,0.4316074350055539,ok,1276.986644225861,538.2624496617266,0.21486285325458335
999,0.9879158830708548,-9.924158258847683,-0.019469850925988987,1.0004536461460085,225,182,0.8088888888888889,0.44919136220224765,ok,1275.9581481294954,548.1824844761029,0.23433270418057225
1000,0.8547464511937051,-9.184872205354623,-0.016056124387220365,1.0003877096855736,204,166,0.8137254901960784,0.5378668708999035,ok,1275.0632710709683,557.36353365224,0.2503888285677926
1001,0.38860235795254994,-4.551221148164814,-0.00614737053177189,1.0001218853759537,245,208,0.8489795918367347,0.2642172206711646,ok,1274.6542950326757,561.9129692581379,0.2565361990995645
1002,2.824740700879829,-15.770025911082257,-0.01474447510835955,1.00049547067723,237,196,0.8270042194092827,0.6245617348481652,ok,1271.7549192852584,577.6694440395951,0.27128067420792396
1003,0.5705084116420949,-5.313680191136996,-0.005405772391640243,1.0002263519887988,262,225,0.8587786259541985,0.3374674050726239,ok,1271.1587573883367,582.9803072475956,0.27668644659956426
1004,0.2049654264012588,-0.184472180621583,0.0008435929301721025,1.0001469793453304,291,285,0.979381443298969,0.2452516828012939,ok,1270.9529062241213,583.1637905155912,0.2758428536693922
1005,0.8096352834393201,-0.30301289067983816,-0.00026068397495940975,1.0000295086233633,283,269,0.950530035335689,0.33761318493674536,ok,1270.141820153361,583.4628983388369,0.2761035376443516
1006,0.21804534466741643,-0.2530449273351678,-0.0036644429365050874,0.9999857107135235,296,282,0.9527027027027027,0.19586584210179153,ok,1269.9225418268732,583.7148755662083,0.27976798058085667
1007,0.07617609265867031,-0.27112593108745386,-0.0003939142353098634,0.9999952163808518,276,268,0.9710144927536232,0.19477315961117087,ok,1269.8450409128225,583.9856257756672,0.28016189481616655
1008,0.40804374376625674,-1.4574775327529323,-0.5697483065966876,1.0000163740474854,273,242,0.8864468864468864,0.3580526574717941,ok,1269.4154230237968,585.4368903706793,0.8499102014128525
1009,4.392845496382961,7.088982034849664,-0.4356862226976313,0.9995654139494847,273,241,0.8827838827838828,0.4483361109391123,ok,1265.1827317454695,578.2511348510498,1.2855964241104825
1010,-6.228896428576718,9.871151763259718,-0.640263756957692,0.9996502646985006,272,225,0.8272058823529411,0.705576696196202,ok,1271.7398423927527,568.5948887993732,1.9258601810681728
1011,-7.647004920647987,1.8319786491683772,-0.17174913317579926,1.0000331651229097,256,219,0.85546875,0.5173990972382183,ok,1279.4487773260466,567.0440334799885,2.097609314243971
1012,0.3930219890951321,0.2639915947370355,0.4989414214234222,0.9997698508551904,261,218,0.8352490421455939,0.27089029877807386,ok,1279.063273257894,566.7691799563765,1.5986678928205509
1013,1.3786902828355778,1.1903418024918437,0.8071728305048131,0.9999769276291123,245,212,0.8653061224489796,0.2905148642470873,ok,1277.7011576126731,565.5599068392564,0.7914950623157404
1014,1.0303626135582817,1.9566378713900576,0.8143583686193121,1.0000205595776992,239,200,0.8368200836820083,0.3924856010883433,ok,1276.670014304446,563.6036802795054,-0.0228633063035693
1015,0.06332676756574074,2.0874109347132617,0.6228991663890802,0.9999056972445408,255,218,0.8549019607843137,0.2767573763093011,ok,1276.5831655136099,561.5171156441822,-0.6457624726926476
1016,-0.2625563626256735,1.0493899439439929,0.15370054578572234,1.0000854018455745,275,262,0.9527272727272728,0.3960792908104437,ok,1276.8310543800205,560.4641644544703,-0.7994630184783694
1017,9.996139321292958,5.587715126675221,0.0570963208402373,0.999108672472193,209,165,0.7894736842105263,0.8917181718146022,ok,1266.7525000819955,555.0265082563151,-0.8565593393186066
1018,-10.362832012561967,17.056289151969168,-0.5482400072493385,0.9999317730554012,202,160,0.7920792079207921,0.6565327825098866,ok,1277.0233994088449,537.9147019818774,-0.30831933206927004
1019,-0.32698398111824645,2.3186186083505618,-0.6185280898295352,0.9999703955116765,223,176,0.7892376681614349,0.29687097400603507,ok,1277.3629319180188,535.5978876927918,0.31020875776026297
1020,2.9732467463738885,1.0415301167793132,-0.17303446294768954,0.9997560406006373,217,185,0.8525345622119815,0.2732501461392473,ok,1274.398575276529,534.531318004005,0.483243220707952
1021,3.34959112178376,1.4484987596465544,-0.26458444327168174,0.9997647423707609,220,187,0.85,0.4970924094449666,ok,1271.068174811057,533.0392248167641,0.747827663979633
1022,-1.083924551015798,1.1886570128385756,-0.1376142888732693,1.0000424894183921,216,180,0.8333333333333334,0.33847738081905065,ok,1272.1703385605583,531.8674599104158,0.885441952852902
1023,-0.9266952463883626,0.4341425786144555,-0.00299845766615803,0.9999036111198649,218,212,0.9724770642201835,0.3016236899418957,ok,1273.1036540370758,531.4477384795387,0.88844041051906
1024,-0.7030940446829845,1.2652689794202843,0.10125374106341999,0.9999268586360603,218,200,0.9174311926605505,0.376486492112607,ok,1273.8240647073792,530.1922484190186,0.7871866694556403
1025,3.0305337199420137,-1.6039325987985649,0.12808626069648296,1.0000525408761851,224,187,0.8348214285714286,0.37750572644811325,ok,1270.7752811131115,531.7612140032547,0.6591004087591578
1026,-8.665215920590754,18.879768839517055,0.41420109501875313,0.9996019749504911,172,137,0.7965116279069767,0.8731256424196561,ok,1279.5211154168169,512.9186552408099,0.24489931374040574
1027,1.131512167177334,0.5386460410304608,0.24907444010974858,0.9998653117204488,176,143,0.8125,0.2717617500815286,ok,1278.3895640016674,512.3800916541636,-0.004175126369342105
1028,0.8631589980896024,0.04214585642785096,0.07785180473770224,1.000122192259174,193,178,0.9222797927461139,0.6074140711979795,ok,1277.526345550466,512.3391815734724,-0.08202693110704412
1029,0.6311733327640923,-0.204452718314883,-0.024275402743163234,1.0001171902740968,201,192,0.9552238805970149,0.28434114660301085,ok,1276.895378617294,512.5442703817067,-0.05775152836388097
1030,0.21680323833061266,-0.05969836121721528,-0.11968540848233664,0.9999516181208473,200,180,0.9,0.5963984657005736,ok,1276.6785109746872,512.6037343546043,0.06193388011845536
1031,-0.2723536133551079,0.45093310200468295,-0.21973441442724528,0.9999950799133732,187,157,0.839572192513369,0.39609346626843017,ok,1276.9530780928533,512.1541455971678,0.2816682945457
1032,-0.459123746039495,0.5420216173702102,-0.1888720198057844,0.9999392937212499,217,183,0.8433179723502304,0.3531944515932633,ok,1277.4166376466626,511.6159127591269,0.470540314351484
1033,-0.3827565984568082,0.20135438907709613,-0.09179237712305813,0.9998890396294148,175,166,0.9485714285714286,0.6139080280038844,ok,1277.8013519830456,511.4183245938834,0.5623326914745419
1034,-0.2908823847599251,0.20382396718036944,-0.006877845081603644,0.9999767772375083,211,207,0.981042654028436,0.30360932328418183,ok,1278.0942448892936,511.2174004369725,0.5692105365561455
1035,0.011132821279716154,-0.009175512809520114,8.735568396961396e-05,1.0000066101994718,285,285,1.0,0.015289177966674734,ok,1278.0830214776815,511.2264649158184,0.569123180872176
1036,-0.41611607358504443,0.5098429774653823,0.13843605085701735,0.9998829856241636,206,189,0.9174757281553398,0.5463875984091594,ok,1278.5029582021302,510.7197642193264,0.430687130015159
1037,-0.0052030644230853795,0.08859367899503923,0.035442510023509115,1.0000394651085922,219,211,0.9634703196347032,0.31140897639571596,ok,1278.5087722854528,510.6312085403871,0.39524461999164995
1038,0.09538833615079056,0.08456615277259516,0.07067007101865651,1.000000677296019,216,207,0.9583333333333334,0.3511166670964694,ok,1278.4138645356286,510.54610338254315,0.3245745489729936
1039,0.26293677721741915,-0.008098958281948399,0.061924957353122485,1.0001064962372805,212,197,0.9292452830188679,0.36162928471345973,ok,1278.150893394774,510.5529969314305,0.2626495916198712
1040,0.29482978940791327,-0.03511926035605484,-0.005581832252873614,1.0000222902587488,233,219,0.9399141630901288,0.2622768475286125,ok,1277.8559024252277,510.58673555998166,0.26823142387274485
1041,0.34725460861818647,-0.18810245544682402,-0.02403944968532127,1.0000256821130906,236,231,0.9788135593220338,0.2266788853233092,ok,1277.50769281136,510.7730641991168,0.292270873558066
1042,0.4857967924276636,-0.2597083826681228,-0.03321039000389938,1.000126937662806,240,227,0.9458333333333333,0.26510302462439195,ok,1277.0204285347913,511.0300087307588,0.3254812635619653
1043,0.3427939303653602,-0.20260546083352438,-0.021742490333982997,1.0000310786829945,245,221,0.9020408163265307,0.2367025614385669,ok,1276.676413077489,511.23053308487147,0.34722375389594823
1044,0.43794651831331066,-0.24305846859135727,-0.011676707585572177,1.0000533707299062,223,217,0.9730941704035875,0.2036043049951945,ok,1276.2369526441273,511.470843508212,0.35890046148152044
1045,0.300361736142122,-0.14289217114992425,-0.003395124092617155,1.0000511923290023,253,241,0.9525691699604744,0.2481001268911243,ok,1275.9356933757024,511.61183357276485,0.3622955855741376
1046,0.2370650396489964,-0.23586775796457005,0.0018757479519466702,1.0000139628120694,255,241,0.9450980392156862,0.29558830339030046,ok,1275.6971493070569,511.84620541319134,0.360419837622191
1047,1.1293645229727645,-0.2613901071717919,0.0005465610573305572,1.0001436081556332,240,225,0.9375,0.28073826026712456,ok,1274.5661652875226,512.1004969023033,0.35987327656486046
1048,0.16799288139577584,-0.20023802412231362,0.005035514773231378,1.0000203026904897,236,226,0.9576271186440678,0.2496051829471332,ok,1274.3969355441159,512.2996906985186,0.35483776179162907
1049,0.12454649919709482,-0.1909173703866145,-6.235128273477738e-05,0.9999678779691745,260,249,0.9576923076923077,0.22128748212958443,ok,1274.2712088660655,512.4898329484367,0.35490011307436375
1050,0.05833359333360022,-0.12048858095158721,0.00449622782226276,0.9999838652791496,277,270,0.9747292418772563,0.15655045011914068,ok,1274.2121394960166,512.6099625275292,0.35040388525210103
1051,-0.0066622869951515895,-0.051491135562400814,0.00297042686373682,0.9999720538420576,279,276,0.989247311827957,0.10007182487043223,ok,1274.2184894275151,512.6614931153337,0.34743345838836426
1052,-8.720443840642474,9.58964272945218,-1.2882454813070217,1.0000461060576074,208,152,0.7307692307692307,0.6730070634792356,ok,1283.209107757188,503.32467510776394,1.6356789396953828
1053,9.091778582855568,13.840901681725086,-0.6000724809705305,0.9991773254284351,217,176,0.8110599078341014,0.7794606685890291,ok,1274.664201988623,489.13962725556456,2.2357514206659115
1054,4.5308921854039,1.446409429896903,0.15475555125388588,0.9997525320570828,220,181,0.8227272727272728,0.3940348081181518,ok,1270.188820331807,487.5296448766281,2.0809958694120265
1055,-3.923413929041317,1.2505562458478607,0.3381227029937407,1.0000688826222561,222,188,0.8468468468468469,0.3507572431882757,ok,1274.148453865836,486.3989945952338,1.7428731664182862
1056,-5.400325970201038,0.5438280388082148,1.0825745929733195,1.0000246946090205,223,187,0.8385650224215246,0.3510536395224473,ok,1279.554688372004,485.91743672275976,0.6602985734449687
1057,0.743055875609798,1.2759043855959362,0.462616665550107,0.9998705252076836,238,203,0.8529411764705882,0.26731148518429937,ok,1278.8160390358012,484.6389762448456,0.19768190789486237
1058,0.9711633703941516,-0.04308553682676575,1.0517832715707134,0.9999337683511357,223,186,0.8340807174887892,0.354693540962762,ok,1277.8456258141725,484.6965334752078,-0.8541013636758495
1059,-0.3094585745504901,0.8030467505245724,0.19574686672722208,1.0000493489231368,236,229,0.9703389830508474,0.535563104234185,ok,1278.1403187910096,483.8879515422575,-1.0498482304030714
1060,-8.819765474469023,5.992189544227358,0.03590776016151827,0.9998483209812146,219,186,0.8493150684931506,0.5665414972493978,ok,1286.8449554129736,477.7297131709256,-1.0857559905645895
1061,1.8989976127081718,8.464973132249042,-0.23827286287090446,0.9996170581963758,245,207,0.8448979591836735,0.48181572590309035,ok,1284.8209615402743,469.2937537787731,-0.8474831276936852
1062,6.561314256578044,4.186962345371057,-0.4218634472820237,0.999555289421948,254,207,0.8149606299212598,0.5313246856210034,ok,1278.2287259000925,465.15564699916433,-0.42561968041166165
1063,-0.0010851888509932905,0.0022007373518135864,7.963658816412372e-05,1.000004396334583,323,322,0.9969040247678018,0.0027641310709633675,ok,1278.2297947079824,465.1534382598344,-0.42569931699982577
1064,4.175132634237116,2.9722596494037816,-0.48103175907747525,0.9997574635074381,227,193,0.8502202643171806,0.3429886113225662,ok,1274.0575344303606,462.17714793247643,0.055332442077649265
1065,-2.7787207472722457,3.713199375411932,-0.5530271973658208,1.0000065027908436,229,188,0.8209606986899564,0.3379685535195769,ok,1276.875524103431,458.4936614325217,0.6083596394434696
1066,-6.866883468191418,2.054981176483352,-0.5511312070755052,1.0001545411838042,218,185,0.8486238532110092,0.42008775326844167,ok,1283.7825851881205,456.57805620863377,1.1594908465189748
1067,0.18271855785383195,1.450643042875754,-0.19325196538592032,0.9999499204912176,224,192,0.8571428571428571,0.2536305162537898,ok,1283.6341637872108,455.12350390741534,1.352742811904895
1068,2.4293041733408245,-2.346545242616912,0.7594948568060711,1.0000711856020552,206,166,0.8058252427184466,0.362010530940567,ok,1281.1806938325453,457.44477048491405,0.5932479550988241
1069,6.479787436652714,15.107825753466614,0.7926032896126909,0.9993191054678267,205,173,0.8439024390243902,0.726026211456296,ok,1274.6483794507456,442.3595819531573,-0.19935533451386728
1070,-6.989500881438289,5.189708706560509,0.44545555770520046,0.9994318371054648,203,178,0.8768472906403941,0.6203099224086901,ok,1281.5790335837748,437.0915431986588,-0.6448108922190681
1071,-0.13245568016418474,1.4300044835465542,0.12268301697365744,1.0001223452717298,218,203,0.9311926605504587,0.4041742214286241,ok,1281.6923226205256,435.65989277892527,-0.7674939091927254
1072,4.284078463482501,0.9439531613734289,-0.21978219340863736,0.999812698688246,218,177,0.8119266055045872,0.3866813006465805,ok,1277.3994164358057,434.75693522658173,-0.5477117157840882
1073,-0.32162526593356233,0.6468147134954734,-0.4616026631584094,0.9998872761760424,207,168,0.8115942028985508,0.3385620305080168,ok,1277.7200692497922,434.1096378774729,-0.08610905262567856
1074,-0.5484373416813924,0.3788153237178449,-0.28977722288520774,1.0000186183121296,218,178,0.8165137614678899,0.34626926989880186,ok,1278.2698496909957,433.7327744622884,0.20366817025952924
1075,-1.3998567752287272,0.45517054509900845,-0.6349335693406672,0.9999289848301615,211,176,0.8341232227488151,0.2896586977598512,ok,1279.676218330858,433.29814074858217,0.8386017396001965
1076,-0.3052888730931045,0.6358291528828204,-0.2570824075051049,1.000008970050305,212,172,0.8113207547169812,0.24416926640525077,ok,1279.9936097914767,432.6682656272951,1.0956841471053012
1077,-0.14091326425318584,-0.2132430585440943,0.05217164080488568,0.9999876733071916,228,218,0.956140350877193,0.4097675018975067,ok,1280.1306161623286,432.8840395933006,1.0435125063004156
1078,0.19324733313965226,-2.555316700839967,0.24754021516407568,1.0000635295418259,224,186,0.8303571428571429,0.26509081358784353,ok,1279.901889297486,435.4364251430671,0.7959722911363399
1079,0.6075670362022265,-4.796369335914278,0.2807180682419437,1.0002149022085842,207,172,0.8309178743961353,0.31258553117230486,ok,1279.251214223355,440.2271368290153,0.5152542228943963
1080,0.9375838631733586,-5.922939825929689,0.17194729488788663,1.0003428185720526,190,158,0.8315789473684211,0.3825231227904472,ok,1278.2781581176146,446.14435251691697,0.34330692800650947
1081,1.1253983711460478,-7.235943273577504,0.04703123087282279,1.000360742984738,209,171,0.8181818181818182,0.359623715665732,ok,1277.115357994933,453.3743796556559,0.29627569713368673
1082,1.3851033291357453,-8.564148729476528,0.005539024886232339,1.0002881336357468,207,179,0.8647342995169082,0.3856119333617783,ok,1275.6868155202499,461.9313897112186,0.29073667224745436
1083,1.4507218906044272,-9.2161182217219,-0.015672624516219723,1.0004286742792434,228,187,0.8201754385964912,0.46083667522941724,ok,1274.1868281816398,471.1396179373566,0.30640929676367407
1084,1.567602943493057,-9.877110408546741,-0.02092489515963413,1.000346681261114,220,184,0.8363636363636363,0.4511722414777296,ok,1272.5628226090746,481.00761139658357,0.3273341919233082
1085,1.6233701637318063,-10.698717782088806,-0.027113723478037588,1.0004239163334068,205,166,0.8097560975609757,0.5526129490465139,ok,1270.8732986331163,491.69608189539395,0.35444791540134574
1086,3.2622784334648713,-10.84134364665556,-0.01526882791876576,1.0004030143939007,219,180,0.821917808219178,0.5058012708083933,ok,1267.5411318572449,502.516149234376,0.36971674332011145
1087,0.6711575821232145,-5.305041983991714,-0.003932278293528782,1.0001560466931094,217,185,0.8525345622119815,0.29422322140649976,ok,1266.8353924611388,507.8167015505727,0.3736490216136402
1088,0.3554241901306341,-1.062133050477314,-0.004519899307535955,1.0001160699321134,236,224,0.9491525423728814,0.3033669466273573,ok,1266.4729656745815,508.87646557913354,0.3781689209211762
1089,1.0558286285386203,-0.2863551153585604,-0.0011243258680772414,1.000072217595753,247,236,0.9554655870445344,0.3634264992384679,ok,1265.4152645479387,509.15582497423657,0.3792932467892535
1090,0.22112080299848458,-0.2363371856492904,0.0009698038033295112,1.0000015253252685,251,247,0.9840637450199203,0.22796660252301834,ok,1265.1925880446308,509.3906969600374,0.37832344298592396
1091,0.11964194745428358,-0.2428169367517512,-0.0007522252382875415,0.9999995721380421,259,248,0.9575289575289575,0.21314050056470366,ok,1265.0713422217987,509.6327170228628,0.37907566822421146
1092,0.07730930563911897,-0.22845029932886973,0.0024594762714084182,0.999993182029787,248,241,0.9717741935483871,0.22006506803032586,ok,1264.9925329493044,509.8606542216056,0.376616191952803
1093,1.1718813659640546,-3.747119856549716,-0.2985746230369104,0.9999207333275156,237,220,0.9282700421940928,0.414296676585447,ok,1263.776576778849,513.5937044150498,0.675190814989713
1094,-4.733360860268249,10.490034302612571,-0.21713963306402,0.9997444807854645,193,151,0.7823834196891192,0.5359173519436475,ok,1268.6727298902872,503.1786571557783,0.8923304480537327
1095,5.816366260639825,14.124010586998338,-0.3135130263658581,0.9990272205058536,176,138,0.7840909090909091,0.7193468108283099,ok,1263.1548828285675,488.93537258574264,1.2058434744195905
1096,6.762614797562719,2.1622053475458642,-0.08503312382045866,0.9997075543757361,186,143,0.7688172043010753,0.4848681604652697,ok,1256.4426947868867,486.6213668471398,1.290876598240049
1097,-1.1058213501814862,1.0347820825440976,0.20920699810474513,1.0000115055345187,197,177,0.8984771573604061,0.7103167825370618,ok,1257.5678532586094,485.6076443849333,1.081669600135304
1098,-2.8189719220604275,0.6994430674674277,0.4997287677977826,1.0000783632863453,199,170,0.8542713567839196,0.3160318486515703,ok,1260.3937837487092,484.93686858996426,0.5819408323375226
1099,-2.5424012725745797,0.48521393181022177,0.5061141385118704,1.000166246565028,200,165,0.825,0.345343069249296,ok,1262.9368249391212,484.45501976068147,0.0758266938256531
1100,-0.7634134908237229,0.30709144838965585,0.20466048434107145,1.0000243407084528,218,200,0.9174311926605505,0.4485812786740633,ok,1263.6995459827908,484.1462124984795,-0.128833790515418
1101,-0.5673693381386329,0.8006812299776129,0.3185821774954857,1.0000204964880257,182,149,0.8186813186813187,0.27184778488436334,ok,1264.2606456607987,483.3411252055493,-0.4474159680109031
1102,0.7183156966830211,-3.6384434167653126,0.07545238305889443,1.000082075513638,206,169,0.8203883495145631,0.4108727961406155,ok,1263.5755630269778,486.98597221495027,-0.5228683510697975
1103,1.0705896361364466,18.701285347207886,-0.11379241688025299,0.9992063617922519,190,146,0.7684210526315789,0.7586854593069081,ok,1262.3714798347648,468.2928071679894,-0.4090759341895447
1104,-10.97170272732501,6.4749028634209935,-0.4453908043827436,0.9998144104369299,207,169,0.8164251207729468,0.6414172836881027,ok,1273.3472842424596,461.82485962401887,0.0363148701931982
1105,-1.5959380309311655,1.0784480624803336,-0.4066985899396048,0.9999607633163821,197,155,0.7868020304568528,0.2929032025759988,ok,1274.9515130917084,460.75878353795457,0.4430134601328023
1106,0.41927641377924374,0.8127611020861423,-0.22777414111038694,0.9999460572183365,216,179,0.8287037037037037,0.33040818649755427,ok,1274.5417805559473,459.9411695891043,0.6707876012431888
1107,0.7382937026898162,0.388452653153081,-0.1159123306819563,1.0001183497783146,228,217,0.9517543859649122,0.5508270733228816,ok,1273.8088899293516,459.5426167260842,0.7866999319251449
1108,0.15541455319180386,0.2750619070675384,-0.018680628315260444,1.0001180742342874,231,221,0.9567099567099567,0.21610945810364765,ok,1273.6573570218718,459.26539747348016,0.8053805602404053
1109,-0.374242473978029,0.6041870641429341,0.04373592561240701,0.9999495505682584,224,210,0.9375,0.23843880557025518,ok,1274.0395977771968,458.6662385273102,0.7616446346279985
1110,-7.613355901258728,6.541291365887446,0.23929746232858895,0.9996996293387042,207,163,0.7874396135265701,0.5861907179006818,ok,1281.7122713140882,452.19462654813907,0.5223471722994101
1111,1.845127158518153,7.996667017923983,0.12122155588179268,0.9995883855451432,190,159,0.8368421052631579,0.432565880459294,ok,1279.923173283787,444.18523794072166,0.4011256164176176
1112,0.027332216620152394,-0.012871568958644275,-0.0004877906858676184,1.000016598020952,243,239,0.9835390946502057,0.07407489027657557,ok,1279.8957515163993,444.1979176105187,0.4016134071034853
1113,10.019057225361394,7.65518739557956,0.8921134365223519,0.9992326119768269,188,155,0.824468085106383,0.7188586793971742,ok,1269.8115273893127,436.6287812330189,-0.49050002941886445
1114,-7.733602544761197,1.8143060298311866,0.16767351665909316,1.0003498875242598,210,171,0.8142857142857143,0.4556009571536963,ok,1277.5237786734924,434.7257586845747,-0.6581735460779572
1115,-0.36573106785863274,0.5449694482215364,-0.07833522483376935,0.9998852977068879,208,196,0.9423076923076923,0.49624409900992195,ok,1277.8839759685782,434.1771159756058,-0.5798383212441881
1116,0.27620955188444896,0.32206593872706435,-0.17826288811961127,0.9999356870592182,226,212,0.9380530973451328,0.7784804658095863,ok,1277.6055159192317,433.8569938327314,-0.40157543312457733
1117,0.4733093748113788,1.1510150916436714,-0.7266026897210675,0.999968608264763,209,179,0.8564593301435407,0.304745945899197,ok,1277.1387435986344,432.70331228819686,0.32502725659648773
1118,-0.002755204806362599,-0.005010745340314315,0.0001965169204222435,1.0000098011858212,284,284,1.0,0.008461398357086564,ok,1277.1414703515659,432.7083385731911,0.3248307396760655
1119,-0.5232049839987667,0.47376345915108686,-0.4635289454333871,0.9999701920013481,205,168,0.8195121951219512,0.3069691616508415,ok,1277.6711443384115,432.24181875778476,0.7883596851094512
1120,0.14183360299057313,-1.0933914549380006,-0.033208768391057894,1.0000405935124286,217,214,0.9861751152073732,0.30492328786342604,ok,1277.5136476319883,433.33306411614126,0.821568453500509
1121,-0.0020094021429031272,-0.00625300559875086,-0.000501361122521626,0.9999910529608277,318,316,0.9937106918238994,0.008081838451316211,ok,1277.5155671133557,433.3393453076897,0.8220698146230305
1122,1.627296581683595,-7.493233217459419,0.2807397559607354,0.9990040208886339,216,185,0.8564814814814815,0.7904597890780742,ok,1275.817548207867,440.8168696314615,0.5413300586622963
1123,1.1215791154345425,-3.6377534978619224,0.08805190166510238,0.997843825765399,222,184,0.8288288288288288,1.6548561696885498,ok,1274.6672255087053,444.44563635187455,0.4532781569971943
1124,3.631970648777724,-5.288895345362789,0.15000212511891253,0.991496913762122,226,195,0.8628318584070797,3.153074514935108,ok,1271.0073108727722,449.71523307510347,0.3032760318782826
1125,2.4902954593362665,-2.7364261741651035,0.02492103400004586,0.9947338043277373,239,204,0.8535564853556485,3.4153765644021847,ok,1268.5037507176255,452.4395286227648,0.27835499787823687
1126,5.359269665466854,-2.078279222148012,-0.03990213922203336,0.9886515702181787,245,215,0.8775510204081632,3.495452676701747,ok,1263.133019706359,454.4880071501165,0.31825713710027004
1127,3.716796567074198,-0.2326941162705225,-0.022091037830202234,0.987967866548489,315,283,0.8984126984126984,3.9551216601694255,ok,1259.4149064738172,454.69861878977713,0.34034817493047215
1128,3.702831250707959,-0.485750620141971,-0.022899385786452106,0.9925917700827562,390,346,0.8871794871794871,3.9211941924166163,ok,1255.7090700652952,455.16088435140006,0.3632475607169241
1129,2.401852606502416,2.464875975167274,-0.029318662179846373,0.9855930343592889,403,345,0.8560794044665012,2.2843578330560215,ok,1253.3241619807675,452.67960989163635,0.39256622289677034
1130,1.3801483839440607,-2.3829170832775617,-0.01658891962818297,0.996276030477668,477,443,0.9287211740041929,3.0944688464033465,ok,1251.927032272251,455.0526105163857,0.4091551425249533
