frame,step_center_dx,step_center_dy_down,step_rotation_deg,ransac_scale_diagnostic,good_matches,inliers,inlier_ratio,median_reprojection_error_px,status,center_x_in_reference,center_y_in_reference,rotation_to_reference_deg
258,0.0,0.0,0.0,nan,0,0,0.0,nan,reference,1280.0,720.0,0.0
259,0.001842238328208623,0.054306869166907745,0.0010380427213908785,1.0000156496403259,908,895,0.98568281938326,0.10069542332868567,ok,1279.9981567777802,719.9456931642183,-0.0010380427213908785
260,0.0002042642126980354,0.04712718564053375,0.0006966490164279003,0.9999803654447537,884,876,0.9909502262443439,0.12034023752964933,ok,1279.997951086741,719.8985659847837,-0.0017346917378187792
261,-0.0014034350392648776,0.10696217797772078,0.00010273752109175964,1.0000082661762362,893,882,0.9876819708846585,0.1092332228536852,ok,1279.9993510915895,719.7916037618537,-0.0018374292589105389
262,0.0024221438568474696,0.00496930157657971,-0.0003126113366177658,1.0000014132998174,935,931,0.9957219251336898,0.049966225764510354,ok,1279.9969288154848,719.7866345247395,-0.001524817922292773
263,-0.008761675909681799,0.05843700123182316,0.0002740287346197101,0.9999989835767218,890,877,0.9853932584269663,0.11108076655974082,ok,1280.0056886567143,719.7281972484568,-0.0017988466569124832
264,-0.020787171898064116,0.10166801704917816,-0.0003211532999240973,1.0000018849836834,887,873,0.9842164599774521,0.1150332831535421,ok,1280.0264732065245,719.6265286953276,-0.001477693356988386
265,-0.0040305458585407905,-0.0027754366381032014,0.0002829268434193193,1.00000011893341,939,929,0.9893503727369543,0.055074836129148326,ok,1280.0305038376666,719.6293040081115,-0.0017606202004077055
266,6.247966371120128e-05,0.00020461123153836525,1.902292019324087e-06,1.0000000174054742,1021,1021,1.0,0.000235513718646735,ok,1280.030441351709,719.629099398802,-0.0017625224924270294
267,0.00034542248226898664,0.0007300688530449406,2.5747814795612124e-05,0.9999997031223158,1017,1017,1.0,0.001136071124948703,ok,1280.0300959064407,719.6283693407304,-0.0017882703072226416
268,-2.7473473507800463,7.767424467031788,-0.298610896326735,0.9996669383849937,583,524,0.8987993138936535,0.6742780154272217,ok,1282.8176456027077,711.8752817617253,0.2968226260195123
269,3.659070283261144,5.110449030969335,-0.04459928588976674,0.9997682328136382,709,651,0.918194640338505,0.3361382075601259,ok,1279.1890929451235,706.7431194253297,0.34142191190927906
270,11.467638200790589,0.38911723236833495,0.10895232684495741,1.00000653816301,689,642,0.9317851959361393,0.6535750366564758,ok,1267.7231279195275,706.3074771907255,0.2324695850643217
271,-0.5075068930029829,1.3326925001472318,0.18630574263495095,0.9999293844861861,705,662,0.9390070921985816,0.31023709839416086,ok,1268.2317084127533,704.9751940270156,0.0461638424293708
272,-1.3029692872837586,0.24915245929992125,0.21692940372786554,0.9999649300692995,732,714,0.9754098360655737,0.3590315570344117,ok,1269.5339293347656,704.722159282655,-0.17076556129849474
273,-1.9458459401830623,0.7947871194353411,0.2788825502506687,0.9999775250816861,748,695,0.929144385026738,0.3042882743660903,ok,1271.4734780561594,703.9121261071078,-0.4496481115491634
274,-2.665064341344305,1.2178022937167725,0.17252247986945873,0.9998404512055972,714,676,0.9467787114845938,0.38358718884899995,ok,1274.1251615075516,702.6654564460914,-0.6221705914186222
275,-0.6269032362254165,0.3831405000307768,-0.017467973761039764,0.9999568963771626,701,669,0.9543509272467903,0.23394970955282263,ok,1274.7479862197838,702.2757210381715,-0.6047026176575824
276,-0.3468864573096653,0.41445778900708774,-0.05569579549431514,0.9999298032189162,733,687,0.937244201909959,0.3164005360579353,ok,1275.090885488559,701.8579584685141,-0.5490068221632672
277,-0.3044083766330914,0.9354797501148369,-0.24176015025970135,1.0000078505098156,645,579,0.8976744186046511,0.32856704836960543,ok,1275.3902730340633,700.9208597969558,-0.3072466719035659
278,10.662575877024665,6.349547212466746,-0.6060400058925559,0.9996647867927455,585,519,0.8871794871794871,0.7846450686832986,ok,1264.7609544216223,694.515794616033,0.29879333398899005
279,1.6054864823565822,4.857175086993038,-0.3529409295529585,0.9997845829751796,748,689,0.9211229946524064,0.3756150890258821,ok,1263.2108205358677,689.6406718886576,0.6517342635419486
280,-1.1099843522219999,1.9078041547838893,-0.1351942112025909,0.9998330025793494,741,693,0.9352226720647774,0.4712851817562592,ok,1264.3469020968244,687.7482922644693,0.7869284747445395
281,-0.5887637291102692,0.8729077179688147,0.027934684745582365,0.9999276716508214,776,749,0.9652061855670103,0.25266821710482734,ok,1264.9471771866704,686.8832602249958,0.7589937899989573
282,-2.134475580223807,2.284949429514654,0.45923872331377535,0.9998779049400668,748,687,0.9184491978609626,0.3456692473743305,ok,1267.0935777005773,684.6095089782866,0.2997550666851819
283,-1.2352013421220818,1.379150360820745,0.47253761112405046,0.9999794915398855,714,638,0.8935574229691877,0.3265480961644345,ok,1268.3246144332247,683.2266399909256,-0.17278254443886842
284,-1.1759327163874786,1.2837181062106993,0.7241065708016835,0.9999277164589235,724,665,0.9185082872928176,0.266636623452458,ok,1269.480309002356,681.9246722522457,-0.8968891152405521
285,-0.436721114367856,0.6574356268711199,0.281785897084528,0.9999764743448809,753,694,0.9216467463479415,0.23694490083814806,ok,1269.9034140565097,681.2583922447685,-1.17867501232508
286,-0.9256750011643362,2.0375177168427854,0.3695985439632041,1.0000193039088092,712,674,0.9466292134831461,0.5330899209642943,ok,1270.77369904439,679.1966074126148,-1.548273556288284
287,-0.2793068314831544,1.1562334495198456,-0.19550998619000234,0.9999836408167562,716,662,0.9245810055865922,0.2800196644009983,ok,1271.0256316892976,678.0341023423756,-1.3527635700982816
288,-0.15159974180915015,0.5814064493988553,-0.22377286460594117,1.0000023683170227,701,654,0.9329529243937232,0.24457206043952856,ok,1271.165746358032,677.4498217413587,-1.1289907054923403
289,9.093381590934769,1.9924108701980003,-0.6964869988446297,0.9997141562971062,611,552,0.9034369885433715,0.7173733995037714,ok,1262.057584046268,675.5261094092796,-0.4325037066477106
290,-2.562337393344251,6.539318479671806,-0.4955406201316578,0.9997213054900875,681,625,0.9177679882525698,0.40717102539815037,ok,1264.6271144566247,668.9896139747093,0.06303691348394724
291,-6.121050960780622,3.432867861346722,-0.2742430785235579,0.9998678323065052,728,662,0.9093406593406593,0.44433485626056635,ok,1270.7682673249255,665.5928378463632,0.3372799920075051
292,-1.758215326651225,1.4136931918619666,-0.11583729062922211,0.9999419918480762,757,705,0.9313077939233818,0.305028282358798,ok,1272.5376075885918,664.1930933671965,0.45311728263672724
293,3.8937687298130186,1.3819336647741238,0.0853117492727921,0.9999915456881074,781,730,0.9346991037131882,0.2851077025619285,ok,1268.6527902358207,662.7861926206216,0.3678055333639352
294,3.7731309178457195,1.4614532276109458,0.2390477096106887,0.9999433682756557,741,686,0.9257759784075573,0.2647905072091227,ok,1264.8829530903822,661.3162639296393,0.12875782375324651
295,0.40341757440091897,1.397489131189559,0.34224777076466817,0.9999437598394522,740,676,0.9135135135135135,0.3169434659245606,ok,1264.474331140781,659.9202876714485,-0.21348994701142177
296,-0.7174715640844624,1.364291954779901,0.493982683590849,0.999945963423297,733,684,0.9331514324693042,0.2642273244593704,ok,1265.1749025341976,658.5472408019375,-0.7074726306022708
297,-1.0300372108633837,1.5141228268253144,0.3441563145837023,1.0000225773393596,716,689,0.9622905027932961,0.4135788223098767,ok,1266.1769770117478,657.0144683687565,-1.051628945185973
298,-0.6568104698394563,1.3033408911703646,0.13216118471552482,0.9999691386654861,708,676,0.9548022598870056,0.32579986576359665,ok,1266.8067208409777,655.6978362327998,-1.183790129901498
299,-0.5160161806390988,1.3130063947871804,-0.1472316570883989,0.9999587919281241,749,705,0.9412550066755674,0.31145463333123447,ok,1267.2988998052758,654.3757097794924,-1.0365584728130988
300,1.8163137723392992,-1.5785234161762673,-0.1738647073759876,1.000210548097938,746,725,0.9718498659517426,0.3984986828303832,ok,1265.5065586030087,655.9814011912094,-0.8626937654371112
301,-4.178496001447911,10.952166012797989,-0.4895534724867955,0.9995297994868396,672,623,0.9270833333333334,0.5900622714531707,ok,1269.6136402242748,645.0022550603729,-0.3731402929503154
302,6.952025381281828,4.7580402775344055,-0.40019911418322396,0.9997760944377794,733,669,0.91268758526603,0.40757981192437726,ok,1262.6638626765575,640.2409321116675,0.02705882123290874
303,6.776922664014364,1.3642303632739186,-0.3308207017558133,0.9998748534805201,691,639,0.9247467438494935,0.44052223573013316,ok,1255.8955933795119,638.8343987843747,0.3578795229887221
304,0.4081320356613105,0.9296617839069086,-0.10820474953474704,0.999964473721373,744,702,0.9435483870967742,0.34224698963059097,ok,1255.495037288617,637.9014477625965,0.46608427252346923
305,-1.0472028269805378,0.8756569346247716,0.08553424254688803,0.9999300982038242,746,721,0.9664879356568364,0.24075903150023195,ok,1256.5480329575514,637.032765456343,0.38055002997658116
306,-0.7349645579902244,0.4837715492709549,0.1040498771871722,0.9999552538078801,791,762,0.9633375474083439,0.23358879873000407,ok,1257.2853235514565,636.5525463464311,0.27650015278940904
307,-3.03184401444355,1.2432604449805922,0.5305446362810257,0.9999049161336869,727,665,0.9147180192572214,0.355236529524114,ok,1260.3116252733626,635.2958552348375,-0.2540444834916165
308,-1.7336338750656068,0.8863401863026183,0.3202843655656544,0.9999986789186569,750,709,0.9453333333333334,0.2636785644350181,ok,1262.0362875894482,634.3921820449596,-0.5743288490572711
309,-0.6378887334683441,0.5565990199535236,0.12924405926705293,0.9999891127840397,769,738,0.9596879063719116,0.23695020702771485,ok,1262.6672935528,633.8277921269831,-0.7035729083243241
310,-0.5665664329833362,0.9618887817728137,0.16852986343553436,0.9999787017826076,725,698,0.9627586206896551,0.3124617939168777,ok,1263.2191539496353,632.8573913572552,-0.8721027717598584
311,1.1202916982379065,-2.0535395884689933,-0.0934095058894909,1.0000987183593886,703,685,0.9743954480796586,0.43036102746412547,ok,1262.1268740209737,634.9259664436356,-0.7786932658703675
312,5.6617688589133195,6.32677195513179,-0.10560061165398499,0.9997414052561889,705,642,0.9106382978723404,0.39264713746123847,ok,1256.3911726407234,628.6661421920611,-0.6730926542163824
313,2.883361284528746,8.808972495137368,-0.2954699156746333,0.9996604266770754,672,598,0.8898809523809523,0.4761548429116759,ok,1253.4498165755817,619.8763644238088,-0.37762273854174916
314,0.10542966834282197,4.6522917085665085,-0.265522291422313,0.9997981654097614,744,693,0.9314516129032258,0.28870993837881487,ok,1253.3352848042466,615.2242878949974,-0.11210044711943619
315,-1.48318912232412,4.538474595737284,-0.21676581815001522,0.9998306734407115,746,695,0.9316353887399463,0.31133020474282175,ok,1254.8267621299242,610.688530293921,0.10466537103057906
316,-0.5061422290712017,1.1769729492706347,-0.017361095987615687,0.9999512040676592,734,698,0.9509536784741145,0.30531209585355484,ok,1255.3354098833713,609.5126379764542,0.12202646701819475
317,-1.0726069077272768,2.185586876376874,0.03858249719182811,0.9998789090745274,697,662,0.9497847919655668,0.28426731597224525,ok,1256.4111986800253,607.3286155320437,0.08344396982636663
318,-0.9798300169918548,1.916725398693643,0.1244341869045293,0.9999177658292758,717,691,0.9637377963737797,0.23057592159650156,ok,1257.389657193725,605.4111896395609,-0.04099021707816267
319,-0.8863044087152048,1.6620449376005126,0.17943343151323413,0.9999766910190926,711,693,0.9746835443037974,0.30016583394004775,ok,1258.2695609757363,603.7457472917407,-0.22042364859139685
320,-0.38170813711667506,0.7401735979201476,0.16116590850106935,1.0000149420847166,740,716,0.9675675675675676,0.24571276943043213,ok,1258.646331132053,603.0030479539814,-0.3815895570924663
321,-0.8252062171652597,1.7341343039068988,0.4676825902915819,0.9998971126087342,716,665,0.9287709497206704,0.2944290808551736,ok,1259.4457432685247,601.256872899499,-0.8492721473840483
322,-0.20946048113455618,0.4953797828802635,0.07890230316616553,1.0000015759022003,719,690,0.9596662030598053,0.2569058404153852,ok,1259.6471516129038,600.7581650679402,-0.928174450550214
323,2.0016732614139983,-3.3766595978584064,-0.032233394366117815,1.0001757892864622,621,588,0.9468599033816425,0.6468823696082395,ok,1257.6985221546793,604.1657109766272,-0.8959410561840961
324,8.911112052516046,10.07218365224162,-0.24232766601766284,0.9996601327144962,727,664,0.9133425034387895,0.5414409796458661,ok,1248.6730919082952,594.1958358317402,-0.6536133901664332
325,-6.70478025023931,5.351649432638055,-0.35152195940285036,0.999631265432901,733,666,0.9085948158253752,0.5363193109701399,ok,1255.3495625771807,588.8089100608233,-0.30209143076358247
326,-7.16651487649392,1.8457623766903453,-0.2777533734064499,0.9998391252132737,712,661,0.9283707865168539,0.4196748936064992,ok,1262.5152927656154,586.9601036640439,-0.02433805735713247
327,0.7429356004117835,1.1223081602126967,-0.15112458139396764,1.0000378171708473,701,665,0.948644793152639,0.37119073259527496,ok,1261.7748424730926,585.8361542536423,0.12678652403683527
328,4.901577070741496,1.055633633098637,-0.06562670417635871,0.9999654980359072,692,636,0.9190751445086706,0.38850107924111194,ok,1256.8768381108684,584.7640659105566,0.19241322821319404
329,2.3572979526370545,0.9643760917113013,0.05014728159836721,1.0001283105343985,706,676,0.9575070821529745,0.3307717007719431,ok,1254.521941977223,583.793839605248,0.14226594661482678
330,-0.14687686103525266,0.44686405256584294,0.06960922021121513,1.0000096430662782,745,710,0.9530201342281879,0.21568127812940308,ok,1254.6693853879144,583.347162166343,0.0726567264036116
331,-1.097513387950812,1.0897564371333601,0.20478656765185257,0.9999784186995926,723,689,0.9529737206085753,0.40317635431681614,ok,1255.764382771592,582.2548776527001,-0.13212984124824123
332,-1.1463825436333082,0.9157193536653949,0.16023662564658198,0.9999427737469709,726,696,0.9586776859504132,0.30596049608708253,ok,1256.9060777169323,581.3333205341185,-0.2923664668948233
333,-0.6693777932164267,0.8277827437001406,0.10854318241504249,0.9999364353778616,709,687,0.9689703808180536,0.297848821613443,ok,1257.569647014935,580.5008743271073,-0.40090964930986595
334,1.626520623946817,-3.0538111645469144,0.03712432698000234,1.0001087912584172,659,608,0.9226100151745068,0.4725638859010229,ok,1255.9665204958305,583.5670310961881,-0.43803397628986834
335,-5.97122898633188,6.292561197132045,0.0015080258286156323,0.9997901336385934,556,500,0.8992805755395683,0.48863092360244453,ok,1261.8893011485186,577.2288474946344,-0.43954200211848404
336,9.254491842018751,8.879937464747059,-0.11971257006775997,0.9994067031690722,656,576,0.8780487804878049,0.7246943786136129,ok,1252.5853852551509,568.4007073914787,-0.31982943205072395
337,3.672097129849135,1.129032519167822,-0.05507095056659832,1.000103048343654,703,668,0.9502133712660028,0.3924503135081605,ok,1248.908110194022,567.2886552860521,-0.26475848148412556
338,3.315004369203507,1.0621549920442703,-0.1434074366636532,0.9999442225754693,697,649,0.9311334289813487,0.3236667859518699,ok,1245.5908636437332,566.2335237683918,-0.12135104482047214
339,-1.5607980466345452,1.5786377278259351,-0.1641731375401845,0.9999677480388293,642,585,0.9112149532710281,0.3384307666129628,ok,1247.1528411068803,564.6560530007658,0.04282209271971259
340,-1.9698040454898091,0.8363046342897178,-0.013563691608849631,0.999902607330762,701,665,0.948644793152639,0.3311223115830214,ok,1249.1234672204716,563.8216872899443,0.056385784328562234
341,-1.127930184288516,0.41776769756256726,0.01992946509487732,0.9999360079754734,704,685,0.9730113636363636,0.24948033425522484,ok,1250.2516629948195,563.4046373594813,0.036456319233684885
342,-2.0378432703196268,0.8523309020097258,0.08192840016930722,0.9998840954811486,674,642,0.9525222551928784,0.3241765235909473,ok,1252.2888291816398,562.5506894171663,-0.04547208093562248
343,-1.9899631722798858,1.394671598484365,0.23898896677838102,0.9999041717587656,648,607,0.9367283950617284,0.4284142947213637,ok,1254.2718436167806,561.1461553148134,-0.2844610477140039
344,-0.18600447692824673,0.5561908585116271,0.15630409023788067,1.0000319247554394,679,659,0.9705449189985272,0.3105985755118249,ok,1254.4535639654966,560.5885500320267,-0.4407651379518848
345,-0.4244516255109829,1.1317371058377148,0.26120098924548873,0.9999375193273544,630,548,0.8698412698412699,0.44783196152253796,ok,1254.8641184695812,559.4516977732413,-0.701966127197374
346,7.6464340925108445,2.7065030930875764,0.10812498906275325,0.9998482407064543,515,446,0.8660194174757282,0.6514231013492274,ok,1247.180183327244,556.853572669948,-0.8100911162601274
347,3.5101353630407175,7.073751622693635,-0.05920235644062673,0.9997526359352864,557,502,0.9012567324955116,0.4065748442021237,ok,1243.5776471341296,549.8264292059416,-0.7508887598195005
348,0.06573760880451118,2.6319372992531953,-0.2327900834336417,0.9998689160960027,579,516,0.8911917098445595,0.360188490046389,ok,1243.4881131711606,547.1951939352206,-0.5180986763858586
349,-1.1512765078773555,1.1013573960049143,-0.3116227075887808,0.999984321171801,584,540,0.9246575342465754,0.27942832419486957,ok,1244.6354132664242,546.0896948611665,-0.20647596879707755
350,-1.252269696853773,0.8229330621708186,-0.18582842225176815,0.9999433143860716,573,516,0.900523560209424,0.33215632663722316,ok,1245.8873863235015,545.266310574928,-0.020647546545309273
351,-0.6794783344985262,0.28668654355169565,-0.060184528468646074,0.9998980327079264,600,573,0.955,0.32276505215880497,ok,1246.5670623244068,544.9800929739665,0.039536981923336836
352,-1.397847282273915,0.6752842715939096,-0.07800896161531845,0.9998649931274317,629,608,0.9666136724960255,0.31835891054983406,ok,1247.9662920527246,544.3076778942616,0.11754594353865536
353,-1.1718355556736242,0.6662508080358975,0.018328456765641363,0.999912923418714,584,554,0.9486301369863014,0.3306724543226194,ok,1249.139279578587,543.6434573187594,0.09921748677301398
354,-1.0745358981380377,0.6838861013894757,0.10466536936804291,0.9999365288156558,599,571,0.9532554257095158,0.33644515104796585,ok,1250.2137504455914,542.9594690498396,-0.005447882595028971
355,-0.7600213288947089,0.7024775293805305,0.16406429141334128,0.9999721260927611,622,600,0.9646302250803859,0.3384524296873814,ok,1250.9716901395157,542.2547460403999,-0.1695121740083703
356,-0.5976933888534859,0.8863641632356121,0.19437616215731066,0.9999951181273342,560,522,0.9321428571428572,0.42769937448828405,ok,1251.5637421692807,541.364603798397,-0.36388833616568106
357,-3.6669876341445615,3.748966492882573,0.16076269711429253,0.9996659134175554,480,446,0.9291666666666667,0.7364628049654567,ok,1255.1962476822298,537.5822167515548,-0.5246510332799738
358,-2.4199866880762784,9.10088429049597,0.07986716891892852,0.9995884739181868,605,549,0.9074380165289256,0.5231064956060654,ok,1257.5200795460682,528.4563066102007,-0.6045182021989023
359,-0.041102213786643915,5.041210563117033,-0.05396773212905055,0.9997891709721767,601,545,0.9068219633943427,0.35277425923407946,ok,1257.5127400268418,523.4149338343472,-0.5505504700698516
360,0.29038856777469846,1.3596599893255643,-0.06004192390883266,1.0000010517116114,619,598,0.9660743134087237,0.2790305353340867,ok,1257.2107222081502,522.0578096528295,-0.49050854616101897
361,0.6390410811509355,2.5062744277720412,-0.1975243109213514,0.9999112599802967,587,537,0.9148211243611585,0.2990797542983943,ok,1256.55887360431,519.5548357399862,-0.29298423523966743
362,0.004180678898364931,-0.04281661026504935,0.0033495685067847824,1.0000205277267824,799,791,0.9899874843554443,0.10435150452615669,ok,1256.5549144278727,519.5976733999662,-0.2963338037464523
363,-0.004558386618100485,0.0626943506886164,-0.0036356424084856512,0.9999572338932429,787,783,0.9949174078780177,0.12199205635424272,ok,1256.5591524793895,519.5349565807217,-0.2926981613379666
364,0.8204313107714825,3.321747688928781,-0.4512526517642401,0.9998575991326695,597,528,0.8844221105527639,0.3830547678412216,ok,1255.7479165636992,516.210951235706,0.15855449042627343
365,-0.07355594999421555,4.243057089347758,-0.2044970400045071,0.999813707568995,623,560,0.898876404494382,0.37409590448558483,ok,1255.8483567531432,511.9684454066484,0.36305153043078053
366,-0.44200588663943563,1.648331017408509,0.2001290162990169,0.9999387070861466,621,597,0.961352657004831,0.4304486630612958,ok,1256.2950479322876,510.3213779103844,0.16292251413176365
367,-0.3670341329518578,0.7120001190816083,0.163729790835951,1.000024339176873,639,611,0.9561815336463224,0.3321258921317195,ok,1256.6620720333804,509.609372619996,-0.0008072767041873165
368,-0.011519504689431415,-0.0007820641794751282,-0.0004443442902141856,1.0000012688676556,827,822,0.9939540507859734,0.014650501442975786,ok,1256.6735915430236,509.61015461120667,-0.00036293241397313095
369,5.307977936688076,2.6786656928168213,0.4769187901883541,0.9998265989624313,531,477,0.8983050847457628,0.5527457768552545,ok,1251.3434843731984,506.97579753054725,-0.47728172260232704
370,-3.897487458298656,5.915485464858648,0.2128427315139065,0.9996314536667534,611,578,0.9459901800327333,0.5400148344720712,ok,1255.1694391417238,501.01379728887116,-0.6901244541162335
371,-10.89479708730073,3.8560386504293547,-0.04356511555410875,0.9999070224241174,570,500,0.8771929824561403,0.6608935975242234,ok,1266.0200296651528,497.03506345259467,-0.6465593385621247
372,-1.3882336964413753,1.4815739875207328,-0.24962311902672135,0.9999429567326307,630,572,0.9079365079365079,0.2639705363250835,ok,1267.3979660162909,495.5439076295345,-0.3969362195354033
373,-0.05301111201356434,0.5665158712448601,-0.1511746071239474,0.9999763995074704,645,622,0.9643410852713178,0.3703908762151785,ok,1267.4485466636313,494.97716958732804,-0.24576161241145575
374,0.489233830107878,1.3630949289017735,-0.3715265178561029,0.999906550062566,577,523,0.9064124783362218,0.3199662345568468,ok,1266.9623060189977,493.61300406906196,0.12576490544464705
375,1.5286409357020148,2.026991272575515,-0.48192836357839913,0.9999243490264638,562,508,0.9039145907473309,0.32225386085123486,ok,1265.4552494326551,491.5699139645968,0.607693269023046
376,0.5840988875504536,1.051024347612838,-0.08133003207043375,0.999977026152851,591,566,0.9576988155668359,0.3948277140447022,ok,1264.8838318055896,490.5119415711994,0.6890233010934799
377,-0.07069165287430224,1.2373925647776787,0.08258419690860476,0.9999920315610278,596,576,0.9664429530201343,0.3308013401202541,ok,1264.9676162614462,489.275366529356,0.606439104184875
378,-0.36650483546009127,0.6596681908275741,0.09680397830811542,0.9999382338583188,611,588,0.9623567921440261,0.24407194768701723,ok,1265.3399741449616,488.6189843822881,0.5096351258767595
379,-0.7745110742125689,1.3210836459720667,0.3221422645572976,0.9999193898194141,520,462,0.8884615384615384,0.3854940109862886,ok,1266.1188041361022,487.3004422901907,0.18749286131946188
380,-6.617952336255257,3.4055220024698656,0.3740137913336779,1.0000652789003912,545,492,0.9027522935779817,0.7020427043947196,ok,1272.725635073424,483.8733942601945,-0.18652093001421596
381,-0.4992731665986412,3.472252639755311,0.16430512478959813,0.9999598563017355,562,544,0.9679715302491103,0.2838513288491828,ok,1273.203638168402,480.39814964573,-0.350826054803814
382,4.7799749199516555,4.976323568255452,0.25931696952957833,0.9997479480417771,532,484,0.9097744360902256,0.45921695153840614,ok,1268.3709423821665,475.4730092488435,-0.6101430243333923
383,0.9682551520975267,0.7722276499368945,-0.07671178650797593,0.9999778066897761,600,581,0.9683333333333334,0.3511520220994167,ok,1267.395539756186,474.70982951894916,-0.5334312378254162
384,-4.542379465013937,0.49099931474324876,-0.30784890675366844,1.0000137904785795,576,529,0.9184027777777778,0.31156595098883116,ok,1271.93595087999,474.2009500065909,-0.22558233107174797
385,-2.5795514801252466,0.3306566391645447,-0.1860531628556437,1.0000586350350764,582,545,0.936426116838488,0.31688727864864674,ok,1274.5152736215346,473.86851377723013,-0.039529168216104256
386,-4.108940536977343,1.211759357990104,-0.3483876877955305,0.9999930869084439,547,494,0.903107861060329,0.35119427975513373,ok,1278.6306865347788,472.6789215649169,0.30885851957942617
387,-0.6060636759398221,0.8613843881728371,-0.08836263002033308,0.9999495993003819,584,567,0.9708904109589042,0.3281394412446113,ok,1279.2427074182915,471.8217595722775,0.3972211495997593
388,-0.2786490168016371,1.0694726557491094,-0.032254609674749274,0.9999903590746844,564,543,0.9627659574468085,0.30946361066451217,ok,1279.529365048734,470.75440562963763,0.4294757592745086
389,-0.20702630870005123,0.5473536428647776,0.0110374488625633,1.0000088356412709,583,562,0.9639794168096055,0.2655252289196841,ok,1279.740383193731,470.20857850926586,0.41843831041194535
390,-0.9549162313576289,1.873907837366005,0.1024653632976048,0.9999079598397695,569,546,0.9595782073813708,0.29179147004181905,ok,1280.7056190194592,468.33996528214186,0.31597294711434054
391,2.008880315751867,-4.313832615520823,0.016377640460350673,1.0002253012353317,587,535,0.9114139693356048,0.4959480122111522,ok,1278.6742095643287,472.64323468846,0.2995953066539898
392,-7.997459814271224,8.998684253877627,0.10556647290182239,0.999701265937072,512,455,0.888671875,0.5107112164027733,ok,1286.7020969852438,463.671684914927,0.1940288337521675
393,3.560236798560709,4.423997691813497,0.07896484618201674,0.9997894806744004,550,500,0.9090909090909091,0.3554100900770024,ok,1283.1507518331778,459.24054631972444,0.1150639875701508
394,4.072324798601812,2.585443051079096,0.036694704861566334,0.9998616194838016,576,523,0.9079861111111112,0.34924514613805646,ok,1279.0819672171094,456.64953555484374,0.07836928270858448
395,-3.4798106226178334,1.2340150189771748,-0.041799904839289595,0.9999534170525399,560,507,0.9053571428571429,0.27784564144579643,ok,1282.5643583431277,455.42282161843747,0.12016918754787408
396,-4.585716117935135,1.1438289724543438,-0.08683846942430763,1.0000097606915512,569,518,0.9103690685413005,0.3533675976222241,ok,1287.1541771365037,454.29556810813546,0.20700765697218165
397,-1.2628338883689594,0.46413299387620555,-0.046093987728486774,0.9999397704704515,593,578,0.9747048903878583,0.3237149327009038,ok,1288.419048984363,453.8370181390907,0.2531016447006684
398,-0.9949406849339084,1.0261152984534192,-0.12403703138455838,0.9998976986084788,588,550,0.935374149659864,0.3159370827304333,ok,1289.4207222774576,452.81747403207146,0.37713867608522683
399,-0.19208215745197776,0.8821275233838151,-0.11100622487711109,0.9999200186786543,573,549,0.9581151832460733,0.36772292303795184,ok,1289.6203128662003,451.9370149929288,0.4881449009623379
400,-0.18501967991414858,0.8590176858283485,-0.046058792113810185,0.9999497425102037,574,561,0.9773519163763066,0.33794703651639607,ok,1289.813333537014,451.0797596708922,0.534203693076148
401,-0.5772321219999412,0.9215475542189324,0.019061485711918784,0.9999902525639206,563,545,0.9680284191829485,0.28906887938614434,ok,1290.3988277841204,450.1634391462064,0.5151422073642292
402,0.0005136052589023166,-1.4101169336929615,0.0680218408097301,0.999999923141935,555,529,0.9531531531531532,0.4373528388905594,ok,1290.3873101448764,451.5735091354141,0.4471203665544991
403,4.7173595622150515,5.543031923037347,0.05574581195661027,0.9997816927210877,548,494,0.9014598540145985,0.4143981180095031,ok,1285.707923544154,445.99838356014556,0.39137455459788884
404,-9.61447083894086,8.708338219720531,0.18125037752324138,0.9998933147504472,528,479,0.9071969696969697,0.5961763919373962,ok,1295.3542662567459,437.3253635363527,0.21012417707464762
405,-3.706088175906416,0.9740132881323689,0.04817259892182959,0.9997112026893511,537,519,0.9664804469273743,0.3873289171479331,ok,1299.0630927584455,436.36182971061385,0.16195157815281805
406,-4.61786412341462,1.761858334742783,0.05224071971546116,0.9999900321207644,508,460,0.905511811023622,0.35886941223415175,ok,1303.6843220480666,434.608816959157,0.10971085843735695
407,0.007124637029619407,0.8328604140871221,-0.03033160415421988,1.0000215380283384,530,514,0.969811320754717,0.24605269631071258,ok,1303.6792331094357,433.77594161883906,0.14004246259157682
408,0.21959341108595254,0.3502215797536792,-0.03368163717058364,1.000014980619889,538,531,0.9869888475836431,0.22913552964127865,ok,1303.4607025981024,433.42505583010734,0.17372409976216044
409,0.680290079340466,0.631678892550326,-0.08284520601586574,1.000044443320053,516,493,0.9554263565891473,0.37055002667088266,ok,1302.783247974894,432.79033695624577,0.2565693057780261
410,0.7197721132401966,0.6420387508990189,-0.120492853181096,1.0000026019900385,485,472,0.9731958762886598,0.4234184505403446,ok,1302.0677166592054,432.1435753394783,0.3770621589591221
411,0.3767161620464776,0.5539775263140427,-0.12259905104436271,0.9999506946805394,505,484,0.9584158415841584,0.39267033226861114,ok,1301.6958458509278,431.5863336788328,0.4996612100034846
412,-0.4408938873043553,0.7124860442233967,-0.05590347706155701,0.9999698348129373,521,502,0.963531669865643,0.34154618383943025,ok,1302.143627476725,430.8781561596516,0.5555646870650417
413,-0.7216598815946327,0.8785312820748459,0.017958427521911336,0.9999355952931589,505,493,0.9762376237623762,0.30081642534486863,ok,1302.8734987282962,430.00643478534846,0.5376062595431303
414,-4.477797389403122,3.562548544206038,0.10994546322850017,0.9997509782630443,512,490,0.95703125,0.7146959281735226,ok,1307.377762315767,426.47740784793984,0.42766079631463016
415,-4.183727112269935,6.845575286840244,0.1574078418281082,0.9998446547502635,495,444,0.896969696969697,0.3796187389140304,ok,1311.5937320041123,419.65164245901155,0.270252954486522
416,-1.3459037102618367,2.53900592553191,0.22238133450213113,0.9999076378774191,509,489,0.9607072691552063,0.28542972995479515,ok,1312.9417566279435,417.1137619455262,0.04787161998439091
417,-0.357974825664769,0.9452235259010422,0.16882516433197628,0.9999841286757689,504,486,0.9642857142857143,0.36039126815275246,ok,1313.2977352550417,416.1677848280571,-0.12095354434758541
418,-0.23895968105898646,0.6579689376268334,0.06320446537658915,0.9999610269450245,511,500,0.9784735812133072,0.26040591582851536,ok,1313.534578885597,415.5090512349262,-0.18415800972417457
419,-0.060250191619388715,0.21751224494028065,-0.015061833579895203,1.0000206718320575,583,567,0.9725557461406518,0.17963533226256134,ok,1313.594186875125,415.29136212202997,-0.16909617614427933
420,-0.3332557771386746,0.8530906156406672,-0.2254927410204953,0.9999848232740223,513,469,0.9142300194931774,0.2786920417210406,ok,1313.9282821926822,414.4385999451738,0.05639656487621604
421,-0.3533143379838748,0.44648581643150465,-0.2370284801661866,1.0000197722750317,519,470,0.905587668593449,0.28693937418278015,ok,1314.2838784454498,413.99392938091626,0.29342504504240274
422,-0.48557626412048194,0.5628978236355806,-0.27331955870507424,0.9999298936094911,516,471,0.9127906976744186,0.28306169387233293,ok,1314.7749988010933,413.43586212295935,0.566744603747477
423,-0.6083301494231819,0.626292528319027,-0.2005778214982824,1.0000050903323,497,444,0.8933601609657947,0.2939707279847654,ok,1315.3916616466054,412.8177724557662,0.7673224252457594
424,-0.3138966054032153,0.3334280696093401,-0.0449746391511904,0.9999753133569277,526,506,0.9619771863117871,0.24946672688358457,ok,1315.7102536442753,412.48882793839647,0.8122970643969499
425,1.6837230505529988,-4.005065821363587,-0.03326363559861324,1.0002375765365032,552,525,0.9510869565217391,0.6752220703642469,ok,1313.9676100541353,416.46861045282645,0.8455606999955632
426,-9.854718347625067,11.587039446591234,0.21375621566261757,0.9998587490584786,477,423,0.8867924528301887,0.5822435633071481,ok,1323.9494977475522,404.9909419211127,0.6318044843329454
427,-1.5116022592301306,2.7623431374134952,0.14888058177973393,0.9998984140105724,504,488,0.9682539682539683,0.31907360778251026,ok,1325.4843287570723,402.24143746191635,0.48292390255321144
428,-0.8449745929895016,3.405938459579602,0.4980004990266765,0.9998955246083285,475,426,0.8968421052631579,0.2963151313823806,ok,1326.3284070949499,398.83527677680956,-0.015076596473465261
429,-0.16132672118897062,1.500971159088408,0.24267133264526078,1.0000282047383169,509,490,0.962671905697446,0.43637653140245414,ok,1326.4829800127222,397.33359507136197,-0.2577479291187262
430,-0.0742636654956641,1.0929816959724121,0.09335216402663914,0.9999674689013115,547,523,0.9561243144424132,0.277387987462997,ok,1326.550544695057,396.24017882242276,-0.3511000931453654
431,0.05023774129836056,0.3357248828264119,-0.024461164593912958,1.0000338532562971,592,576,0.972972972972973,0.18153735535377707,ok,1326.4983938382013,395.9047457952345,-0.3266389285514524
432,-0.21026492585224332,0.8707477797775027,-0.1706812537410297,0.999958164108163,528,497,0.9412878787878788,0.2886989465778369,ok,1326.706287834421,395.0334289060563,-0.1559576748104226
433,-0.20390910560354314,0.6615749210072863,-0.3263604402433261,0.9999716849456827,503,456,0.9065606361829026,0.3229976749977283,ok,1326.912163618217,394.3724633539281,0.1704027654329038
434,-0.5170577898252304,0.8894752275612063,-0.28340290904380416,0.99992190414836,517,466,0.9013539651837524,0.2922047277171559,ok,1327.4362501186545,393.4871112891974,0.4538056744767082
435,-0.3055885384405883,0.2456463539717788,-0.08190416028004674,0.9999533209752632,518,493,0.9517374517374517,0.3264420140834425,ok,1327.7441220353119,393.2443328532117,0.5357098347567552
436,-0.3905846124944219,0.34161980871169817,-0.06346232939759501,0.9999167641765738,512,491,0.958984375,0.3358460462593727,ok,1328.1382577241357,392.9068161987825,0.5991721641543502
437,1.2097619582273182,-3.241811730886866,-0.11289856648588831,1.0002250666527495,437,410,0.9382151029748284,0.6303488938043822,ok,1326.8883010611978,396.13334306754825,0.7120707306402384
438,0.004408457589761383,-0.000528354600419334,8.438114729907496e-05,0.9999918988523796,732,729,0.9959016393442623,0.006426352847941504,ok,1326.883886378544,396.13381660104056,0.7119863494929393
439,-0.0099040570012221,-0.02179207687345297,0.0024514053238630065,1.000018572990896,701,700,0.9985734664764622,0.06544058446706255,ok,1326.8935198160282,396.1557296528997,0.7095349441690763
440,4.545387924531042,5.227493662888946,0.038488891046915524,0.9998020634867263,511,453,0.8864970645792564,0.3836186800777359,ok,1322.409666446538,390.87536031535075,0.6710460531221607
441,-0.006246744585951092,-0.0012353276982821626,-0.0001503235267392495,0.9999943277868025,773,771,0.9974126778783958,0.007728781490723035,ok,1322.4158982914814,390.8766687346445,0.6711963766489
442,-21.033054874985055,13.469998120884497,1.1066423329513098,0.9997606500559723,475,414,0.871578947368421,0.9381585808607793,ok,1343.34597520269,377.24721066612017,-0.4354459563024106
443,0.5985932677831443,1.0828694654591118,0.016461223707017907,1.0000300126986246,495,478,0.9656565656565657,0.35036677368755365,ok,1342.7388597604026,376.1690960992973,-0.45190718000942853
444,0.3818347388435086,0.44392199063941007,-0.07526102696284943,1.0000136864543836,506,484,0.9565217391304348,0.3374456230855854,ok,1342.3541150759354,375.72769375524445,-0.37664615304657895
445,0.8206722190950586,1.200735421798413,-0.33294149561905934,0.9999560046085775,496,451,0.9092741935483871,0.2765032574447516,ok,1341.5325271865058,374.5275846834104,-0.04370465742751915
446,0.4432064161183007,1.0632160156603732,-0.4188089129926384,0.9998596473432564,505,456,0.902970297029703,0.34784038413130636,ok,1341.0962908858683,373.4614898877891,0.3751042555651198
447,-0.0016497441129104118,-0.0005853878215020814,0.00043637152165054845,0.9999899426104537,723,716,0.9903181189488244,0.006669215221021289,ok,1341.097936766775,373.4620860510052,0.3746678840434692
448,-0.7896646169431278,0.9709779371992227,-0.26640987987282866,0.9999885682850189,476,428,0.8991596638655462,0.3264711802835164,ok,1341.8984159200197,372.500004200537,0.6410777639162983
449,1.8076241985015713,-3.6320250245652232,-0.11443049041884654,1.0002185442516354,442,412,0.9321266968325792,0.6337469781750402,ok,1340.0430579869653,376.10787863880785,0.7555082543351452
450,-9.774664262112537,12.01561096276555,0.12031116423760631,0.9998357605264566,481,423,0.8794178794178794,0.6329081450887218,ok,1349.9503272809623,364.2013685127565,0.6351970900975387
451,7.73342770535055,3.7029575494792653,0.2943579607573217,0.9997612569677017,480,428,0.8916666666666667,0.47465883369774586,ok,1342.2390643041706,360.4524724099168,0.3408391293402166
452,1.1741901436766966,1.7114424118196894,0.1883186595557746,1.0001128609015435,504,482,0.9563492063492064,0.4309414436832621,ok,1341.0694341483188,358.7379103897481,0.1525204697844417
453,-4.5383413781341915,1.338039194619455,0.15812040832969584,0.999778469924673,474,450,0.9493670886075949,0.5427389971727603,ok,1345.6076447283508,357.3994276359901,-0.005599938545254447
454,-5.401880038609988,1.1787022835338803,0.07852166738529107,0.9999926314169952,515,474,0.920388349514563,0.3368655374691192,ok,1351.007788375906,356.2127955908687,-0.08412160593054567
455,-1.7388084076278574,0.7432611547714032,-0.020636764267721746,0.9999058269909515,513,487,0.949317738791423,0.3511332089153567,ok,1352.7457721684668,355.4676082591017,-0.06348484166282388
456,-0.45380902422857616,0.6176126882020299,-0.10007211696604427,0.9999536815221316,498,471,0.9457831325301205,0.37838151473197285,ok,1353.1999754881012,354.85028548491266,0.03658727530322057
457,-0.11519946250427893,0.5554455606364854,-0.14842752560174444,0.9998617746671374,493,459,0.9310344827586207,0.4123122425292971,ok,1353.3169679458324,354.2952148120916,0.1850148009049653
458,-0.4565387080490382,0.7329350735469689,-0.24762549005249243,0.999936099139726,539,484,0.8979591836734694,0.2900760636384131,ok,1353.7790279769356,353.5657479234398,0.43264029095745826
459,1.1397612952753207,-2.875758513829396,-0.23084602528400783,1.0002071191136743,516,480,0.9302325581395349,0.5657282215022784,ok,1352.6060425009941,356.4281154598162,0.6634863162414666
460,3.127414533616502,10.289679609728978,-0.08612220144803608,0.9997340972084845,482,426,0.8838174273858921,0.4494810326206067,ok,1349.6135130657717,346.0984012471541,0.7496085176895029
461,-7.743859128318036,5.227172843021663,0.07763351228652648,0.9998962329627453,474,409,0.8628691983122363,0.5458590171940345,ok,1357.4181434152429,340.9624071624445,0.6719750054029762
462,-7.615067386538158,1.8417951944420565,0.21477470070554472,1.0000299907704355,463,422,0.9114470842332614,0.4615018735501965,ok,1365.0476650852931,339.18143553829583,0.4572003046974311
463,-1.3792637314402327,0.5880266868133504,0.12069210985603486,0.9999053807721028,512,496,0.96875,0.28186354411792647,ok,1366.4303585928508,338.6015196052261,0.336508194841396
464,-0.8438026072963112,1.4450459474360287,0.3116449743089284,0.9998207664213851,489,442,0.9038854805725971,0.49433481945613666,ok,1367.2747881912317,337.15683995780955,0.02486322053246718
465,0.1272140492840208,0.3832133941492657,0.07236533016750321,1.0000439351418342,495,477,0.9636363636363636,0.28835651113965427,ok,1367.1472564756602,336.7737321644746,-0.04750210963503613
466,0.9354464284003825,0.9215638442548197,0.09580331264713861,1.000025735885522,501,477,0.9520958083832335,0.37627687250929354,ok,1366.2095080048753,335.8545108935147,-0.14330542228217488
467,0.6382899629152234,0.46390735807187866,-0.058097588229686914,1.0000204683928413,504,479,0.9503968253968254,0.3317739875586489,ok,1365.5705288448546,335.3915532856378,-0.08520783405248789
468,0.09008992200324428,0.17567245915245167,-0.05731601053792643,1.0000018866181262,511,493,0.9647749510763209,0.30417144336324325,ok,1365.4803534154464,335.2159247034472,-0.027891823514561372
469,-0.47743712544865957,0.6084031601669722,-0.1832374706765331,0.9999722589127624,521,464,0.8905950095969289,0.25703919983709905,ok,1365.9594383432716,334.6088182498585,0.1553456471619719
470,-0.6791784354525134,0.6398609520184664,-0.3357858137374488,0.9999612394519451,494,437,0.8846153846153846,0.33204938761554814,ok,1366.6440765589534,333.97480255704863,0.4911314608994211
471,-8.388976514311935,3.779262769553611,-0.31338683780772575,1.000288614079719,450,389,0.8644444444444445,0.6776250546290443,ok,1375.0852908354555,330.31370223375905,0.8045182987071473
472,2.569981319405315,5.841783886955,-0.14680017617318072,0.9997577743845971,476,415,0.8718487394957983,0.3540242920507726,ok,1372.6126541730914,324.4300544791845,0.9513184748803282
473,3.0913902136446723,1.8424174039738546,0.0011096969825164062,1.0001945515660668,516,496,0.9612403100775194,0.4004815470357208,ok,1369.5522428249972,322.5366243315579,0.950208777897812
474,5.984087759539079,1.4334973774019772,0.3931164412784397,0.9998749972688636,443,388,0.8758465011286681,0.47262929336766357,ok,1363.5823757391317,321.04501177395946,0.5570923366193719
475,-4.849794003670013,0.8533793235251323,0.36823051725099926,1.000067981740091,477,423,0.8867924528301887,0.3581545529928354,ok,1368.4349563510395,320.20762324239865,0.18886181936837226
476,-2.5543438704021355,0.46160006957666155,0.12832883286139812,0.9999791130828023,498,467,0.9377510040160643,0.38597552400423046,ok,1370.9897864762186,319.74872209403344,0.060532986506973994
477,-2.6727942284544497,1.2350507009331295,0.21721258511095526,0.9998197802998892,473,441,0.9323467230443975,0.4941109143978298,ok,1373.6591933768395,318.50636706407914,-0.15667959860398148
478,-0.3234941770488149,0.8590335918092933,0.1207786500944213,1.0000067084896491,506,482,0.9525691699604744,0.3215368218725016,ok,1373.9785238554325,317.64577701075353,-0.27745824869840297
479,0.24646993318924615,0.9451397748892987,-0.03231796534146396,0.9999727390033593,505,476,0.9425742574257425,0.3159506477700488,ok,1373.7280124051451,316.70170040617165,-0.245140283356939
480,0.026041169023073962,0.44819019784279135,-0.06677549523883909,0.9999724552723604,509,484,0.9508840864440079,0.3381546402258178,ok,1373.7005761247992,316.25359344745834,-0.17836478811809978
481,-0.3986567276374444,0.89395692259734,-0.19537021915060657,0.9999444143396218,466,436,0.9356223175965666,0.6290123173428543,ok,1374.0994981619697,315.35975488585456,0.017005431032507044
482,-5.366565133925633,5.158878259438893,-0.3444458430280009,1.00004913962583,433,366,0.8452655889145496,0.6670463915423638,ok,1379.4985011527665,310.23483411205274,0.3614512740605083
483,-1.9626014547857267,3.8170721407060455,-0.06685782115070829,0.9997955410511868,446,404,0.905829596412556,0.42505932231014887,ok,1381.4895816614078,306.4325397250031,0.4283090952112167
484,-1.135224050985471,3.6275250322026977,-0.08526700155852138,0.9998477344787393,478,433,0.9058577405857741,0.38763874426390255,ok,1382.6572753329815,302.8153359714721,0.5135760967697381
485,0.9761965547868385,0.8065906806116345,0.0281419836582055,0.9999968426519031,480,449,0.9354166666666667,0.37822158739941003,ok,1381.6879475107783,302.00050358826087,0.4854341131115327
486,1.2769662322448312,0.08133937808452174,0.1129149899824153,1.000176729363203,474,434,0.9156118143459916,0.4913667181031879,ok,1380.4115371076466,301.91086355536345,0.3725191231291172
487,0.8511704934896898,0.5107703705004951,0.1610405676200862,1.0000354839104117,489,454,0.9284253578732107,0.5299390512784516,ok,1379.5622576597648,301.3969550034068,0.21147855550903089
488,0.7308220279478519,0.6998801334008249,0.1849066676528685,1.0000451776217332,488,445,0.9118852459016393,0.4285137452351783,ok,1378.83176029166,300.6967360141937,0.026571887856162286
489,0.5578857253663045,0.7897736449448303,0.1541333753374364,1.0000411548711685,482,448,0.9294605809128631,0.4508639477895775,ok,1378.2721176236512,299.9082063844648,-0.12756148748127416
490,0.17094993769342182,0.8714319309082157,0.06263324534847836,0.999968887976495,518,468,0.9034749034749034,0.3060409028827712,ok,1378.0982758936614,299.03734672624313,-0.19019473282975258
491,-0.05395504515877292,0.5123901703262845,-0.001460565916021998,0.9999643202436298,494,464,0.9392712550607287,0.2511390212088873,ok,1378.150542819212,298.5247816064404,-0.1887341669137306
492,-0.31098170027621563,1.0615714991216691,-0.06930336145987999,1.0000135325384576,528,487,0.9223484848484849,0.4144764743215404,ok,1378.459311041328,297.4625641848805,-0.1194308054538505
493,-0.5384390457600148,1.1963540334312484,-0.1407639030013505,0.9996793538526768,532,493,0.9266917293233082,0.491314920866319,ok,1378.998195491593,296.26641071288395,0.021333097547500148
494,-5.198662571327759,1.7836468150906057,-0.33318515907081253,1.0000893523894498,449,397,0.8841870824053452,0.7043924936586664,ok,1384.2077948106607,294.51496461714555,0.354518256618313
495,-2.8572971519834027,7.5828331501087405,-0.3115002634442679,0.9998302962753418,452,382,0.8451327433628318,0.4598659617552253,ok,1387.1530414282001,286.9658568580133,0.6660185200625813
496,-0.0484682093738229,4.338344062942724,-0.16576899698601302,0.9999497169755395,444,384,0.8648648648648649,0.33420007792247486,ok,1387.2644839278537,282.6286735617874,0.8317875170485947
497,0.8185248228535329,2.552840923189706,0.047564570568025655,1.0001185502693175,469,434,0.9253731343283582,0.41008846254008247,ok,1386.4809761139504,280.064868738816,0.7842229464805689
498,0.7695039851284946,2.5513201972402157,0.24215421075327417,1.0001085764745572,465,438,0.9419354838709677,0.4938854239142978,ok,1385.735643951957,277.5063826434322,0.5420687357272945
499,0.529716899057803,2.216221456866151,0.36439869537254005,0.9999290270611555,505,457,0.904950495049505,0.3207360360970307,ok,1385.2128019300624,275.28852923097173,0.177670040354754
500,0.436501058786007,1.833812140250643,0.33759026394202274,1.0000011153187216,469,399,0.8507462686567164,0.436066103324777,ok,1384.7711841619616,273.4559425653677,-0.15992022358726907
501,-0.04267727122828546,1.8120154484065552,0.2242941048550731,0.9999344557965779,523,501,0.9579349904397706,0.4386986765663428,ok,1384.8017095423377,271.64368167468547,-0.3842143284423424
502,-0.21932636797919258,1.4004990725939024,0.11363419025391767,0.999997279077465,546,514,0.9413919413919414,0.3405819105186051,ok,1385.008858713236,270.24132974702127,-0.49784851869626023
503,-0.538500838750906,1.1592967349812398,-0.039255375899914735,0.999886498667905,547,505,0.923217550274223,0.39243088663054115,ok,1385.538063437054,269.0777600527776,-0.4585931427963455
504,-0.6847159575113437,0.9307141136065411,-0.16372837897466788,0.9997568590700016,516,479,0.9282945736434108,0.5582107898192776,ok,1386.2179805575715,268.1435344842107,-0.29486476382167726
505,7.831321386937134,2.4252570311828094,-0.32276374485186143,0.999984269901661,449,388,0.8641425389755011,0.6700422937455697,ok,1378.387841027158,265.71446444259874,0.02789898103018446
506,3.064442303311125,7.864697805424726,-0.30863704207126724,0.9997957024215434,484,435,0.8987603305785123,0.38353041090924744,ok,1375.3696458934812,257.83190290867935,0.3365360231014521
507,0.12378814692783635,4.716541895137311,-0.21973010982400482,0.9996458613234113,491,440,0.8961303462321792,0.42077354446931486,ok,1375.291654236092,253.11438149852313,0.5562661329254571
508,-0.6577627931721963,3.0954470778191308,-0.05894798088801642,0.9999870456207447,472,407,0.8622881355932204,0.35924120008385635,ok,1375.9826158726526,250.02617546257574,0.6152141138134737
509,-0.5053656215277442,1.1493140702000346,0.03883515241356681,1.0000824177982144,499,465,0.9318637274549099,0.2936353999117257,ok,1376.4995174954067,248.88200329206296,0.5763789613999067
510,-0.9474025019621877,2.8847432938451902,0.1890737082317298,0.9998954644050219,500,471,0.942,0.3420035340723066,ok,1377.4663983524215,246.00373006312026,0.3873052531681766
511,-1.162504060426727,1.9290258537957925,0.3495844091613779,1.0000760419117134,456,415,0.9100877192982456,0.35036453487144076,ok,1378.6301721406376,244.07546996526463,0.03772084400679806
512,-0.8593131789762083,1.8996672448741947,0.27171721502740476,1.0000015492343257,502,474,0.9442231075697212,0.4161462075788447,ok,1379.4817199203605,242.17230913137303,-0.23399637102060705
513,-0.7594276301992977,1.577866609476473,0.20890931372085775,0.9999054045766428,512,472,0.921875,0.39775024475975096,ok,1380.2289278169374,240.58861922419294,-0.4429056847414651
514,-0.5482247114616712,1.4845534331333283,0.11923076879057187,0.9998307431314407,520,479,0.9211538461538461,0.3875530177540248,ok,1380.7625612270533,239.0987586220918,-0.5621364535320372
515,-0.04400407597609046,0.5763166472096373,0.0074858500540922945,1.0000549765177345,538,503,0.9349442379182156,0.25961007584435253,ok,1380.8008336067508,238.5220329841095,-0.5696223035861294
516,-7.504376696099598,4.096886609036119,-0.20204605203813303,1.0001224157350075,445,380,0.8539325842696629,0.7471482523526561,ok,1388.2787728215,234.37708731682096,-0.3675762515479962
517,0.5424571558974094,4.240527973228836,-0.11628590428983393,0.9998034949254067,490,428,0.8734693877551021,0.3500674727540072,ok,1387.7177226485653,230.13897925293554,-0.25129034725816224
518,4.990691636947986,5.482964160062011,-0.30088459228121667,0.999669351765296,432,354,0.8194444444444444,0.46972460322227755,ok,1382.7317788404519,224.65169729025473,0.049594245023054616
519,5.081833050353225,2.6623593937599708,-0.3130955903465202,0.9998495116573329,467,398,0.8522483940042827,0.44293041058558535,ok,1377.6669005790134,221.95722277933237,0.36268983536957483
520,-0.7445068797778731,2.2547123871220265,-0.15260071639922843,0.9999178412776263,490,424,0.8653061224489796,0.32886561857762153,ok,1378.4316548701174,219.70929722075277,0.5152905517688035
521,-4.368907352564065,2.4479847025760364,0.028025685523588927,1.0001113780059965,503,440,0.8747514910536779,0.36018256186828135,ok,1382.8212225663044,217.29855542621613,0.48726486624521437
522,-3.1918738684692016,2.3224395222962357,0.2365624949647683,0.9997042415503622,463,423,0.9136069114470843,0.4552880320167008,ok,1386.023227871195,214.9901043969778,0.25070237128044603
523,-0.36754668563048654,1.885173433108207,0.3812228970213205,1.0000140889476614,473,422,0.8921775898520085,0.33340674415531324,ok,1386.3864791574485,213.10409857990032,-0.13052052574087458
524,-0.022287753703039925,1.8654106594963196,0.15657924541068208,0.9999015077531938,474,442,0.9324894514767933,0.34937385908255764,ok,1386.3994194030372,211.23859965935094,-0.2870997711515568
525,-0.05708245841015014,1.761375069224755,0.10085144689496497,1.0000764546327465,476,433,0.9096638655462185,0.37875460421993234,ok,1386.444574327507,209.47687846281008,-0.3879512180465219
526,-0.659482903213302,1.7226624744079118,0.056171259786419216,0.9997407296270598,494,453,0.917004048582996,0.36709890799318695,ok,1387.0906845072097,207.74915587626793,-0.4441224778329412
527,1.7073707463341634,-3.7622877723531474,-0.07581645804700919,1.0003266745783195,459,414,0.9019607843137255,0.7013521409108063,ok,1385.4075334297602,211.52234108215413,-0.36830601978593197
528,8.364400494456504,8.410853631717828,-0.11832604286263232,0.9996452465470349,440,370,0.8409090909090909,0.6916826629186188,ok,1377.0065163291717,203.14806104614752,-0.24997997692329949
529,-4.988789565351908,4.399686934708257,-0.11148781515937725,1.000003654014289,516,446,0.8643410852713178,0.5413281398212361,ok,1381.9846566533656,198.73632835213243,-0.13849216176392207
530,-3.107924681993154,1.3360494241730976,-0.1304940864162769,0.9999820952093772,520,458,0.8807692307692307,0.39754316062043127,ok,1385.092394802267,197.399845097229,-0.007998075347644977
531,-1.9879846052485846,2.42987399580295,-0.325594992439058,0.9997746702058123,523,454,0.8680688336520076,0.42500452764861846,ok,1387.0938178605775,194.98102799627918,0.31759691709141347
532,2.09117720411723,0.5436493005956891,-0.04166352915889796,1.0001996343714856,582,538,0.9243986254295533,0.30895542275880067,ok,1385.0060905748135,194.42427720702676,0.35926044625031145
533,4.155979658435854,1.1637421110149262,0.01703146365492495,1.000257233672304,508,457,0.8996062992125984,0.49232877907573647,ok,1380.8571360691271,193.2357322427846,0.3422289825953864
534,0.923795497531728,1.3818677879517054,0.17086456772787953,1.000017543420814,569,523,0.9191564147627417,0.38848052256504495,ok,1379.9374776886712,191.85110768432287,0.17136441486750667
535,-0.7027161321209405,1.5179537382598483,0.27119217328252093,0.9997954386870209,552,510,0.9239130434782609,0.5685590070244113,ok,1380.6375479897,190.3319318921723,-0.09982775841501465
536,-0.9259692993705357,1.3841232106202597,0.2171007195970923,0.9999881115979289,528,468,0.8863636363636364,0.5155767519050052,ok,1381.5558469602454,188.94270793389546,-0.3169284780121073
537,-0.6141649489272822,1.5126404345198807,0.15161732125007615,0.9999386524758459,531,493,0.928436911487759,0.41454167630893485,ok,1382.1576216416486,187.4250956970386,-0.4685457992621836
538,-0.0881839918120022,0.5872462260101656,0.04670863690705956,1.0000268280021436,593,563,0.9494097807757167,0.27288901639421326,ok,1382.2405211002601,186.83708019882715,-0.5152544361692434
539,0.5168828855505581,-1.5522331136691037,0.010690516633029475,1.0000521551946095,505,452,0.8950495049504951,0.566220042125403,ok,1381.737908470447,188.39399256016884,-0.5259449528022728
540,3.7897304814889594,8.066377946649936,-0.09212630369832295,0.9997559577325315,489,423,0.8650306748466258,0.5684915963108528,ok,1377.8872121068014,180.3565397413006,-0.4338186491039496
541,-6.626115832374353,3.9255315505434965,-0.1165870423083909,0.9998416582440367,480,404,0.8416666666666667,0.590752264882628,ok,1384.4914918552424,176.39438149323814,-0.3172316067955585
542,-6.312786943692117,1.2381555747375614,-0.14347915168637423,1.0000263223702566,523,467,0.892925430210325,0.4843909454757979,ok,1390.8004950056456,175.1370877837545,-0.17375245510918394
543,-1.1831619192496419,0.7384956277829815,-0.11428502611278896,0.9998098572942169,488,438,0.8975409836065574,0.47672299494662723,ok,1391.982889801348,174.39736454732565,-0.059467428996394726
544,0.2044502154865313,0.7421551718468891,-0.059589074680536,1.000053170648845,525,480,0.9142857142857143,0.35968801600968003,ok,1391.7784411615448,173.65520894140855,0.00012164568414138613
545,0.9344893541119745,0.9698859706579697,0.015401482264102605,0.9999731795121741,507,470,0.9270216962524654,0.34830507709417424,ok,1390.8436931881222,172.68557221808874,-0.01527983657996125
546,1.1486025040280765,1.055504172358269,0.08520902507622989,1.0001298003262222,531,487,0.9171374764595104,0.3832026893079786,ok,1389.6932412434824,171.6320841577865,-0.10048886165619128
547,0.7797208096746999,1.398943610043034,0.14525499348494764,0.9999722326904865,503,466,0.9264413518886679,0.505189570811272,ok,1388.9075274997635,170.2364976581199,-0.24574385514113917
548,0.1395159514140687,1.4586992583681422,0.2904044735225964,0.9998156288299174,538,483,0.8977695167286245,0.40502461760200703,ok,1388.7543679992666,168.77916777286043,-0.5361483286637361
549,-0.24287778365464874,0.8491160306409711,0.12712959879422536,0.9999938367267927,551,518,0.9401088929219601,0.3128925257893627,ok,1388.9874000353352,167.9272970541183,-0.6632779274579615
550,-0.05534008428821835,-1.7578618424918204,0.14384629278176472,1.0001123290505465,483,432,0.8944099378881988,0.5100682522602565,ok,1389.0674967658267,169.6842049333145,-0.8071242202397265
551,-3.648780326705946,8.916682550016844,0.00034111454067673846,0.9997165130054939,409,322,0.7872860635696821,0.6674641156377918,ok,1392.590256743525,160.7169875438534,-0.8074653347804034
552,7.3608924208026565,4.2426027382101665,-0.19023915865833954,0.9999306287533469,485,401,0.8268041237113402,0.5731886046927923,ok,1385.184088331343,156.55392560877533,-0.6172261761220635
553,7.483671498611784,1.7740815476449825,-0.3270155796978951,1.0000067794482232,499,392,0.7855711422845691,0.5852048224191072,ok,1377.6915269153535,154.81777242876444,-0.290210596424168
554,1.384451494507175,1.9071193328042,-0.4161738644591119,0.9999763545842675,474,424,0.8945147679324894,0.33493078805981924,ok,1376.3112715150105,152.9076140269499,0.12596326803494481
555,-1.090122043558722,1.2160420286609224,-0.16274723186933931,0.9999436575934759,536,467,0.871268656716418,0.390041816273363,ok,1377.4075072665519,151.69708048244763,0.2887104999042845
556,-1.5839992358180552,1.1601552870538399,-0.03403424036578848,0.9998695794199427,473,433,0.9154334038054969,0.45405002878636624,ok,1378.998016443979,150.54586615588994,0.32274474027007305
557,-1.8620602936969135,1.2795854770211008,0.09575086004159072,0.999816721561046,504,463,0.9186507936507936,0.3840555366139507,ok,1380.8651315608888,149.27366779455963,0.2269938802284822
558,-0.7710011850360843,0.7167497847908635,0.09057458982300655,0.9999311332457471,565,529,0.9362831858407079,0.3022847162376356,ok,1381.6378371156225,148.55875576709855,0.13641929040547546
559,-1.3918264002893466,1.5099018861781133,0.2584934297166493,0.9999537882825593,487,429,0.8809034907597536,0.5563674386189971,ok,1383.0264433688828,147.04589189092428,-0.12207413931117425
560,-0.5801900040919463,1.5256609982463942,0.38965293049558286,0.999805352206768,536,473,0.8824626865671642,0.44982272039214305,ok,1383.5929842438325,145.51510994713544,-0.5117270698067576
561,1.3777273799230443,-0.4063333006098446,0.383176962172782,1.0002748277074447,497,427,0.8591549295774648,0.537288030227317,ok,1382.221771182097,145.94291156459485,-0.8949040319795402
562,-7.070436244671328,5.075619756711262,0.12413529148502712,0.9998327708270546,468,365,0.7799145299145299,0.6906182709377375,ok,1389.2008210304969,140.74234930477803,-1.0190393234645676
563,-3.915506191478471,7.7754373275084845,-0.002237748249116605,0.9998529705092459,479,415,0.8663883089770354,0.48022590795345405,ok,1392.9777308339455,132.8986533197126,-1.0168015752154507
564,0.6922606901159725,1.4842187261075424,-0.2746599730236074,1.000022117208922,431,362,0.839907192575406,0.4081181966853391,ok,1392.266303942948,131.42352557311813,-0.7421416021918428
565,0.462781026856419,0.39753902031111465,-0.19750233563650782,1.0000215168424988,454,391,0.8612334801762115,0.42649193615780007,ok,1391.799764975197,131.0304035271099,-0.5446392665553347
566,1.2590469112585652,1.7307814494969307,-0.4090131877219299,0.9998818464853169,501,422,0.8423153692614771,0.35579059308309063,ok,1390.5366246249482,129.30260724101402,-0.1356260788334041
567,0.4118192698213079,0.4609119175727301,-0.0725884624452538,0.9999801394346451,479,440,0.918580375782881,0.28111901279051316,ok,1390.1242985027516,128.84214869161917,-0.06303761638815021
568,0.5161956746574106,1.2253221423638934,-0.08344414830089407,1.0000480682630577,497,441,0.8873239436619719,0.4371145411975912,ok,1389.6085392729933,127.61664277811985,0.02040653191274396
569,0.278211203966066,1.1290475707884298,0.0158892084035007,0.9999244808695081,507,470,0.9270216962524654,0.3944101515874229,ok,1389.3304170864508,126.48757327606609,0.004517323509243242
570,0.04905644745849713,0.6303220740209099,0.03844819561827531,1.000048779550672,573,517,0.9022687609075044,0.2757056992263868,ok,1389.2809873674573,125.8572803640676,-0.033930872109032104
571,-0.2702369676778744,1.6833264209788013,0.14288084679019303,0.9998230570923482,484,443,0.9152892561983471,0.44186641740576277,ok,1389.5460284011074,124.17312802275546,-0.17681171889922534
572,-0.2952405079836353,0.9859114055783493,0.11307947362874035,0.999954586223747,549,508,0.9253187613843351,0.36124433081240026,ok,1389.8362768776826,123.18573545692902,-0.28989119252796586
573,0.7792478812943955,-4.812077223989377,0.23604691580015258,1.0003729533692924,380,283,0.7447368421052631,0.8090541807926631,ok,1389.1012329547607,128.00476283820785,-0.5259381083281187
574,8.837092936257704,5.935266329372894,0.058904691107290186,0.9999159000587807,458,386,0.8427947598253275,0.6141246697007952,ok,1380.2040176121536,122.16000817167821,-0.5848427994354091
575,-3.1146853891641513,8.68912198704993,0.041467316411479924,0.999572554353453,460,373,0.8108695652173913,0.5938769276627167,ok,1383.2235365055997,113.4373588246375,-0.6263101158468889
576,-7.038857670805555,3.638968671821317,-0.16818106288835916,0.9999437629795016,471,378,0.802547770700637,0.5962876833214467,ok,1390.2330727918445,109.74222535530612,-0.45812905295852957
577,0.011120689624704028,0.7832809273439807,-0.10324709492844408,0.9998959461095949,545,502,0.9211009174311927,0.38721438467154345,ok,1390.21710081523,108.95902833230252,-0.3548819580300853
578,4.194905934187091,2.2310222646932516,-0.3048156323549615,0.9998745687544248,444,380,0.8558558558558559,0.5490095285059168,ok,1386.0202469659882,106.7316725209555,-0.05006632567512337
579,2.818868245160729,0.7410287180701971,-0.2097356170251162,0.9998742350305312,468,394,0.8418803418803419,0.4480812849889866,ok,1383.2034547291896,105.98279119571748,0.15966929134999308
580,1.0101254065129979,1.6710334887384306,-0.2034451307780373,0.9998014964962941,476,429,0.9012605042016807,0.4533037053596456,ok,1382.203939782577,104.30538959536443,0.36311442212803063
581,-0.7981099435764918,1.24488725661638,0.04539639431255095,0.9997965819985396,489,449,0.918200408997955,0.46009225114030267,ok,1383.0089406008367,103.0649471556186,0.31771802781547964
582,-0.9607452469726923,1.2520874078558109,0.22719009054839212,0.9999205758784416,445,399,0.8966292134831461,0.46661723206541417,ok,1383.9716629591078,101.81437929765298,0.09052793726708706
583,-0.6168714359700971,1.366249924904082,0.33044607218094724,0.9998269130948927,473,438,0.9260042283298098,0.5153569392107712,ok,1384.58280802151,100.44555829455669,-0.23991813491386071
584,0.6352398888657262,-1.0012831116998768,0.4460055456745209,1.0002159810324833,395,316,0.8,0.4873630049985447,ok,1383.9596003545926,101.45437432836911,-0.6859236805883825
585,4.842531673100439,9.657463170015035,0.2926551453921636,0.9994121387504951,326,247,0.7576687116564417,0.7200015045142617,ok,1378.952839089019,91.88102332076835,-0.9785788259805464
586,-2.9669115422714185,2.729410933256645,0.09958122730730082,0.9999258491277931,498,467,0.9377510040160643,0.42595845256900877,ok,1381.867867857753,89.0962692167767,-1.0781600532878475
587,-9.232499126297853,2.9692199273400774,0.025460692610172257,1.0001908118619351,418,340,0.8133971291866029,0.7891314866896899,ok,1391.0414652968943,85.94977638847138,-1.1036207458980196
588,-4.457483175082416,1.8229074616863272,-0.3696594753842905,1.0002866092379552,372,305,0.8198924731182796,0.5308703862482521,ok,1395.4752318666237,84.06991951222699,-0.7339612705137285
589,0.7569250318929335,1.0834014099548313,-0.40436632657202454,1.000019396862007,447,382,0.854586129753915,0.4583526080099133,ok,1394.712087107947,82.99089022796159,-0.3295949439417032
590,1.502989765804159,0.96830585592852,-0.36905090352886377,0.9999962657827638,431,350,0.8120649651972158,0.4475137081496405,ok,1393.2097645091271,82.0215495882419,0.03945595958716124
591,0.8666438546270001,0.28386493267476,-0.14542833689225435,1.0001312856852294,539,502,0.9313543599257885,0.4579277101465997,ok,1392.3440411515055,81.7348896174866,0.18488429647941587
592,2.1944802360906124,1.5561932173484365,-0.20195341452147822,0.9997305471150381,469,418,0.8912579957356077,0.5294348319517164,ok,1390.160117633238,80.16391574670695,0.38683771100089454
593,0.406367013459203,0.5746718210876907,0.028962298407662585,1.000048110802047,530,493,0.930188679245283,0.36220886416228915,ok,1389.757347983489,79.58671694142333,0.35787541259323186
594,-0.1194068484944637,1.4480956782031171,0.20481818979264446,0.9997146285717369,506,468,0.924901185770751,0.589973255940186,ok,1389.8806227753155,78.13894540751426,0.15305722280058695
595,-0.6003032170415281,1.3075239013330702,0.33008891035897503,0.9997391908412956,419,351,0.837708830548926,0.5412372260609806,ok,1390.4768831644867,76.82957294207381,-0.17703168755838888
596,-3.9791192626141765,1.0524475717343194,0.3710963922337425,1.0004131552246898,435,367,0.8436781609195402,0.9907647771592498,ok,1394.4457521096463,75.7391073105648,-0.5481280797921322
597,5.488041320316597,5.69656699181769,0.2573171393146712,0.9997566719865745,524,435,0.8301526717557252,0.509860864637921,ok,1388.8781752214186,70.12024972032066,-0.8054452191068041
598,9.464945635940921,1.4706606187986608,0.05061186448350551,1.0002109283625076,490,416,0.8489795918367347,0.799085414108301,ok,1379.3923136698857,68.79116387954514,-0.8560570835903097
599,4.274357403869999,0.1186780930098621,-0.1026290428261935,0.9999795625120224,499,422,0.845691382765531,0.44379924212130784,ok,1375.1167652675215,68.72870137222628,-0.753428040764116
600,-0.4566911641522893,0.25947486152222154,-0.24118695607850396,0.9996995960342665,453,407,0.8984547461368654,0.5772420613602411,ok,1375.5711184298832,68.46515398174643,-0.5122410846856111
601,-0.43652945090593676,-0.11297734101583501,-0.1521793703449919,1.0001634751126325,480,433,0.9020833333333333,0.5665166374930224,ok,1376.0083492357028,68.57538584435167,-0.36006171434061895
602,-1.8227108679582216,0.5458780828955696,-0.289512758101538,0.9998366063150987,488,426,0.8729508196721312,0.4242275438435491,ok,1377.8303865761,68.0272638508527,-0.0705489562390803
603,-1.346138187392853,0.20402201643696571,-0.12930990180582733,0.9998333563718057,511,463,0.9060665362035225,0.5102089928194348,ok,1379.176733294785,67.82462250306378,0.0587609455667473
604,-2.4081865908303826,0.7346879452067014,-0.1620691433631557,0.9998151818331867,523,453,0.8661567877629063,0.5210394927673532,ok,1381.5877336350766,67.09922165373939,0.2208300889299033
605,-1.7126485057231093,1.02327546330298,0.0158907241583909,0.9996549054582611,540,500,0.9259259259259259,0.510736525856227,ok,1383.3040312971268,66.08207863862594,0.2049393647715124
606,-0.7601525911397857,1.4205435442715952,0.17718457397522083,0.9996435278245284,542,499,0.9206642066420664,0.614968302468414,ok,1384.0648719280778,64.66190348841303,0.027754790796291194
607,1.8676221988571342,-2.9683575897227,0.32997810476790995,1.0006276395354403,392,327,0.8341836734693877,0.8073927670879495,ok,1382.212933106966,67.64007105606083,-0.3022233139716195
608,-8.314693248243657,4.446656286905068,0.2127902597970466,0.9998427013246252,467,403,0.8629550321199143,0.598015445639691,ok,1390.4873214152099,63.11885727316394,-0.5150135737686666
609,3.4392025938789175,5.822662023876205,0.33855846593371214,0.9998854484385568,420,356,0.8476190476190476,0.4816537117889572,ok,1386.9617597335712,57.34807549293748,-0.8535720397023796
610,2.7670152754128594,1.1024625674988329,0.08054756514251861,0.9999796295308057,440,395,0.8977272727272727,0.5438823848759333,ok,1384.177139029234,56.29086937297757,-0.9341196048448983
611,2.83199707465792,1.3605121486217513,0.03468199282774413,1.000002375287308,440,391,0.8886363636363637,0.47004578021873067,ok,1381.3225432872182,54.978435036683436,-0.9688015976726427
612,-4.032015041536852,0.8244147511086339,-0.16389157436440122,1.0000036770174585,437,380,0.8695652173913043,0.47304179824243814,ok,1385.3425791953614,54.09746042055383,-0.8049100233082408
613,-4.417528508895202,0.7328946604637849,-0.2848851767205203,0.9998999122128137,438,363,0.8287671232876712,0.4695238393336288,ok,1389.7532739879662,53.324502364300656,-0.5200248465877196
614,-0.9974223912995512,0.5974133938411796,-0.22024421817417164,0.9998226489243328,499,460,0.9218436873747495,0.4958665432804108,ok,1390.7475569792311,52.72187849895215,-0.29978062841354725
615,-0.2034628062849606,1.2451640227873213,-0.22099878546044177,0.9997779230671822,434,373,0.8594470046082949,0.5005241479238954,ok,1390.9493074900122,51.47643589144877,-0.07878184295310466
616,-0.092465488741027,0.8484646932139412,-0.03480532914371186,0.9998350394225367,502,465,0.9262948207171314,0.389787952136665,ok,1391.0411217252672,50.627900477666344,-0.043976513809392666
617,-0.2913947182285028,0.42660863060905285,0.016633124823025015,0.9999510408674945,526,499,0.9486692015209125,0.2450223392425504,ok,1391.3320649978261,50.200983837472904,-0.060609638632417744
618,1.352692703969069,-2.3286876996342016,0.054919356404222054,1.000468531803573,474,414,0.8734177215189873,0.7793343025875434,ok,1389.9840705163665,52.53239431865245,-0.11552899503663999
619,-3.134060106235438,5.765569711699413,0.18982607555349265,0.9996283532022017,417,366,0.8776978417266187,0.7328933862474514,ok,1393.0873589363337,46.75020374479027,-0.3053550705901334
620,6.609901792435949,2.5682096843943327,0.2563587914223648,0.9999176133419357,441,372,0.8435374149659864,0.5670689067022707,ok,1386.4525970935422,44.246918307989404,-0.5617138620124991
621,6.053195914440948,0.5142291380750521,0.2143031844240218,0.9999998346209448,445,369,0.8292134831460675,0.5981648048381557,ok,1380.3929918403408,43.81471863142497,-0.7760170464365217
622,1.0910252370072158,0.4148341134259681,0.088934251436793,1.0001443781367818,446,399,0.8946188340807175,0.46371530162337465,ok,1379.2958287207,43.41640154875188,-0.8649512978733152
623,-0.3791094701896327,0.4686151530108873,-0.04977974618890631,0.9999075757923412,477,448,0.939203354297694,0.3598793632632175,ok,1379.6682328587153,42.94244025285536,-0.8151715516844086
624,-1.055958030267675,0.5272334936566949,-0.2053492435109625,1.0000016502851592,445,385,0.8651685393258427,0.35706091223251846,ok,1380.7185196241903,42.40399784294618,-0.6098223081734454
625,-0.5710130978081907,0.2374234623114262,-0.12510515080459647,0.99996444224884,433,377,0.8706697459584296,0.4519851450370884,ok,1381.2875037311492,42.16175221480614,-0.4847171573688484
626,-1.4839767411351659,1.039582875648307,-0.33152089995523665,0.9999055102710513,435,383,0.8804597701149425,0.35783401302445483,ok,1382.7686955560953,41.11820523393567,-0.15319625741361054
627,-1.4515657263575577,1.8348494459052063,-0.38584024211171974,0.9998835731150975,417,350,0.8393285371702638,0.5144482736294684,ok,1384.2276995252496,39.289264839864586,0.23264398469811082
628,-0.1882572374454412,1.3647479476624085,-0.05317796375996668,0.9999530998697953,466,415,0.8905579399141631,0.4720960126549558,ok,1384.4227624836685,37.925472997114184,0.2858219484580776
629,-0.14139081829489442,0.7141180146367105,0.04548928579391986,0.9999876290850389,533,509,0.9549718574108818,0.29577204619234326,ok,1384.5671474860774,37.21195434045114,0.24033266266415754
630,6.246399594961986,2.4097054051374016,0.1820061673471216,1.0000128453474049,403,324,0.8039702233250621,0.6451207026789378,ok,1378.323204181793,34.79589141652502,0.058326495317035223
631,-4.343786767263055,5.160570920133978,0.37200407684070785,0.9998902015140193,475,411,0.8652631578947368,0.5374353608466998,ok,1382.6386733818572,29.611616994344217,-0.31367758152367403
632,-7.444584694368132,1.5343244584369131,0.3250612617771845,1.0000806642446654,438,380,0.867579908675799,0.5612163398591625,ok,1390.065691032496,27.994396652994283,-0.6387388433008598
633,-3.687436537258236,0.23515187359680567,0.22774821772510961,0.9999625152757204,527,469,0.889943074003795,0.41313840302038135,ok,1393.7491498285667,27.70350849989643,-0.8664870610259703
634,-0.1771187147485307,0.3441670356812665,0.08875769031774519,0.9999914211695944,441,404,0.9160997732426304,0.43586343207552014,ok,1393.9205061836715,27.35643647980703,-0.9552447513437161
635,0.5260155166374716,0.34912892958959674,-0.039289102772251845,1.0000334495438685,511,474,0.9275929549902152,0.30944971416476363,ok,1393.3889767899204,27.015760920368734,-0.915955648571464
636,0.05884224361057022,-0.036732811770889384,-0.0007512409148157833,0.9999878025678416,673,661,0.9821693907875185,0.07603363556259808,ok,1393.3307287732518,27.053428912721643,-0.9152044076566481
637,2.195110344409386,1.0188530231507684,-0.4433267342247565,0.9998452576822139,431,373,0.8654292343387471,0.4081978011477376,ok,1391.127301879883,26.052688770379405,-0.4718776734318896
638,0.6773584808258875,0.7708815592200153,-0.332995343350407,0.9998742834560577,434,375,0.8640552995391705,0.42988683947599066,ok,1390.4480768094265,25.283451359981427,-0.138882330081481
639,-0.18480236543518913,0.9829663774195296,-0.25576125184245696,0.9998954470190907,472,423,0.8961864406779662,0.4421142594201867,ok,1390.634883963713,24.300864009912743,0.11687892176097725
640,-0.4841936452121445,1.062120198172579,-0.10268193418363723,0.9998876647665613,471,409,0.8683651804670913,0.48759595184152454,ok,1391.1231441520147,23.240607064663436,0.21956085594461502
641,-2.51338114917462,1.1971267495636084,0.03717771831521832,1.0001029724719428,394,337,0.8553299492385786,0.8971993374097985,ok,1393.6403232385385,22.0514869269507,0.18238313762939654
642,3.8963253149397588,4.979017156096461,0.18486018001057716,1.000060150595186,456,388,0.8508771929824561,0.45766615857425297,ok,1389.7437826716555,17.072638223567765,-0.0024770423811815304
643,7.708570733752367,2.05034057445539,0.2838265081325387,0.9999964340906714,429,360,0.8391608391608392,0.5916986755670288,ok,1382.02506279151,15.060842349138397,-0.28630355051372164
644,3.8330946016208145,0.6739055323856746,0.3097923880758127,0.999945546321078,424,341,0.8042452830188679,0.43477969604357375,ok,1378.1851645580657,14.426851459341492,-0.5960959385895358
645,0.26844876488598857,0.5721138752260231,0.24721275729248499,0.9999697925533743,453,400,0.8830022075055187,0.33795402761434,ok,1377.9083245086238,13.858750576909642,-0.8433086958820222
646,-0.2257275537372152,0.35406964697040166,0.0700723780310833,0.9999354856997777,469,435,0.9275053304904051,0.2969670104038505,ok,1378.1283792159993,13.501127634155864,-0.913381073913106
647,-1.7784561112348456,0.46207698471550884,-0.038107942323617264,1.0000190782409955,423,387,0.9148936170212766,0.5239616501846768,ok,1379.8995692162225,13.01193721877371,-0.8752731315894884
648,-1.6260419977140828,0.5102874787048677,-0.22158691572347908,0.9997624760576284,456,411,0.9013157894736842,0.46862102718877835,ok,1381.5196836567322,12.483131877552069,-0.6536862158660082
649,-0.6314265382848134,0.09313023528216036,-0.1528851892935038,1.0001381161350924,434,394,0.9078341013824884,0.4029761483466527,ok,1382.1502720688661,12.384486206299812,-0.5008010265725035
650,-0.957859637849424,0.6088670018274343,-0.2493069930154757,0.9999039162043984,415,376,0.9060240963855422,0.4209456013130743,ok,1383.1054499276868,11.771420655356337,-0.25149403355702643
651,-0.22754034641070575,0.5254603062694514,-0.14953777014048414,1.0000263969719532,443,415,0.9367945823927766,0.3685812970661096,ok,1383.332054872176,11.245556279454604,-0.10195626341654147
652,1.007767262786274,-0.480886219933609,-0.06450803469644309,1.0002232109649694,430,394,0.9162790697674419,0.37574597219366035,ok,1382.3246021293955,11.727101068160664,-0.03744822872009802
653,4.464990977133084,6.750793735183606,0.016958740530657247,0.999829605955583,369,315,0.8536585365853658,0.6007111604223956,ok,1377.8532027425003,4.9805502454255475,-0.05440696925075535
654,-7.547264116408087,2.6175813386313393,0.17535915015360626,0.999779094784001,423,381,0.900709219858156,0.5248568939982542,ok,1385.3899092414263,2.33272418312049,-0.22976611940436253
655,-7.010076379174734,0.10506809982803134,0.21964098909320173,0.9999428013443137,449,393,0.8752783964365256,0.5482081027794541,ok,1392.398945875438,2.1726754075993995,-0.4494071084975654
656,-1.4744938982012172,-0.1865908174137303,0.21236894187778252,0.9998716743691488,478,441,0.9225941422594143,0.4868184493263678,ok,1393.8754965291619,2.342223500958653,-0.661776050375349
657,0.5065867538867224,-0.05923225343258309,0.14206581067434235,1.000084269768104,486,444,0.9135802469135802,0.3558968544611336,ok,1393.3697906134532,2.4085569455946825,-0.8038418610496921
658,1.124277751071304,0.15734097654751622,0.048816918735061214,1.0000150112747608,450,431,0.9577777777777777,0.37788385827776894,ok,1392.2432959389466,2.267963941634548,-0.8526587797847536
659,1.3316775336884348,0.45654184997977154,-0.057607043380551136,0.9999194711104106,460,414,0.9,0.44728636690516893,ok,1390.905411716131,1.8299441694159668,-0.7950517364042021
660,1.1133568228758577,0.7427363284180046,-0.1569456806336532,0.9999500282158019,445,404,0.9078651685393259,0.4038584566348675,ok,1389.783852217693,1.0996531588871221,-0.6381060557705479
661,0.514487486983171,0.4045491840638533,-0.12758951537331611,0.9999724931301025,471,431,0.9150743099787686,0.38431151887649984,ok,1389.265780589333,0.6997041565413156,-0.5105165403972313
662,0.03825416553877403,1.1479521584209351,-0.28330334290544773,1.0000666906187572,423,375,0.8865248226950354,0.47258398141202146,ok,1389.2229743963185,-0.4480872744442195,-0.22721319749178193
663,-0.5251082182605842,1.4168359652956042,-0.2762293143663145,0.9997321824605211,447,402,0.8993288590604027,0.470737546545119,ok,1389.7492945149968,-1.864473495117977,0.04901611687453395
664,0.899817841767117,-3.2266939916270303,-0.2123475413792767,1.0003217371244033,473,416,0.879492600422833,0.7757259969746555,ok,1388.8347670170465,1.3580822793344396,0.26136365825381175
665,-2.2052979846091603,6.140542033101383,0.030043202056580013,1.0001892516241564,433,377,0.8706697459584296,0.535849443065288,ok,1391.0648381937326,-4.773506275691034,0.2313204561972316
666,6.30053483691745,2.658406485377668,0.1741777157144885,0.9999308992018906,482,425,0.8817427385892116,0.5477842892463991,ok,1384.7669577956253,-7.438195143803114,0.05714274048274216
667,6.102048335419795,0.7375584841067848,0.2735671447081079,1.0000738193742853,452,392,0.8672566371681416,0.5396574829613716,ok,1378.662167005943,-8.152699041265123,-0.2164244042253671
668,1.7208457930362329,0.5122213551040886,0.21111404651645652,0.9997423454163972,419,360,0.8591885441527446,0.37335666201728424,ok,1376.9375469851411,-8.652065383628155,-0.4275384507418248
669,-0.1084236318472449,0.5113328785478188,0.15233359801575322,0.9999781931403446,457,426,0.9321663019693655,0.3578188014462712,ok,1377.0407901179237,-9.164469376743,-0.5798720487575787
670,-0.8151834680813863,0.6447353309018808,0.07552649189402402,0.9998981977259711,445,417,0.9370786516853933,0.32468481731056603,ok,1377.848545376265,-9.818487095285832,-0.6553985406516031
671,-1.5918471184788814,0.774242832015716,-0.020699116735032413,0.9997951655552169,413,365,0.8837772397094431,0.5029608721467437,ok,1379.4317182526056,-10.610315899483567,-0.6346994239165706
672,-1.3748416132632428,0.8076335361605516,-0.10970020729025991,0.9997851139410017,421,382,0.9073634204275535,0.4166373115529021,ok,1380.7991019362835,-11.430512980619824,-0.5249992166263101
673,-0.5024481271605055,0.3610698908107679,-0.07541111607827353,1.000054577603456,460,427,0.9282608695652174,0.3194794205169082,ok,1381.2987013836323,-11.795514321365431,-0.4495881005480363
674,-0.4664156212063517,0.7524692369098602,-0.18141367660084728,0.9999852888888214,416,373,0.8966346153846154,0.4954010449782925,ok,1381.761589956417,-12.550158378776928,-0.2681744239471883
675,2.073244030262231,-1.6926849573342224,-0.18414060585822875,1.0004621445675166,346,304,0.8786127167630058,0.6832816623488476,ok,1379.6908307599986,-10.854434484904118,-0.08403381808895882
676,-9.293273028723661,8.034183273623853,-0.05864643669488746,0.9996516716821107,335,268,0.8,0.8091859843639176,ok,1388.9805429830233,-18.892734757596145,-0.02538738139407114
677,2.199129342102424,1.6160086697349243,0.003108238616724688,1.0000664132630857,402,362,0.900497512437811,0.49657734471660697,ok,1386.7806102033142,-20.507649507270344,-0.028495620010795843
678,8.930006742913974,1.2815529385223954,0.14554503696064117,0.9998328161518126,384,305,0.7942708333333334,0.709348728161637,ok,1377.8467518417533,-21.762070942950686,-0.17404065697143756
679,-1.4322505602638103,-0.0037506579841419807,0.2215428136254684,0.9999487425504484,370,326,0.8810810810810811,0.4106711851648672,ok,1379.2789941607873,-21.768208888853678,-0.39558347059690685
680,-5.3844430842518705,0.09189241143678828,0.21680985374337247,0.9999639873213908,368,322,0.875,0.48180159034956194,ok,1384.662147537287,-21.917645390126154,-0.6123933243402803
681,0.006685860035759106,0.0005492335193366671,-0.00015028510642572994,1.000004413936648,581,578,0.9948364888123924,0.006784052323271771,ok,1384.6554561901448,-21.91812315084246,-0.6122430392338545
682,-3.5715511516189054,0.8457279131846462,0.19269559385400511,0.9998392633293113,377,330,0.8753315649867374,0.6113079036737219,ok,1388.2147737933808,-22.813942067290327,-0.8049386330878604
683,0.3139645615601694,0.6284352744502257,-0.06400701937323708,0.9999967426195139,404,373,0.9232673267326733,0.4615177886194157,ok,1387.892708975865,-23.438264815079833,-0.740931613714623
684,0.24809696498687117,0.9609230091218706,-0.16021246797308616,0.9999242555462847,403,362,0.8982630272952854,0.4114301080872605,ok,1387.6348855229176,-24.3966239338896,-0.5807191457415363
685,-0.18046542643128305,0.47913029214396374,-0.0985814937150534,1.0000430618083769,437,396,0.9061784897025171,0.3598166826177853,ok,1387.8113127791046,-24.877255841133774,-0.48213765202648223
686,0.0008436875059487647,0.00680758897033229,0.0003365232469050118,0.9999907138785742,581,572,0.9845094664371773,0.012008262424287638,ok,1387.8104117970959,-24.88405608433652,-0.48247417527338726
687,1.2486948378912075,-3.2132642830291616,-0.48932323690542956,1.0002698316050633,356,286,0.8033707865168539,0.7068582319370362,ok,1386.561332858769,-21.67094109159268,0.006849061632044779
688,8.631703398322998,8.485749778834133,-0.27709446636413243,0.9996082958837618,382,302,0.7905759162303665,0.6911479014202587,ok,1377.9717885328778,-30.19936305225758,0.28394352799617856
689,-2.254835786329295,2.3846946046885478,0.01066681252182937,0.9998722603884282,437,398,0.9107551487414187,0.5410617723620499,ok,1380.2379726166444,-32.57327595702543,0.2732767154743491
690,-7.1299634291206075,1.8967277552601445,0.21626709703603125,0.9998858313981343,446,384,0.8609865470852018,0.5560013389966295,ok,1387.3698197706315,-34.462908421379666,0.05700961843831692
691,1.4113125434555513,0.6666344313647414,0.3099630771889265,1.0000122624305203,415,343,0.8265060240963855,0.43899243034870794,ok,1385.9555778858944,-35.12330561387205,-0.252953458750611
692,4.984489462291549,0.7544102375449029,0.29217987671748075,1.000009038622484,398,340,0.8542713567839196,0.5507016153848439,ok,1380.9641363970127,-35.83025813651966,-0.5451333354680931
693,1.6430734938817295,0.37820541820406106,0.11765078515114004,1.0000511765523667,428,383,0.8948598130841121,0.4301287588380477,ok,1379.3167979404789,-36.18943198618092,-0.6627841206192336
694,0.5002790307139549,1.0514180799239057,0.17308699766805552,0.9998701052746949,409,379,0.9266503667481663,0.5443631263261566,ok,1378.8012338639269,-37.23344001791838,-0.8358711182872901
695,-0.3640120327238492,0.5238355725123256,0.03753300839492935,0.9998799194369533,434,407,0.9377880184331797,0.3117478044611262,ok,1379.1572186804601,-37.762763432661245,-0.8734041266822197
696,-1.1464824262586717,0.792049638824551,-0.12937222035144194,0.9999792248083679,423,373,0.8817966903073287,0.4196506553778986,ok,1380.2933193274587,-38.569633870818166,-0.7440319063307771
697,-0.2710417621274246,0.36376803075859243,-0.1338618145082957,0.9999378736091846,423,391,0.9243498817966903,0.4725647899958475,ok,1380.560471854035,-38.93626767253727,-0.6101700918224807
698,1.964159274881922,-3.798759875190285,-0.3139150355274857,1.000424313303203,305,256,0.839344262295082,1.1734139126741228,ok,1378.6159807150182,-35.12740268979701,-0.29625505629499366
699,-8.413297707472566,8.534057153339745,-0.29818346125711254,0.9996105465589523,366,286,0.7814207650273224,0.7508699768416577,ok,1387.0295656486228,-43.661176671808335,0.0019284049621200595
700,-1.1562375228099881,2.234509097933824,-0.06804050063180771,0.9999810161323,371,330,0.889487870619946,0.6566448849483222,ok,1388.1885310638033,-45.894272120802384,0.06996890559392804
701,0.08271232714764665,1.6082465818096807,0.0064866240385664615,0.9997453000631087,450,404,0.8977777777777778,0.5398126940010763,ok,1388.107600683793,-47.502609358621726,0.06348228155536155
702,0.8448724449899601,1.005660757939495,0.19192375282864185,0.9998509090136164,415,382,0.9204819277108434,0.5849951950550616,ok,1387.2604759471337,-48.50637361824772,-0.12844147127328104
703,0.9569203620519602,0.8856812896195834,0.39615701627506505,0.9999904857105903,353,290,0.8215297450424929,0.6218768777820427,ok,1386.295486536205,-49.38325637146352,-0.5245984875483477
704,0.2423199290942648,0.3847019891115906,0.08064164946194151,0.9999494810072397,448,415,0.9263392857142857,0.3863977727514706,ok,1386.0491164285847,-49.76537721430486,-0.6052401370102896
705,0.27444465155167563,0.7137348318163959,0.12886760764939142,0.9999099537404911,414,374,0.9033816425120773,0.6121691796864054,ok,1385.7655497567948,-50.475537210054654,-0.7341077446596815
706,0.12172206940294927,0.6752017782639541,0.05744770433870051,0.9998040618976182,454,415,0.9140969162995595,0.4646490127007193,ok,1385.6345115193812,-51.14899298728574,-0.7915554489983823
707,-0.16946057043082874,0.7009662494169788,-0.03800030519359504,0.9999364276389681,452,422,0.9336283185840708,0.4160994841320433,ok,1385.7947385785524,-51.852127296832464,-0.7535551438047872
708,-0.3025978682717323,0.35549644218372123,-0.05676367150275446,0.9999237675624948,466,428,0.9184549356223176,0.38973494838835876,ok,1386.0929908761561,-52.21127734522702,-0.6967914723020323
709,-0.43442980797362907,0.7218804943954638,-0.18007882655999552,0.9999854018242131,367,322,0.8773841961852861,0.6130703630731207,ok,1386.5208929447797,-52.937046265691606,-0.516712645742036
710,9.11438397771144,-0.18680568074228177,-0.3743056535000199,1.000241487064923,319,237,0.7429467084639498,1.2712868984214267,ok,1377.40700141901,-52.727587649195584,-0.14240699224201472
711,3.3197752779913117,6.058539349376815,-0.3319163121841505,0.9995981560424727,336,286,0.8511904761904762,0.6092878005757096,ok,1374.1072832556563,-58.797074199698955,0.18950931994213718
712,0.3469659270294869,1.8763174974378671,-0.18109380047892965,0.9999986133919849,376,321,0.8537234042553191,0.4997590951683749,ok,1373.7724609828379,-60.67559669126922,0.3706031204210675
713,-0.6603090588300802,0.5744110878005131,0.05121849051190221,1.0001274578921384,454,433,0.9537444933920705,0.38845980021880966,ok,1374.435961713638,-61.24631810420942,0.3193846299091651
714,-0.8244451181631121,0.810896462717551,0.2311794024437068,0.9998841779160162,426,380,0.892018779342723,0.5352791653342054,ok,1375.2616542064568,-62.05594439665174,0.08820522746545738
715,-1.014336870031002,0.6236197725917236,0.37819656377860456,0.9999638121898009,405,347,0.8567901234567902,0.4818507258354767,ok,1376.272821768949,-62.684690026644944,-0.28999133631314866
716,-0.8908649853647148,0.6176201351320287,0.2991814398119079,0.9998082900227483,436,392,0.8990825688073395,0.4647331097393207,ok,1377.1572887757206,-63.311438115913916,-0.5891727761250577
717,-0.4108633542282405,0.38574387501728324,0.11532206818369269,0.9999096698692077,453,426,0.9403973509933775,0.46335286432647543,ok,1377.5633781795202,-63.70220457952473,-0.7044948443087509
718,-0.5680041203845576,0.7023401250892221,0.15243809897217853,0.9998416220803484,420,384,0.9142857142857143,0.5427020052439517,ok,1378.1208147534714,-64.41296107657945,-0.8569329432809301
719,-0.3903971200727483,0.8171056585862289,0.03625307526363961,0.9997092969781444,450,425,0.9444444444444444,0.4426302596615985,ok,1378.4984270634168,-65.23605312005498,-0.8931860185445697
720,-0.36074204565943546,0.8520271202619369,-0.1332639425120769,0.9999443387682267,418,372,0.8899521531100478,0.7098510073924524,ok,1378.84783715469,-66.09278973377309,-0.7599220760324924
721,-3.5213912696031002,1.279286180747249,-0.21301302287557944,1.000974108961953,375,311,0.8293333333333334,1.6232836404019861,ok,1382.356856935126,-67.405630084461,-0.5469090531569123
722,-2.789804644676906,5.315864861525256,-0.14460278998773615,0.9997772202742956,415,351,0.8457831325301205,0.3812903920070432,ok,1385.1092674033644,-72.74095254854785,-0.40230626316917567
723,-0.15093424827477975,1.1601888214208884,-0.11076852068317738,1.0000618703873985,449,399,0.888641425389755,0.5255670447510675,ok,1385.2542963419787,-73.90189434537342,-0.29153774248599795
724,0.5344122458996026,-0.21584083274160548,-0.03945187253990924,0.9998817618640071,471,442,0.9384288747346072,0.40872040543711796,ok,1384.720838906527,-73.68370434054475,-0.2520858699460886
725,0.6313023583591075,-0.12078191904743107,0.014233378999063222,1.000026957774761,494,472,0.9554655870445344,0.33877662656158136,ok,1384.0901047780715,-73.55998935018476,-0.26631924894515185
726,0.6654880610965392,0.06359361156603427,0.06963651617221746,1.0000874057396587,433,414,0.9561200923787528,0.5050200581642892,ok,1383.4242552758435,-73.61967977887264,-0.3359557651173695
727,0.3336002920475494,0.4031060748671962,0.12054012978660504,0.999741386789172,432,399,0.9236111111111112,0.548685879686225,ok,1383.087453916226,-74.02011517517133,-0.4564958949039749
728,0.22915120314837623,0.6210225902333377,0.1514434488210596,0.9998377287840073,439,416,0.9476082004555809,0.57901375083958,ok,1382.8517263489136,-74.6386714341271,-0.6079393437250348
729,-0.08946660630476799,0.7273658992128276,0.11394854715445982,0.9998058049246469,452,426,0.9424778761061947,0.5904925042618612,ok,1382.9320217805746,-75.3671067906522,-0.721887890879495
730,-0.36604092782954467,0.9238074901063555,0.043386951451538695,0.9998054985589936,475,452,0.9515789473684211,0.467492359799054,ok,1383.2856915298828,-76.29572078368005,-0.7652748423310338
731,-0.48755308629415595,1.1012029674866426,-0.04429644829518752,0.9997506160104978,441,404,0.9160997732426304,0.6870000178176885,ok,1383.7593494530634,-77.40297150477488,-0.7209783940358463
732,1.2909765741710544,-6.165152916023089,-0.115944031846754,1.0007973676678623,396,339,0.8560606060606061,1.7179095084264755,ok,1382.5335466857503,-71.22453006953788,-0.605034362189092
733,8.537077655227222,8.442072475451823,-0.21616611603882957,0.9994321389818143,359,297,0.8272980501392758,0.7302514578523535,ok,1373.9393694850198,-79.60846714078343,-0.3888682461502618
734,-4.008816339715395,3.8597383318333414,-0.25774544930086063,0.9998685278010072,398,347,0.871859296482412,0.4598734937485366,ok,1377.9393422288244,-83.47736963175078,-0.13112279684940048
735,-4.135182977153136,1.5886914723294012,-0.3629531987044913,0.999895960807576,370,311,0.8405405405405405,0.5564759392908093,ok,1382.0809195078632,-85.04931635175797,0.2318304018550916
736,1.3031135620690293,0.21272104324020802,-0.04613339236347559,1.000078750179114,408,381,0.9338235294117647,0.39268723485092794,ok,1380.778853268045,-85.26835677042868,0.27796379421856726
737,4.421490128401956,0.42617382029936834,0.016578665366518437,0.9999049788443926,414,355,0.857487922705314,0.4357620112628984,ok,1376.3593533613564,-85.71469706151402,0.2613851288520488
738,2.7648761847472088,0.702930153301736,0.3304673816165787,0.9997132454465052,379,323,0.8522427440633246,0.5887100459628187,ok,1373.5936316546654,-86.41429305817269,-0.06908225276453085
739,-0.14956408252464826,0.4140267422474153,0.16823531290292998,0.9998729285263134,408,381,0.9338235294117647,0.5024837495613996,ok,1373.7414795715954,-86.82893573752085,-0.2373175656674614
740,-0.7101313402263258,0.6551196911850639,0.36265065967497495,0.9999010822819734,391,346,0.8849104859335039,0.4987614347707877,ok,1374.4447120703085,-87.49145546017326,-0.5999682253424374
741,-0.7275545246634465,0.9187049075953837,0.2785018475324158,0.9998811424435579,383,347,0.9060052219321149,0.705687501598078,ok,1375.1580958702023,-88.42120695796586,-0.878470072874854
742,-0.44708907444032775,1.0093766410734588,0.13917797409549695,0.9997353513747496,424,389,0.9174528301886793,0.5562230858820336,ok,1375.5871875183389,-89.43836486189628,-1.0176480469703513
743,-0.0022712408613188018,0.005141983518115012,0.0002538640523623516,1.00001160558315,586,582,0.9931740614334471,0.006114441570415925,ok,1375.5893670544474,-89.44354638212712,-1.0179019110227137
744,5.82690325063254,4.042963979348087,-0.309991433235694,0.9999823262289717,358,301,0.840782122905028,1.2309194024912373,ok,1369.7129575120193,-93.41421006974872,-0.7079104777870191
745,-6.920386063190335,3.002834131451209,-0.2860359669132272,1.0002543783345055,386,324,0.8393782383419689,0.461052899903076,ok,1376.6110460149525,-96.46791783086621,-0.42187451087379124
746,-6.848775769825579,1.1409238535293298,-0.2508937550511812,1.000006701467386,401,338,0.8428927680798005,0.528203639305368,ok,1383.4563865757175,-97.6292745340578,-0.17098075582260938
747,-1.6027723005383905,0.45014758027127755,-0.21637122457838093,0.9999604731748832,388,325,0.8376288659793815,0.42934743740570347,ok,1385.05951498609,-98.07815223594616,0.045390468755772066
748,0.18994880565105632,0.4157327123248251,-0.07261951090503768,0.9998646858112945,418,380,0.9090909090909091,0.41124341881979287,ok,1384.8704228518939,-98.49427529665104,0.11800997966080991
749,0.32428387642880807,0.28674492136246954,0.018999106145119446,0.9999165885261609,469,444,0.9466950959488273,0.2844863428727965,ok,1384.5466349734827,-98.7815801734505,0.09901087351569043
750,1.7486404393557677,0.9750534244885785,0.2781932635059129,0.9995821851918653,371,317,0.8544474393530997,0.6778448331323778,ok,1382.794953783395,-99.7511602758916,-0.1791823899902231
751,1.0413004015640581,0.6906184758557856,0.2880696156511808,0.999762198312947,401,338,0.8428927680798005,0.4452160877057805,ok,1381.7480560171105,-100.43326398680335,-0.46725200564140434
752,0.3990339080155536,0.7550850811780947,0.3254128844386546,0.9997551711645442,365,325,0.8904109589041096,0.512432886937703,ok,1381.3386143192854,-101.18275650554267,-0.7926648900800598
753,-0.15098184492330802,0.47906014343629977,0.11929682087871116,0.999968170538014,408,388,0.9509803921568627,0.42714173340484973,ok,1381.4819522883965,-101.66415900360096,-0.9119617109587712
754,-0.3482540914637866,0.5645672315073398,0.0939404462745362,0.999817853513133,412,387,0.9393203883495146,0.3889994767933369,ok,1381.8202415060152,-102.23475297163418,-1.0059021572333078
755,2.3234760457171433,-3.796754533086414,-0.01481171419488317,1.0009727607179355,347,303,0.8731988472622478,1.4013669901485022,ok,1379.562785252288,-98.39837744491138,-0.9910904430384245
756,9.397519260488252,6.9346421387883765,-0.31055983777592167,0.9996809481771187,348,295,0.8477011494252874,0.7081215343894222,ok,1370.0835645880634,-105.22091402914748,-0.6805306052625023
757,-6.099554074710568,2.2330605146796643,-0.3376012783873331,1.000169043703723,371,305,0.8221024258760108,0.45109445076179955,ok,1376.1696440740327,-107.4904416590748,-0.34292932687516864
758,-4.707657610104661,0.20342239191961653,-0.1607151108470947,1.0000794182207209,385,328,0.8519480519480519,0.5850437336066561,ok,1380.8766309472028,-107.70883446874734,-0.18221421602807367
759,1.812437196567089,-0.2816700716966807,-0.10808578837308591,1.0000113740183074,411,385,0.9367396593673966,0.516027863986976,ok,1379.064559687986,-107.42481972914823,-0.07412842765498759
760,5.021412795250171,0.10064157849387811,-0.062112880672014065,0.9999116640990401,417,352,0.8441247002398081,0.5044398439914501,ok,1374.043125897522,-107.52440826065981,-0.012015546982973418
761,2.0964444716764774,0.39873727040549056,0.02094578895568845,1.0000530655391473,403,376,0.9330024813895782,0.49927999753296304,ok,1371.9464523856618,-107.92193941452877,-0.0329613359386619
762,-0.3711486294482711,0.9099227012904976,0.11100047572382932,0.9998068065366255,427,407,0.9531615925058547,0.5494150643791376,ok,1372.3153135672444,-108.83279179344993,-0.1439618116624914
763,-0.8623121319551501,1.0958729757737729,0.14026892519895978,0.9997731192166176,436,421,0.9655963302752294,0.5405168322889625,ok,1373.1721787459023,-109.93292899287178,-0.2842307368614515
764,-0.717150224132638,1.2189350324624684,0.39645012575515226,0.999746847029414,389,334,0.8586118251928021,0.6715925843740247,ok,1373.8747976057912,-111.16029763963854,-0.6806808626166044
765,-0.044817721362505836,0.7368536563260477,0.15628135392591735,0.9999618931235118,386,363,0.9404145077720207,0.48686673528469004,ok,1373.908847156958,-111.89772734276585,-0.8369622165425221
766,-3.389980381440637,4.085476055654226,0.278909994236727,1.0000933479048617,340,296,0.8705882352941177,0.870863472733721,ok,1377.218622399945,-116.04844648874393,-1.1158722107792494
767,-1.35005254807038,2.657140703290679,-0.009168568730361659,0.9998831954128307,374,345,0.9224598930481284,0.6279682917507561,ok,1378.5171019730049,-118.73116701052402,-1.106703642048888
768,-1.0583568460822335,2.201717857105564,-0.24409672388241438,1.0001284395746695,363,315,0.8677685950413223,0.5318234892330822,ok,1379.5421925375713,-120.94856865893689,-0.8626069181664733
769,0.5170850133697513,-0.5349807556044652,-0.37216746961554725,1.000264749582603,382,332,0.8691099476439791,0.4410295392740155,ok,1379.0297057308076,-120.40918142066346,-0.49043944855092547
770,0.41295489261801777,-0.7086788412409533,-0.17038658355725264,0.999971957881547,389,365,0.9383033419023136,0.4623272193842735,ok,1378.6207159235223,-119.6982068916567,-0.3200528649936725
771,0.8370177709875861,-0.9316047309300757,-0.31493651047721133,1.000049726812981,381,327,0.8582677165354331,0.3962704795866945,ok,1377.7837813455956,-118.76652742107103,-0.005116354516460624
772,0.11501364515424939,-0.017574190769209963,-0.044255259064344916,0.9999389780666462,452,432,0.9557522123893806,0.2462091693417988,ok,1377.6687557222983,-118.74903180053343,0.03913890454788437
773,0.19873440274295717,0.20254099128374037,-0.011595457950464481,0.9998976067321181,427,399,0.9344262295081968,0.3667977819981736,ok,1377.4702007437788,-118.951748688061,0.05073436249834888
774,-0.31930118912282524,1.3030565280248538,0.19100935467284938,0.9998070768867167,399,364,0.9122807017543859,0.8126859085940659,ok,1377.786310757357,-120.25558304253968,-0.14027499217450085
775,-0.1457205856722794,0.6715074174294386,0.09959477530665836,1.0000018967600914,416,386,0.9278846153846154,0.46973308153250437,ok,1377.9292187968608,-120.92769463520608,-0.23986976748115943
776,-0.6767551667235239,1.5563810858079705,0.3339003224464018,0.9996844765360207,384,341,0.8880208333333334,0.7441204679578216,ok,1378.590354414584,-122.4907747147048,-0.573770089927562
777,-0.6663396349968025,1.574300853852037,0.32334804356964764,0.9996767730493795,383,331,0.8642297650130548,0.8232037155795063,ok,1379.2319635019949,-124.07531548936413,-0.8971181334972105
778,8.941394425174167,3.0023343695838776,0.12086737380530824,1.0000246074168124,336,278,0.8273809523809523,1.175083289714014,ok,1370.2386400544074,-126.91832081830592,-1.0179855073025188
779,3.560991895438292,5.384853511149004,-0.11628365081447765,0.9997570673979184,353,295,0.8356940509915014,0.5804422426360342,ok,1366.5933476033624,-132.24646811002617,-0.9017018564880409
780,0.42340037435928934,1.042264119260608,-0.2944508911093051,1.0001190891949734,326,295,0.9049079754601227,0.5241510073218635,ok,1366.1589247494019,-133.2841863546679,-0.6072509653787351
781,-0.31418192266255573,-0.12533988482505265,-0.17503628009763988,1.0000999962865975,375,354,0.944,0.3788843100754655,ok,1366.4740432339208,-133.16122006672538,-0.4322146852810949
782,-0.955855818316877,-0.31098929676716125,-0.4865692623111387,0.999858451657941,349,308,0.8825214899713467,0.40026725562904053,ok,1367.4296035970867,-132.84932412180058,0.05435457703004489
783,-0.6788892117617706,-0.30461729600028775,-0.17157823261472707,1.0000428135504764,373,350,0.938337801608579,0.5157873239739454,ok,1368.1072863451354,-132.54203215661755,0.2259328096447724
784,-0.6671029113763325,-0.025339707234252273,-0.045403869605960885,0.9998456934293828,405,387,0.9555555555555556,0.3648574996887113,ok,1368.7742617746874,-132.5135335337834,0.2713366792507334
785,-0.19948553081349019,0.06210976791885514,0.0237081948489596,0.9999823429428212,440,432,0.9818181818181818,0.25269322950360373,ok,1368.97401387578,-132.57478056133618,0.24762848440177376
786,-0.7895768388746092,0.797193082436479,0.275872715919951,0.9996787992979179,380,345,0.9078947368421053,0.7620022515457882,ok,1369.763197638551,-133.37236277261616,-0.028244231518178002
787,-0.3055832788636508,0.3810296421270323,0.14126124529863043,0.9999574746249774,377,360,0.9549071618037135,0.4097946603863695,ok,1370.067652332764,-133.75429479231616,-0.1695054768168088
788,-0.24871538690717898,0.8251831292577663,0.2568126503990286,0.9998268194836352,349,311,0.8911174785100286,0.5099924226114899,ok,1370.3102209885385,-134.58130566753584,-0.4263181272158381
789,6.489166958855094,1.8920665028787198,0.19774090406006925,1.0003105115015267,358,311,0.8687150837988827,1.0401665276794316,ok,1363.8008311780934,-136.4025820789799,-0.6240590312759079
790,-3.2003831265210465,3.936015522303137,0.10859229948056395,0.9998396125362639,363,346,0.953168044077135,0.5303224987056079,ok,1366.9506234983207,-140.37919856636836,-0.7326513307564722
791,-3.712624535530267,0.7168562991330418,0.019819895412507883,0.999886931457809,392,371,0.9464285714285714,0.48043809816706895,ok,1370.6535135896856,-141.14474991454904,-0.7524712261689801
792,-6.448022737689826,0.42577744604602685,-0.14530487162573894,1.000334651429633,366,327,0.8934426229508197,0.5008165232688024,ok,1377.0966623810248,-141.63883220728076,-0.6071663545432407
793,-0.22337423238627707,0.025852456880670616,-0.08899329205411226,0.9999545546824368,383,367,0.95822454308094,0.373579851290913,ok,1377.3197936765605,-141.66670373708257,-0.5181730624891283
794,0.4109781546412705,0.5703593797265967,-0.36177625615999087,0.9999181916737803,363,306,0.8429752066115702,0.4165478889968739,ok,1376.9072601796097,-142.23593917126414,-0.1563968063291367
795,0.44913688595579515,0.13075455745001818,-0.10108053690270472,0.9999447115069828,383,362,0.9451697127937336,0.4163486779947706,ok,1376.4579972658705,-142.3662600481739,-0.05531626942643185
796,1.0115487737941748,0.8668857968117436,-0.1363677739034864,0.9997901774932137,397,368,0.9269521410579346,0.6217488903518755,ok,1375.4476758139772,-143.2345759298222,0.08105150447705478
797,0.1836540839810823,0.41011976126640093,0.012124421683649906,0.9999500797589309,412,397,0.9635922330097088,0.32044068045565155,ok,1375.2645152387054,-143.64491633096497,0.06892708279340487
798,-0.07759025156929056,1.676973729834117,0.19005409724669417,0.9998721029794215,366,344,0.9398907103825137,0.7665105248624441,ok,1375.3385600877002,-145.32205034410458,-0.1211270144532896
799,-0.3376812628494008,0.6922490810059116,0.1115653158940982,0.9997328041677285,396,373,0.9419191919191919,0.3919308546844618,ok,1375.6734271787532,-146.0156651195838,-0.23269233034738795
800,7.998688215660877,2.346187133530975,0.4021657923349092,1.0004289113099574,335,278,0.8298507462686567,0.8845175446927468,ok,1367.6492338987232,-148.27308166103535,-0.6348581226822976
801,1.8365772604797712,2.125547337776311,0.11253388463611325,1.0001082200675846,339,314,0.9262536873156342,0.5491854105838847,ok,1365.785087077429,-150.3744916989615,-0.7473920073184109
802,1.8341433371006133,2.0099540832877665,0.12885103629543201,1.000184385456711,364,337,0.9258241758241759,0.6074929996815439,ok,1363.9204205410692,-152.3561616780795,-0.8762430436138431
803,-0.3992561987861336,-0.5366204453720229,-0.04065905156789543,1.000167422096604,348,336,0.9655172413793104,0.618842180923149,ok,1364.3274599126962,-151.82542071997852,-0.8355839920459476
804,-0.5558185240599869,-0.602441495541143,-0.22000996033758674,0.9999405937375162,369,342,0.926829268292683,0.6539525975285931,ok,1364.88971874084,-151.22898547838668,-0.6155740317083608
805,-0.0012272930275685212,0.004596170226932372,0.0003172987066771356,1.0000011325064802,520,520,1.0,0.005450607270927143,ok,1364.8908965581563,-151.23359457540232,-0.615891330415038
806,-1.3995997937520315,0.09594523482883233,-0.5718056650534578,0.9998257314794172,362,314,0.8674033149171271,0.4636294632594313,ok,1366.2904221135047,-151.33061668980758,-0.04408566536157981
807,-0.34965723824302586,0.27911149037458927,-0.06841409177561995,0.9997905240386622,374,342,0.9144385026737968,0.513005411121721,ok,1366.6401978340725,-151.60957968666605,0.024328426414040188
808,-0.7090865517004659,0.7753075275438732,-0.0823213169919667,0.999694151534643,364,341,0.9368131868131868,0.705203747741197,ok,1367.350726305563,-152.38356598581447,0.10664974340600696
809,-0.5245991767098985,1.2548917766980594,0.04360559337463939,0.9999291120133733,382,358,0.93717277486911,0.5596476121045884,ok,1367.876705956972,-153.637879771808,0.06304415003136755
810,-0.224398918011957,0.8127497186194432,0.059030156238785575,0.9998275476141594,385,367,0.9532467532467532,0.40415030169952765,ok,1368.1011618135717,-154.45061376762658,0.0040139937925819345
811,-0.2989577781763728,2.2084610468027677,0.22392617034893836,0.9998366448951291,395,378,0.9569620253164557,0.8353165225060748,ok,1368.3916409139633,-156.6602060016403,-0.21991217655635653
812,7.9745358001960085,1.740271538499087,0.2705206844506222,1.0005090377890307,362,297,0.8204419889502762,1.4490412080399875,ok,1360.4025012857871,-158.33215524064974,-0.4904328610069788
813,-1.8704990172777798,3.7877432216325815,0.1861370836786647,0.9999253474920815,390,364,0.9333333333333333,0.3360004867673773,ok,1362.228143849619,-162.14172142537302,-0.6765699446856436
814,-9.249211460473589,2.764997026959577,0.24120533210091105,1.0001123343736111,356,301,0.8455056179775281,0.6346213326198805,ok,1371.4318803590259,-165.05451312150615,-0.9177752767865548
815,-5.416645195449064,0.013238779397966027,0.027911962178047502,0.9995886536818976,421,384,0.9121140142517815,0.645139366182341,ok,1376.8475692507825,-165.1571496957289,-0.9456872389646024
816,-0.055195606478491754,0.03663201180597753,-0.12744661526185772,0.9999607032294849,394,368,0.934010152284264,0.5477687148537427,ok,1376.9022361051532,-165.19456619338257,-0.8182406237027445
817,1.0920356879648807,0.11465408345907235,-0.2505329549683818,0.9998686158271467,390,342,0.8769230769230769,0.5442085613873375,ok,1375.8091180062006,-165.2983945343351,-0.5677076687343628
818,1.3772228290979456,0.3845840053451184,-0.3262882852952161,0.9999037853928905,415,364,0.8771084337349397,0.45087738361570107,ok,1374.430286938584,-165.6771721275628,-0.24141938343914673
819,1.424046334631612,0.5045418484630773,-0.2807374795381314,0.9997872107048453,409,355,0.8679706601466992,0.5355833833201278,ok,1373.0065871710954,-166.18269108079915,0.0393180960989846
820,0.7673028020772108,0.6665858508376914,-0.12340504851513122,0.9996528853507478,412,387,0.9393203883495146,0.6977605417281939,ok,1372.2411806012094,-166.85145342228373,0.1627231446141158
821,-0.2144005970485523,0.9812953005548479,0.031179198777045617,0.9998100662994608,422,406,0.9620853080568721,0.45989711544438105,ok,1372.4578335625367,-167.83225390008442,0.1315439458370702
822,-0.5464393904746885,1.1826508375779667,0.1717048918795617,0.9998017577341888,382,349,0.9136125654450262,0.6518517058326238,ok,1373.003443850689,-169.0152874687326,-0.04016094604249144
823,-2.4995018233391875,3.5653715775551973,0.31310278792456375,1.0001767925485987,357,338,0.9467787114845938,0.8847356716957245,ok,1375.4809155949133,-172.5960021470454,-0.3532637339670553
824,4.145507782928689,4.496778853610294,0.11512918477894603,0.9998073194172721,373,324,0.868632707774799,0.41016257277927914,ok,1371.298785583119,-177.0587415973214,-0.46839291874600136
825,7.391336905545131,1.0449677567223716,0.025541982592690176,0.9998339139974897,366,320,0.8743169398907104,0.5380375547963518,ok,1363.8987149943164,-178.03995214791928,-0.4939349013386915
826,4.408044683758817,-0.23936276120980438,0.006382550419146849,0.9999283485089393,387,348,0.8992248062015504,0.4024022423081496,ok,1359.4929285023795,-177.7621071318889,-0.5003174517578384
827,0.36251156668618023,-0.1572166858751416,-0.01625595966071202,1.0000399225335295,412,402,0.9757281553398058,0.2284802561734326,ok,1359.1317580971895,-177.60183342626704,-0.4840614920971264
828,-0.7954601802127854,-0.25241011723346674,-0.05537360479643189,0.9999165520121536,375,361,0.9626666666666667,0.3822704362566827,ok,1359.9290845310447,-177.35538196357697,-0.4286878873006944
829,-1.1322289873789941,0.024201125168247017,-0.07848162828398456,0.9997323532411388,370,352,0.9513513513513514,0.5487075333861502,ok,1361.0611444462013,-177.38650306279396,-0.3502062590167098
830,-1.6121974946111095,0.3382520093121002,-0.16669390610011864,0.9999954992356088,361,322,0.8919667590027701,0.4081184271200361,ok,1362.672250287686,-177.72991702722777,-0.183512352916591
831,-1.204868143043086,0.4512668301256326,-0.10031786105975021,0.9996621118219736,357,334,0.9355742296918768,0.5290682961968554,ok,1363.876461913343,-178.18293287101653,-0.08319449185684069
832,-0.6294525356292979,0.7335465727834389,-0.023232185915146315,0.9997809001367405,355,338,0.952112676056338,0.5906032028600394,ok,1364.5051464188248,-178.9171377890193,-0.05996230594169435
833,-0.1480388521158602,0.42853006328959964,0.02198802120282383,0.9999137638156207,431,421,0.9767981438515081,0.2254652296077977,ok,1364.6525721918747,-179.3458791543194,-0.0819503271445182
834,2.7363248537139953,-6.7040751682043265,0.20022730132462527,1.0011548571684161,328,258,0.7865853658536586,1.7844949941555082,ok,1361.9492974814473,-172.628409139057,-0.28217762846914374
835,-6.833808677228717,5.223345437520948,0.16984743620301213,1.000109653706493,345,292,0.8463768115942029,0.5648433853787744,ok,1368.7416852408494,-177.90550560610802,-0.45202506467215603
836,1.230715219724516,5.617218574454341,0.22601826591286708,1.0002004856297113,366,330,0.9016393442622951,0.7467648405492415,ok,1367.4445830876089,-183.5077667986369,-0.6780433305850234
837,4.473754321100159,1.9486980641058835,0.15464683489286368,0.9997526505028644,367,322,0.8773841961852861,0.5137605737398758,ok,1362.9429814241726,-185.3912434601226,-0.8326901654778873
838,1.6450881769142143,0.4441013528660278,0.06387554592779213,1.000110268926303,368,341,0.9266304347826086,0.4807959460056597,ok,1361.2911456269605,-185.80954911450624,-0.8965657114056795
839,-2.6694747536353134,0.3295793982936175,-0.01604558673775002,0.9996127438259813,358,328,0.9162011173184358,0.5352365182288497,ok,1363.9552403869602,-186.18011240170404,-0.8805201246679294
840,-3.5182070018177,0.26975093884925627,-0.10406575796338352,0.9995094771226358,380,360,0.9473684210526315,0.7037328744832053,ok,1367.4694688696663,-186.49751474571758,-0.7764543667045457
841,-1.2642696547284231,0.5773006895176422,-0.20795633820649034,0.9997928532692935,385,343,0.8909090909090909,0.4627350094418839,ok,1368.727948314469,-187.0873311010307,-0.5684980284980551
842,-0.33036568001057276,0.2560961950055116,-0.10762001158440589,0.99985628810639,371,355,0.9568733153638814,0.536184473139161,ok,1369.0562433323485,-187.34607639057367,-0.46087801691364905
843,-0.032127488587548214,1.1233719271219798,-0.36632497977453987,0.9995908096627311,368,327,0.8885869565217391,0.7040135202307543,ok,1369.0865169202334,-188.46949980676425,-0.09455303713910869
844,-0.22594893698374108,0.8143985029648775,-0.07411061013171275,0.9997599838311638,382,369,0.9659685863874345,0.583807094967117,ok,1369.3121752755073,-189.2839788736842,-0.020442427007395837
845,2.150418908823667,-0.4878715108234246,0.06453192862955678,1.0006574558887313,371,345,0.9299191374663073,0.8685920326958636,ok,1367.162482284972,-188.7929186523844,-0.08497435563695273
846,-3.065621128078419,7.498279645391676,0.21584205304322482,0.9996457789900008,339,311,0.9174041297935103,0.49984959281097247,ok,1370.18869359856,-196.30719011586837,-0.300816408680178
847,2.2583278339498065,1.827893253068396,0.10371594951783242,1.000000040470795,417,397,0.9520383693045563,0.48476693352158723,ok,1367.917516462944,-198.1190931951911,-0.4045323581980107
848,7.1235809483366666,1.1266377840449877,0.17536204206371334,0.9996766196774275,378,322,0.8518518518518519,0.5262968202878723,ok,1360.7828977856532,-199.17357626930595,-0.5798944002617246
849,3.9139818254777765,-0.32906667671579726,0.15633283812551443,0.999949212161829,432,387,0.8958333333333334,0.40658909766174167,ok,1356.8734673336155,-198.79424508343084,-0.7362272383872394
850,0.05558665523312811,-0.16071441443727963,0.08810485798990604,1.000010190656646,431,419,0.9721577726218097,0.42232711057037714,ok,1356.8201985995595,-198.63274758741318,-0.8243320963771457
851,-0.894021220002287,-0.04282131509330611,-0.004359864783599529,0.9998944327564964,431,416,0.9651972157772621,0.29501933755688053,ok,1357.7147410726252,-198.6027247507293,-0.819972231593546
852,-1.304766964664168,0.05596483105455263,-0.09661624898147049,0.9997740633246124,448,422,0.9419642857142857,0.46117021127373786,ok,1359.0186975217252,-198.67515729344757,-0.7233559826120755
853,-1.6440201289328797,0.420239915644288,-0.18108206384023665,0.9998235695062707,424,381,0.8985849056603774,0.42979033814205503,ok,1360.6586667320157,-199.11093792672136,-0.5422739187718384
854,-1.2075282923847226,0.5224609113440692,-0.3158635669151611,0.9999052427719678,405,351,0.8666666666666667,0.4776062996301419,ok,1361.8641210421688,-199.63816642265556,-0.22641035185667652
855,-0.6867222855873933,0.8464428164667197,-0.2776558705837569,0.9997727196064207,414,371,0.8961352657004831,0.4810410931865554,ok,1362.551600114,-200.48399469415335,0.051245518727081135
856,-0.2718946726993181,0.9247662584507452,-0.10661444884970724,0.9996684560475104,391,375,0.959079283887468,0.5747483853857716,ok,1362.8260416454787,-201.40800832587706,0.15785996757678866
857,7.507442610100497,3.9408400007973796,0.04215869588363465,1.0002737436953901,346,299,0.8641618497109826,0.7067087980723894,ok,1355.3265723438099,-205.3640005717191,0.1157012716931539
858,-4.296629089251837,5.033282456397046,0.3003997763778769,0.9999027262812182,384,369,0.9609375,0.5048939914714633,ok,1359.6069538624254,-210.41110745304957,-0.18469850468472374
859,-8.72653514520539,1.0156025431032276,0.4471113054086796,1.0002285693074484,395,345,0.8734177215189873,0.5967843612795688,ok,1368.3217594609066,-211.52287521060555,-0.6318098100934046
860,-3.863620780746942,-0.48397296905454823,0.17088385709110623,1.0001859390637815,401,358,0.8927680798004988,0.4556807300607063,ok,1372.1917811598491,-211.09307592965195,-0.8026936671845113
861,0.017975627267787786,-0.45933637836787966,0.0934912811750936,0.999956794289759,453,441,0.9735099337748344,0.3692401007931769,ok,1372.1809920924245,-210.63351458696548,-0.8961849483596053
862,0.7564900662887339,-0.11181078320259985,0.015388206167567146,0.9998859021691857,454,423,0.9317180616740088,0.3868588228839937,ok,1371.4263765972457,-210.50968274102138,-0.9115731545271724
863,1.2976440081993132,-0.09440967519947208,-0.06758382697801503,0.9999489754585592,416,395,0.9495192307692307,0.4474746291898886,ok,1370.130264012087,-210.39616919389675,-0.8439893275491571
864,0.6206476721313265,0.09479662747480688,-0.055855958802378695,0.9999358127820599,425,410,0.9647058823529412,0.3129421650631731,ok,1369.5083711207708,-210.48241978944782,-0.7881333687467783
865,1.00415540832455,0.3366124890444553,-0.14471940146233037,0.9998118294083039,388,366,0.9432989690721649,0.5701162993112755,ok,1368.500499051596,-210.80773493515267,-0.6434139672844476
866,0.2944049109851221,0.810925121914579,-0.332476024213014,0.9997620145310886,412,363,0.8810679611650486,0.5231596520904223,ok,1368.2016976953373,-211.6170504202771,-0.3109379430714326
867,-0.5879662175041176,1.1153890780512938,-0.3072130331805756,0.9997394344359919,415,375,0.9036144578313253,0.4916646991204437,ok,1368.7895913979887,-212.73247772079685,-0.0037249098908559786
868,-0.24995690780269797,0.46944867301567683,-0.0789997762039299,0.9999091399284064,407,389,0.9557739557739557,0.42772826714972423,ok,1369.040164848867,-213.2015975968087,0.07527486631307416
869,10.587652623767553,2.143223353007329,-0.10341994094724402,1.0004338366973224,313,245,0.7827476038338658,1.4224010873031108,ok,1358.459248019537,-215.37783137865358,0.17869480726031847
870,-4.466403294323527,3.3836946486133,0.26895104182372037,0.9997878460562976,363,347,0.9559228650137741,0.672644713282527,ok,1362.920315546971,-218.76855761034358,-0.09025623456340266
871,-4.616687079458643,1.1339776650142994,0.38156930251847,1.0001747776645422,375,322,0.8586666666666667,0.5897184553090623,ok,1367.5275079924636,-219.94051439478096,-0.47182553708187386
872,-0.36250602037466706,0.31614045611843267,0.08496465933787421,0.9999513259750773,406,393,0.9679802955665024,0.36442382607918894,ok,1367.8869247477721,-220.26016263708198,-0.5567901964197484
873,6.63635040309191,0.831448940727114,0.1172313501415973,0.9998147583998739,383,332,0.8668407310704961,0.561143395685054,ok,1361.2412526864787,-221.01348651656508,-0.674021546561346
874,2.5287294597067103,0.49404103572237545,0.02059731578291208,1.000028387487171,415,400,0.963855421686747,0.4873379050529724,ok,1358.7067197528345,-221.47683523366675,-0.6946188623442582
875,0.09833287740934793,0.18820667311854322,0.001838738409679601,0.9999556679931499,471,454,0.9639065817409767,0.20186037990260128,ok,1358.6061064541739,-221.66383274894054,-0.6964576007539377
876,-1.0118078334894562,0.6750208729004044,-0.06475978191296305,0.9996398775692474,397,381,0.9596977329974811,0.6303187547025315,ok,1359.6104106990858,-222.34996776073763,-0.6316978188409744
877,-0.48133334499743796,0.17020989880040815,-0.035387529557068136,0.9999583915478678,424,405,0.9551886792452831,0.40876344371628226,ok,1360.0899465350606,-222.52517786510418,-0.5963102892839062
878,-0.8718660103399998,1.0574967114039282,-0.25862770276513425,0.9995895789413767,395,347,0.8784810126582279,0.5978086795026409,ok,1360.9555648994524,-223.587794673669,-0.33768258651877103
879,-0.283166602577694,0.2850361624830384,-0.07338990200965147,0.9999063413049982,430,410,0.9534883720930233,0.4078542043308314,ok,1361.2374136857222,-223.87413398360854,-0.26429268450911936
880,-4.743179822037973,0.610409758606238,-0.0639848737180218,1.0007205123133258,371,321,0.8652291105121294,1.2943581890798266,ok,1365.9784305146893,-224.5011222809777,-0.20030781079109733
881,-2.9182784840556906,3.176351037989434,0.058010700128035886,0.9999567340105177,378,358,0.9470899470899471,0.7089663038666973,ok,1368.8823587821357,-227.69059807561325,-0.2583185109191334
882,0.1186976844082892,0.4150352554968322,0.12408110207859319,1.0001736735550066,384,352,0.9166666666666666,0.5586593290392271,ok,1368.7608937617129,-228.10483188930152,-0.3823996129977269
883,1.1190994169467103,-0.3668756203985595,0.2066131254195104,1.0000176825198577,358,319,0.8910614525139665,0.4107409215569885,ok,1367.645624971583,-227.7264712787511,-0.589012738417238
884,0.8865636922419071,0.10000167797409176,0.24819070133324078,0.9999760188394455,390,349,0.8948717948717949,0.38108041964646683,ok,1366.7576947542675,-227.81350831211478,-0.8372034397504797
885,0.6976946256536394,0.5216176113144684,0.17272635124017965,0.9999814677345485,418,394,0.9425837320574163,0.5141902753590685,ok,1366.0509146427107,-228.32274754568562,-1.0099297909906602
886,0.44835986715042964,0.814266897873722,0.07307098450034032,0.9998968329286858,392,379,0.9668367346938775,0.41570476796868805,ok,1365.5872445699638,-229.12839462417753,-1.0830007754910007
887,0.08598942957792133,1.033086212852254,-0.04978648727718973,0.9997715988876326,406,388,0.9556650246305419,0.5191593944456052,ok,1365.4826404964867,-230.1597623049763,-1.033214288213811
888,-0.17509614853838684,1.5786311161722324,-0.17748784123240735,0.9996556558112262,391,345,0.8823529411764706,0.6233639219566942,ok,1365.6341407524014,-231.7408323649795,-0.8557264469814025
889,-0.6285825196603128,1.7114181375470707,-0.24959835856222048,0.9996334558041153,394,356,0.9035532994923858,0.658222637399463,ok,1366.2445834624637,-233.45880434475077,-0.6061280884191811
890,-0.663930876733275,1.9751784073025647,-0.18970426719421962,0.9995540321120717,406,370,0.9113300492610837,0.6733040904044303,ok,1366.8941413991176,-235.43875596958515,-0.4164238212249608
891,2.4526431371302806,-1.9463487945772613,-0.15868644389812614,1.0008143356402643,377,346,0.9177718832891246,1.085124863679404,ok,1364.4502784363265,-233.48139401854962,-0.2577373773268341
892,-3.9900313553141586,4.302737727840622,-0.024785274625501407,1.0000840330748655,358,311,0.8687150837988827,0.5583999305965062,ok,1368.4227828709977,-237.80031873281473,-0.23295210270133257
893,7.98942359722264,4.731486581450554,-0.04846623152637636,0.9997618721248871,360,314,0.8722222222222222,0.7490147913844196,ok,1360.4181658690848,-242.5060557993104,-0.184485871174956
894,5.643894822914035,-0.388346430695492,0.09045455922069666,0.9999762890247635,361,316,0.8753462603878116,0.7023618402684286,ok,1354.7761995443698,-242.0906310610859,-0.27494043039565297
895,1.214928622848447,-0.30427182362973326,0.15359075511536535,1.000100500812104,421,399,0.9477434679334917,0.5272301247785091,ok,1353.5635806156815,-241.77728104104767,-0.42853118551101893
896,-0.37317258879443216,-0.20529547113233093,0.2058625435269684,0.9999619531367604,423,387,0.9148936170212766,0.3443835702919209,ok,1353.939003368427,-241.57612993313114,-0.6343937290379882
897,-0.535971332058125,0.15406574261874084,0.07837401792620388,0.9999646803243871,424,407,0.9599056603773585,0.4325468193083751,ok,1354.4730166777258,-241.73685114308284,-0.7127677469641925
898,-1.192120187718956,0.4583877162721137,0.10515048620969562,0.9998296268289808,443,415,0.9367945823927766,0.40010999588366764,ok,1355.6584719685038,-242.21220952784415,-0.8179182331738885
899,-1.4037699241430346,0.7378634277413312,0.018336892050848534,0.9998017792280612,423,402,0.950354609929078,0.5429217631537747,ok,1357.0513233422125,-242.9704822285821,-0.836255125224737
900,-1.2773783845116213,1.0134954546326753,-0.08493952899858495,0.9997058936062841,411,395,0.9610705596107056,0.693419212756424,ok,1358.3153023913792,-244.00064024415371,-0.7513155962261515
901,-0.5093946604652047,1.4118055478727456,-0.1562567292675169,0.9997575857209169,436,406,0.9311926605504587,0.5438436358791127,ok,1358.8100072027635,-245.41765999514803,-0.5950588669586339
902,-0.06421914929001105,0.8173594190865288,-0.06509311183234048,0.9997994143018799,398,384,0.964824120603015,0.4789218106145251,ok,1358.8666634263268,-246.23557844550635,-0.5299657551262931
903,-5.085726398559245,4.521863343958216,-0.16327727785929427,1.000541754948435,372,327,0.8790322580645161,1.2136253205144334,ok,1363.923346300345,-250.78989721059554,-0.366688477266998
904,1.5858998699891345,1.2662736494263527,-0.03056146957057173,1.000167825725766,424,412,0.9716981132075472,0.3912169047845642,ok,1362.330045139651,-252.04684540530957,-0.3361270076964261
905,6.318821419422193,0.574074632940551,-0.00807604782467033,1.000008775977362,377,341,0.9045092838196287,0.6497421522431227,ok,1356.0080404060318,-252.58473197591059,-0.32805095987175575
906,0.01918760210128312,-0.055047409682174475,0.04670458550160021,1.0000093050299648,410,392,0.9560975609756097,0.30579459492609173,ok,1355.9892132613863,-252.529560243913,-0.37475554537335615
907,-2.8583287776707493,0.3574292917683124,0.13915241750428362,0.9999820406052307,384,365,0.9505208333333334,0.4033600262946355,ok,1358.8442211854156,-252.9126122685858,-0.5139079628776405
908,-3.667699140399236,0.46726627422845013,0.2256570427861982,1.000012928116055,391,367,0.9386189258312021,0.464860101064036,ok,1362.505583555024,-253.42718039228885,-0.7395650056638398
909,-1.096011465627953,1.0769525523421635,0.18514486488235793,0.9998612167876471,390,370,0.9487179487179487,0.5521011257483734,ok,1363.5840718496625,-254.5216807034409,-0.9247098705461985
910,-0.27186479495799176,1.2968427612501046,0.08847976092783963,0.999785920437657,423,407,0.9621749408983451,0.5119503923435351,ok,1363.8329626215275,-255.82312797391512,-1.0131896314740385
911,-0.20140196564284452,1.495627743599357,-0.038342110780036805,0.9997253397826105,383,367,0.95822454308094,0.679799033174302,ok,1364.0088896065229,-257.32196578873686,-0.9748475206940015
912,-0.7188406364066395,1.9200938669803236,-0.15937432786337832,0.999651593821209,390,352,0.9025641025641026,0.6518666286032914,ok,1364.7003302542264,-259.25209587483664,-0.8154731928306226
913,-0.4010685023922633,0.9673159127631834,-0.1051217700853007,0.9998594462280674,419,379,0.9045346062052506,0.3944399914120504,ok,1365.089375485386,-260.2243097539848,-0.7103514227453215
914,2.0423368672497872,-1.1188122537867002,-0.2950785805745375,1.0004895570102121,382,371,0.9712041884816754,0.8812901680904909,ok,1363.055201205817,-259.090724407003,-0.41527284217078264
915,5.410698261128118,9.55718550379379,-0.44147497755430654,0.9997604178099976,381,347,0.910761154855643,0.6789900855703818,ok,1357.6488741405947,-268.65038329687684,0.02620213538352588
916,-2.0853539654124233,0.7365592923515578,-0.026903429518233945,1.0000088104513754,419,407,0.9713603818615751,0.40409356898192733,ok,1359.734909902635,-269.38500942743497,0.053105564901759945
917,-3.134144655840828,-0.09866526484302085,0.0475764758131556,0.999924193121062,405,388,0.9580246913580247,0.45565812454677823,ok,1362.8690450226047,-269.2860417155563,0.005529089088604134
918,1.3401425499739616,-0.19329182163210135,0.17451397255423784,1.0001878394639356,394,375,0.9517766497461929,0.5276533472060995,ok,1361.529478384301,-269.08879820082404,-0.16898488346563456
919,3.6833397538330246,-0.1302743332270211,0.2758249618148051,0.9998727211770496,405,379,0.9358024691358025,0.3300587874424444,ok,1357.8472609890719,-268.9299328542713,-0.44480984528044093
920,1.7635049007863017,0.15599198702147987,0.3092035776162738,0.999883101776677,404,372,0.9207920792079208,0.3328991531493919,ok,1356.0818559953782,-269.0627042493601,-0.7540134228967161
921,-0.1371658731000025,0.4746325908263316,0.2610825317558751,0.9998526255800471,393,352,0.8956743002544529,0.4583711411798935,ok,1356.2105918270183,-269.5396923610251,-1.0150959546525924
922,-0.6417359654781194,0.9555114273981644,0.12861052906911857,0.9997632754228539,394,379,0.9619289340101523,0.49063403876315964,ok,1356.8331278228904,-270.50782255429465,-1.1437064837217117
923,-0.7775968495998313,1.1264259027904018,-0.030040991368579212,0.9996668363061951,395,383,0.9696202531645569,0.6078407801426712,ok,1357.588684680628,-271.6491489798675,-1.1136654923531322
924,-0.20044878396811328,0.5841557442961403,-0.06968588705782369,0.9998280696540365,408,390,0.9558823529411765,0.3940688570424189,ok,1357.778456947359,-272.2368599082739,-1.043979605295308
925,1.249657962386891,-4.229377653541405,-0.44176636474842035,1.0006170485259387,377,363,0.9628647214854111,1.2768469087816459,ok,1356.573320505498,-267.99458145021254,-0.6022132405468857
926,3.990780598226138,8.693228498215603,-0.41499866654349393,0.999563494072378,340,296,0.8705882352941177,0.4881904671839453,ok,1352.5541560444901,-276.6747236460948,-0.18721457400339
927,-5.879593933344495,3.765270661813247,-0.2300854754265826,1.0001027398365996,403,368,0.913151364764268,0.5440608895753146,ok,1358.4365656517273,-280.4355939164468,0.04287090142319359
928,-6.1770632827388,0.9615898802627498,-0.04569163295550866,1.0001447438179838,429,401,0.9347319347319347,0.521911946905228,ok,1364.6151078917133,-281.38763471677703,0.08856253437870246
929,-0.7598746850324005,0.19960029528886025,0.051427899247487495,1.0000117636102488,433,415,0.9584295612009238,0.2850397058177326,ok,1365.3751117824122,-281.5867424789436,0.03713463513121472
930,0.0664507696160399,0.4987299323559,0.24036425769594233,0.9999606482298599,385,345,0.8961038961038961,0.3200739954544113,ok,1365.306892426464,-282.0852335718272,-0.20322962256472876
931,0.8530355822852016,0.5657968752241231,0.41513637020823585,0.999848574747207,413,381,0.9225181598062954,0.3825200882725567,ok,1364.4478002668727,-282.641791268734,-0.6183659927729664
932,0.4864355966897165,0.34639776488711504,0.13209874156603757,0.9999949994177111,444,433,0.9752252252252253,0.3777680382143755,ok,1363.9568693798715,-282.98178812965193,-0.7504647343390046
933,0.940904026401995,0.8288155483602395,0.16814072461026572,0.9998942649397629,419,404,0.964200477326969,0.5395399314842526,ok,1363.0027987059211,-283.79541258184736,-0.9186054589492711
934,0.5648740495053062,0.9233612809335909,0.09683793311486613,0.9997194595683058,421,405,0.9619952494061758,0.5302167038786431,ok,1362.4216496483443,-284.7086182102846,-1.0154433920641377
935,-0.22452033126410242,0.9537510558715212,-0.010249871023422613,0.9997435196522502,433,419,0.9676674364896074,0.5687026383255963,ok,1362.6294037382886,-285.66616126092936,-1.0051935210407152
936,-0.8617206935468857,1.3177817404286998,-0.12440198959711025,0.9996880733710612,391,354,0.9053708439897699,0.5677427354036211,ok,1363.4707655311836,-286.997033757659,-0.8807915314436044
937,2.95957536730657,-6.320333882703039,-0.1745561062017911,1.0014382822262688,367,336,0.9155313351498637,2.1887456559058025,ok,1360.5893182967072,-280.640700807086,-0.7062354252418126
938,9.486089657140383,8.689662497118888,-0.30339470051434997,0.9995363524292473,366,313,0.855191256830601,0.7969280581245821,ok,1351.0423674852843,-289.26345335493386,-0.4028407247274612
939,1.4226077608780088,3.5615699126625486,-0.14577127689931946,0.9998083627723088,399,363,0.9097744360902256,0.38927386318887497,ok,1349.6037943717502,-292.81860461488213,-0.25706944782814095
940,-1.23224042062634,0.9050853051143122,-0.04457684352275433,0.9999077382727793,398,379,0.9522613065326633,0.4314663726702574,ok,1350.8326696398312,-293.7282536896672,-0.2124926043053864
941,-0.43580743986990456,0.674208466406867,0.01011019025599568,0.9999438135438444,423,409,0.966903073286052,0.3083331958885372,ok,1351.2658543950063,-294.40415024144465,-0.22260279456138218
942,-1.6289144482136635,0.9099556363506736,0.09864975303914844,0.9998332166589269,384,360,0.9375,0.4558876451068359,ok,1352.8896412219055,-295.32322471095927,-0.3212525476005311
943,-1.3066705717133118,1.0714620668122734,0.15454632224757242,0.9998664737488956,397,379,0.9546599496221663,0.4997452515100382,ok,1354.1873691454812,-296.40550063694593,-0.47579886984810416
944,-0.9985002876921953,1.2160069502183433,0.3265942992982484,0.9997632778066694,419,383,0.9140811455847255,0.4719396282915068,ok,1355.1687426258168,-297.6353712885166,-0.8023931691463543
945,-0.9731434046962022,1.184575140703373,0.3483893016529973,0.9997785899720248,383,356,0.9295039164490861,0.5533863923981397,ok,1356.1178992270081,-298.8392517213215,-1.1507824707993533
946,-0.5937141100678218,1.3484289995318477,0.15263952336696868,0.9997759525395354,399,385,0.9649122807017544,0.5514843150023888,ok,1356.6807869423183,-300.20083705879586,-1.3034219941663228
947,-0.13405980025754616,0.6827258240734864,0.01044025258430549,0.9999144992484927,428,421,0.9836448598130841,0.3179293138781396,ok,1356.799157131568,-300.8864572737832,-1.3138622467506285
948,-0.9083663456099202,2.109831787565895,-0.35133742450585065,0.9995155112701425,388,347,0.8943298969072165,0.8766134905132829,ok,1357.67195342669,-303.01125049122356,-0.962524822244776
