frame,step_center_dx,step_center_dy_down,step_rotation_deg,ransac_scale_diagnostic,good_matches,inliers,inlier_ratio,median_reprojection_error_px,status,center_x_in_reference,center_y_in_reference,rotation_to_reference_deg
182,0.0,0.0,0.0,nan,0,0,0.0,nan,reference,1280.0,720.0,0.0
183,0.05405203633972633,-0.048551917376471465,-0.00016090103187266257,1.0000000364245958,446,429,0.9618834080717489,0.11266841159804097,ok,1279.9459478273145,720.0485517655844,0.00016090103187266255
184,0.08714677399348147,-0.06438214519107532,-0.0019267456351776252,1.0000297424470583,458,446,0.9737991266375546,0.1173255972528682,ok,1279.8587987075314,720.1129307354261,0.002087646667050287
185,0.02387806963042749,-0.011786793560872866,-0.00014330745156921268,1.0000116126073246,482,470,0.975103734439834,0.07434358526947814,ok,1279.8349201789708,720.1247165992256,0.002230954118619499
186,0.023626541401881695,-0.037518713495273914,-0.000597673149828325,0.9999906118464706,462,448,0.9696969696969697,0.09077692423395414,ok,1279.8112917853418,720.16223414626,0.002828627268447824
187,0.14640893302430413,-0.1575624804279414,-0.000770880940508645,1.0000439687954008,418,402,0.9617224880382775,0.18652084223097176,ok,1279.6648729540163,720.319787428489,0.003599508208956468
188,0.031156582142557454,-0.04065683832141076,-0.0005246346261595001,1.0000280900340748,448,429,0.9575892857142857,0.08806796708325026,ok,1279.6337134454807,720.3604420240583,0.0041241428351159685
189,0.029302362292582984,-0.03696209411623386,-0.0009065275264803786,0.9999685997570653,443,436,0.9841986455981941,0.07432309362167727,ok,1279.6044078379641,720.397401545233,0.005030670361596346
190,0.13571432887852097,-0.08242760180667119,-0.0007988647709768145,1.0000047453378402,392,374,0.9540816326530612,0.14722050308951123,ok,1279.468685123226,720.4798153384156,0.00582953513257316
191,0.06848819572792308,-0.05632708057862601,-0.0001000455389229151,1.0000193062513616,436,425,0.9747706422018348,0.11298152883297022,ok,1279.4001910985355,720.536135330801,0.005929580671496075
192,0.01035431998752756,-0.009424639037433735,-0.0003538852245743943,1.00001040783847,503,501,0.9960238568588469,0.010531251301777844,ok,1279.389835745037,720.5455588342528,0.006283465896070469
193,1.9874781666087529,-4.777634679311404,-0.26659678545534515,0.9995696281063582,368,331,0.8994565217391305,0.9154814675251253,ok,1277.3796259612247,725.3136736836217,0.2728802513514153
194,9.205334967039335,9.521033994636582,-0.19480106865114752,0.999328415023056,342,288,0.8421052631578947,0.6215830369247155,ok,1268.2523129856372,715.7178184310607,0.4676813200025626
195,-0.3668249452437067,8.150968848196726,-0.13947529165144942,0.9995715002689385,350,292,0.8342857142857143,0.40235202211711507,ok,1268.7054905730693,707.57119435854,0.6071566116540119
196,-6.1796989602953545,7.457350184599136,-0.1139496835997917,0.9996166373971199,315,267,0.8476190476190476,0.4721567267938546,ok,1274.9785534484363,700.1922084405898,0.7211062952538034
197,3.658543419592661,0.5740549882341384,0.272769196327298,0.9999899632734487,325,268,0.8246153846153846,0.3085575102159776,ok,1271.3246139451749,699.5895433685425,0.4483370989265058
198,3.8617498796565997,0.7274768718739324,0.43775383682946395,1.0000673632100556,323,272,0.8421052631578947,0.30131830786342895,ok,1267.4629985056642,698.8613531945688,0.010583262097042197
199,0.031647317911847495,0.6344655909725816,0.19335859837933997,1.0002528547290799,328,293,0.8932926829268293,0.5295248222972405,ok,1267.429327387048,698.2269917876166,-0.18277533628229767
200,-0.9948212512376813,0.8666107898625341,0.44770310255091744,1.0002102172622955,339,285,0.8407079646017699,0.3937691530603307,ok,1268.414552481894,697.3494867474562,-0.6304784388332146
201,-0.42221595279465873,1.1135722287565386,0.19741629663249896,1.000219021805103,327,307,0.9388379204892966,0.5442082765637813,ok,1268.8206343689492,696.2299301743177,-0.8278947354657135
202,-0.17394296088605188,0.42978222306487623,0.01085285837804735,1.0000895397130514,351,329,0.9373219373219374,0.2506816059198089,ok,1268.9882673750571,695.7976477571787,-0.8387475938437607
203,12.771315121946827,8.164261235463755,-0.18332437518805042,0.9989539045700778,168,118,0.7023809523809523,1.6127666964615597,ok,1256.1243965138751,687.7800123244716,-0.6554232186557104
204,-4.488259506850227,15.42390302158924,-0.39540180434434374,0.9992656054518451,179,144,0.8044692737430168,0.5919047767794481,ok,1260.5426128256265,672.3358994511856,-0.2600214143113672
205,-4.520944362112914,2.933650283954421,-0.2603176846690626,0.9998676287924454,209,162,0.7751196172248804,0.4386491389800964,ok,1265.0635723572714,669.402272544591,0.0002962703576951098
206,2.9313649355917732,3.881531500255278,-0.3664126066974876,0.9997775896434453,217,176,0.8110599078341014,0.35777953349339464,ok,1262.1571101693764,665.5020591243501,0.36670887705518235
207,6.118429117301957,1.8764104098135022,-0.15787132178112978,0.9999145978847752,228,181,0.793859649122807,0.42668124412754665,ok,1256.0561170119393,663.5697099368563,0.5245801988363119
208,0.2000772224917,1.8693313877997753,0.06795595394087711,1.000231925047422,264,229,0.8674242424242424,0.3310898340668912,ok,1255.8709438025282,661.6988433956809,0.45662424489543496
209,-0.4892491845771474,0.6426567460362094,0.12262778166975365,1.0000985077627824,289,279,0.9653979238754326,0.36117649238800154,ok,1256.3639309166529,661.0590495514291,0.33399646322568144
210,-0.4410597065957518,1.0822122513832255,0.40073161191741863,1.0000213484317624,287,238,0.8292682926829268,0.3751393864876694,ok,1256.8037298197216,659.9763243108042,-0.06673514869173665
211,-0.3087415443080772,0.4628979247621601,0.30848305419462857,1.0001570497567065,282,223,0.7907801418439716,0.43446686361973846,ok,1257.1094333425553,659.5114144420577,-0.3752182028863648
212,11.517344837104247,10.040532012677886,0.8167531677009289,0.9975497584474413,263,186,0.7072243346007605,1.2682154237496546,ok,1245.3857143600017,649.7126426612429,-1.1919713705872927
213,-6.624586837837342,12.7439209872623,0.33730641477324635,0.9990738756919204,288,234,0.8125,0.8146573052891712,ok,1251.6678348910502,636.7964654196974,-1.5292777853605384
214,-2.4881772631081276,3.5186264263500107,-0.1500101467776685,0.9997245166287475,302,254,0.8410596026490066,0.40744601172685957,ok,1254.0705963679447,633.2189669492562,-1.3792676385828704
215,2.3785726083526697,1.577179239686643,-0.18201633090120672,0.9999583907826065,319,281,0.8808777429467085,0.27172114849825785,ok,1251.659588729637,631.6918310105378,-1.1972513076816638
216,5.366178901869262,2.778619441937167,-0.5376416150405753,0.9999417067767278,316,261,0.8259493670886076,0.40283835183348005,ok,1246.2617776623663,628.9751717216265,-0.6596096926410894
217,0.5461831296756827,2.8759952675344493,-0.4447240678862793,0.999893777083526,305,250,0.819672131147541,0.3618305193735591,ok,1245.7048120892623,626.1012451149783,-0.21488562475481068
218,-0.9414752626471454,1.8172183185770336,-0.20752943088965747,1.0001475173867675,319,272,0.8526645768025078,0.40502847076534154,ok,1246.646054031848,624.2839059355551,-0.007356193865153404
219,-0.07962478409558571,0.7685840211903496,-0.03546831409919085,1.0000359803963887,361,345,0.9556786703601108,0.3218308054737796,ok,1246.72605591137,623.5153610747017,0.028112120234037422
220,-0.2919830976834419,0.9948803787469842,0.0092691222150854,0.9999770700834211,337,317,0.9406528189910979,0.3590797045895454,ok,1247.018366181912,622.5205767749242,0.01884299801895203
221,2.3475411264519153,-2.3323042775950853,-0.043782979008680493,1.0012171962648024,158,124,0.7848101265822784,1.4074535816206626,ok,1244.668277180917,624.8503137281175,0.0626259770276325
222,10.070367209720871,18.30892539401384,0.260794490891756,0.999205476128256,177,145,0.8192090395480226,0.6398556766821373,ok,1234.5346453782206,606.5763280843237,-0.1981685138641235
223,-0.043035496376433,5.588592128839537,0.3019081070826934,1.0003636156180948,197,180,0.9137055837563451,0.7911614596958427,ok,1234.5289027145654,600.9875732088356,-0.500076620946817
224,-0.3398008289552763,1.8152953650551353,0.09917850601388299,0.9999698889334977,234,220,0.9401709401709402,0.330776447326132,ok,1234.8496991755185,599.1688232270104,-0.5992551269607
225,-1.598646603437146,2.7310993810193622,0.16201385934776785,0.999820395414622,263,243,0.9239543726235742,0.42280116258948797,ok,1236.4119185776592,596.4167248764314,-0.7612689863084681
226,-1.3567639818456882,1.8726948521374425,0.011279077091457246,0.9997112721830309,295,268,0.9084745762711864,0.5841397670811121,ok,1237.7433094984824,594.5259068715444,-0.7725480633999253
227,-1.0938030558509126,1.84979660136446,-0.1290525468840784,1.0000273503546169,298,255,0.8557046979865772,0.3977324185465459,ok,1238.81626872752,592.6639425635537,-0.6434955165158469
228,-0.5757749631195566,1.6353010536615784,-0.21752907660296597,0.9999990443512927,320,269,0.840625,0.38654732569263217,ok,1239.3798702172942,591.0244061336484,-0.4259664399128809
229,-0.10662628796740137,0.3306699859745095,-0.14059826705513193,0.9999112379266192,301,284,0.9435215946843853,0.6631845991286158,ok,1239.4848482499333,590.693209186843,-0.285368172857749
230,2.109202832649771,-5.815269817606918,-0.44447221127276143,0.9996307964947619,144,122,0.8472222222222222,1.7333395700981464,ok,1237.359505209514,596.5025995680592,0.15910403841501258
231,10.572154828465727,9.362539905617268,-0.13574638419616092,0.999631000728726,199,160,0.8040201005025126,0.4892297105564828,ok,1226.835670822948,587.0857783949957,0.29485042261117356
232,-6.223441751736573,10.69122883994146,-0.07574203425898665,0.9988864785201388,193,143,0.7409326424870466,0.9246051916688688,ok,1233.1281334058633,576.4350264972251,0.3705924568701602
233,-2.79647711463258,1.7329349052985208,0.23059147206920358,0.9996034716530358,249,225,0.9036144578313253,0.7793561257159226,ok,1235.928836556544,574.7089298891433,0.14000098480095652
234,7.356678413899317,1.218713069257774,0.4580031825888999,1.00024222563571,239,192,0.803347280334728,0.544874220717624,ok,1228.5655074032343,573.5310663101445,-0.3180021977879435
235,2.8885647646359303,0.4498438304284491,0.3035802042427487,1.0001389652739991,286,230,0.8041958041958042,0.45294425726980225,ok,1225.672232512642,573.112585392134,-0.6215824020306923
236,-0.07610773473038535,0.6962624261987003,0.062104819050626675,1.0001100716320048,333,317,0.9519519519519519,0.26064777454491517,ok,1225.740026810035,572.4154643935525,-0.683687221081319
237,-0.9319995272342112,1.3287208099250165,0.09909527315380467,1.0000433277115095,334,305,0.9131736526946108,0.48753692708629387,ok,1226.6537867637958,571.0741348828075,-0.7827824942351237
238,-0.13861301154452121,0.8398082836525873,0.012895155034562103,1.000060410562135,310,285,0.9193548387096774,0.39303646098394,ok,1226.7807242031656,570.2324826941056,-0.7956776492696858
239,1.742264888286627,-1.785861743680016,-0.07976968851203943,1.0001941210889307,272,253,0.9301470588235294,0.5628548289055283,ok,1225.060908992073,572.039973979891,-0.7159079607576463
240,8.803381278408551,16.134953058378073,-0.11648927783454628,0.9989768952346275,275,227,0.8254545454545454,0.9751501639510006,ok,1216.089211423229,555.9980016927219,-0.5994186829230999
241,-7.5755456893868995,4.053579154559429,-0.17748944744405873,0.9994299934357324,293,249,0.8498293515358362,0.6015465794442831,ok,1223.6347011977984,551.8887462229152,-0.42192923547904093
242,-0.43105934244385935,-0.27223429570813096,-0.0686294894255373,0.9999623110179281,311,289,0.9292604501607717,0.33150696268629615,ok,1224.0674309976819,552.1583173429568,-0.35329974605350356
243,6.358042695848781,-0.06929763305538472,-0.05717199979867361,1.0002133084692781,284,226,0.795774647887324,0.4470853466932315,ok,1217.7098313775214,552.2604748385995,-0.29612774625483
244,2.5521089157746246,-0.23663666011157147,0.010812551961700733,1.0004795863831561,321,299,0.9314641744548287,0.506529077194374,ok,1215.159026767431,552.5107799884202,-0.30694029821653074
245,-0.6327561247160247,0.38485131839161113,0.1015773652719993,0.9999938710797633,344,330,0.9593023255813954,0.42005755436886233,ok,1215.7890228503413,552.1214269530507,-0.40851766348853014
246,-0.5362077987563225,0.9741117441940332,0.14401447699108907,1.0001711756054745,358,328,0.9162011173184358,0.5064682881320081,ok,1216.3158120104329,551.1421896608515,-0.5525321404796194
247,-0.11301236096983303,0.6150640078055858,0.17053065735343412,1.0000072369054913,361,333,0.9224376731301939,0.4807397045415969,ok,1216.4210535772966,550.525748471415,-0.7230627978330538
248,1.6576497710032072,-4.676233158059404,0.37372947278984775,0.9997415938082174,215,153,0.7116279069767442,0.7491429287532969,ok,1214.8532174758845,555.2328547237689,-1.096792270622902
249,-2.103890686517616,14.749008699317983,0.25806850959308475,0.9988773419732391,211,160,0.7582938388625592,0.9977580989843345,ok,1216.6077858892893,540.4382238288782,-1.3548607802159873
250,14.619622954448914,1.6118571232977956,-0.0818391648289027,1.0000847493350502,233,179,0.7682403433476395,0.8910108960386561,ok,1201.9559613643687,539.1515627207739,-1.2730216153870844
251,1.579654738625777,-0.7164432127322016,-0.12146156393625669,1.0001225765182247,285,274,0.9614035087719298,0.41288650624434686,ok,1200.3910241408194,539.8996078107798,-1.1515600514508275
252,-0.28622578403860643,-0.47664927737696416,-0.35212017678087754,1.0001634864243927,282,230,0.8156028368794326,0.3792856071316005,ok,1200.6838724676554,540.3722171531986,-0.7994398746699493
253,-1.4160059854252722,-0.356813397261476,-0.2453560406811719,1.0001007940946023,303,252,0.8316831683168316,0.29426676678836133,ok,1202.1032627822763,540.7153204699792,-0.5540838339887769
254,-2.919216531429811,0.1324350834690904,-0.3854563953370408,1.0000727804136744,275,222,0.8072727272727273,0.5278197063644552,ok,1205.0220769011282,540.5742944145898,-0.16862743865173577
255,-2.3727873199504756,0.6258572206270401,-0.2399743437756009,1.0000704750093559,287,242,0.8432055749128919,0.5420631392977888,ok,1207.3956417226805,539.951392364331,0.0713469051238654
256,-0.39600902278698413,1.2936049759957768,0.00634750898549214,1.0000654288163628,328,307,0.9359756097560976,0.4556202927771307,ok,1207.7931180249834,538.6582374744755,0.06499939613837326
257,1.3162842071124032,-1.9610356608889106,0.2876885530673633,1.0000243780258489,301,251,0.8338870431893688,0.5595676935767391,ok,1206.4844656175362,540.6243742585405,-0.2226891569289904
258,3.4477440869964084,13.222567718055188,0.46152382382086116,0.9990263469685827,341,295,0.8651026392961877,1.000375488860003,ok,1202.8790702615388,527.4439205229924,-0.6842129807498523
259,-4.652937485555185,2.6857765906100894,0.1473886585533156,0.9994415814528611,354,324,0.9152542372881356,0.5078933900126741,ok,1207.4925371638926,524.6908955902976,-0.8316016393031679
260,-6.934883775735216,1.517072244550036,0.2139635887526961,0.9992572119088047,335,306,0.9134328358208955,0.7058884458791244,ok,1214.3985834386187,523.0475313490277,-1.0455652280558643
261,0.638214097677519,-0.3932740069740248,0.11681606752118413,1.000189967986562,399,367,0.9197994987468672,0.35839827569107136,ok,1213.7684786260622,523.4536712316163,-1.1623812955770485
262,1.062628474644498,-0.2626834746390614,-0.03078596018322544,1.0000916966699123,406,386,0.9507389162561576,0.2708549999486751,ok,1212.7112450700638,523.737289092556,-1.1315953353938228
263,1.911773377377358,-0.07167740870022499,-0.16227736146429728,1.0001895163774839,377,358,0.9496021220159151,0.417924916396958,ok,1210.800957837557,523.8412976820473,-0.9693179739295258
264,1.3103484732812376,0.7150532702106602,-0.297023852070116,1.000146792744173,390,349,0.8948717948717949,0.30661415642373224,ok,1209.4823095072522,523.1416685791271,-0.6722941218594098
265,-0.08427783329671001,0.33014389993900295,-0.18722990256247207,0.9999839682252643,395,374,0.9468354430379747,0.3918396272337621,ok,1209.5637893661512,522.8108230253624,-0.4850642192969378
266,0.9758048584510561,-3.2617454898992264,-0.31749389220734436,0.9998009939136574,353,331,0.9376770538243626,0.758894065535093,ok,1208.5975281442065,526.0754084528891,-0.16757032708959343
267,-3.548252073579988,6.698872316800248,-0.10545964020029994,0.9994639982655358,396,351,0.8863636363636364,0.4536560871678373,ok,1212.13851631571,519.3726936399398,-0.06211068688929346
268,10.54456710079603,8.021292103846463,-0.025097706783409893,0.9997064300940139,389,336,0.8637532133676092,0.6312119926327108,ok,1201.5887696738566,511.358214982465,-0.03701298010588355
269,9.788397991619377,0.47735915935174944,0.15688572410242801,1.0001772616903783,409,356,0.8704156479217604,0.625408477530383,ok,1191.7988122716993,510.91398410408544,-0.19389870420831162
270,0.4640073303214649,-0.6265454160674153,0.27864236377046275,1.0001295690038685,436,385,0.8830275229357798,0.2845844949306765,ok,1191.339988032587,511.54433502110703,-0.4725410679787745
271,-0.40161779891604965,-0.005785334300981049,0.13915427209499354,1.0000677855296505,455,434,0.9538461538461539,0.34775353591904135,ok,1191.7416447073308,511.5458323962981,-0.6116953400737682
272,-2.0119019737867347,-0.36691867682588963,0.34058055222698097,1.0000892043581902,433,392,0.9053117782909931,0.3357286146291345,ok,1193.7593668435775,511.8792634212954,-0.9522758923007496
273,-1.6979374549900967,-0.00033273703797931375,0.17821987000500208,0.9999529457597045,442,414,0.9366515837104072,0.4726767398037458,ok,1195.4569803642835,511.8460964785929,-1.1304957623057519
274,-0.21354996581612795,0.09868512384673522,-0.0036041324846640336,1.0000164370932956,472,456,0.9661016949152542,0.19895671378164076,ok,1195.6685482169207,511.74323061788493,-1.1268916298210878
275,-0.4300948639336184,0.05729862642942862,-0.15530926679956797,0.9999397848849961,428,401,0.9369158878504673,0.4492270091625038,ok,1196.097609661286,511.6786473264557,-0.9715823630215195
276,1.9962010114654731,-3.02765349441097,-0.1761306451111627,0.9999982474050461,445,425,0.9550561797752809,0.6082432071150974,ok,1194.1436333499773,514.7337219139638,-0.7954517179103567
277,-2.6435297420750885,14.66029784067905,-0.346976174470187,0.9988688622392345,413,371,0.8983050847457628,1.0573509994170727,ok,1196.6723316360258,500.0531814861461,-0.4484755434401696
278,10.229537856256911,2.7934676081274574,-0.15121839981007357,1.0000628259359112,417,362,0.86810551558753,0.6455352975685393,ok,1186.4284386827294,497.31282326291057,-0.2972571436300959
279,1.1301044025353804,0.020132535304583143,-0.07782302620266116,1.0000689487675327,425,407,0.9576470588235294,0.28125035065606036,ok,1185.298265463861,497.2970189925798,-0.21943411742743468
280,-2.038320083680901,0.3921833548993163,0.015154883178789918,0.9998455881909146,438,416,0.9497716894977168,0.3289228762504919,ok,1187.334962731058,496.89649335146527,-0.23458900060622462
281,-1.4405009781223725,0.25049207846700483,0.0459668813923497,0.9999321501224314,442,421,0.9524886877828054,0.3223344939790002,ok,1188.7742198792319,496.63895071271065,-0.28055588199857434
282,-2.9940611186116257,0.676025406809913,0.16660639994170182,0.9998463428827276,453,432,0.9536423841059603,0.5094491299771933,ok,1191.7629138592124,495.9395791185892,-0.44716228194027635
283,-0.721429345335082,0.47567212465946795,0.08801912561496593,0.9999985673322848,462,436,0.9437229437229437,0.28525234219562745,ok,1192.4798686976706,495.45718920358263,-0.5351814075552423
284,-0.6030845930947635,1.2480202335716513,0.27008304863209776,1.0001680111219597,459,438,0.954248366013072,0.528898600920468,ok,1193.065353985241,494.20081644525396,-0.8052644561873404
285,2.3644387340311823,-4.3108446558164815,0.10219398130811222,1.0000898949141641,421,336,0.7980997624703088,0.7508890169109819,ok,1190.7694846969557,498.54856717231695,-0.9074584374954526
286,8.045361766181031,15.856020412728071,0.08280252757832827,0.9991583718176846,386,324,0.8393782383419689,1.025275947028093,ok,1182.4512935867363,482.8339584934016,-0.9902609650737811
287,-0.3477654328630706,2.254885900695399,-0.058525206460403954,0.9998107118508737,403,380,0.9429280397022333,0.549890267261431,ok,1182.762346022318,480.5737156737541,-0.9317357586133771
288,-2.451939167712453,2.2786408560045857,-0.24123489882150578,0.9997819668899501,422,377,0.8933649289099526,0.33448815777669283,ok,1185.1866467273308,478.26569142680796,-0.6905008597918711
289,-2.279203890107965,2.0999568970523796,-0.2937191554119957,0.999867227853332,411,367,0.8929440389294404,0.38405893065516944,ok,1187.4512535707206,476.15000118789476,-0.3967817043798751
290,-2.04353675063453,1.399220571099022,-0.20863714257003768,1.0000052365570018,422,374,0.8862559241706162,0.41120645468382655,ok,1189.490184632474,474.7440777251132,-0.1881445618098371
291,0.005164007058056086,0.013239043331395806,-0.00048040414172270836,0.9999991064050417,600,599,0.9983333333333333,0.01801745005557025,ok,1189.484977290594,474.73085566673456,-0.18766415766811437
292,-1.5307398420984555,2.739347700515509,-0.08687009008207734,1.0000488589945782,412,367,0.8907766990291263,0.5195047993796048,ok,1191.010895738005,471.98881934670555,-0.10079406758603694
293,-0.5489309457720992,1.4601473391248874,0.10017450819703166,1.0000850462241522,430,394,0.9162790697674419,0.373303727663301,ok,1191.5547017582553,470.5267555835545,-0.2009685757830687
294,2.148472731049651,-4.125265687983301,0.08955341595360691,0.9997842279775693,366,316,0.8633879781420765,0.8041979652031132,ok,1189.427173985882,474.6628621646639,-0.29052199173667564
295,0.7743190172875529,14.253473703520285,0.24666804742270698,0.99905869212018,368,318,0.8641304347826086,1.035288049608205,ok,1188.5192541685024,460.4172746315825,-0.5371900391593828
296,12.451674292481357,1.1464052965361589,0.18182461400048283,1.0002136651074018,364,321,0.8818681318681318,0.8334335335786888,ok,1176.0541742579753,459.42721371722376,-0.7190146531598659
297,3.15971692514222,-2.452447218529869,0.09227225859668205,1.00028201689286,448,399,0.890625,0.3713055617117931,ok,1172.9294986607636,461.9241540086396,-0.811286911756548
298,0.2645214130088789,-0.5543742750244292,-0.005054878288451698,1.0000698819592924,454,437,0.9625550660792952,0.2640336189837989,ok,1172.672804002218,462.4821954650058,-0.8062320334680962
299,-1.3525471753762304,-1.2843994888761472,-0.08955165598370074,1.0000254126111474,429,404,0.9417249417249417,0.44651246822263435,ok,1174.0413107736888,463.74957667248947,-0.7166803774843955
300,-1.2546113916330341,-0.2608725752065766,-0.1537567439446685,0.9999960456321229,433,413,0.953810623556582,0.4197556908334721,ok,1175.2984246113135,463.9981104604576,-0.5629236335397267
301,-0.29191925663621987,0.6669443622788549,-0.28034991877773663,1.0002163560078658,417,374,0.8968824940047961,0.46180628970963883,ok,1175.587051067087,463.3297345154998,-0.28257371476199006
302,-0.06402388256219638,0.3113342662387595,-0.14300546733070432,0.999956750283912,455,437,0.9604395604395605,0.33423562446862387,ok,1175.6503163733864,463.01824521569733,-0.13956824743128554
303,-0.008033594852349779,-0.002384876967994387,1.6159562966393582e-06,1.0000040532122418,622,620,0.9967845659163987,0.00837264486118908,ok,1175.6583557538481,463.0206105161441,-0.13956986338758218
304,7.25150452151388,4.1331108595561545,-0.1728163052214819,0.9996039580404101,395,333,0.8430379746835444,0.8658761055259846,ok,1168.4092507313849,458.8832925955323,0.033246441833899826
305,2.932636715039962,12.043379173752214,0.21465269608806614,0.9993169349068668,397,361,0.9093198992443325,0.7220677735516947,ok,1165.4384977976028,446.84925889807266,-0.18140625425416654
306,-1.1067296430644546,0.17636760764207793,0.16273989626986138,0.9999148966509226,432,412,0.9537037037037037,0.3237837540405605,ok,1166.5441481337743,446.66624695860605,-0.34414615052402814
307,-2.1463697135857274,0.1383649967299334,0.30586029616920135,0.9999465635656387,405,358,0.8839506172839506,0.2919652896785693,ok,1168.6888100432948,446.50354135461833,-0.6500064466932298
308,-2.05638216095781,-0.0665493493302165,0.22222632864871328,1.0000357650402512,419,373,0.8902147971360382,0.35281089707060476,ok,1170.7459669895102,446.5387792098338,-0.8722327753419433
309,-1.8325154396843573,0.19170289373278138,0.11958680764872294,0.9999392966199392,462,445,0.9632034632034632,0.4649464763285242,ok,1172.574889565221,446.3153848316531,-0.9918195829906664
310,-1.1469524641197495,0.6230998424805421,-0.03124668086438639,1.0000236746927371,445,424,0.952808988764045,0.3912874497810572,ok,1173.7112349667104,445.67314461400576,-0.9605729021262801
311,-0.28445355851886234,0.31111190451611037,-0.08814254107082188,0.9999979721154612,443,416,0.9390519187358917,0.35230404022340134,ok,1173.9909184997077,445.3577376301646,-0.872430361055458
312,-0.19565807203844088,0.28589691651018256,-0.08780760821478817,0.9999657151857062,443,420,0.9480812641083521,0.3063688069218983,ok,1174.182643204308,445.0691882138252,-0.7846227528406697
313,1.7369108410152876,6.565135513837731,-0.546795039381323,0.9990283745737714,398,355,0.8919597989949749,1.2953183335623175,ok,1172.4184963370956,438.51131893977026,-0.23782771345934617
314,5.611244863320508,2.6359261098270963,-0.13284092063436523,0.9999946921372175,405,347,0.8567901234567902,0.40532039473947423,ok,1166.802430917238,435.88567909918044,-0.10498679282498082
315,7.120514438394139,0.4930769440441054,-0.15418866065446402,1.000196286958031,404,359,0.8886138613861386,0.4846828926039834,ok,1159.682342526443,435.386487705632,0.04920186782948326
316,-0.07282202887108724,0.20821591455785438,0.04692322436088755,1.0001107928239237,442,420,0.9502262443438914,0.3279255778167476,ok,1159.7551728359683,435.1782746873586,0.0022786434685956986
317,-1.2528718884934733,0.6611254783515506,0.192735759670705,1.0000138554134872,475,452,0.9515789473684211,0.3968231984445645,ok,1161.0058401569177,434.51298819312376,-0.19045711620210945
318,0.0015169956573117815,-0.015216774775126396,-1.3808659062110983e-05,1.0000113562788586,623,619,0.9935794542536116,0.01522051459761154,ok,1161.0043737480182,434.5282099261172,-0.1904433075430473
319,0.00929764866896221,-0.012219755440014524,-0.00012171213539100795,0.9999951217357332,563,547,0.9715808170515098,0.09737943269101992,ok,1160.9951167414015,434.54046049844175,-0.19032159540765634
320,-0.0011710304972893937,-0.0020136295347583655,8.352635306788053e-06,0.9999963852275477,611,608,0.9950900163666121,0.004368191423856756,ok,1160.9962944544698,434.54247022684575,-0.19032994804296313
321,0.0032539850608372944,-0.007814826432877453,-0.00025513863604927474,1.0000067609798189,562,540,0.9608540925266904,0.07616112814073486,ok,1160.9930664124165,434.55029580512814,-0.19007480940691385
322,-0.0025504864513550274,0.00039060773269739,0.00016061380633943672,0.9999994757190463,587,583,0.9931856899488927,0.022313267741304665,ok,1160.9956155879026,434.54989673135094,-0.1902354232132533
323,0.0006172918454012688,0.0002703481851540346,5.3955743506583004e-06,1.000000554572941,610,610,1.0,0.0007246111114094512,ok,1160.994997401817,434.54962843426404,-0.1902408187876039
324,0.00437576294802966,-0.002007737884355265,-0.0002701160635907192,1.0000012996280998,583,579,0.9931389365351629,0.022853360119477417,ok,1160.9906283197934,434.55165066942806,-0.1899707027240132
325,0.0007598907550345757,-0.004524084120248517,0.00019287119654784007,0.9999998784670799,615,613,0.9967479674796748,0.007128170398852992,ok,1160.989883448543,434.5561772506884,-0.19016357392056105
326,-0.0009120991480813245,0.005115031048944729,-0.00017880271052056595,0.9999997787758592,609,607,0.9967159277504105,0.007662506429719017,ok,1160.990778581982,434.5510592233719,-0.18998477121004048
327,-1.0187007449371777,0.3471187913216909,0.15988076962219477,1.0000151541731142,446,427,0.9573991031390134,0.3623129304111005,ok,1162.0073407345908,434.19772644410006,-0.34986554083223537
328,-18.628427216364344,-33.4349527862845,0.12022536109229402,1.001535054521343,423,385,0.9101654846335697,1.5665048649419058,ok,1180.9094594321555,467.47871616976244,-0.47009090192452946
329,-7.136240334971944,-7.740614397995614,0.5672047081261415,1.0007945411597272,417,359,0.8609112709832134,1.0404018981425294,ok,1188.1846604611228,475.08887302524465,-1.0372956100506712
330,-1.0652937381150878,-15.73788862963238,-0.1763076138122269,1.00024114937131,364,289,0.7939560439560439,1.1699714653567013,ok,1189.48631946079,490.8089771316356,-0.8609879962384442
331,-1.916090176917578,9.141554715474626,-0.1831562185346994,0.99938599131515,344,295,0.8575581395348837,0.640940469984649,ok,1191.294129860579,481.6453945494511,-0.6778317777037448
332,8.23961471163716,7.982069850359494,-0.2218155949339721,0.9998015920743735,369,319,0.8644986449864499,0.6829967549470404,ok,1182.991247624335,473.7291557794723,-0.45601618276977274
333,8.558469801507044,16.22796764106181,-0.294413138352016,0.9992056344639169,375,329,0.8773333333333333,0.8750256757807673,ok,1174.3870408586542,457.5253918637623,-0.16160304441775658
334,-1.9088185891503144,2.796869736233134,-0.0025414214966197725,0.9996813564454278,409,391,0.9559902200488998,0.5584239403055727,ok,1176.288087574932,454.72323374718997,-0.1590616229211368
335,-1.2096834170454258,0.5189661972335671,0.07317397520422424,0.9998876986650165,442,424,0.9592760180995475,0.3840022843010945,ok,1177.4956575476365,454.1993686458824,-0.23223559812536101
336,-2.761629638617478,0.31914974227311177,0.31355214300575074,1.0000086949146525,416,358,0.8605769230769231,0.4177820868304575,ok,1180.2541217826156,453.85392706873154,-0.5457877411311117
337,-0.9036703639249026,0.4037325945591874,0.16914673006282918,1.0000059787283015,428,407,0.9509345794392523,0.3679274388042434,ok,1181.1526841683203,453.43895023378525,-0.7149344711939408
338,-0.799204607290676,0.37705764800318775,0.1776889530724606,1.0000634859937683,448,419,0.9352678571428571,0.44107438878934313,ok,1181.9459177637145,453.0494878641395,-0.8926234242664016
339,-0.7237827963435848,0.832830989430704,0.20650205631613605,1.0000986330439228,441,412,0.9342403628117913,0.4858395882416787,ok,1182.6535918720701,452.20292637812565,-1.0991254805825377
340,1.1849129356589856,-6.088362756831657,0.053829741029084666,0.9997623103985593,227,188,0.8281938325991189,0.8892171593377611,ok,1181.5914258636228,458.31389873073584,-1.1529552216116221
341,0.959694281176553,14.267186085530739,-0.20982415578964198,0.9993012199004709,282,229,0.8120567375886525,0.7773930165449522,ok,1180.3970237278595,444.06444205861783,-0.9431310658219801
342,7.282817717588614,1.819444103436581,-0.15845712330753559,1.0001291038665954,326,273,0.8374233128834356,0.5897983518438545,ok,1173.0899722013667,442.34490469573916,-0.7846739425144447
343,4.479865145697659,0.3292052183319356,-0.19333316572851794,1.0001280110101154,349,309,0.8853868194842407,0.4055356780787621,ok,1168.6069480355104,442.06195217717527,-0.5913407767859267
344,-0.07695001286583647,0.5288308170556775,-0.4917668594208805,1.0001566586192854,362,320,0.8839779005524862,0.34275623673151706,ok,1168.6829788814134,441.5329884279269,-0.09957391736504614
345,-1.1158839747295133,0.0879061309547069,-0.15857872537134626,0.9998011818432805,365,351,0.9616438356164384,0.5471861162445062,ok,1169.7989527926143,441.4462315121396,0.05900480800630013
346,-3.112241706620125,0.5869812062943538,-0.07699709889050682,0.9996917123945538,398,376,0.9447236180904522,0.5701048557164378,ok,1172.9125790363569,440.8666394217461,0.13600190689680697
347,-1.2569059534318967,0.5356521619683008,0.1217988472378519,0.9999965347267329,448,428,0.9553571428571429,0.3443257364297991,ok,1174.1696177340666,440.33129885084406,0.014203059658955035
348,-0.3794945658751203,0.6880468152214689,0.195785094010905,1.0001663320509913,428,412,0.9626168224299065,0.4734936872687298,ok,1174.546929836831,439.64205279712115,-0.18158203435194997
349,0.6719198606542705,-5.908125454367905,0.5226766124317465,0.9998581578030074,383,321,0.8381201044386423,1.0257255507150387,ok,1173.9476794100717,445.5579907286516,-0.7042586467836965
350,7.620245007283984,7.695259338555161,0.20362652905611314,0.9997646713565324,394,340,0.8629441624365483,0.4545289464635994,ok,1166.206460250597,437.98443963397744,-0.9078851758398098
351,6.396820505586447,10.134265616949051,0.21704323759217278,0.999581109510354,415,361,0.8698795180722891,0.549392679884818,ok,1159.6119122412233,427.97771246033915,-1.1249284134319826
352,0.22433122960433138,0.14456282091566663,0.019433566018821277,1.0000988728069118,472,453,0.9597457627118644,0.2676002619162009,ok,1159.3847386102586,427.8376587165076,-1.144361979450804
353,0.02163317026952427,-0.36562528071010547,-0.16898324205132292,1.0000573633987841,455,427,0.9384615384615385,0.43668601599709056,ok,1159.3693325216664,428.2035992750476,-0.9753787373994808
354,-0.17010576787265563,-0.19261451683985342,-0.12712499675435998,1.0000014687932228,434,416,0.9585253456221198,0.3430621735770954,ok,1159.5422711669673,428.3936743899956,-0.8482537406451206
355,-0.7034119458803616,-0.017444506719130004,-0.22404834489550138,1.000145598076493,439,392,0.8929384965831435,0.37650682274599345,ok,1160.245831414059,428.4034547342886,-0.624205395749619
356,-0.28079322844610033,0.05112950086618184,-0.05452716962872382,1.0000007197850311,449,428,0.9532293986636972,0.33364751168144424,ok,1160.5261024032052,428.34953594681076,-0.569678226120895
357,-0.17373949643115338,0.29377961037209843,-0.03462954926363168,1.0000278311253032,476,452,0.9495798319327731,0.295278638711883,ok,1160.6970909440124,428.0541467273002,-0.5350486768572634
358,1.9609667089355298,-5.580248105956116,-0.025833375467006238,0.9998345602496768,450,406,0.9022222222222223,0.9654069059349784,ok,1158.7857953910643,433.65160228021546,-0.5092153013902573
359,7.046027303123083,8.860408701249298,0.04831040049630675,0.9996609853587448,425,373,0.8776470588235294,0.5634266091663153,ok,1151.6538854078985,424.8601744609386,-0.5575257018865641
360,3.723251312483626,8.023949805678853,0.07234045182947868,0.9996002122264884,430,383,0.8906976744186047,0.5033043595336365,ok,1147.842651657941,416.87763926695766,-0.6298661537160428
361,1.3210804518446366,3.919277384512725,0.26106700113040204,1.000045932308765,458,437,0.9541484716157205,0.3576732480037867,ok,1146.4607897192318,412.9793773004719,-0.8909331548464451
362,-0.18393446933419,0.6531267264410872,0.2842099972184264,1.000042716972599,471,427,0.9065817409766455,0.27673064354284027,ok,1146.6312907360016,412.3226156899302,-1.1751431520648719
363,-0.3166653817581846,1.5976368178221492,0.33929301428544795,1.0001048174454545,484,428,0.8842975206611571,0.38295015038148184,ok,1146.9056218503117,410.7171678379629,-1.5144361663503199
364,-0.4442540156537689,0.5064583344355924,0.041570992476266784,1.0000412176371754,520,500,0.9615384615384616,0.24005777269180922,ok,1147.3359596260452,410.1988329329833,-1.5560071588265867
365,-0.33517426383377824,1.809080781776288,-0.22735697442645744,1.0001302535761833,440,387,0.8795454545454545,0.4583796294090585,ok,1147.6290961808545,408.3824667743128,-1.3286501844001293
366,-0.14461238867647808,0.778858405436722,-0.2618513419773991,1.000060963340968,454,392,0.8634361233480177,0.32050981370419807,ok,1147.7591826583002,407.6010509649871,-1.0667988424227302
367,-0.181497560922935,0.6024604632382307,-0.25962581343514934,1.000008264843881,443,391,0.8826185101580135,0.25216299734329534,ok,1147.9321751308612,406.9960934633198,-0.8071730289875806
368,8.994657103132795,3.9937034025081175,-0.21516609936112155,0.9997499086163036,403,339,0.8411910669975186,1.013084913034529,ok,1138.8967340711506,403.09553861475786,-0.5920069296264588
369,3.189215457231967,7.773600813463418,-0.05029633540822634,0.999721698119282,418,372,0.8899521531100478,0.4339126851179467,ok,1135.634165703592,395.3524376541134,-0.5417105942182325
370,0.12426480638919202,4.5241335447909705,-0.007267614370225386,0.9997322280594438,467,423,0.9057815845824411,0.3238481719471194,ok,1135.4677067490013,390.8296600241998,-0.5344429798480071
371,-0.8147000049079907,0.6130227203287859,0.05221731200203959,0.9999680210786087,493,465,0.9432048681541582,0.23690259628159524,ok,1136.2760873234308,390.2083277455266,-0.5866602918500468
372,-0.5919553100511621,0.7357716182300464,0.06943135232252846,0.9999628922738151,494,474,0.9595141700404858,0.2305406663413644,ok,1136.859578717201,389.4658260575239,-0.6560916441725753
373,-1.3859664491490093,1.3892951905454538,0.20866301678571197,0.9999880591943183,467,439,0.9400428265524625,0.4099707355123717,ok,1138.2244197318603,388.05577175738375,-0.8647546609582875
374,-0.8075514891122566,1.0743127128835113,0.14774289880583463,1.0000878159982562,456,428,0.9385964912280702,0.3602918954734596,ok,1139.0128614947014,386.96735694710287,-1.0124975597641221
375,-0.1628635454974301,0.5224507884915965,0.04162263213142689,1.0000333717084806,477,450,0.9433962264150944,0.21775682888354506,ok,1139.166086039386,386.44199840310296,-1.0541201918955492
376,-0.19527736910572457,0.3735406827194083,0.015407355485025004,0.9999889997584924,484,468,0.9669421487603306,0.18060960775676935,ok,1139.3543569916783,386.0648778109124,-1.069527547380574
377,9.073262317871468,4.932595511828254,-0.09351727402001833,0.9996961558563926,423,376,0.8888888888888888,0.9734228091741459,ok,1130.198390377204,381.2875497996863,-0.976010273360556
378,3.9453092606288465,7.273212273052536,-0.0701039646181395,0.9996498001349954,443,394,0.8893905191873589,0.5057883655839372,ok,1126.1385819330744,374.077623494386,-0.9059063087424164
379,1.2544262316860113,0.48346516562264696,-0.3414936959822691,0.9999213284633527,448,387,0.8638392857142857,0.3129682415830215,ok,1124.87945409541,373.60653876152895,-0.5644126127601474
380,-0.02279339220899601,-0.9126939837135524,-0.17110196099886246,0.9999113393525028,444,420,0.9459459459459459,0.3211606443877883,ok,1124.9085121493358,374.51905477571023,-0.3933106517612852
381,-0.7005998852816901,-1.4936182143724182,-0.22344279185842048,0.9999797352590978,420,397,0.9452380952380952,0.4414789885107412,ok,1125.6135371588312,376.01058932292915,-0.16986785990286501
382,-0.4130260670547159,-0.24385069591517095,-0.011879939220091331,1.0000036794548839,460,432,0.9391304347826087,0.23658962408934558,ok,1126.0272340510528,376.25330021129486,-0.1579879206827737
383,-0.9092535514946576,0.33387246339998455,0.19505129386690473,1.000149025022465,452,437,0.9668141592920354,0.6010768283974866,ok,1126.9344131341795,375.91383157671976,-0.3530392145496781
384,-0.22899978296914014,0.7419831776794581,0.163372846154318,1.0001425664860446,463,435,0.9395248380129589,0.40494801402185887,ok,1127.156716144545,375.1698145687547,-0.5164120607039958
385,0.9026919490279397,-4.791395731808279,0.49674746811735426,0.9999812619309038,411,345,0.8394160583941606,0.7531777084470845,ok,1126.3388870118417,379.97642265797214,-1.0131595288213493
386,8.51616099285502,9.639000828907797,0.24583514008080495,0.9999200774281757,418,369,0.8827751196172249,0.534740608169735,ok,1117.612995378342,370.526864454737,-1.258994668902154
387,-0.7870197090655893,8.75682203695601,0.17636208446281737,0.9994299840390494,418,366,0.8755980861244019,0.5217791888790451,ok,1118.1804177937488,361.75307599068833,-1.4353567533649714
388,-6.6288595237574555,3.2083540773512595,0.09455966362566749,0.9995461049440693,409,354,0.8655256723716381,0.5839958792643418,ok,1124.7212547229656,358.36888232945097,-1.5299164169906387
389,3.1016943829231423,-0.6596990545515382,-0.12341281703490278,1.0003192283876623,471,447,0.9490445859872612,0.382858991688586,ok,1121.6366875936515,359.10451573841766,-1.4065035999557358
390,4.904629974996624,-0.6699748293619905,-0.4276364773153978,1.0003798230285297,450,392,0.8711111111111111,0.5442371815360793,ok,1116.744218976953,359.8581816446619,-0.9788671226403384
391,-0.2081290258597619,-0.31356687767652147,-0.1884205535256563,1.0000411502828264,441,418,0.9478458049886621,0.3571650890601885,ok,1116.956653995427,360.168847447587,-0.7904465691146824
392,-1.4190084509502867,0.1536867551112664,-0.26279359625587845,1.000153641459271,429,382,0.8904428904428905,0.4128238387561314,ok,1118.3741869485193,360.002099345764,-0.527652972858804
393,-0.5329853758796617,0.30815560388441554,-0.08532627411609735,0.999961800541132,429,404,0.9417249417249417,0.38030802639900874,ok,1118.9047774864275,359.6898382880108,-0.44232669874270675
394,-0.8003087752047122,0.6261111690183725,-0.01936439982600783,0.9999681537785411,455,421,0.9252747252747253,0.36631924998148885,ok,1119.7004424915287,359.05783628540564,-0.4229622989166989
395,1.7087667340215376,-4.392265280423544,0.06139923810059243,0.9999292792613436,432,387,0.8958333333333334,0.6645825672619209,ok,1118.0288672822544,363.46438985533456,-0.4843615370172913
396,7.006306823495379,15.32024828638896,0.2677827627755047,0.9994084882026137,401,348,0.8678304239401496,0.7851163263318636,ok,1110.822054976659,348.23743351949776,-0.752144299792796
397,-4.840717373926964,3.7790647354790963,0.17110496801960118,0.9993297344722346,387,375,0.9689922480620154,0.43297093613235144,ok,1115.6012516821188,344.3808607119778,-0.923249267812397
398,-1.9431515843084526,1.3320081449372765,0.16204413562551398,0.9997649956562583,390,361,0.9256410256410257,0.3661067750281635,ok,1117.5188253642505,343.01228665429016,-1.085293403437911
399,3.339502150833823,0.4057473703155665,0.05321264327832395,1.00035865279494,452,426,0.9424778761061947,0.3630810342826525,ok,1114.171920537509,342.67297319349575,-1.1385060467162351
400,2.601000044790908,0.9333217004143535,0.020204882890581106,1.0004232669684257,417,403,0.9664268585131894,0.3694155383949818,ok,1111.5525787790052,341.7924396157009,-1.158710929606816
401,-0.3416859973913233,0.3749066626039621,-0.03665370701057064,0.9999653348630391,419,401,0.9570405727923628,0.26781533973777916,ok,1111.8868577070994,341.410913830582,-1.1220572225962453
402,-0.6846486798735896,0.3896949552465685,-0.06575068121751365,0.9999535835492708,412,400,0.970873786407767,0.3442339353285321,ok,1112.5642060188798,341.00866361302405,-1.0563065413787316
403,-0.6255306412363097,1.144908386072757,-0.28891802353029655,1.0000642723430497,426,377,0.8849765258215962,0.36541075672407,ok,1113.174346733691,339.85548014810814,-0.7673885178484354
404,1.237745897574996,-5.5830315667310515,-0.27740017536362793,0.9997577459343918,440,414,0.9409090909090909,0.9571246566110545,ok,1111.9843910980112,345.4488925204613,-0.4899883424848077
405,7.459642678117234,14.868421981019424,-0.32679955459995147,0.9994457737007206,444,400,0.9009009009009009,0.623572624531822,ok,1104.4824307672925,330.6017772354245,-0.1631887878848566
406,-4.476868406397898,2.2091496285615904,-0.019276966668740514,0.9997118439874697,419,369,0.8806682577565632,0.43670834031880496,ok,1108.9537362589772,328.3813898796675,-0.1439118212161161
407,0.12970652844433062,1.5908874588253639,0.24236079833839194,1.00000415420541,404,365,0.9034653465346535,0.26001998616948613,ok,1108.8133074272562,326.79141301398965,-0.3862726195545078
408,3.487563362844867,0.4911697096857779,0.20203311147409042,1.0001175135310556,417,371,0.8896882494004796,0.36181981511169364,ok,1105.3208847291974,326.33607842091266,-0.5883057310285982
409,2.769557418017939,1.0962920270230825,0.4277546798851278,1.0001909731014675,426,385,0.903755868544601,0.35030800025726033,ok,1102.5323226008873,325.28907041866586,-1.0160604109137257
410,-0.42001576629400006,0.5044955680823477,0.10157688202184528,1.0000324687386555,421,400,0.9501187648456056,0.331669054805368,ok,1102.942418167566,324.7764783309972,-1.1176372929355707
411,-0.9270391126176492,1.3856823209121103,0.1327168801784885,1.0000557751476307,410,397,0.9682926829268292,0.4192118112437479,ok,1103.8389994808883,323.3708969710563,-1.2503541731140593
412,-0.16806652865830074,0.6867234618035809,0.01813123019125098,1.0000560954805895,430,414,0.9627906976744186,0.22960896637266082,ok,1103.9918225243975,322.6806212374401,-1.2684854033053103
413,-0.48284444101909685,0.3905857474849199,-0.023858124227142785,0.9999890709305747,423,406,0.9598108747044918,0.2818105129530043,ok,1104.4660690811295,322.27963971194424,-1.2446272790781676
414,1.3431394148242362,-4.240114889680626,-0.12728232182598262,1.0000266518985204,365,337,0.9232876712328767,0.6874444195710661,ok,1103.2058677745897,326.54513973331825,-1.1173449572521847
415,7.246974642096802,14.664549955310008,-0.32188453364944586,0.9993731111424144,359,307,0.8551532033426184,0.852187952642108,ok,1095.7560042211858,311.9826124838797,-0.795460423602739
416,-7.065601323812643,1.7549466875507278,-0.2850081274331103,0.9995296715792834,358,313,0.8743016759776536,0.6542900923046977,ok,1102.805690401113,310.16478831533294,-0.510452296169629
417,2.9973516031504914,0.9719604231038375,-0.25498812756234945,1.0001268507507164,362,324,0.8950276243093923,0.3466079949159917,ok,1099.8040349347757,309.2062017733891,-0.25546416860727966
418,4.0444708328209344,0.42554988344613776,-0.0024831753168159418,1.0006054998803966,410,389,0.948780487804878,0.372186424169536,ok,1095.7577245799148,308.79851373948964,-0.25298099329046375
419,0.6731776993417498,0.7009831344018949,0.08053196517256134,1.0001575375225829,399,384,0.9624060150375939,0.335722550683074,ok,1095.0804779559962,308.1014609581326,-0.33351295846302503
420,-1.0645577384052558,1.8669495362141788,0.37161701627130794,0.9999463217233999,362,319,0.8812154696132597,0.49187970668975833,ok,1096.1219794086546,306.2215517919018,-0.7051299747343328
421,-0.5476193010456427,1.2299173416544136,0.22716483579945546,1.0001045493096958,374,356,0.9518716577540107,0.484206658763287,ok,1096.6495143587856,304.9828870097387,-0.932294810533788
422,-0.22746037098977467,0.7160831720557326,0.15160987214305302,1.0000656796349474,356,334,0.9382022471910112,0.41072136198603154,ok,1096.8633881867195,304.26262919798177,-1.0839046826768408
423,9.792447456121636,4.261655364620083,0.2726221521221341,0.9996781935292841,308,252,0.8181818181818182,1.11207327140839,ok,1086.972796234416,300.23399115756115,-1.3565268347989747
424,-5.41248173418262,10.503710568421639,-0.003262836679340596,0.9993008648649001,319,261,0.8181818181818182,0.6856193688016063,ok,1092.1357051994692,289.6053851696338,-1.3532639981196344
425,-2.8631047150513496,0.8196461281279426,-0.07852326434951395,0.9994570920259398,321,302,0.940809968847352,0.6532123387802788,ok,1094.9798670070215,288.7222475828645,-1.2747407337701204
426,1.747092794986429,0.7232706945828795,-0.11859688053167691,1.00015948256811,314,298,0.9490445859872612,0.5025105346182648,ok,1093.2185363445606,288.03437548035504,-1.1561438532384434
427,6.493439267404028,1.103640019405475,-0.3917997394335044,1.0002633402264114,320,276,0.8625,0.5125728623739546,ok,1086.710952392484,287.01745566120945,-0.7643441138049395
428,-0.06582673883235657,0.08778121799127803,-0.17389991184013703,0.9999377422839304,326,310,0.950920245398773,0.5622580028471486,ok,1086.775871049454,286.92900075883216,-0.5904442019648027
429,-1.3548461364491686,1.0077277613505657,-0.21814611347030285,1.0000124026720454,314,266,0.8471337579617835,0.36156054288110007,ok,1088.124140588984,285.91249077697086,-0.37229808849450025
430,-0.347757103136928,0.5159337706254519,0.005141807298703845,0.9999848902241772,347,332,0.9567723342939481,0.27353455633816903,ok,1088.4684914218185,285.3942773437407,-0.3774398957932041
431,-0.23957400094332115,0.5046110793711023,0.06722199114230407,1.0000357728552787,345,332,0.9623188405797102,0.27400049116201963,ok,1088.7041420545895,284.8878221901222,-0.444661886935508
432,-2.0075243757812586,5.597912287654935,0.33670709314110286,0.999440669609593,306,286,0.934640522875817,0.7877277215070575,ok,1090.635140806922,279.2630537577221,-0.7813689800766102
433,5.329664730473496,6.91381644907392,0.2755225230105084,0.9997667665223553,311,268,0.8617363344051447,0.43710389068944927,ok,1085.1788561349206,272.44872021666146,-1.056891503087118
434,11.917145208685724,3.060977933085951,0.3675122493678266,1.0001382222802724,291,236,0.8109965635738832,0.7045525269536359,ok,1073.1893036980873,269.68492424080455,-1.424403752454944
435,0.5029772820007565,0.28381904504544764,0.11009077499703623,1.0001222845540902,322,308,0.9565217391304348,0.42433508357289695,ok,1072.6789064638547,269.41467609589506,-1.5344945274519801
436,-0.4176310852599272,0.40506053684885046,0.03515700571924444,1.0000244322064722,350,327,0.9342857142857143,0.2039355299525001,ok,1073.0852853557403,268.99832773440255,-1.5696515331712244
437,-0.015110718075675322,0.008734767672649468,5.249288314564536e-05,1.000010864358846,402,401,0.9975124378109452,0.01723210929104455,ok,1073.100151131198,268.98918231548873,-1.56970402605437
438,-4.083666000282392,1.8043777616194348,-0.3380204214608083,1.0001264088568584,286,245,0.8566433566433567,0.6262142005932773,ok,1077.1440879969884,267.09744191733904,-1.2316836045935626
439,-0.8953687115169942,0.912691954668162,-0.1835702485272383,0.9999995362996316,304,259,0.8519736842105263,0.29176359406191593,ok,1078.0226119326323,266.1685245753867,-1.048113356066325
440,1.051934219821078,-3.37262123187611,-0.3738402800438396,0.999696265576233,277,242,0.8736462093862816,0.922472655739873,ok,1077.0104396070126,269.5532914447268,-0.674273076022486
441,10.007102407128514,10.660875648846059,-0.11948124424559922,0.9999419541563168,269,214,0.7955390334572491,0.6308929718683942,ok,1066.9005792760545,258.98981226997415,-0.5547918317768871
442,-10.432513019151202,12.777584147993139,-0.06455229753243742,0.9991066626499665,264,225,0.8522727272727273,0.8379858908737304,ok,1077.2233829819877,246.12343328431655,-0.4902395342444498
443,-3.6610333181306487,1.5348747485497825,0.16137709158406097,0.9995258701431264,295,277,0.9389830508474576,0.50664800617081,ok,1080.8667240077134,244.54702229080522,-0.6516166258285104
444,3.485894372884104,0.2972330188815704,0.1267088390089711,1.0004228742472052,293,258,0.8805460750853242,0.37294203751856825,ok,1077.3771136727016,244.29716882135648,-0.7783254648374813
445,3.4358218345637397,0.5873083078768104,0.2507216141690491,1.000195185408992,286,247,0.8636363636363636,0.37439125165814297,ok,1073.9312983287168,243.7716601701179,-1.0290470790065298
446,-0.7336137895349566,0.15180683974551812,0.07225371705187883,1.0000490526718626,309,286,0.9255663430420712,0.2870177525579167,ok,1074.6618588532708,243.60578121197898,-1.1013007960584085
447,-2.1531662753300225,0.7326703251503659,0.09568862051622595,0.9998004349788798,258,245,0.9496124031007752,0.512745765502344,ok,1076.799249869908,242.82829136859,-1.1969894165746344
448,-0.4645900633818201,0.3402977356140582,0.004047665186134685,0.9999245908658864,282,260,0.9219858156028369,0.250043916968563,ok,1077.2566050485555,242.47833034730104,-1.2010370817607692
449,0.5901324448589094,-3.7499233237260796,-0.125887720911563,0.9997384343208472,273,257,0.9413919413919414,0.6838672550846472,ok,1076.73693929251,246.23866660065573,-1.0751493608492062
450,9.038765161382116,10.176339234807756,-0.10269071529576786,0.9998409220799198,271,222,0.8191881918819188,0.5250380984990071,ok,1067.526765299505,236.21719710346736,-0.9724586455534386
451,-1.5045134882479942,9.232771963790356,-0.10753159343363347,0.9994385037969334,274,225,0.8211678832116789,0.4311020572784469,ok,1068.8917363488931,226.96276611036978,-0.8649270521198054
452,-7.8438263070775065,5.034146223290691,-0.25105231590679766,0.9995646120343196,268,219,0.8171641791044776,0.45521265814440537,ok,1076.68117696124,221.8448706171232,-0.613874736213008
453,2.704493417384356,0.26322255227319147,-0.07941429388450817,1.0003939884430932,281,258,0.9181494661921709,0.5482169395983965,ok,1073.9743458772948,221.60688692085802,-0.5344604423285
454,3.8038104578301954,-0.1990964433842919,-0.023179754496729172,1.0008625926884505,324,286,0.8827160493827161,0.4257935388391717,ok,1070.1724634858424,221.83991840892514,-0.5112806878317708
455,0.0040523474190194975,0.1960420443009525,0.08375738215622601,1.0001226940651053,279,261,0.9354838709677419,0.4130607615963326,ok,1070.166375423704,221.64392902106766,-0.5950380699879967
456,-0.822547152235984,0.20876567574919136,0.08348447829933957,0.9999696736249264,276,249,0.9021739130434783,0.416204080743563,ok,1070.986392658278,221.42543723627125,-0.6785225482873359
457,-1.0240997124305977,0.8244375510062127,0.2019354950931206,1.0000663887222077,273,240,0.8791208791208791,0.6829960451486554,ok,1071.9977029129177,220.58536041515862,-0.880458043380456
458,0.16744864542101823,-5.108011043292549,0.2530835305497516,0.9997999912829991,249,200,0.8032128514056225,0.7382722914836154,ok,1071.931337501876,225.69568442636063,-1.1335415739302068
459,-3.235464567722829,8.17675993724015,0.08405239109347966,0.9995196267195978,261,213,0.8160919540229885,0.47417569017805367,ok,1074.99232007929,217.4520189976202,-1.2175939650236862
460,10.506145795368184,11.177957999672344,0.014468276216595627,0.9996064371599186,244,186,0.7622950819672131,0.6234472999663864,ok,1064.2482560502833,206.5025471995575,-1.232062241240282
461,5.01586207231685,1.6132807154845068,-0.06983100710297724,0.9999771660854041,226,175,0.7743362831858407,0.3951921647928164,ok,1059.2007031141839,204.9913369717155,-1.1622312341373047
462,1.165354734715038,2.190896089381795,-0.23098842868181363,0.9999569512544281,268,219,0.8171641791044776,0.29680573984046354,ok,1057.9998946800786,202.81967023006928,-0.9312428054554918
463,-1.3148386415603,1.8980644005310978,-0.2359855873644763,1.000057541598951,247,198,0.8016194331983806,0.2874839186722731,ok,1059.291604970329,200.90579101549883,-0.6952572180910159
464,-0.7896106210935159,0.7690051490226324,-0.06381101022455207,0.9997710682827746,255,234,0.9176470588235294,0.6344942281888932,ok,1060.072692747287,200.12813059034278,-0.631446207866464
465,-2.365890909953805,1.968867515515285,-0.15761805076230206,1.0000121096344892,230,184,0.8,0.48974245381411186,ok,1062.422220679407,198.13976503349937,-0.47382815710416226
466,-0.7660037444923091,1.717757584748142,0.019571237887481868,1.0000074953059899,253,233,0.9209486166007905,0.5099691731673072,ok,1063.1734038314482,196.41547482340536,-0.4933993949916441
467,0.46656012847665806,-2.734056579159983,0.15426775350530567,0.9998596610664744,189,132,0.6984126984126984,0.5023555352669062,ok,1062.737778421028,199.15463057533475,-0.6476671484969495
468,-3.0332413435287435,8.049609754934636,0.13535252330112357,0.9994738878028364,210,164,0.780952380952381,0.4785396901770664,ok,1065.6607317871753,191.06432070029553,-0.7830196717980727
469,8.733625286219876,9.171503263827958,0.36475623719394684,0.9996467931774302,189,145,0.7671957671957672,0.6261875277970627,ok,1056.745143279534,182.06960200981268,-1.1477759089920185
470,8.713585036186714,1.982736760147077,0.39291625316924417,0.9999986089062263,227,178,0.7841409691629956,0.41438594282878655,ok,1047.981398698235,180.32186342620008,-1.540692162161262
471,0.6136902143584848,1.1878206937094546,0.15759833024647757,1.0003236412681284,233,218,0.9356223175965666,0.6393591203467193,ok,1047.3327752967293,179.1527520702448,-1.6982904924077389
472,-1.3590330895572151,0.5031220756950461,-0.04910181224319305,0.9998614265210873,266,245,0.9210526315789473,0.5771321953722884,ok,1048.6767656901968,178.6107257020389,-1.6491886801645461
473,-0.7557368659677195,0.37811257298540113,-0.09469978227626454,0.999780931127626,268,251,0.9365671641791045,0.5428858354744149,ok,1049.4219671340302,178.212250939299,-1.5544888978882818
474,-1.9155142116142088,1.0793215694293394,-0.3984180626821026,1.000146375848758,235,191,0.8127659574468085,0.38305755621505677,ok,1051.3153151804001,177.0945018975019,-1.1560708352061801
475,-0.5781129592787693,1.3977586599132792,-0.33751010614798926,1.0001399827070798,242,200,0.8264462809917356,0.43669331804079436,ok,1051.8734006310096,175.68862690488447,-0.8185607290581917
476,0.0016244406858731963,-0.0013631259409976337,-0.00013346346001183638,0.9999984911089173,338,335,0.9911242603550295,0.0026069288784144333,ok,1051.8717958266166,175.69001309489033,-0.8184272655981799
477,0.46297177627070596,-4.176450913722192,-0.29100486595844116,0.999666712021424,142,106,0.7464788732394366,1.3765223281081722,ok,1051.4472884283923,179.8705487745857,-0.5274223996397394
478,-1.592738677691841,18.338609724819662,0.03605771078739724,0.998963229732432,123,89,0.7235772357723578,0.7581278839522637,ok,1052.8596004068322,161.51716222032212,-0.5634801104271365
479,6.404248056451934,3.7775172805961574,0.09460689698022413,0.9999228466335282,156,110,0.7051282051282052,0.7457089682245331,ok,1046.4123879828558,157.81345030740374,-0.6580870074073605
480,8.259777509029846,1.702831419075892,0.23885710416733127,0.9998991165221246,179,141,0.7877094972067039,0.5814664747482429,ok,1038.1269664506135,156.24012600087235,-0.8969441115746913
481,-0.7993474675918151,-0.2307592926028974,0.29702446297380797,0.9999715573451994,198,154,0.7777777777777778,0.3717272679014652,ok,1038.9309487375626,156.45417904883027,-1.1939685745484987
482,-0.8849577049063555,0.16751952038782747,0.07525881258159767,0.9999307232117632,207,192,0.927536231884058,0.6376976380290241,ok,1039.8119786963052,156.26709847532913,-1.269227387130096
483,-2.2132344179792653,0.231350020233549,0.09976215156364542,0.9996929789073015,209,193,0.9234449760765551,0.6357312559641778,ok,1042.0190541771015,155.98293788189903,-1.3689895386937414
484,-1.7588270950172955,0.4407845145672127,0.006964849148452047,0.9998410581532035,232,215,0.9267241379310345,0.5210585023056872,ok,1043.7667897299057,155.50004640763962,-1.3759543878421934
485,-0.21575825094782886,0.15828966220260554,-0.04984629105263665,0.9999459780188721,217,197,0.9078341013824884,0.4491521604120614,ok,1043.9788269141573,155.33680587190509,-1.3261080967895569
486,1.944557464668378,-3.779199330503843,-0.18348294628766113,0.9999029198545343,201,180,0.8955223880597015,0.7328216099283134,ok,1042.1100180732856,159.1540306267966,-1.1426251505018963
487,8.675883708329593,13.706028171594653,-0.23914106995074794,0.9994410062200441,209,172,0.8229665071770335,0.7837792147222182,ok,1033.219094714133,145.58650881245342,-0.9034840805511485
488,-3.6273373222197733,3.3905916885643137,-0.14359215248117727,0.9998256132571409,217,172,0.7926267281105991,0.3271160262053881,ok,1036.801146224528,142.1481087448916,-0.7598919280699715
489,-3.006577254473541,0.3092705972952672,-0.16628519652040324,0.9998955711787001,224,183,0.8169642857142857,0.28302095979620956,ok,1039.804358013591,141.80770598417791,-0.5936067315495684
490,6.562649759559008,-1.142330416544155,0.019203786394989028,1.000126651360863,208,167,0.8028846153846154,0.4174011821365128,ok,1033.254301249683,143.0201609469649,-0.6128105179445575
491,1.2625205650358566,-0.09042033009882289,0.04270331691464028,1.0003056696999244,232,208,0.896551724137931,0.43988378083245666,ok,1031.9928977767856,143.1250193839005,-0.6555138348591978
492,-0.03011272764183559,-0.3949535370677495,0.22393641248503823,1.000126560316364,228,194,0.8508771929824561,0.2989895991464364,ok,1032.0290689804422,143.51946420492675,-0.8794502473442358
493,-0.8626040928695602,0.1028415322246019,0.3068779157364251,1.0000846051294914,238,196,0.8235294117647058,0.3285057286425318,ok,1032.8893589601046,143.39878548817012,-1.1863281630806604
494,-0.38729776076684175,0.878094813284406,0.2415328114853118,1.0001174017221859,248,218,0.8790322580645161,0.8081609636884197,ok,1033.2546558351305,142.51131253100016,-1.4278609745659718
495,9.304983434556107,5.32849113351233,0.17119505637470742,0.9993918264089483,226,174,0.7699115044247787,0.6450186369982794,ok,1023.8046035447301,137.44455358804896,-1.5990560309406792
496,-1.1113772103133215,5.8729781781285055,-0.0056200521348247125,0.9996633850180398,228,192,0.8421052631578947,0.3548316998298283,ok,1024.752240387996,131.5429422489599,-1.5934359788058543
497,-6.629174454022632,3.0468720202868553,-0.18389344791612322,0.9999124272780896,240,201,0.8375,0.45326197909450133,ok,1031.304459879007,128.3339232724676,-1.4095425308897311
498,1.6480576150283923,0.24833508674601035,-0.3239862689006911,0.9999740086833193,242,205,0.8471074380165289,0.27122486174221805,ok,1029.6519932506824,128.11685586350177,-1.0855562619890406
499,4.203228837003962,0.1412648205998721,-0.1358709396432393,1.0006943737526846,234,200,0.8547008547008547,0.6794054784282804,ok,1025.4470004113955,128.04527634610383,-0.9496853223458015
500,0.2600655494838975,0.060768024690560196,-0.03810489511969003,1.0000804021398364,222,201,0.9054054054054054,0.4551436777947486,ok,1025.18600099316,127.98865350147526,-0.9115804272261115
501,-0.6428915690321446,0.660635321831478,-0.0423650005573368,0.9998642186749885,243,225,0.9259259259259259,0.5084420399378446,ok,1025.818796686346,127.31834147810889,-0.8692154266687749
502,-0.8904292536690264,1.1066724934419199,0.015536735324756091,1.0000662265828262,235,221,0.9404255319148936,0.44296484705980294,ok,1026.692031401988,126.19805160716987,-0.884752161993531
503,-0.26865824852848164,0.5337012387244613,0.026467990427326206,0.9999940056196073,266,254,0.9548872180451128,0.18679547365910748,ok,1026.952168159668,125.66014535695331,-0.9112201524208571
504,0.5063042351582681,-3.8725985638166094,0.12551939239751334,0.9998031098035187,238,190,0.7983193277310925,0.4137866596813201,ok,1026.516015789998,129.5412708026771,-1.03673954481837
505,8.343514420924748,13.159038807072193,0.35671451156566153,0.9990251031529869,224,178,0.7946428571428571,0.7957484884365178,ok,1017.8549677285546,116.58902073963463,-1.3934540563840305
506,0.6562256309352961,2.740429462160364,0.18724479648911665,1.0003431586811307,240,217,0.9041666666666667,0.47226726322006757,ok,1017.1233973424871,113.86773602722383,-1.5806988528731467
507,-0.846793554228725,1.8882583372412682,0.23170580326250614,1.0000445633408503,225,205,0.9111111111111111,0.7092108993250208,ok,1017.9100470402909,111.9536406470013,-1.8124046561356524
508,-1.2827938984451066,0.5502769188926777,0.00969150263216193,0.9998035964828652,241,214,0.8879668049792531,0.39609090329408403,ok,1019.1746955983983,111.36285396990831,-1.8220961587678144
509,-1.4228228945005412,0.8329801300731106,-0.2368375539989901,1.0000798397053843,254,207,0.8149606299212598,0.254926597357601,ok,1020.5739299908967,110.49083103382202,-1.5852586047688244
510,-1.3640728194354779,1.3759344496239692,-0.4415266156860165,1.0000196249214075,251,195,0.7768924302788844,0.3412421927121837,ok,1021.910266616889,109.08794305240042,-1.1437319890828086
511,-0.8206566523299443,1.5335331400879113,-0.387743759242742,1.0001140790288676,230,183,0.7956521739130434,0.3843552531959257,ok,1022.7106182434493,107.54371557348964,-0.7559882298400674
512,-0.37732416703397575,0.33767067126564143,-0.13671952831098272,0.9998355283237009,244,217,0.889344262295082,0.7469125597457209,ok,1023.0842708040454,107.20198648017026,-0.619268701529085
513,-0.285247164374141,0.2848354034784961,-0.09689363417612759,0.9998118436653951,246,224,0.9105691056910569,0.5580934164963929,ok,1023.3669092578915,106.91456230535937,-0.5223750673529576
514,-4.080004130884163,4.414815648714239,-0.07834611415312216,0.9994820048548159,188,134,0.7127659574468085,0.6352053463596317,ok,1027.412577418057,102.46826046472927,-0.4440289531998356
515,4.06493056903696,6.865576446412547,0.11226011762714608,0.9994879315951494,187,151,0.8074866310160428,0.4029143093247434,ok,1023.2811810847982,95.64247371079648,-0.5562890708269814
516,12.521881499021902,1.8836255931082633,0.35027632419316024,0.9996918792740859,191,140,0.7329842931937173,0.5157923349161804,ok,1010.73106448063,93.95720374062887,-0.9065653950201409
517,1.5326606402525158,-0.458507901978237,0.3965497622661468,1.0003186784708735,189,138,0.7301587301587301,0.40296088772084804,ok,1009.2092274699935,94.45044835277565,-1.303115157286287
518,-2.2087322806255543,-0.8030848842263367,0.38128136145611224,1.0001023770645001,219,176,0.8036529680365296,0.33220699996096315,ok,1011.4406112638583,95.18826268119881,-1.684396518742398
519,-2.2567506476952985,0.4224880069259598,0.12692744437154405,0.99987327621382,239,217,0.9079497907949791,0.7355375222740451,ok,1013.6828801590425,94.69465372305581,-1.8113239631139415
520,-1.864933276492593,0.38772388112738554,-0.033324493562743016,0.9996692850505255,249,233,0.9357429718875502,0.504151888988501,ok,1015.5348856642607,94.24925329377152,-1.777999469551199
521,-0.4099543813379114,0.2487992139092512,-0.07837949708331839,0.99983817881604,233,215,0.9227467811158798,0.5872989526394482,ok,1015.9372804002671,93.98840444854852,-1.6996199724678807
522,-0.4374550084114617,0.6397800106005889,-0.34138445251693283,1.0002458741052116,218,175,0.8027522935779816,0.3110204241238657,ok,1016.3594474975346,93.33843499670229,-1.358235519950949
523,8.484778754458603,3.8399905727169426,-0.32337339687560784,0.999061972052716,173,118,0.6820809248554913,0.7919927818296515,ok,1007.806699502863,89.65231239289346,-1.0348621230753423
524,3.249727095038452,7.393520462553397,-0.08056836247777886,0.9994788994749025,204,165,0.8088235294117647,0.5039583556586197,ok,1004.4342855569205,82.31394096595989,-0.9542937605975639
525,1.1318644935840894,4.491298716436972,-0.10156091202567685,0.9999334408141842,171,124,0.7251461988304093,0.5151242011662409,ok,1003.2357049045557,77.83998457235452,-0.8527328485718874
526,-0.9079155469812576,0.462891989848913,0.004930793015205458,0.9999344126025886,201,178,0.8855721393034826,0.4891485390401405,ok,1004.1365899373211,77.36355431255186,-0.8576636415870927
527,-1.1863107151471013,0.15063909853358837,0.09120104968305814,0.9999599085034331,209,193,0.9234449760765551,0.5575623501962779,ok,1005.3202433851725,77.19329049881037,-0.9488646912701507
528,-1.2720976432558473,-0.07356576646293433,0.15082468932506976,1.0001186345742998,202,182,0.900990099009901,0.6378445918462672,ok,1006.5935186044414,77.24242858960872,-1.0996893805952201
529,-0.3617505411205002,0.3010787405203246,0.09925650222374237,1.0000543543035936,234,217,0.9273504273504274,0.36968317685113444,ok,1006.948890167585,76.9338464869146,-1.1989458828189619
530,-0.7103302094189985,0.5504978739841135,0.20937264099303837,1.0001129893883105,222,202,0.9099099099099099,0.7288818226339356,ok,1007.6454760464992,76.36605688770464,-1.4083185238119997
531,-0.2159167881122812,0.3679763049885878,0.06821660790868414,1.0001498669226423,219,201,0.9178082191780822,0.4243939318941055,ok,1007.8518392951266,75.9926391189282,-1.4765351317206834
532,-3.6393484405073195,4.810516999398033,0.07245898248219898,0.9992752248325183,218,179,0.8211009174311926,0.6536423237008431,ok,1011.3598211148774,71.08550202840206,-1.5489941142028822
533,9.064088607498888,12.057162503955396,-0.1647100089803378,0.9992392631832957,207,165,0.7971014492753623,0.6811231032378715,ok,1002.0071013175464,59.25082829720054,-1.3842841052225452
534,6.66702488784199,0.8227729997547613,-0.2680115161311823,0.9998315738328547,221,183,0.8280542986425339,0.47335312762394194,ok,995.3253129312983,58.55809441927363,-1.1162725890913636
535,-0.4451926034710141,0.18074676968956283,-0.35842516216649833,1.0000688807810523,250,209,0.836,0.2941155671019679,ok,995.7680759360521,58.37147509937415,-0.7578474269248662
536,-1.9163797228377462,-0.028054112886479743,-0.2657349162615744,0.9999694538987952,239,197,0.8242677824267782,0.3644519318335526,ok,997.6846259263989,58.38306862584227,-0.4921125106632925
537,-1.133619899780797,-0.009494906683471527,-0.06802977202660367,0.9999049120829028,253,238,0.9407114624505929,0.4461536191549385,ok,998.8182850512887,58.384172702556384,-0.42408273863668894
538,-2.320613569268062,0.012889628891798566,-0.016725010109358212,0.9997202067249947,266,240,0.9022556390977443,0.37810517755118206,ok,1001.1387483281994,58.35478459417891,-0.40735772852733076
539,-0.8062750498725109,0.8875072864700542,0.20056421195481638,1.0001003779631423,265,239,0.9018867924528302,0.48432074216251564,ok,1001.9355615062653,57.458772652938706,-0.6079219404821465
540,-0.1010100441171744,0.6296946697598287,0.15392617133717273,1.000097461851417,246,227,0.9227642276422764,0.48132068489828395,ok,1002.0281899701533,56.82779058202516,-0.7618481118193188
541,8.070151807354478,3.664607404902199,0.3586079465864419,0.9989803946754597,208,168,0.8076923076923077,0.8680116583270838,ok,993.8879220183404,53.32169085462181,-1.1204560584057595
542,3.82626966314524,10.136586371634621,0.1516992288208569,0.9994007100767447,243,190,0.7818930041152263,0.7483003452131648,ok,989.8375483063953,43.27255180700706,-1.2721552872266157
543,-0.19630419441750746,1.886010459583872,0.08292887081996471,0.9999578854534098,251,223,0.8884462151394422,0.4038451712408626,ok,989.989196329565,41.38242650230484,-1.3550841580465802
544,-0.2266294063474561,0.40797928210997725,0.005015504586097711,1.0001111835437702,261,237,0.9080459770114943,0.3198708498232226,ok,990.2060780944346,40.9691828907155,-1.3600996626326782
545,-0.9357819617875975,1.2919266023336604,-0.134555927459988,1.0000200332342626,244,216,0.8852459016393442,0.4438740813263071,ok,991.1140140837754,39.6575371820411,-1.2255437351726906
546,-0.7719895388293025,0.48537957228143114,-0.1370040751443276,0.9999487702012992,256,230,0.8984375,0.758134070082032,ok,991.8766433250598,39.15757936623265,-1.0885396600283634
547,-0.5521278626476942,0.8949016179378759,-0.1987541050448604,1.0001055608635492,266,230,0.8646616541353384,0.3866159531343719,ok,992.4148076264516,38.25421162981104,-0.8897855549835036
548,-0.20345308686933095,0.3706554875557231,-0.07165688883241088,0.9999331751011133,265,250,0.9433962264150944,0.3663320178721948,ok,992.6129475482657,37.88068891243586,-0.8181286661510931
549,-0.7843332453717267,0.5080507669135841,-0.08799304581595055,0.999993803017741,252,226,0.8968253968253969,0.5700962793665716,ok,993.3907430570341,37.36268469614356,-0.7301356203351429
550,5.969903420719675,2.562918337402607,0.04698528643574643,0.9992300565134021,228,177,0.7763157894736842,0.7503866862529336,ok,987.3866281384662,34.88097131592667,-0.7771209067708892
551,-1.9110283411685032,7.470194339313139,0.07507176575871724,0.9995451897619512,239,199,0.8326359832635983,0.42901434725222,ok,989.1863407549188,27.383180488887206,-0.8521926725296063
552,-11.50190025601637,5.237975099179266,0.23395903723060543,0.99988441803153,251,193,0.7689243027888446,0.6628522765741325,ok,1000.5868844367532,21.928118949586178,-1.086151709760211
553,-1.0897593980776037,1.2760166143456217,0.19985438173602535,1.0000335148986146,262,244,0.9312977099236641,0.5377348167994906,ok,1001.64773150703,20.627966097314697,-1.2860060914962357
554,0.8167145226623234,0.49367104138900686,0.05453866682482123,1.0002852271312055,256,244,0.953125,0.3979927738561268,ok,1000.8196911874276,20.15353703228402,-1.3405447583210566
555,1.9280677785466196,0.9824150875252826,0.07531690000832723,1.000406241166104,271,249,0.9188191881918819,0.5419095194367765,ok,998.8679376433457,19.219062385206826,-1.4158616583293835
556,1.9641067903296516,0.5774625493623944,-0.013890256641527182,1.0004014034194122,279,266,0.953405017921147,0.4266838088643311,ok,996.8902902802934,18.68982766681893,-1.4019714016878564
557,0.32853457415922094,0.36231551137700535,-0.042344951121832605,1.0000734618847391,304,289,0.9506578947368421,0.28153234696634644,ok,996.5532512774603,18.335409542604452,-1.359626450566024
558,-0.7156495191582053,0.9169607801395614,-0.20584870035219047,1.000242093834449,260,216,0.8307692307692308,0.4363687953349579,ok,997.2502919072801,17.404224455220742,-1.1537777502138344
559,0.20189140742058953,-5.342330969252089,-0.10804042832998663,0.9998917286750237,291,246,0.845360824742268,0.4552208700074831,ok,997.1459345833755,22.7493502605098,-1.0457373218838482
560,8.208549553069815,14.046134481622175,-0.20455130495712961,0.9991626297204971,235,196,0.8340425531914893,0.6990959116867743,ok,988.7320592397916,8.825238750483322,-0.8411860169267196
561,0.7425069454880031,5.249200018978968,-0.10515532023999685,0.9997838021644552,252,218,0.8650793650793651,0.3604033784208606,ok,987.9221833554104,3.5860099470007754,-0.736030696686723
562,-1.1084117592229177,1.347845329470374,0.017769736462641877,0.9999218556660202,261,241,0.9233716475095786,0.37369851456548303,ok,989.0127670442758,2.2236990875640004,-0.7538004331493648
563,-0.39610883514183115,0.7244479460811135,0.03533391130483457,1.0000073427800242,286,267,0.9335664335664335,0.2210713800544502,ok,989.3988608093043,1.493864421036733,-0.7891343444541992
564,-1.289912101633945,0.9407964681613521,0.1203513006066251,0.9999294476284774,283,264,0.9328621908127208,0.4160467621284996,ok,990.6736772821871,0.5327118915632809,-0.9094856450608236
565,-1.003318857597833,0.9559664414972531,0.20806300791646443,1.0000690618606574,275,250,0.9090909090909091,0.4960759086204426,ok,991.6581604429191,-0.4426411078761703,-1.117548652977287
566,-0.9344099506618022,0.7683099404938503,0.27422021731633334,1.0001113949414158,273,237,0.8681318681318682,0.36678023126696857,ok,992.5736335902905,-1.2334198613841636,-1.391768870293619
567,-0.18620413677672332,0.4742317385325805,0.08333386276435872,1.000059816726705,290,274,0.9448275862068966,0.39573500601167894,ok,992.7475680832054,-1.7122878124506542,-1.4751027330579776
568,0.042523201245558084,-3.278495305858769,0.03918460717327948,0.99990319952625,254,222,0.8740157480314961,0.5139249819123455,ok,992.7916979811057,1.5661862602381689,-1.5142873402312569
569,-0.8029823989882061,15.702325169597543,-0.19261713988011916,0.9990088906973188,199,171,0.8592964824120602,0.7969903268838837,ok,993.232285541523,-14.150482568316647,-1.3216702003511387
570,9.384263949279557,4.893548348366721,-0.3196390207231114,0.9997747877293164,231,197,0.8528138528138528,0.51241725471656,ok,983.76387902476,-18.879171957658514,-1.0020311796280288
571,2.4301937848667876,0.8527145904060944,-0.15661194982028606,1.0001369646357212,293,281,0.9590443686006825,0.4675654385243853,ok,981.3213681414641,-19.69593666654248,-0.8454192298077434
572,0.02844364913676145,1.3204436651317337,-0.3651765215936778,0.9999040874995394,295,258,0.8745762711864407,0.33881646010748206,ok,981.2818579046107,-21.016095541506616,-0.48024270821406756
573,-2.2359804164718753,0.5043376968799294,-0.1620889744472295,1.0000936733930283,298,252,0.8456375838926175,0.3831331662837042,ok,983.5150033619536,-21.532841418788166,-0.31815373376683875
574,-1.9483324443910988,0.38598848565334265,0.061789024419815035,0.9997137295917216,301,277,0.920265780730897,0.3488543804147133,ok,985.4607334008024,-21.931741206763263,-0.3799427581866535
575,-0.6039627696486605,0.3839869705899446,0.08489013517517964,1.0000876604231255,315,293,0.9301587301587302,0.3324884120635913,ok,986.0615610945031,-22.320615355024984,-0.4648328933618327
576,-0.6979980139001327,0.5709038706256706,0.3205870877564311,1.0000460755428093,296,253,0.8547297297297297,0.2752080447694585,ok,986.7516677285334,-22.90103355819508,-0.7854199811182627
577,-0.4415385070499269,0.17975460290199408,0.14399621445566568,1.0000405945677864,287,262,0.9128919860627178,0.38367800198667146,ok,987.1902324066566,-23.087926558532445,-0.9294161955739279
578,0.0010970189455292712,-0.004284604217446031,-7.957164605481539e-05,0.9999990709054426,396,395,0.9974747474747475,0.005261416477205685,ok,987.1892050251785,-23.08362472506701,-0.929336623927873
579,10.75659323727109,12.042032269064975,0.3789702303642887,0.9987238706909444,220,162,0.7363636363636363,0.9516408552604834,ok,976.1604689007676,-34.87692022460487,-1.3083068542921603
580,-0.22437841383180057,0.4732682691003447,0.016267686529084772,1.000003756278159,284,265,0.9330985915492958,0.28495793239764433,ok,976.3738472279273,-35.35524879016339,-1.324574540821245
581,-0.21678924410025502,0.7334794773471458,-0.056581971347853914,0.999825624579035,283,261,0.9222614840989399,0.54900986123828,ok,976.5743523371341,-36.09334595262169,-1.2679925694733911
582,-1.1290000982064612,-0.21815225625255152,-0.2421414516762245,0.9999838988892673,304,265,0.8717105263157895,0.3199518632100214,ok,977.7070771721211,-35.895441741292075,-1.0258511177971674
583,-0.33311165924828856,0.14983296296054505,-0.11367380265064007,0.999923925410955,290,271,0.9344827586206896,0.5146101636236224,ok,978.0377613021004,-36.05055879546819,-0.9121773151465276
584,-0.7554084400262582,0.7830711246681403,-0.31585393080093555,1.000224805179963,281,233,0.8291814946619217,0.43364414957861647,ok,978.7849789230808,-36.84144951133794,-0.5963233843455927
585,-0.22388801971419525,0.47459071472178493,-0.07694353037698182,0.9999729357566699,320,293,0.915625,0.4201913274990207,ok,979.0045556911689,-37.3180502192555,-0.5193798539686112
586,-0.5487459929747729,0.8416719519441358,-0.04078371618150484,0.9998576202754218,301,267,0.8870431893687708,0.6058846516507519,ok,979.546252070139,-38.16427647298792,-0.4785961377871065
587,-3.4576155625018146,3.196015085177123,0.22219070389894702,0.9990484467409168,239,215,0.899581589958159,0.8775543941307529,ok,982.9645194026962,-41.40234167398512,-0.700786841686053
588,3.139378929860186,7.370470621587401,0.13944965843919843,0.999552724777118,248,205,0.8266129032258065,0.4147710102824024,ok,979.7173947507945,-48.725982759124804,-0.840236500125251
589,14.007831140708731,4.601219849193285,0.312728564805879,0.9997783646573236,316,260,0.8227848101265823,0.6199422008536941,ok,965.6198153897228,-53.04440996419726,-1.1529650649311294
590,1.0095215087978886,1.053690498002652,0.17638802405619994,1.0003028455972374,307,280,0.9120521172638436,0.5198893698539129,ok,964.5861204885364,-54.07439646584055,-1.3293530889873286
591,-0.7967464382422804,0.3371927181678984,0.05853421838105741,0.9999043768420451,304,285,0.9375,0.29654047623515273,ok,965.3744660983455,-54.43078812614135,-1.387887307368386
592,-2.3579267281229477,0.6949070721800581,0.0237736810536268,0.9997037479269831,280,256,0.9142857142857143,0.379519417247893,ok,967.7145577074914,-55.183573324566055,-1.4116609884220128
593,-3.3604464391639794,0.21036360033406254,-0.14758657030401345,1.000067322162212,291,252,0.865979381443299,0.3861308853271813,ok,971.0695456222884,-55.468018761161716,-1.2640744181179997
594,-0.5838374353609197,0.22075122743490283,-0.08499514292244995,0.9998927512086132,309,280,0.9061488673139159,0.36517909293951956,ok,971.6487169598913,-55.700737082404316,-1.1790792751955501
595,-0.638382229695253,0.7789302160684883,-0.21844312156806622,1.0001765827841527,303,255,0.8415841584158416,0.3584346631545251,ok,972.2739503270166,-56.49026060284439,-0.960636153627484
596,-0.029470226352032114,-0.020827504063618107,0.004649986501800448,0.9999946395914849,386,370,0.9585492227979274,0.15112170032816727,ok,972.303767244256,-56.46993252833863,-0.9652861401292845
597,6.914091807604564,9.556799668146823,-0.17052816779694233,0.9989538781016389,288,242,0.8402777777777778,0.8032992805921765,ok,965.2577811040492,-65.92990952265995,-0.7947579723323425
598,8.934227537585684,0.08966339857170169,0.008669666339831064,1.000267835565252,343,279,0.8134110787172012,0.44189115580039356,ok,956.3231746575995,-65.89428838492188,-0.8034276386721735
599,0.2933218957775807,-0.08549295114221422,0.0308117613284854,1.0001137112677276,325,306,0.9415384615384615,0.3218384234684523,ok,956.0311286059735,-65.80453381419056,-0.8342394000006588
600,-0.9465678047072288,-0.06655277746904176,0.0926874686046167,0.9999495638538374,309,287,0.9288025889967637,0.37914810292295437,ok,956.9786491819484,-65.75330258151655,-0.9269268686052753
601,-0.0005830782579323568,0.002555574913685632,-0.0002652302316882026,0.9999863335839559,418,416,0.9952153110047847,0.007081197505703337,ok,956.9791908536794,-65.75586725208598,-0.926661638373587
602,-5.8396617490384415,-0.6905138543693283,0.5597858058307343,1.000344819920225,299,246,0.822742474916388,0.5602094634918182,ok,962.834799760305,-65.21706946172048,-1.4864474442043196
603,-0.6398785061439867,0.10864045897722008,0.07462510850841014,1.0000529439351507,321,298,0.9283489096573209,0.311494252820303,ok,963.4714811424183,-65.34310147996325,-1.5610725527127296
604,-0.7215057840041936,0.37219846274410884,0.005306199998084661,0.9999087075347023,317,292,0.9211356466876972,0.28508562554261047,ok,964.182543251694,-65.73488326715221,-1.5663787527108142
605,1.1580607639482423,-2.5065301165467417,-0.08970329104593394,0.9998197356215364,321,295,0.9190031152647975,0.5001178451434639,ok,963.089460351667,-63.199342352116446,-1.4766754616648803
606,4.343213350581664,14.061688481389865,-0.45864515627779356,0.9990467053452522,303,260,0.858085808580858,0.7868602263335164,ok,958.4970978980032,-77.18164517570392,-1.0180303053870883
607,-4.988994390256721,0.5426290399975642,-0.17798652024050043,1.0000138385819468,283,247,0.872791519434629,0.39455396207350735,ok,963.4776005927274,-77.79735956476941,-0.8400437851465883
608,0.16523356838160908,-0.05704855116084673,-0.28175646094226703,1.0000097997058959,309,257,0.8317152103559871,0.3078846490494475,ok,963.3129307378482,-77.73870371933458,-0.558287324204322
609,5.940182416005655,0.0658239445650679,-0.15605427915642892,1.0000417626656761,318,272,0.8553459119496856,0.40787476789715826,ok,957.3724326012093,-77.76282457526588,-0.4022330450478936
610,0.5612839117752628,-0.111845580018894,0.025531895003305393,1.0000780549408528,350,324,0.9257142857142857,0.2958618209764776,ok,956.8119993531769,-77.64679165800737,-0.42776494005119897
611,-0.6238624357329172,0.21678853534376685,0.07225185279278239,0.9999581253879225,342,314,0.9181286549707602,0.35040190488049877,ok,957.4339461561588,-77.86901627868622,-0.5000167928439813
612,-1.239883405162118,0.6780010831437266,0.25243781671778526,1.0001798201739411,319,290,0.9090909090909091,0.4548131870335143,ok,958.664818837337,-78.5632415806383,-0.7524546095617657
613,-0.7850541759464704,0.614223330491086,0.27307321800667195,1.0001512601819011,318,268,0.8427672955974843,0.3698303276938667,ok,959.4387539670088,-79.19141733148342,-1.025527827568437
614,-4.181295187249361,5.052009731040243,0.22118102096967465,0.998567324277761,225,189,0.84,0.9213185170176003,ok,963.5091404661323,-84.33320549448592,-1.2467088485381113
615,2.3467250087685443,7.517041706807504,0.020568083986145496,0.9995096379593901,266,230,0.8646616541353384,0.40891433019357903,ok,960.9967399202369,-91.79650756432409,-1.2672769325242568
616,9.974894259686607,5.034718592889703,-0.03609588140917527,1.0002114320779323,300,218,0.7266666666666667,0.5054010830245536,ok,950.9159699531082,-96.61573817421925,-1.2311810511150814
617,2.865224248493405,0.12825370573204964,-0.07928106560978712,1.0003683918206352,304,280,0.9210526315789473,0.521418608088251,ok,948.0487464347083,-96.68636609165969,-1.1518999855052943
618,-1.271738562501696,0.06188381583433511,-0.1137742794296016,0.9995535381536991,276,249,0.9021739130434783,0.5815669285401667,ok,949.3191550611848,-96.77128075346673,-1.038125706075693
619,-1.3367026778882973,-0.4192133777460185,-0.13952866106891423,0.9995251720389918,288,254,0.8819444444444444,0.6153220495418401,ok,950.6622678009669,-96.37308221832313,-0.8985970450067794
620,-2.8119564836717927,0.16516358563376343,-0.3817989436289638,0.9998281830872471,293,239,0.8156996587030717,0.4036347550061976,ok,953.4726201718074,-96.56360210651121,-0.5167981013778169
621,-1.697256038381056,0.28059802877169204,-0.19683760898196068,1.0000892384650795,323,274,0.848297213622291,0.3548414096302348,ok,955.1682827922835,-96.85367380642583,-0.3199604923958569
622,-0.3193380033148969,0.2659977874448032,0.002038922053556812,0.9999933580271158,338,309,0.9142011834319527,0.33890604917921124,ok,955.4861208662634,-97.12146204742191,-0.3219994144494137
623,0.6458166771803917,-2.240003281659824,0.13339705595394738,1.0001968753704873,298,242,0.8120805369127517,0.9099413351059191,ok,954.8581283227076,-94.87639651438963,-0.45539647040336073
624,7.312982033224898,15.696981496997296,0.4039740274865814,0.9991968351041931,297,237,0.797979797979798,0.7962603062154204,ok,947.3105410977655,-110.46193023695537,-0.8593704978899408
625,-6.971630205195879,3.3688629448888605,0.4317129627950292,0.9997876941066179,305,250,0.819672131147541,0.503299859801057,ok,954.2044950215106,-113.98702095305339,-1.2910834606849688
626,2.4778064134675333,-0.5736199132993534,0.21031235106562687,1.0001461183719023,320,273,0.853125,0.3124322216804002,ok,951.742568859547,-113.34867621813942,-1.501395811750595
627,2.6233849401075986,-0.18903965514596166,0.03332956583017577,1.0003694057617094,332,307,0.9246987951807228,0.44128577565378324,ok,949.125188002681,-113.08944276097611,-1.5347253775807708
628,2.1259033477817866,-0.3461082902099406,-0.027647867910628145,1.0003543113425586,324,293,0.904320987654321,0.48502230827984405,ok,947.0091228366879,-112.68754201958393,-1.5070775096701425
629,-0.673214958090739,-0.696357973482236,-0.17770539293900586,0.9998365149974868,309,282,0.912621359223301,0.6296056189420873,ok,947.6983119900102,-112.00698995106018,-1.3293721167311372
630,-1.002542545800452,0.13823521643757886,-0.3070573460705828,1.0001865885773902,318,268,0.8427672955974843,0.31821657253667107,ok,948.6982285865529,-112.16309033915093,-1.0223147706605555
631,-0.3827404680421296,-0.10724196928003948,-0.13816079613592758,0.9998529619871286,337,290,0.8605341246290801,0.6697104038523483,ok,949.0825783127065,-112.06176712434831,-0.8841539745246283
632,1.2069356780143607,-2.376088172962568,-0.27352867139883197,0.999677082928755,276,244,0.8840579710144928,0.9454671618598092,ok,947.9010336713982,-109.67295130952436,-0.6106253031257972
633,7.1636937105324705,13.492529639215263,-0.2018048783525077,0.9993952395147438,269,206,0.7657992565055762,0.6138587427293939,ok,940.641250395629,-123.11402308346715,-0.40882042477329017
634,-7.963020134407088,3.1976402428131223,0.0842928677961153,0.9998224874241737,275,212,0.7709090909090909,0.5249154989970598,ok,948.5764556246056,-126.3800773937096,-0.49311329256940506
635,-0.06484781766675951,0.5651422084671367,0.08163423228956142,1.0000419859572576,358,330,0.9217877094972067,0.4132593363290538,ok,948.6356311994471,-126.94584166139487,-0.5747475248589662
636,5.0770621941337595,0.7109140668966347,0.2794333526055881,0.9999877219733043,317,263,0.8296529968454258,0.4088215500467391,ok,943.5485350944871,-127.58098932337407,-0.8541808774645534
637,2.2380629600688735,0.623395351383806,0.30565085709276846,1.000097315551599,279,229,0.8207885304659498,0.47993956547211947,ok,941.2983122120495,-128.15895520187644,-1.159831734557321
638,-0.5634667123094914,1.194016031023807,0.1625843712849222,1.0001270653271397,311,287,0.9228295819935691,0.5129951542740119,ok,941.8340727904449,-129.3656571621218,-1.3224161058422426
639,-0.7299323619527058,1.142718470741329,0.07907683404699208,1.0000607238647132,340,305,0.8970588235294118,0.3282192463662098,ok,942.5358379273405,-130.52588664331813,-1.4014929398892344
640,-0.1388034795245403,0.6151203357633221,0.0008782339740371566,0.9999890595553662,351,313,0.8917378917378918,0.38644919370033315,ok,942.6595456534992,-131.14421975086327,-1.4023711738632714
641,0.26140272105067197,-4.172812095963309,-0.09374141085796545,0.9998705652597967,332,296,0.891566265060241,0.724197305234485,ok,942.4935094280775,-126.96652611170794,-1.3086297630053063
642,0.02051292647297487,-0.029540944756490717,-0.00015271603432520048,1.0000006480452692,461,452,0.9804772234273319,0.03731874981963162,ok,942.4736764253081,-126.93652445224154,-1.308477046970981
643,10.214897106501894,18.775607341122395,-0.4965048257525208,0.9987620710995939,288,229,0.7951388888888888,1.0219172110718677,ok,931.9937337720795,-145.56548996054255,-0.8119722212184618
644,-0.36961201965686996,1.4107618386647118,-0.19002610859520758,0.9999291866721455,340,301,0.8852941176470588,0.27771956385116353,ok,932.34801048653,-146.98018074658228,-0.6219461126232547
645,-0.9856713741964995,0.5420176834834365,-0.08386752659087382,0.999763235876526,372,344,0.9247311827956989,0.501505019433094,ok,933.3285482502511,-147.53143107178516,-0.5380785860323813
646,-0.8335906977479226,0.7462928766685764,0.0463948755616817,1.0000460517840384,369,334,0.9051490514905149,0.3295404297695359,ok,934.1544827852263,-148.28618841893274,-0.5844734615940628
647,-0.5182700536220182,0.3733063048268832,0.06881676715066554,1.0000713739328873,383,365,0.9530026109660574,0.290858294955545,ok,934.6684627791233,-148.66537967882493,-0.6532902287447281
648,-0.5648569613749714,1.0267248996217404,0.16695202607878595,1.0000834145118058,360,323,0.8972222222222223,0.494340387868521,ok,935.2185638412693,-149.70008554415233,-0.8202422548235134
649,-0.5699045688581919,1.071403422777621,0.32377638495836947,1.0001617459762597,352,284,0.8068181818181818,0.3502278232227932,ok,935.7669636350736,-150.7826538690632,-1.144018639781882
650,-0.5893795535271238,0.4094853533430296,0.14340762572345417,1.0000272390787746,355,329,0.9267605633802817,0.5472066369292788,ok,936.3469941171203,-151.2052779959355,-1.287426265505336
651,8.227046301087967,4.107611436837715,0.2465666002193939,0.9991456887909005,335,277,0.826865671641791,0.769394374386729,ok,928.0129353641905,-155.09117908307144,-1.5339928657247288
652,2.942518561938641,6.378647117679748,0.014320813023735586,0.9997069732508875,333,278,0.8348348348348348,0.4596198905936612,ok,924.8991408296135,-161.38799082677758,-1.5483136787484646
653,1.2262105402103316,6.093609859648041,-0.25369520277932156,0.9996334353085954,348,279,0.8017241379310345,0.4905582947879469,ok,923.5355677349804,-167.45234090127985,-1.294618475969144
654,-0.9024358376527744,1.3171230100060711,-0.3273293893258366,1.0000315605500187,322,271,0.8416149068322981,0.3689337515151045,ok,924.4156398578449,-168.78451075648786,-0.9672890866433086
655,-0.9627892601931762,1.075877901977151,-0.2415121776098339,0.9999436745400366,333,286,0.8588588588588588,0.3155148946054498,ok,925.3647238829659,-169.8724978578664,-0.7257769090334757
656,-0.43409891522856014,0.3767961260143693,-0.07911025435992172,0.9999375473564937,355,329,0.9267605633802817,0.4790612341967554,ok,925.7945425448306,-170.2541693222107,-0.6466666546735542
657,-1.1059800462155636,1.707390045351758,-0.16543024335536755,1.0001257245955344,369,315,0.8536585365853658,0.3711821380644379,ok,926.8861431067853,-171.97078833723253,-0.48123641131818723
658,-0.08210458878534155,0.6792601083807313,0.008038731384944705,1.0000175920498002,362,334,0.9226519337016574,0.28356389027662265,ok,926.9624442564423,-172.65072479963032,-0.4892751427031319
659,1.2849851166024564,-1.1769558844309813,0.13607226313767135,0.9998263194438305,366,325,0.8879781420765027,0.4371725132137425,ok,925.6903811534144,-171.45981448995053,-0.6253474058408028
660,-3.663468537550216,16.519962477283798,0.2713746970366637,0.9989537578154183,296,235,0.793918918918919,1.0063598867081365,ok,929.0948617238831,-188.03508745970214,-0.8967221028774658
661,6.267052743560953,2.468803540121826,0.13672340900603844,0.9997656588612145,365,308,0.8438356164383561,0.4448945380357859,ok,922.7843009352122,-190.390456548143,-1.0334455118835035
662,6.818383229004212,0.4841013687453142,0.30775795385244287,0.9999145358111486,345,284,0.8231884057971014,0.580742355257447,ok,915.9564546894014,-190.71483231226966,-1.3412034657359457
663,-1.7591813609124074,0.42311254647529495,0.1109108413846565,0.9999520301360733,367,337,0.9182561307901907,0.5228692412688856,ok,917.7043488047018,-191.18238920641681,-1.4521143071206017
664,-3.8736609766324364,0.4001520002821053,-0.06808949855729829,1.0002933877690283,367,310,0.8446866485013624,0.36709645233531807,ok,921.5672146438403,-191.6759867084694,-1.3840248085633038
665,-3.294461215841693,1.142082132476503,-0.2496586304563581,1.000135894974208,352,293,0.8323863636363636,0.43620345104671776,ok,924.8384202532666,-192.8830658943009,-1.1343661781069465
666,-1.2341909417343686,1.823346239138118,-0.32889321721849635,1.000096735810057,353,306,0.8668555240793201,0.3910924510198499,ok,926.0468571992501,-194.7235818371878,-0.8054729608884516
667,-0.2739538134499071,0.7211696768267757,-0.09317265581160374,0.999928230974886,387,356,0.9198966408268734,0.4904141396249652,ok,926.3118245025221,-195.4481014869383,-0.7123003050768482
668,-1.2337794244101588,0.5152799433192286,-0.1896767850715596,1.0000345471063319,349,281,0.8051575931232091,0.3607774504322268,ok,927.5408525395328,-195.97461375871035,-0.5226235200052893
669,-0.5194357798138753,-6.0296774619025655,-0.027820866882710293,0.9999522072318009,323,259,0.8018575851393189,0.7027918540695302,ok,928.1123402079345,-189.94964689832068,-0.49480265312257904
670,7.410726591030198,16.72133943902452,-0.05556785954745667,0.9987996930580172,339,280,0.8259587020648967,0.8549302457789403,ok,920.5736452829926,-206.61368422637338,-0.43923479357512263
671,-6.650571400812396,4.963772901737684,0.11635949770529352,0.9996302064109327,326,266,0.8159509202453987,0.6206284301882241,ok,927.1757713051132,-211.64171300168573,-0.5555942912804156
672,-0.26545185933605353,1.323563283052863,0.15371842355120163,1.0000345269876614,333,309,0.9279279279279279,0.43177709378264045,ok,927.4248177368877,-212.96846102926725,-0.7093127148316167
673,5.779575518938827,0.7406798999400053,0.24316228828508749,0.9999720063423262,375,321,0.856,0.37419914338049,ok,921.6337284310755,-213.6129643616115,-0.9524750031167034
674,0.655475397809596,0.9212001902275233,0.24354407432506978,1.000296045807139,360,321,0.8916666666666667,0.5482891744197413,ok,920.9591676676703,-214.52028214722088,-1.1960190774417725
675,-1.136232402944188,1.0904861358606013,0.0924704438944234,1.0000249131698942,359,336,0.935933147632312,0.40259723967476513,ok,922.0705915661921,-215.6360424278364,-1.2884895213361955
676,-0.48681014601197603,0.526807038638367,-0.012830357818416288,1.000021181767487,369,343,0.9295392953929539,0.34106830556759643,ok,922.5455529585666,-216.17355656715984,-1.2756591635177792
677,-0.4592979534152164,1.5125718267439652,-0.1867682512814901,1.0001542070971607,335,285,0.8507462686567164,0.5118069231666803,ok,922.9760236786706,-217.69458355581082,-1.08889091223629
678,-3.817289832198412,3.5352760917349997,-0.2389240858407061,0.9993322326422187,361,297,0.8227146814404432,0.8172122591896327,ok,926.7404505790116,-221.2860969999997,-0.8499668263955847
679,8.105395479275785,11.477788993511012,-0.35623464135065985,0.999168954058296,335,283,0.844776119402985,0.6804113033848652,ok,918.5364502602292,-232.69361446982816,-0.4937321850449263
680,10.17491802296081,3.353179080531845,-0.33391434627336664,0.9997890120151737,345,301,0.8724637681159421,0.5375998594010055,ok,908.3522186504881,-236.0183991604871,-0.15981783877156103
681,1.0002347992988234,2.1538159700071446,-0.12249794822782988,0.9999178341993904,349,298,0.8538681948424068,0.2874587415229515,ok,907.350581164741,-238.17156316574346,-0.03731989054373159
682,-1.6635567259099844,1.026599698164091,0.08085886277791446,0.9998315044939932,359,337,0.9387186629526463,0.3908592585352482,ok,909.012016880364,-239.2015919437123,-0.11817875332164576
683,-0.9449000254135171,0.6723638685857622,0.09008660589805038,1.000037069152263,374,351,0.9385026737967914,0.3449484856363257,ok,909.9544666825228,-239.87738599534066,-0.20826535921969583
684,-1.945562612920412,1.4213125214014326,0.2664883421095438,1.0000992108901883,383,354,0.9242819843342036,0.6071202966459559,ok,911.8881856241325,-241.31477050170804,-0.4747537013292387
685,-1.052391782751556,1.4287886395377427,0.36488193435386873,1.0000796637895462,387,323,0.834625322997416,0.3362574141598017,ok,912.9195271075625,-242.75882735150014,-0.8396356356831062
686,-0.5045253925090947,1.2934854336106127,0.3272659020092612,1.0001360318814867,343,277,0.8075801749271136,0.43832898415894717,ok,913.3976062113869,-244.0623191271303,-1.1669015376923666
687,1.9772998564046702,-4.471207694139025,0.17703009294656213,0.9993957488883749,267,203,0.7602996254681648,0.7779085340741689,ok,911.525717444348,-239.5459660175851,-1.343931630638928
688,8.697877419632505,15.889476290137281,-0.0021030300137781684,0.9991607179732048,318,252,0.7924528301886793,0.8098423037467283,ok,902.4581383284439,-255.2274052805676,-1.3418286006251496
689,2.0792163322221313,5.534275492845609,-0.2536693271918652,0.999857987083094,311,257,0.8263665594855305,0.48724984256948173,ok,900.2741965340347,-260.72119668773996,-1.088159273433285
690,0.20170691262660512,1.118438485117622,-0.40430954088949167,1.0000938566711817,348,284,0.8160919540229885,0.3485887964353791,ok,900.0591552615982,-261.8371481090584,-0.6838497325437944
691,-0.06461621444259436,0.15193374451450836,-0.13554980864828897,0.9998695453843104,392,369,0.9413265306122449,0.4516770741111403,ok,900.1223145884626,-261.98969324113784,-0.5482999238955059
692,-0.007948843377334924,0.0026542848947883613,0.00015366655000388017,0.9999868949851015,528,526,0.9962121212121212,0.008442471156274826,ok,900.1302376603902,-261.99242349214626,-0.5484535904455098
693,-0.3937037235482421,1.5190087215677295,-0.4654292632231912,1.000388830213205,340,267,0.7852941176470588,0.6310099318551031,ok,900.5217398550199,-263.5120011142949,-0.08302432722231991
694,0.011978021997947508,0.3554994616438307,0.026200267448519735,1.0000959077101954,401,376,0.9376558603491272,0.22070085435256762,ok,900.5090841563344,-263.86747709594613,-0.10922459467083957
695,-0.03397175693930876,0.49120513643640606,0.06250583441166996,1.0000507685362772,362,333,0.919889502762431,0.3593926938963541,ok,900.5415834926828,-264.3587818480785,-0.17173042908250935
696,1.1844401538310194,-3.685669414698282,0.3205500967921919,0.9997652737317073,326,276,0.8466257668711656,0.4758312301016097,ok,899.3888536293489,-260.66307198735797,-0.49228052587470017
697,8.947563006667451,18.258466201643387,0.27638219136557585,0.9988624674063297,304,244,0.8026315789473685,0.8267073928231409,ok,890.1971531350354,-278.7998609484081,-0.7686627172402751
698,-7.896448359154874,4.521415578194137,0.1899069144623932,0.9998905892777242,348,297,0.853448275862069,0.5829316712357157,ok,898.0168557732306,-283.4527467378655,-0.9585696317026677
699,1.3757954280886224,0.20649875711944787,0.06416314384619305,1.0002069506709874,380,352,0.9263157894736842,0.3929987487928417,ok,896.6375937020568,-283.63465587909457,-1.0227327755488607
700,3.8247338160133495,0.2701269097497061,-0.018746125895828837,1.000036212106392,398,359,0.9020100502512562,0.3121349491416138,ok,892.8087139080992,-283.83772442454926,-1.0039866496530316
701,3.357960955726867,-0.1703365839991875,-0.08947608399847456,1.0005937548054133,347,304,0.8760806916426513,0.632150080536006,ok,889.4538993456172,-283.61381465836314,-0.9145105656545575
702,-0.6193625990754299,-0.2971420013836905,-0.14944444781745556,0.9999537996909119,349,324,0.9283667621776505,0.5803353306932987,ok,890.0771743254525,-283.3249692020531,-0.7650661178371024
703,-1.0123111326574872,0.23748376297498908,-0.20792397709837776,1.0001775699294173,346,297,0.8583815028901735,0.3987797368445906,ok,891.0871283513499,-283.57228526006907,-0.5571421407387251
704,-0.33872954944513367,0.48624885056653966,-0.19126735943453074,1.0000267000333072,334,300,0.8982035928143712,0.5614937039788107,ok,891.4227459668558,-284.0606872139007,-0.3658747813041951
705,-0.4368164764264293,-0.07456473581055434,-0.06749014304555394,0.9999614119142238,351,317,0.9031339031339032,0.4056473868409307,ok,891.8599448358757,-283.9883983293338,-0.29838463825864137
706,-2.3624752613518467,3.2704443088637163,0.06581520943977005,0.9990248554155073,271,220,0.8118081180811808,1.2949238185076966,ok,894.2015839745437,-287.2737935083245,-0.36419984769841124
707,2.630268796750215,5.764596658842038,0.05999279816261216,0.9997044468799342,334,270,0.8083832335329342,0.45425495904111113,ok,891.5287091257562,-293.0187590108328,-0.42419264586102323
708,5.852860167999097,2.20271632554568,0.07151849419266587,0.9998634962862256,345,266,0.7710144927536232,0.5490233244365023,ok,885.6570108052131,-295.170755802072,-0.4957111400536889
709,5.798497897710604,0.05329346519556566,0.09770551574989823,0.9999801265436965,372,318,0.8548387096774194,0.4401992125102635,ok,879.8582719497138,-295.16399200800265,-0.5934166558035868
710,3.7453734456039456,-0.19206266313972264,0.14312543682383042,0.9999979975405184,360,299,0.8305555555555556,0.4413461701485634,ok,876.1156768811031,-294.9237994477089,-0.7365420926274168
711,-0.5734109939123755,-1.9755587153588294,0.2721459279684564,1.0001581960975638,332,263,0.7921686746987951,0.40849886929535567,ok,876.7237767882893,-292.9586412076046,-1.0086880205958721
712,-0.30036039174297,0.1504305551360403,0.10405299794603326,1.0000680916970053,349,312,0.8939828080229226,0.48042459141312566,ok,877.0211592102601,-293.114876325134,-1.1127410185419049
713,-2.6251577559419275,0.2552809062689221,0.09923720089385042,0.9998311196733598,332,306,0.9216867469879518,0.7496047814122536,ok,879.6403301179107,-293.42562596906726,-1.211978219435755
714,-0.6438617460130445,0.7877760506928553,-0.08716450927052057,0.9999951061395309,335,291,0.8686567164179104,0.7179352885635116,ok,880.2686034026938,-294.22588950919135,-1.1248137101652347
715,-0.3367324116643431,0.7588423464625293,-0.2432675069656869,1.0001262243419138,325,254,0.7815384615384615,0.4397951147422403,ok,880.5936209590939,-294.98982276012464,-0.8815462031995488
716,-2.480384968242106,5.100088170065192,-0.36678462279150664,0.9991382015518631,300,235,0.7833333333333333,0.8625044670708188,ok,883.0280857965618,-300.11198928301815,-0.5147615804080435
717,15.084268797360437,8.437640628796089,-0.3400814528726407,0.9993435283711101,321,252,0.7850467289719626,0.8811460556924537,ok,867.9181629410316,-308.50360270545696,-0.1746801275354041
718,1.6250756622766858,-0.0014922021339316416,0.03464535386478117,1.000305651589922,348,306,0.8793103448275862,0.4607571185229228,ok,866.2931035756942,-308.49617344441776,-0.20932548140018511
719,-0.4748126952226812,0.06132095074440258,0.07199276432434025,0.9999382367070335,348,311,0.8936781609195402,0.3664598088097247,ok,866.7676094673327,-308.559824943575,-0.2813182457245251
720,-1.586962087376378,0.7609173167509198,0.21803627400998613,0.9999946295708227,345,316,0.9159420289855073,0.6675618497115228,ok,868.3478796839777,-309.3345441650267,-0.49935451973451045
721,-3.046976178812656,0.6948457842943299,0.367161406370664,1.0001853303541433,327,252,0.7706422018348624,0.4865692646269928,ok,871.383999275776,-310.07538984565167,-0.8665159261051735
722,-0.2859343148741118,0.5239228726164811,0.07304495277929174,1.0000526114499075,336,309,0.9196428571428571,0.3835758435295361,ok,871.6613040184706,-310.6039309401299,-0.9395608788844649
723,-0.04820266459682898,0.250212325609823,0.04763656226039495,1.000097540270188,330,297,0.9,0.32266655288417806,ok,871.7051886218755,-310.85493661007627,-0.98719744114486
724,10.630424934772236,1.3583708903510114,0.04323362775459705,0.9992787146150078,223,140,0.6278026905829597,1.0422798437073781,ok,861.0520545999723,-312.0219161647152,-1.0304310688994567
725,-4.209731735367086,9.60657454040495,-0.0922744389291091,0.9996277796338311,256,187,0.73046875,0.7514448216801384,ok,865.1039317477146,-321.69612968642934,-0.9381566299703478
726,-5.630250540126326,2.1564129623441204,-0.19950801288987774,0.9997938237890263,268,201,0.75,0.5862371959494266,ok,870.7059150378282,-323.9249457905639,-0.7386486170804705
727,4.314731681593457,1.6386016458016002,-0.32766414970721913,0.99987225620996,276,222,0.8043478260869565,0.5137154912326711,ok,866.3795407159262,-325.532555837981,-0.4109844673732525
728,3.875349958682591,1.6010023132469087,-0.2995099993992486,0.9999549809624203,295,234,0.7932203389830509,0.4821603699045629,ok,862.5010831894822,-327.1260152585038,-0.11147446797400504
729,-0.378165839292933,0.8177571936971617,-0.1143085658760828,0.9999892448919743,309,258,0.8349514563106796,0.7886542435434605,ok,862.8792894781319,-327.9437537454768,0.0028340979020774148
730,-0.9440185111848223,1.3634432234262022,0.05942373917119443,1.000092928506138,307,284,0.9250814332247557,0.4776362272687207,ok,863.8219608895361,-329.3081286877442,-0.05658964126911682
731,-0.1627166526052406,0.8590862339947307,0.09838420260165692,1.000181628567096,334,305,0.9131736526946108,0.4428192196987117,ok,863.9823532900243,-330.16765189530736,-0.15497384387077345
732,-0.2371534124288246,1.9485202207408747,0.21769060945075178,1.000564105286736,307,220,0.7166123778501629,1.1833322272527758,ok,864.206828167921,-332.1176733877161,-0.3726644533215246
733,8.325003906079928,2.280180473109681,0.41735252295914305,0.9992251002540568,310,247,0.7967741935483871,0.818357340126381,ok,855.8511765855208,-334.28285228557263,-0.7900169762806662
734,4.173823577955545,8.94026626972277,0.23206005961916754,0.9995136251400965,310,255,0.8225806451612904,0.6360036832376373,ok,851.5185436181189,-343.14724486505736,-1.0220770358998332
735,0.3490216931595569,1.35078605976355,0.07355228619183268,1.0000523598322364,328,307,0.9359756097560976,0.4142826219726569,ok,851.1437571204671,-344.4911102611168,-1.0956293220916657
736,-0.9887505657711699,0.017030971866233813,-0.02822869557872335,0.9999656811082495,326,300,0.9202453987730062,0.4443756336290838,ok,852.1320188485242,-344.52655729446406,-1.0674006265129423
737,-0.9668360674122596,-0.3395954631052973,-0.2531783979638445,1.0001237481024243,328,282,0.8597560975609756,0.40293245120697796,ok,853.1035830727512,-344.200735229507,-0.8142222285490985
738,-0.28183356406680105,-0.2930153568552214,-0.12897301399953734,0.9999100802752933,332,303,0.9126506024096386,0.5610558212919547,ok,853.3889008182191,-343.9111114367885,-0.6852492145495618
739,-0.6097567050126145,0.17612592442242203,-0.40606625142957375,1.0001755037335867,312,250,0.8012820512820513,0.40223677289975157,ok,853.9977920858805,-344.09020639687185,-0.27918296311998886
740,-0.18035580299215326,0.4148523341625605,-0.35038520494747355,1.0000846890145845,321,259,0.8068535825545171,0.4351600341699476,ok,854.1786632920937,-344.50483428015525,0.07120224182748407
741,-0.44046903110870517,0.3762701762072993,-0.16589708523224111,1.0001120964789751,336,287,0.8541666666666666,0.4126563624000392,ok,854.6206856150438,-344.8792785068201,0.2370993270597249
742,-1.1697096133145806,-0.4929284895899855,0.032037410471896066,0.9999729730651653,336,308,0.9166666666666666,0.31724419380127805,ok,855.7886235467314,-344.38216678592016,0.2050619165878289
743,-3.574585088232425,-2.5913006676643136,0.31212697897953195,1.000146470468394,309,254,0.8220064724919094,0.4233828330587992,ok,859.368044593781,-341.79755024353176,-0.10706506239170242
