frame,step_center_dx,step_center_dy_down,step_rotation_deg,ransac_scale_diagnostic,good_matches,inliers,inlier_ratio,median_reprojection_error_px,status,center_x_in_reference,center_y_in_reference,rotation_to_reference_deg
257,0.0,0.0,0.0,nan,0,0,0.0,nan,reference,1280.0,720.0,0.0
258,0.029494745688907642,0.020469412452030156,0.0002795398174008317,1.0000171900639,422,420,0.995260663507109,0.07422504081590403,ok,1279.9705051544438,719.9795307314498,-0.00027953981740083173
259,0.020898001776231467,-0.008027686125274158,-0.00017114313373442987,1.0000078270145079,455,446,0.9802197802197802,0.051458082391849055,ok,1279.949607167855,719.9875584571116,-0.00010839668366640188
260,0.026559075351997308,0.05303428015758982,0.0004918078310242155,0.9999794831373835,412,408,0.9902912621359223,0.09270287708355188,ok,1279.9230475369416,719.9345244551776,-0.0006002045146906172
261,0.019439577211187498,0.042243566966817525,0.0005718767841057762,1.0000086976084281,435,430,0.9885057471264368,0.07486810391107834,ok,1279.9036070955715,719.8922812858885,-0.0011720812987963932
262,0.024386667697172015,0.001900037602354132,0.0006592432740457908,1.0000097971494275,436,433,0.9931192660550459,0.07118046417483125,ok,1279.8792203671567,719.8903820277498,-0.0018313245728421837
263,0.029661571826636646,0.00449646971128459,0.00035129853928150763,0.9999971767843931,434,429,0.988479262672811,0.07913716510796068,ok,1279.849558624063,719.8858866879684,-0.0021826231121236913
264,0.05251503803174273,0.018536784607590562,0.0003594747306518027,1.0000010514396915,434,430,0.9907834101382489,0.06894596523743368,ok,1279.7970427636437,719.8673522333651,-0.002542097842775494
265,-0.0017296106384492305,0.006751041973984684,0.0006449077327508369,1.0000056372122414,448,446,0.9955357142857143,0.05388643352579691,ok,1279.7987719987614,719.8606010951942,-0.00318700557552633
266,-3.6208462006470654e-07,0.0013048151206476177,-0.00011980526233701421,1.0000030177841863,481,481,1.0,0.002552326202066117,ok,1279.7987722909957,719.8592962800559,-0.003067200313189316
267,2.1949507925294256,-3.247330226588474,-0.19910227596457572,1.0002655033332173,344,324,0.9418604651162791,0.580452191582078,ok,1277.5927237651636,723.0990975831942,0.19603507565138614
268,-9.541000446292628,9.091364180422715,-0.1502908340294884,0.9996177439522531,225,200,0.8888888888888888,0.821380323647154,ok,1287.1885025808479,714.0655699722497,0.3463259096808744
269,3.707738353239165,10.77827104473738,-0.18456962275350586,0.9995010747378265,256,211,0.82421875,0.6037832451032455,ok,1283.580792076489,703.2534066675895,0.53089553243438
270,7.327093972513012,3.2735536425775535,-0.039870523411694586,0.9997653123517146,260,225,0.8653846153846154,0.5568587504596845,ok,1276.286671431798,699.9070260028176,0.5707660558460745
271,-1.183808323707126,0.5799893260020781,0.04813200817144496,0.9999270509548732,317,280,0.8832807570977917,0.2605799204771503,ok,1277.4757209129007,699.3378589824766,0.5226340476746296
272,-8.951570673415745,1.0874550307934214,0.36660603446590395,1.0000082199609825,289,244,0.8442906574394463,0.531507730381254,ok,1286.4302197513234,698.2747848938801,0.1560280132087262
273,-0.3935772111155984,0.382696623661559,0.17889942490378388,1.0000372191976443,285,273,0.9578947368421052,0.7280211615691772,ok,1286.8236441656966,697.8919311919959,-0.02287141169505747
274,-0.017336585366365398,0.38744006125352826,0.517784357139402,1.0000275027988672,284,239,0.8415492957746479,0.2368073283940791,ok,1286.8373240625517,697.5043447904305,-0.5406557688344586
275,0.0877231598653907,0.9005600733971733,0.31106642929670286,1.0002662853601936,275,264,0.96,1.1110850027950006,ok,1286.7362239413355,696.6051882055889,-0.8517221981311611
276,1.7251401758262546,-3.5608974341932935,0.007309255461701871,1.000097582396185,242,204,0.8429752066115702,0.5358353164971343,ok,1285.0646639331692,700.1915493561418,-0.859031453592863
277,-10.37960598271161,16.558666798016475,-0.2710531569550953,0.9995525279705778,254,210,0.8267716535433071,0.7496655136724171,ok,1295.2737987135542,683.5272391838,-0.5879782966377681
278,-1.4433573059270657,7.086406824518008,-0.5620978590155131,0.9997457150941222,283,245,0.8657243816254417,0.4194405831330427,ok,1296.713954950543,676.4401811193977,-0.025880437622255878
279,1.3569665421791797,0.9954922559679744,-0.6113173917161351,0.9999490491248365,332,278,0.8373493975903614,0.33393479588046415,ok,1295.3672308099472,675.4308758546626,0.5854369540938781
280,1.0341588847913954,0.8186401042785292,-0.5012621266498719,0.9999184254320327,361,296,0.8199445983379502,0.2293630212948337,ok,1294.3487837149214,674.592769814856,1.0866990807437489
281,0.14474935052885485,0.018380313244961144,-0.13891157655697847,1.0000919134523438,361,341,0.9445983379501385,0.7277227870756701,ok,1294.2044606220002,674.5712976178763,1.2256106573007273
282,0.69097865933918,0.5979103446851468,-0.0780102908346091,1.0000163874815824,396,364,0.9191919191919192,0.3959799801312298,ok,1293.5272635743215,673.9578219080404,1.303620948135336
283,-0.0443081734581483,0.6499032637588016,0.2981057623306508,0.9999663152059246,383,339,0.8851174934725848,0.24714417996615107,ok,1293.5829698495997,673.3087962711245,1.0055151858046858
284,-0.5905041225555578,0.8262655168055062,0.5068583885335651,0.9999764977926768,362,312,0.861878453038674,0.22818023486172062,ok,1294.1806426739106,672.4877012595107,0.4986567972711215
285,1.756653851052306,-2.686367712964284,0.42064251227602045,1.0002171982194386,344,295,0.8575581395348837,0.42358547716029116,ok,1292.4203326776174,675.1716746123263,0.0780142849951019
286,-7.781953462609863,16.037519360801298,0.3108994854711645,0.9994365004896278,238,184,0.773109243697479,0.7622747511938963,ok,1300.1370357185158,659.102657183719,-0.23288520047606212
287,-1.5852194364174466,6.361611145352526,0.18912099428975826,0.9996956980401303,307,258,0.8403908794788274,0.6570498773850454,ok,1301.6753567852013,652.7295429275598,-0.42200619476582013
288,0.5351250611417981,1.2150670591543076,-0.018021673464178087,0.9997467706200212,326,298,0.9141104294478528,0.6188142494590845,ok,1301.1316778290086,651.5182791322214,-0.40398452130164203
289,0.5670897886548119,0.7153936220383912,-0.19969733907664491,0.9994985819256319,301,265,0.8803986710963455,0.6756299001930115,ok,1300.5620409258918,650.8049120027172,-0.20428718222499728
290,0.3920815680828582,0.5403077318176202,-0.3549075341273959,0.9998436101723035,320,262,0.81875,0.3879449555356762,ok,1300.1713810832962,650.2635754267542,0.1506203519023984
291,0.09505908581468248,0.06641948408400822,-0.15534502176421672,0.9998454191835615,350,335,0.9571428571428572,0.5740790221203588,ok,1300.076678038076,650.1966492667877,0.30596537366661497
292,-0.40577188346878756,0.8084480434041552,-0.41427695339733833,0.9997650245304659,349,309,0.8853868194842407,0.59255865319911,ok,1300.4925802712746,649.3933657597255,0.7202423270639531
293,-0.3086358926257162,0.2340095118285035,-0.06754930939512913,0.9999290646273992,358,348,0.9720670391061452,0.315815742566136,ok,1300.8044044164476,649.1636218406979,0.7877916364590823
294,1.6445553054090851,-1.9110090077913355,-0.06413946885853529,1.0003676751106252,319,273,0.8557993730407524,0.5878096997595813,ok,1299.1316171515377,651.0499676061304,0.8519311053176176
295,-9.19154375749963,16.31799211368093,0.14643009409678798,0.9989106828246668,234,168,0.717948717948718,1.0085265361595535,ok,1308.523387625529,634.8463880438219,0.7055010112208295
296,-0.9733929998451458,7.365166479152322,0.28878293914452874,0.9997893288854772,278,228,0.8201438848920863,0.7605715200978935,ok,1309.55032201801,627.4884958897254,0.41671807207630107
297,1.181143523180026,3.0973101090917226,0.4370835083644862,1.0002228032349518,302,254,0.8410596026490066,0.6957455802794368,ok,1308.3680776494296,624.3916058065628,-0.020365436288184626
298,1.2980387211916877,2.412716797042094,0.4899654468286849,0.9996851187943793,280,203,0.725,0.375794563866387,ok,1307.0486007432637,621.9905461324735,-0.510330883116869
299,1.0827241553949989,2.1886778758512264,0.27119238605667983,0.9998985690490259,298,220,0.738255033557047,0.3249308099686515,ok,1305.9361243307308,619.8168399259052,-0.7815232691735488
300,0.33773967553565853,2.244174745408145,0.017378309036314897,1.0004817541425233,324,314,0.9691358024691358,0.6371496712913567,ok,1305.5671269329146,617.5775924414222,-0.7989015782098636
301,0.07765646358893719,2.060547059834448,-0.28553998670199465,1.0000066359902784,314,262,0.8343949044585988,0.4009942015141367,ok,1305.4710116407869,615.5178238712307,-0.5133615915078691
302,-0.2285689467175871,1.725624372530774,-0.5038899832040521,0.999749987936082,310,271,0.8741935483870967,0.4319321248302964,ok,1305.699295320123,613.7921617373745,-0.00947160830381745
303,-0.2696149087564663,0.5188378565346738,-0.2559443836425379,0.9998165514057132,300,260,0.8666666666666667,0.6327969707796046,ok,1305.971139644055,613.2744884968614,0.24647277533872022
304,6.323036083003899,12.320753270609202,-0.736926630565363,0.9993835147280637,328,266,0.8109756097560976,0.9839517555095765,ok,1299.8604924571885,600.8470294878832,0.9833994059040824
305,-4.338599225818143,4.089732771912168,-0.13935046220915287,0.9998288988414356,395,301,0.7620253164556962,0.3608879782513322,ok,1304.2783946922234,596.8430942699263,1.122749868113235
306,-10.051233853217127,3.224463169792898,-0.02539804412648168,1.0002022425832595,338,263,0.7781065088757396,0.5987530649158571,ok,1314.3922210948965,593.8206812931816,1.148147912239717
307,1.135511649320506,0.49483872129303563,0.30870472976857677,0.9999925292118678,364,283,0.7774725274725275,0.3672926892164819,ok,1313.2640809601985,593.3092598404473,0.8394431824711401
308,2.4798999785282376,0.3559756480555052,0.5172833560150295,0.9999073536704141,364,297,0.8159340659340659,0.3100681812147814,ok,1310.7862217343932,592.9393460361573,0.32215982645611085
309,1.385586541841576,0.02841622999358151,0.2536421846083208,0.9999686492684845,375,309,0.824,0.30383855148074035,ok,1309.4006701650799,592.9092728615087,0.06851764184779023
310,2.0475604255148028,0.18330734072310406,0.37381136097961176,0.9999061992975303,362,302,0.8342541436464088,0.36970924682166617,ok,1307.3521620796416,592.7368782525682,-0.30529371913182135
311,0.18631590657014385,0.6773736177442515,0.1912563311922982,1.000021324825689,376,327,0.8696808510638298,0.5028465841744876,ok,1307.1599828300696,592.061144746598,-0.49655005032411953
312,0.5408064491971345,-0.27366096312607624,0.01117595377368216,1.0001066423914506,366,326,0.8907103825136612,0.26145745748647,ok,1306.6216226266993,592.339587253517,-0.5077260040978017
313,7.699059588092268,15.198081983439351,-0.1650393146440286,0.9991145765903493,242,172,0.7107438016528925,1.0351934212024005,ok,1298.8318013913913,577.1878249917113,-0.34268668945377306
314,-8.018502642183648,5.539054429648218,-0.3207231075197634,0.9999608742649398,289,224,0.7750865051903114,0.5600033421711423,ok,1306.8481801209666,571.6456971818061,-0.02196358193400975
315,-3.295331340811572,0.15524900878426706,-0.42419467923850185,1.0001450631457294,329,258,0.78419452887538,0.40953101647259704,ok,1310.1445201375318,571.5135858815487,0.4022310973044919
316,4.832057607081879,0.031310374720305845,-0.32913729933565666,0.9999015466461034,363,290,0.7988980716253443,0.33910294288624826,ok,1305.3132558516936,571.4205995486278,0.7313683966401485
317,1.9059029909203673,0.08915310263273568,-0.13893711084859378,1.0001821687126846,345,325,0.9420289855072463,0.8038324357136398,ok,1303.4089268845794,571.3025077558653,0.8703055074887424
318,-0.7051137640662546,0.4611517780228951,0.03409827615114375,0.9999956661738956,343,315,0.9183673469387755,0.44177311457068696,ok,1304.1206956275596,570.8516955564235,0.8362072313375986
319,-0.5639624796499447,0.5583557115094209,0.08355534759544515,1.0000394133874728,357,344,0.9635854341736695,0.45344785466710436,ok,1304.6919439401206,570.3007961605039,0.7526518837421534
320,-1.3246295112223834,1.4829926709660413,0.5403678072323423,0.9999717562097883,322,262,0.8136645962732919,0.3584733424967689,ok,1306.022058917915,568.8227214837748,0.2122840765098115
321,-0.04609838203805339,0.7267849436459528,0.15491006463032922,1.0000671439040556,300,294,0.98,0.7550528353699216,ok,1306.0688850540241,568.0959830658319,0.05737401187948237
322,11.545380315985994,5.057936109990351,0.24272144569215504,0.99948449140181,325,280,0.8615384615384616,0.8109010284462752,ok,1294.507203142393,563.0754217717364,-0.18534743381267246
323,-10.68825809622831,11.501060773137397,0.22250622815304988,0.9998284072930816,344,275,0.7994186046511628,0.7350268707185492,ok,1305.1133221087414,551.49856984599,-0.40785366196572215
324,-2.2443343613488196,0.712922893541986,-0.003406702236804566,0.9997421711210841,362,353,0.9751381215469613,0.557246533484114,ok,1307.3525681226163,550.7698222442698,-0.4044469597289176
325,3.8414135368498137,0.10219634034433511,-0.1284950823645702,1.0002525692135518,373,336,0.900804289544236,0.42538781514715823,ok,1303.5107069361038,550.6861282979996,-0.27595187736434756
326,5.028383869868094,0.41389674178185487,-0.21879810787582102,0.9998161935493405,386,305,0.7901554404145078,0.36635706502507365,ok,1298.481912697167,550.2772476821162,-0.057153769488526726
327,-0.2967277554632801,0.4530736260877575,-0.16857420373673862,1.0001218494827409,383,364,0.9503916449086162,0.46116140367481195,ok,1298.7795209621927,549.8247519450015,0.11142043424821169
328,-1.1900271250422065,0.6477242724376993,-0.10784838479097601,1.000009359389909,387,372,0.9612403100775194,0.3939577480946549,ok,1299.972018183558,549.1815865941965,0.21926881903918757
329,-0.7783342944183005,0.7878781079414239,-0.040712819847060926,0.9998936489189939,373,339,0.9088471849865952,0.3535350370088356,ok,1300.7539194780288,548.3972483045878,0.25998163888624837
330,2.1265554269634777,-2.868118788200036,-0.004188800410322555,1.000412089414616,351,319,0.9088319088319088,0.6292337835161173,ok,1298.6141628265307,551.2555318523732,0.2641704392965709
331,-4.330561358812929,8.329120506093886,0.056273417263552526,0.9999752334073057,199,149,0.7487437185929648,0.47642906466383683,ok,1302.9749177211138,542.9421795299434,0.20789702203301852
332,13.255224699762039,14.23843204930347,0.248712222647312,0.9992293818612543,227,172,0.7577092511013216,0.7850356370542579,ok,1289.7095535011665,528.7131935795687,-0.04081520061429288
333,3.613360701556303,1.713121066207691,0.10440953017929061,1.0004469866538257,265,257,0.969811320754717,0.5509202041573896,ok,1286.0918622493698,527.009236610127,-0.14522473079358322
334,1.4646278074844759,3.897408759095697,0.33100877211886953,0.9998278921351579,246,192,0.7804878048780488,0.3893648668709071,ok,1284.5948907594843,523.1241360955455,-0.47623350291245187
335,-0.33693966653845564,1.0334667706349592,0.056679689975930536,0.999912753038789,270,249,0.9222222222222223,0.28866254818574305,ok,1284.9222036230672,522.0875801664095,-0.5329131928883822
336,-1.7156003894658625,1.7326053248993958,0.0491240868513722,0.9997498426713344,240,209,0.8708333333333333,0.4488653938611275,ok,1286.6201151819428,520.3376366683382,-0.5820372797397543
337,-1.8203201311841894,1.113187906221924,-0.06655910823771093,0.99968397384323,242,221,0.9132231404958677,0.6206167983984818,ok,1288.4303466590375,519.2081169943665,-0.5154781715020436
338,-0.8459386343135975,1.194347918900121,-0.19039424507753475,0.9999291440918885,265,225,0.8490566037735849,0.3388126723568173,ok,1289.2694952404456,518.0089886514747,-0.3250839264245094
339,-0.11954136602798826,0.4122466742205688,-0.09082082308660189,0.9999221869180516,255,241,0.9450980392156862,0.49173262475673163,ok,1289.3873500744705,517.5962566601113,-0.23426310333790776
340,-3.004022767876677,6.934059144228968,-0.38244186535958063,0.999983007020161,263,224,0.8517110266159695,0.5652888066795889,ok,1292.4092956904374,510.66998972187343,0.1481787620216717
341,5.587137459096766,9.038222696970706,-0.20268633490581614,0.9994855477224273,254,214,0.84251968503937,0.6312402658644545,ok,1286.8776104716624,501.5977224668119,0.35086509692748735
342,8.170584540727305,1.748055338995755,-0.03559976754752518,0.9996930567686946,278,235,0.8453237410071942,0.5055603367994986,ok,1278.7190024866186,499.7945960287222,0.3864648644750123
343,-0.22229237235410437,0.9653150936753718,0.2930186894111945,1.000173873321822,289,248,0.8581314878892734,0.3287414092609058,ok,1278.9428689369365,498.8296447650272,0.09344617506381855
344,-0.7717426136248378,0.48455803404544895,0.13617770807271326,1.0000492143949449,295,282,0.9559322033898305,0.5393345647748129,ok,1279.7142499497006,498.3445112955675,-0.0427315330088944
345,-2.3019058850584315,0.5598279560588253,0.2935770059239748,1.0000289309428159,270,228,0.8444444444444444,0.42667466370562496,ok,1282.0128301823554,497.7711815840572,-0.3363085389328685
346,-1.9879880162163772,0.8363862151255717,0.15732647304494415,0.9999354144946104,281,263,0.9359430604982206,0.45457112922470605,ok,1283.9935385736835,496.91769899958604,-0.4936350119778122
347,-0.9097247204081214,0.9380691085284525,0.09603798168691548,0.9999987819635918,287,276,0.9616724738675958,0.3145455993321685,ok,1284.8935609270995,495.9703170899803,-0.5896729936647274
348,0.91891739163475,-4.483529670358394,-0.05881687399941314,1.0000001965369918,283,248,0.8763250883392226,0.7802651398498854,ok,1284.0162231239362,500.46216814013474,-0.5308561196653144
349,-2.197082419125991,16.485540147329857,-0.07346039357197139,0.9993908905251138,183,134,0.73224043715847,0.8186106863111384,ok,1286.0816318527611,483.9596140381619,-0.4573957260933433
350,8.379519371418382,6.281186878297149,-0.14683446739175865,0.9995887664081242,233,191,0.8197424892703863,0.5610970956698484,ok,1277.6681897213484,477.723938854396,-0.3105612587015851
351,4.836300103638678,0.9019545203856296,-0.18258445665491693,0.9998283045841022,244,202,0.8278688524590164,0.5499547633033187,ok,1272.8298870630795,476.83278901498187,-0.12797680204666864
352,-0.12588797272746888,0.2184681943972464,-0.14743620077075592,0.9997807847827956,243,221,0.9094650205761317,0.6424266329649684,ok,1272.9558492270244,476.61436358858896,0.019459398724086908
353,-1.3084257181444627,0.24678770667719618,-0.06465879754245772,0.9996982506899912,256,232,0.90625,0.5662303131243267,ok,1274.2646358537036,476.36949709864973,0.08411819626654446
354,-1.584969288760476,0.4944788243641369,0.027844227988758987,0.9997294462192999,272,262,0.9632352941176471,0.4591385565499545,ok,1275.8500900382196,475.8765752155282,0.05627396827778555
355,-0.6990967378960704,0.3587265114199454,0.04807895716765805,0.9999996742365777,272,260,0.9558823529411765,0.32640321808297557,ok,1276.549238077591,475.517948699532,0.008195011110127638
356,-1.0192651349634616,0.9206175310816889,0.1695422639128438,0.9998688792241662,260,244,0.9384615384615385,0.5057237695588065,ok,1277.5659066780242,474.59446453032285,-0.16134725280271567
357,-0.2491758215196569,0.7608755160040346,0.1172472060078816,1.000163372670502,269,257,0.9553903345724907,0.4825999854949222,ok,1277.811379894571,473.8323864235367,-0.27859445881059697
358,1.6690524795396868,-1.7613341394422832,0.27070168808419415,1.0002406924819933,215,181,0.8418604651162791,0.5569118258435397,ok,1276.1592898147542,475.6096406254992,-0.5492961468947902
359,11.207855348235398,16.136533192008528,0.15210636889566442,0.9990837700535848,221,173,0.7828054298642534,0.9880207724793363,ok,1264.754739259311,459.6115172482997,-0.7014025157904542
360,0.69959119907071,2.7688749852285355,0.027648866904057844,0.9997888787854696,246,229,0.9308943089430894,1.159013718301959,ok,1264.0199735190258,456.8517680139407,-0.7290513826945119
361,-0.3041933015279028,0.012059671941756278,-0.03448963553068607,0.9999485944696593,244,235,0.9631147540983607,0.42739885729959287,ok,1264.323998281413,456.8360217687639,-0.6945617471638259
362,-0.8680679977878754,0.29678125702616853,-0.1441500125710199,1.0000355117147044,247,226,0.9149797570850202,0.5152297193098984,ok,1265.1891752403671,456.53091524146555,-0.5504117345928065
363,-1.2334764932932103,0.12447191788851342,-0.17748483007114882,1.0001344126564748,227,205,0.9030837004405287,0.4378340070147515,ok,1266.4218154485486,456.39841756214815,-0.3729269045216582
364,-0.9181001221195402,0.06454531929443874,-0.10074655997299892,0.9998219102462198,218,201,0.9220183486238532,0.6003682916086663,ok,1267.3395985937198,456.3295116050876,-0.2721803445486597
365,-0.3163443369953711,0.2794253418264816,-0.031077461665321774,0.9999693246333728,265,258,0.9735849056603774,0.2606969301853204,ok,1267.6547643005654,456.04875755180876,-0.24110288288333806
366,-0.29380369473096835,0.9174485494718283,-0.0007461544871636545,0.9999441521872895,227,206,0.9074889867841409,0.5000144314608435,ok,1267.944716709776,455.13008456735867,-0.24035672839617442
367,9.684284921291692,3.474083086867722,0.029064459325338337,0.9996112539086094,193,156,0.8082901554404145,0.7804704439616484,ok,1258.2442027804857,451.70157800635303,-0.2694211877215126
368,-1.6629335023408203,8.999095116815397,0.12956484766360196,0.9995991753072963,236,200,0.847457627118644,0.49942281717412224,ok,1259.8444301913487,442.69112113734695,-0.3989860353851139
369,-3.5967056650281393,3.0109369703347966,0.23595821770338704,0.9996855018721336,238,224,0.9411764705882353,0.5357896827336616,ok,1263.407548884432,439.64051164756034,-0.6349442530884997
370,2.9915597377439553,1.5369216561232406,0.34382582210260093,0.9997734231489033,249,216,0.8674698795180723,0.5634850295267515,ok,1260.3901720480865,438.1549158515788,-0.9787700751910987
371,6.243418671530662,2.0218397567555257,0.28451625052106083,0.9998546858130455,240,200,0.8333333333333334,0.5053774064383729,ok,1254.1036959584906,436.27121441956945,-1.2632863257121583
372,0.3062332454951502,0.5955433172639459,-0.0024669636576785986,1.0000522216274452,260,250,0.9615384615384616,0.3002397460145478,ok,1253.7844327146365,435.68255354562916,-1.2608193620544796
373,-0.1983259039220684,1.1388097102412758,-0.1806275429747067,1.0000139613973729,259,230,0.888030888030888,0.2631561000498661,ok,1253.9612547758327,434.54020741639306,-1.0801918190797737
374,-0.42036195675154886,1.1169934149943401,-0.3227709326125616,1.0000294550417346,250,214,0.856,0.343123356444769,ok,1254.3668143516677,433.4177547918816,-0.7574208864672137
375,-0.3263213928441928,1.173725116260357,-0.28000896300333405,0.9999459847530506,228,192,0.8421052631578947,0.4740070390245418,ok,1254.683344570812,432.2413514085403,-0.4774119234638809
376,8.383522630646667,6.579137467044461,-0.14728784519790436,0.9997296786755603,241,209,0.8672199170124482,0.5882669676809098,ok,1246.2620539475652,425.71062665950586,-0.33012407826597717
377,4.462618126338384,9.23979204015427,-0.07454219172998805,0.9996105334446115,248,217,0.875,0.54799189674201,ok,1241.7582639968837,416.49083308443267,-0.2555818865359894
378,0.7200653118620721,1.407171687132859,0.014829758655983799,1.0000265531743748,259,251,0.9691119691119691,0.4632964095847599,ok,1241.031565478897,415.087075457785,-0.2704116451919732
379,-0.026584631388914204,0.07339208404300734,0.07794261904234548,1.0000977928298826,288,274,0.9513888888888888,0.3653312368773095,ok,1241.057703403028,415.0135230985543,-0.34835426423431837
380,-0.1639922438666872,0.1300374908687445,0.11539331734717741,1.0000551203914385,286,278,0.972027972027972,0.5215520099307398,ok,1241.2206377733867,414.8821625411727,-0.46374758158149537
381,-0.28805896561834743,0.45194002094763164,0.18248495087156053,1.0001350221852465,289,279,0.9653979238754326,0.8269866139917889,ok,1241.5035811450996,414.4270023511177,-0.6462325324530551
382,-0.21735273049239368,0.579430736608515,0.18521449481892793,1.0001752818639011,293,276,0.9419795221843004,0.8288405299964208,ok,1241.7125028833889,413.8444786217735,-0.8314470272719823
383,-0.05079404969796997,0.7612530840940508,0.10174903910118133,1.0000601153112625,292,284,0.9726027397260274,0.487636090157345,ok,1241.75089195336,413.0824992435524,-0.9331960663731631
384,2.0159337435436555,-3.2276426965103155,-0.057487683593683364,1.0002298303868877,286,276,0.965034965034965,0.6462694588997964,ok,1239.7845230196126,416.34057527874336,-0.8757083827794799
385,-4.783347214238347,7.183927009436388,-0.04840686948646004,0.9999533932106276,169,122,0.7218934911242604,0.49497585687116574,ok,1244.4636455159637,409.0883321420984,-0.8273015132930202
386,15.204813320902758,12.042576131929309,-0.35753318673451345,0.9990563695888189,177,135,0.7627118644067796,1.0306194685018155,ok,1229.1606072299753,397.1708237097795,-0.4697683265585082
387,3.9958392967855616,0.6195995903231051,-0.08041136060500242,0.9998437084403928,189,159,0.8412698412698413,0.6067694846539263,ok,1225.160649701646,396.57839218662747,-0.38935696595350616
388,1.182475121699099,1.0325870653572338,-0.06402251645083225,0.9999600561608374,170,155,0.9117647058823529,1.0934480177301307,ok,1223.972330481973,395.5525360109696,-0.3253344495026742
389,-0.7369073806842152,0.9077311211578944,-0.03660515281670077,0.9998271171245617,185,168,0.9081081081081082,0.5771171207492647,ok,1224.7046542169626,394.64110295078575,-0.2887292966859735
390,-2.543757405217775,1.407537912194698,0.04853227605353677,0.9994928021208641,182,167,0.9175824175824175,0.6454937144380708,ok,1227.2400823756172,393.2186161272379,-0.33726157273951013
391,-1.2737437104080982,1.077429966352156,0.09470531324497426,0.9998123146456376,192,185,0.9635416666666666,0.5221248901731517,ok,1228.5056669553592,392.13161380722346,-0.43196688598448396
392,-0.05032711744047447,0.5757248640467196,0.04760581853665976,1.000091492547021,210,202,0.9619047619047619,0.34198587043363854,ok,1228.5511734783931,391.5554878711706,-0.47957270452114364
393,-0.034004740184627735,0.6243716666436967,0.05161483518929903,1.000022949219508,208,202,0.9711538461538461,0.37524922728565185,ok,1228.579388308205,390.93082778453044,-0.5311875397104425
394,1.6078571055163593,-1.984146551397771,0.2813635124474787,1.0001425957312269,179,138,0.770949720670391,0.5306458693140301,ok,1226.999830496875,392.93757618177676,-0.8125510521579199
395,7.432245103217383,16.343128110626935,0.1823097775427921,0.9992109180445984,188,159,0.8457446808510638,0.9099660116151981,ok,1219.2849445237784,376.72595571567956,-0.9948608297007113
396,-3.321241116332885,1.2086229066698024,0.02163316023613006,0.9992403168169718,216,202,0.9351851851851852,0.7733427750823769,ok,1222.5842217191948,375.45860340824754,-1.0164939899368413
397,-1.871009229305173,0.07298049231280856,-0.0792722465461911,0.9996546242802059,230,223,0.9695652173913043,0.6797019573189219,ok,1224.453786907095,375.3550288139063,-0.9372217433906503
398,7.0001529421206214,0.4364384081073922,-0.22349980444450193,1.0000047188351855,232,187,0.8060344827586207,0.4699330647193247,ok,1217.4487405867642,375.0058215013145,-0.7137219389461494
399,4.017295024568739,0.4518300223392089,-0.3092463555343589,0.9999130349154898,227,183,0.8061674008810573,0.4193709137512116,ok,1213.4283560276301,374.5823623177008,-0.4044755834117917
400,-0.20738775923928188,0.7544650864196001,-0.3241748217969646,0.9999879186438771,226,189,0.8362831858407079,0.33026137358323104,ok,1213.6346861911495,373.82760731577594,-0.08030076161482852
401,-0.7689496530520046,1.1517085818667283,-0.20374369925586458,0.9998509736799159,213,183,0.8591549295774648,0.3763115681233447,ok,1214.4061153972943,372.6775580966636,0.1234429376410352
402,-0.37439909091222034,1.2539227109521107,0.010927775061931619,1.00000920565347,222,207,0.9324324324324325,0.4182746241222074,ok,1214.782976168036,371.42437303299835,0.11251516257910364
403,13.208832364785167,6.078005176089846,0.1868531879838813,0.9996395571732682,168,134,0.7976190476190477,0.7849880698753002,ok,1201.566269055956,365.36351067892116,-0.07433802540477688
404,-1.0408540600558354,6.984527813167006,0.2314450017675492,0.9999210446218583,238,201,0.8445378151260504,0.6455573390080734,ok,1202.5698325993083,358.3735274055726,-0.305783027172325
405,-7.328162061541661,5.084583574701583,0.36935335232597677,0.9989932377805415,216,196,0.9074074074074074,0.9357172002039285,ok,1209.837573863362,353.2029484972571,-0.6751363794983001
406,-0.5145417962612555,1.369610211798772,0.15407746965313518,0.9999729877697784,241,216,0.8962655601659751,0.5108155259355391,ok,1210.3322407661462,351.8260352655491,-0.8292138491514347
407,7.300988637145565,0.671820421677694,0.09738188217445103,1.0000037592276578,219,181,0.8264840182648402,0.5114362723540635,ok,1203.021342547743,351.27237020537575,-0.9265957313258854
408,2.984355238340413,0.44379828437331525,0.0020127331123512044,1.0004035230082795,245,222,0.9061224489795918,0.5089936571473166,ok,1200.0301868137021,350.87699635629536,-0.9286084644382365
409,-0.2863352228009717,0.10598331490257351,-0.06738760340489719,0.9998034998399727,252,238,0.9444444444444444,0.5089398474800889,ok,1200.3148967004993,350.7667212312029,-0.8612208610333396
410,-0.6775387826035058,0.13120036992802397,-0.11961668993416592,0.999864634640836,232,211,0.9094827586206896,0.7224369236958387,ok,1200.9906805930307,350.6267624172743,-0.7416041710991741
411,-0.2937902208377636,0.6532359248961939,-0.281996577466872,0.9999188212601812,203,161,0.7931034482758621,0.4427644981511763,ok,1201.279221377576,349.97119084750574,-0.45960759363230363
412,0.8297719761915232,-0.841296643682881,-0.15753687640309766,0.9999731546146311,223,203,0.9103139013452914,0.6155761385543466,ok,1200.4538963367945,350.8168504434454,-0.30207071722920675
413,-0.564500728414032,14.855866343855041,-0.2758924326294847,0.9994598980091054,198,163,0.8232323232323232,0.8542274040165595,ok,1201.011609401914,335.9607277313829,-0.02617828459972355
414,16.671292374362338,4.32389755977124,-0.05543113010487425,0.9996372567963996,217,177,0.815668202764977,0.8051288765154556,ok,1184.3425268028295,331.62831906601474,0.029252845505150397
415,1.346914507151041,0.523476273076426,0.2187189811082472,1.00002696380002,233,193,0.8283261802575107,0.3635911844951707,ok,1182.9938886275984,331.109299634435,-0.1894661356030956
416,-0.1857951653901182,0.5961697374759751,0.141538604513962,1.0000726816527274,241,224,0.9294605809128631,0.6045457229694051,ok,1183.1762365660484,330.5120664900871,-0.3310047401170569
417,-1.5602856524417348,0.3519729717855853,0.38611424702388447,0.9999528887176334,230,192,0.8347826086956521,0.3069388664979933,ok,1184.7319947993246,330.1405929248405,-0.7171189871409395
418,-1.9289591886804374,0.6378938231432585,0.327102755866674,0.9998245235719881,236,187,0.7923728813559322,0.3131761145259483,ok,1186.6490086006447,329.46765149592767,-1.0442217430076117
419,-0.02134136037125245,0.02708322865100854,-1.178616997731995e-05,0.9999895668457872,302,298,0.9867549668874173,0.05500637819181506,ok,1186.6698528550194,329.4401838422924,-1.0442099568376344
420,-1.8877212885909103,2.293555905018934,0.22812559937324134,0.9997760714265612,239,215,0.899581589958159,0.5648778259854489,ok,1188.5061811839494,327.10527728715675,-1.2723355562108745
421,-3.330501225377702,4.790416542441221,-0.14009063636021765,0.9996045383331398,196,154,0.7857142857142857,0.6952845425853824,ok,1191.7413729436582,322.24998498491107,-1.1322449198506574
422,7.158079548945125,10.122641001250031,-0.29895775779448175,0.999695531456826,223,168,0.7533632286995515,0.6784275122632433,ok,1184.4368359087907,312.23251512593686,-0.8332871620561771
423,11.364547622243663,2.31647704786576,-0.4773974108382472,0.9995359997887081,204,154,0.7549019607843137,0.609843270030765,ok,1173.0581189357692,309.98667260710187,-0.3558897512179323
424,0.3001877946592231,0.19778423257048416,-0.09744693771617409,0.9998518172934436,251,229,0.9123505976095617,0.55210468352456,ok,1172.7570420569814,309.7902444325052,-0.25844281350175874
425,-1.6058492632873822,0.4192569004087545,-0.11606412680227379,0.9996034411139726,222,183,0.8243243243243243,0.7720776671993057,ok,1174.3618445194963,309.3669983324095,-0.14237868669948553
426,-1.8031563089468818,0.6233965819155856,0.03065537179677917,0.9997773755314355,236,220,0.9322033898305084,0.4250585998925739,ok,1176.1631099420522,308.7381590442417,-0.17303405849626455
427,-1.0524625082935017,0.2779493571065359,0.06622046786798345,0.9999840736563281,224,207,0.9241071428571429,0.3834740798930609,ok,1177.2144026226142,308.4558172721355,-0.2392545263642476
428,-1.2240384541446474,0.8946145142599562,0.18438320160217064,1.0000274003022018,233,209,0.8969957081545065,0.7064564674441511,ok,1178.4317930122102,307.55217690912093,-0.4236377279664173
429,-0.294490235582316,1.4495715234222644,0.2592057427321429,0.999993540973111,215,187,0.8697674418604651,0.6898727077748329,ok,1178.7089869425683,306.0991987174942,-0.6828434706985589
430,9.382271487625758,5.602927266732536,0.2848105269977679,0.9995672869392102,165,119,0.7212121212121212,0.6933674528854419,ok,1169.2334315450125,300.65551778161466,-0.9676539976963255
431,-4.417879142478341,8.523620714230447,0.1918669448287998,0.9994501840524239,185,143,0.772972972972973,0.7012377439851352,ok,1173.477921393108,292.0442419105829,-1.1595209425251243
432,-6.822341434415648,1.898442433002856,0.010013511586752812,1.0000388603761197,189,141,0.746031746031746,0.6216509468855889,ok,1180.2600928350553,290.00694545419634,-1.169534454111877
433,1.9844107651929335,0.38585155424436834,-0.14254393539837623,1.0001659659996998,204,177,0.8676470588235294,0.7618083236163771,ok,1178.2690850658223,289.65672328216755,-1.0269905187135016
434,4.617250924658265,0.6607123327519275,-0.2880689433365801,0.9997974551798682,207,164,0.7922705314009661,0.459306280311521,ok,1173.643697396592,289.0556111485019,-0.7389215753769227
435,0.36941670893429546,0.7250389580499359,-0.20632296893091548,0.9999421701590572,206,163,0.7912621359223301,0.48825617196409926,ok,1173.267557073301,288.3340374151078,-0.5325986064460083
436,-0.47572512518081567,0.2860786889752944,-0.04600580898555572,0.9999550122454628,206,192,0.9320388349514563,0.4253055114080925,ok,1173.7408355067853,288.04392892606825,-0.48659279746045275
437,-1.0820164193933124,0.6925734526066663,-0.07077409977289559,0.9998587765961738,201,192,0.9552238805970149,0.7770264104750784,ok,1174.8177971892685,287.34352114944454,-0.4158186976875575
438,-0.5521376737551691,1.0494605589087769,-0.01562821857603422,0.9998790418347411,190,157,0.8263157894736842,0.7830371261701115,ok,1175.362591348833,286.2902297371613,-0.4001904791115234
439,7.022262609204972,4.1997254065938705,0.01997791180374686,0.9998424247729744,174,130,0.7471264367816092,0.6349145248885731,ok,1168.3097198970456,282.14211330581657,-0.4201683909152701
440,-4.927424694037654,10.888071687568754,0.12097956538537817,0.9993904856996756,198,145,0.7323232323232324,0.7090724513067974,ok,1173.1340905400648,271.2079893314039,-0.5411479563006476
441,-7.4339418221909455,4.601375050271145,0.16867286291952624,0.9998040141449667,186,143,0.7688172043010753,0.5767816469532737,ok,1180.5104582435824,266.5148727899708,-0.7098208192201729
442,-0.6760395785033779,3.51554358868907,0.19588526320665522,1.0000556031761212,219,197,0.8995433789954338,0.4749557857336951,ok,1181.1308435319575,262.98908233538566,-0.9057060824268272
443,1.5156230256413892,2.364350630750664,0.11363026475139287,1.0003270132636957,224,208,0.9285714285714286,0.6359055795579178,ok,1179.5733989439548,260.6520685535935,-1.0193363471782193
444,1.7038091314598205,1.8435845007234093,0.00043505896935203283,1.0002673637234099,226,210,0.9292035398230089,0.738718635544197,ok,1177.8370486091399,258.83909947428157,-1.0197714061475713
445,1.5169528225271733,1.8336138082385105,-0.1359418253257388,0.999881309065355,227,194,0.8546255506607929,0.3757103826616836,ok,1176.2919925438391,257.0291030050546,-0.8838295808218335
446,0.40723259931905886,1.4965348141884078,-0.21081541742737275,0.9999948959576864,231,192,0.8311688311688312,0.42659494824699906,ok,1175.8672096761334,255.53745480412738,-0.673014163394462
447,-0.5340911407010935,1.358100733789115,-0.18213071484208598,0.999782588794629,202,161,0.7970297029702971,0.5408325852983138,ok,1176.389645785391,254.1748281269197,-0.49088344855237703
448,-4.5431453025678366,7.0818807527396075,-0.12109108175488242,0.9994545068626681,187,144,0.7700534759358288,0.913446252031856,ok,1180.8869896559447,247.06377318786446,-0.3697923667974953
449,-1.772564579093114,8.167696365464963,-0.03498899325546415,0.9996773735304681,234,171,0.7307692307692307,0.5498548901735048,ok,1182.6117969539007,238.88585848481193,-0.3348033735420314
450,1.4134587047333298,9.44282795393974,-0.021506398688307962,0.9996482795344456,193,141,0.7305699481865285,0.6990975153668372,ok,1181.1467256522208,229.45090054326897,-0.31329697485372343
451,0.4836810454496572,1.425672816199608,0.050473850388699386,1.0002221516400176,209,190,0.9090909090909091,0.7782045050896081,ok,1180.6540028213417,228.0283273309147,-0.36377082524242255
452,1.2250557168938485,1.4818657957005144,0.102346948636478,1.000607179274809,218,197,0.9036697247706422,0.9429365640889904,ok,1179.41693236832,226.55647664547786,-0.46611777387889985
453,0.9562427747969195,1.5809835305066144,0.10809260839719824,1.0003312397825206,211,172,0.8151658767772512,0.6274225796176225,ok,1178.4448934813645,224.98515568197894,-0.5742103822760977
454,0.6556984345434103,1.408719678483294,0.11608654796593319,1.0005058188980123,210,184,0.8761904761904762,0.7359010326534661,ok,1177.7722708549643,223.58443787597264,-0.6902969302420303
455,-0.007964309101453182,0.5744397491241671,0.01143078462871259,1.000057869563474,244,226,0.9262295081967213,0.31928367398034746,ok,1177.7731993153138,223.00994366925283,-0.7017277148707428
456,-0.09855344108450481,0.8828408326201043,-0.020269691639496875,0.9999152687362679,223,204,0.9147982062780269,0.6055404461482411,ok,1177.8612458015202,222.12599314305936,-0.681458023231246
457,7.494924012376714,6.645006994622463,-0.10754661058521169,0.9998739619062071,184,120,0.6521739130434783,0.9416163231143079,ok,1170.3001382258265,215.55639223138508,-0.5739114126460348
458,-6.990086019307682,14.038636306980607,-0.12012451175569795,0.9992102725557871,192,124,0.6458333333333334,1.0306800813946293,ok,1177.178819113255,201.4628347966593,-0.4537869008903375
459,-8.014847551457024,3.8543984662109096,-0.151788773435087,0.9997013911848263,203,142,0.6995073891625616,0.7149794433694715,ok,1185.1732394237679,197.56624491468733,-0.3019981274552513
460,-0.5106765192167586,0.5706949927114238,-0.06612327777707688,0.9994111802139154,251,230,0.9163346613545816,0.8731484126137786,ok,1185.6815621891506,196.99345241458047,-0.2358748496781747
461,0.6316806526333494,2.1917371597818374,-0.12550098202949342,0.9997728668140543,249,175,0.7028112449799196,0.5139105565066517,ok,1185.045660576356,194.80293618242752,-0.1103738676486819
462,2.4062200866724197,1.6044186662238644,0.00295172461546984,1.0004741506240242,216,182,0.8425925925925926,0.9262947961877789,ok,1182.6362718112068,193.20327992547539,-0.11332559226415172
463,0.8639767400898108,0.7255961545170067,0.04285971473725762,1.0003232470276893,220,210,0.9545454545454546,0.5035487740951058,ok,1181.7703203463025,192.48004161945448,-0.15618530700140917
464,0.6799712544154772,1.4724627432907482,0.12421103539689833,1.0003849584883822,207,187,0.9033816425120773,0.7832154146682451,ok,1181.0831512670093,191.01092416544543,-0.28039634239830696
465,-0.5804781531546723,2.2152590534306,0.24581102325013895,1.0002073173652275,194,164,0.845360824742268,1.3298831862867422,ok,1181.6432601733063,188.7904274702928,-0.5262073656484446
466,6.891366021613976,6.072069338213964,0.38676217107759087,0.9998162537627566,196,152,0.7755102040816326,0.6742227435085358,ok,1174.65601877316,182.82893358805006,-0.9129695367260335
467,-1.8600101031072427,5.742349855034945,0.15684959601653395,0.9996356893018249,258,194,0.751937984496124,0.9428800560821247,ok,1176.4084904915703,177.05285686440345,-1.0698191327425666
468,-14.459279537455586,5.879697042578073,0.06759376803485488,0.9999712733463552,207,138,0.6666666666666666,1.0274310824132513,ok,1190.7482072945747,170.88729735496622,-1.137412900777421
469,-1.3139721863599334,0.19961247886681122,-0.18111164639883265,0.9993588934567827,256,224,0.875,1.2428293762049587,ok,1192.058664965961,170.66578270589662,-0.9563012543785894
470,1.3521222293061328,0.6194442851420945,-0.4113733406251969,0.9998997611613232,258,184,0.7131782945736435,0.47326049248945734,ok,1190.700712575948,170.05922598815528,-0.5449279137533943
471,0.8128673045007417,-0.10340045983798518,-0.142674594210065,1.0001094305564822,260,234,0.9,0.9290089539236345,ok,1189.8885912362002,170.1683307055041,-0.4022533195433301
472,1.7610842885858347,0.5853931117818547,-0.2217448956029458,1.0001145218474066,248,207,0.8346774193548387,0.7245278200367784,ok,1188.1256714291387,169.58848872643068,-0.18050842394038538
473,0.9951599943515248,0.49517346507354887,-0.11579347311613339,1.0001842211872078,245,220,0.8979591836734694,0.7949039592438831,ok,1187.1299527767262,169.09443959920998,-0.06471495082425252
474,-0.31181806988752214,1.0393360871421464,-0.029969323154790867,0.9998362498885818,254,229,0.9015748031496063,0.5048981081877936,ok,1187.4411405093024,168.05491460872724,-0.034745627669461786
475,6.1486506831922725,3.8348931812915907,0.07025808285560868,0.9998609186468186,203,140,0.6896551724137931,0.7096843627786498,ok,1181.285472098446,164.23129625023194,-0.10500371052507015
476,-6.907989834321597,10.045413469766004,0.2164793454848013,0.9994388876883513,245,159,0.6489795918367347,0.7694635507198587,ok,1188.1369892976581,154.14728081001465,-0.3214830560098706
477,-9.487500806652633,2.776295362947394,0.2547768061138482,0.9996708323969147,215,134,0.6232558139534884,0.6520795230154433,ok,1197.596087763568,151.27570568287967,-0.5762598621237178
478,-1.53256178920401,1.3907511309473648,0.15909950257849406,0.999821148263466,260,232,0.8923076923076924,0.9959047222908567,ok,1199.1106743056587,149.8654000590958,-0.7353593647022113
479,-0.05181953747660373,0.5091992737625333,0.04790215739045375,1.0001962244418974,270,249,0.9222222222222223,0.5383800507074236,ok,1199.1555282131096,149.35553998824196,-0.7832615220926649
480,0.43120879534944834,0.9745534137643972,0.033141350395254184,1.0006514896016532,270,232,0.8592592592592593,0.7735686842230505,ok,1198.7104773296066,148.38722955632488,-0.816402872487919
481,1.5467073751551652,1.0502921020478198,-0.20756029370727147,1.0004241267458316,237,180,0.759493670886076,0.7683520745517443,ok,1197.1526967625687,147.35343223143843,-0.6088425787806484
482,0.3319588127487805,0.20592916629425417,-0.11302386377059452,1.000107739947447,235,204,0.8680851063829788,0.5423892100661238,ok,1196.8189683586588,147.15038340155752,-0.49581871501005426
483,-0.2997012031034956,0.8871857911127563,-0.24784953744996238,0.9998875844711324,239,189,0.7907949790794979,0.6129780567540783,ok,1197.114827134579,146.26190885279152,-0.24796917756009287
484,-8.081258309202212,5.432055002864217,-0.17313781314354115,0.9998627525078804,224,161,0.71875,0.8095359861789506,ok,1205.1889839978937,140.81930392860488,-0.07483136441655248
485,0.002392601702013053,-0.002837681541564052,0.00016788856251156016,1.000003022370678,343,341,0.9941690962099126,0.005704607064400699,ok,1205.1865951127197,140.82214473959175,-0.07499925297906405
486,11.098712713371015,8.570965134422067,-0.17468330321416434,0.9996413569233292,228,168,0.7368421052631579,0.7473691911857178,ok,1194.1028110822267,132.2318828812546,0.09968405023509952
487,-4.134865863273262,0.5393620882770165,0.10303669387999934,0.9992886579930941,260,204,0.7846153846153846,0.867525115116079,ok,1198.2376453778263,131.6922788435885,-0.0033526436448994075
488,-5.885397525316193,0.6263990320492212,0.1775853974046336,1.000127641481498,245,175,0.7142857142857143,0.4855140924863371,ok,1204.121035413742,131.04729708908894,-0.1809380410495323
489,-0.37571689346282255,1.4707651805272235,0.17089539719063573,0.9999755349571127,266,235,0.8834586466165414,1.5472633823280586,ok,1204.48771382327,129.57425250582935,-0.3518334382401674
490,0.3223924932483442,1.9344543346821865,0.1750495018441152,1.0003856610536621,270,223,0.825925925925926,1.421664779531571,ok,1204.1475462753945,127.64284459136752,-0.5268829400842818
491,-0.07139921730959031,0.9930542400652485,0.05838208678120227,1.0001314094231708,269,248,0.9219330855018587,0.38242553971546067,ok,1204.208798092011,126.64911284340678,-0.5852650268654839
492,-0.7518388439937098,1.8936282639434694,0.04148500328068052,1.0000073351154732,259,240,0.9266409266409267,0.5420726841770528,ok,1204.9398782490196,124.74737378313307,-0.6267500301461641
493,6.740767814175797,5.759881515235747,-0.1849097225357838,0.9997510991922237,206,141,0.6844660194174758,0.6316645817677053,ok,1198.1548935862754,119.03964490725696,-0.44184030761038096
494,-7.57067498391757,9.807525162848833,-0.23486435530644253,0.9996444106495489,244,142,0.5819672131147541,0.860068253752794,ok,1205.690090430446,109.20483539961378,-0.2069759523039393
495,-5.827769456588612,1.5815672640362664,-0.1248398669752303,0.9999050892649637,233,160,0.6866952789699571,0.5627466625113966,ok,1211.5155866515893,107.61491539305348,-0.08213608532870946
496,-6.029095731490315,1.0172131341383874,-0.5285299054579924,0.9999286774931799,261,166,0.6360153256704981,0.7246250642378287,ok,1217.5524244699373,106.64470559373126,0.446393820129281
497,-0.34374166666111705,-0.05795082056920364,-0.08294089281367957,1.000204897531407,257,234,0.9105058365758755,1.0846076220935676,ok,1217.895616088342,106.70582959932972,0.5293347129429604
498,2.401948594894975,0.35402392016953854,-0.04009154471919561,1.0002732383077377,254,187,0.7362204724409449,0.6105664165905502,ok,1215.4973044743006,106.32795211849327,0.5694262576621559
499,0.6854106808252709,0.7762544763045298,0.06411521415437645,1.0005304377835704,258,226,0.875968992248062,1.0921069452903547,ok,1214.8187664137272,105.54568303836436,0.5053110435077797
500,0.46190353590941413,0.6849746135121677,0.32901010579205164,0.9998855795648176,230,145,0.6304347826086957,0.624873253112331,ok,1214.358972749864,104.85929037791902,0.1763009377157291
501,-0.7721244267577276,1.4500420110642835,0.2585467748852906,1.0000458471346576,222,164,0.7387387387387387,1.194150078934889,ok,1215.1290149035829,103.40814150693996,-0.08224583716956065
502,-6.361093833090081,5.876029123113653,0.13355840431982785,1.0000906649780417,188,107,0.5691489361702128,0.9041641507408864,ok,1221.4679316365969,97.50819509523637,-0.215804241489388
503,-3.808897787042042,8.596001112605677,0.08342647554406636,0.9999221021509571,251,125,0.49800796812749004,0.6649532568782329,ok,1225.2318845415234,88.89241909945144,-0.29923071703345405
504,0.9268011970643784,0.5157865168561102,-0.0168103195114259,0.999676007670154,257,210,0.8171206225680934,1.137296812786818,ok,1224.3025522165608,88.38120718680682,-0.28242039752202824
505,1.4227723693068128,-0.02083702469178661,-0.08631997159799856,0.999776732719252,280,254,0.9071428571428571,0.8791986993734417,ok,1222.879859497172,88.4069136579509,-0.19610042592402996
506,1.0994406032355073,0.2972105977768251,-0.12626180404233175,0.9999371320785785,270,254,0.9407407407407408,0.8376235539908647,ok,1221.7800574366458,88.11104340406268,-0.06983862188169863
507,0.6627827011468526,0.06662578227803806,-0.09779127400691529,0.9999888891737165,292,255,0.8732876712328768,0.8241373374065599,ok,1221.1173073188147,88.04409428070426,0.027952652125216335
508,0.20755286112262183,1.0326468222352787,-0.18678914386607687,1.0001764840563883,259,212,0.8185328185328186,0.8301581011689154,ok,1220.9136262164754,87.01067681511608,0.21474179599129256
509,-0.490410205248736,1.5657723641737675,-0.11989360959262824,1.0002582124269854,261,214,0.8199233716475096,0.8203826919261994,ok,1221.41317288273,85.44779537557679,0.3346354055839203
510,-0.8268269925267759,1.8672270670018634,-0.011722711349509186,1.0002848969091191,242,212,0.8760330578512396,0.7881473385872845,ok,1222.2512722539375,83.58560063836558,0.3463581169334295
511,1.947000410575356,-4.670103608679483,0.05551702540213715,1.000555594706088,221,134,0.6063348416289592,0.8375959694607724,ok,1220.280590954699,88.24576088576191,0.2908410915312925
512,-8.241329976883208,13.820315783081014,0.1737971680091751,0.9995480345924563,179,118,0.659217877094972,0.9114825090726011,ok,1228.5501358826962,74.44230933132155,0.11704392352211784
513,-2.0088464298592044,5.428544379430377,0.18778086931706472,0.9997845258931147,243,180,0.7407407407407407,0.8567527933744179,ok,1230.5522787425402,69.01128898271475,-0.07073694579494634
514,-0.3223779370127886,2.128304709938334,0.15383232756549295,0.9999482323952833,246,204,0.8292682926829268,0.8601327359147811,ok,1230.8663123913736,66.88173707209614,-0.22456927336043886
515,-0.1106337085816449,0.5397016364478304,0.0248671702983615,1.000073294668156,287,270,0.9407665505226481,0.27804412493610225,ok,1230.9745954747918,66.34155890916804,-0.2494364436588003
516,-0.16588538145106213,1.2078565135449253,0.02154076658893365,1.0000525087249796,268,245,0.914179104477612,0.5942708255821284,ok,1231.1347665319443,65.1329313612681,-0.27097721024773386
517,-0.07335205555295943,0.8341749315899278,-0.04756310705530768,1.0000379155769321,270,251,0.9296296296296296,0.611505994768706,ok,1231.2048653300278,64.29847674952794,-0.22341410319242636
518,-0.28985765706215716,0.7557569918935769,-0.08545136046457762,0.9999920617177179,265,241,0.909433962264151,0.5982774225902651,ok,1231.4929023581876,63.54202399980568,-0.137962742727849
519,-0.5372326820865965,0.8187967394596853,-0.20550446770564387,0.9995522060831193,250,205,0.82,0.7188361055766934,ok,1232.0310998852358,62.723861132687375,0.0675417249777941
520,5.077019477837439,5.8687468540052805,-0.3172660074523626,1.0001515154901979,180,96,0.5333333333333333,0.9286829101843428,ok,1226.9936100689079,56.82114880993856,0.3848077324301554
521,-1.6635426258831103,5.548458616044513,-0.08542345937966303,0.9997801114271297,245,138,0.563265306122449,0.5645765900408614,ok,1228.7026328167997,51.28652973277724,0.4702311918098181
522,-9.313451298772634,5.359140098222497,-0.03380851698971895,0.9995686954343243,203,113,0.5566502463054187,0.9863997395018173,ok,1238.0628682989138,46.00952779925876,0.5040397087995369
523,-4.336556738389618,-0.04178185194109574,0.2548990317180851,0.999909990962589,258,159,0.6162790697674418,0.6057284781131858,ok,1242.3992023592057,46.070165955354014,0.24914067708145282
524,0.4959746745266784,0.5338346332035826,0.09004953592969916,0.9998087043045046,276,238,0.8623188405797102,1.0967063764986198,ok,1241.9047118742492,45.534956226680265,0.15909114115175405
525,0.829358904798255,0.6164923284788983,0.12176025163006281,1.000104797139717,263,220,0.8365019011406845,1.3562448210467504,ok,1241.0757548191464,44.91792366284176,0.03733088952169173
526,1.2520167586817479,1.1542893172133972,0.40444861560745193,0.9998591463935045,272,181,0.6654411764705882,0.5113425073190362,ok,1239.8163678032724,43.77168017383042,-0.3671177260857584
527,-0.0090118642563084,0.010785513205178177,0.0011045651724101014,0.9999822702308205,375,373,0.9946666666666667,0.016013314849144426,ok,1239.825310166736,43.76083696728665,-0.3682222912581684
528,-0.9013783965533548,3.471869108017472,0.15803753110913063,1.0004255222033107,207,169,0.8164251207729468,0.961598642666554,ok,1240.6947619882944,40.2808352938722,-0.5262598223672985
529,4.844432315828044,2.4669666359149005,-0.16818595959897994,0.9999500351042427,201,129,0.6417910447761194,0.810265754369557,ok,1235.835006901828,37.84419224555347,-0.3580738627683192
530,-5.296215703514008,9.201509508982554,-0.2200236188704795,0.9996066446511639,226,133,0.588495575221239,0.8089673955008773,ok,1241.109036848665,28.629948590108256,-0.13805024389784074
531,-7.597651882953414,3.374195746602254,-0.30376184624098074,0.9999276907306551,231,151,0.6536796536796536,0.5932350410339506,ok,1248.7164158342878,25.277740953334728,0.16571160234313856
532,-0.36462508561680806,-0.016842599971027994,-0.13668520495452657,0.9990504308496188,250,203,0.812,1.7419294642921932,ok,1249.0809469497335,25.29650773533899,0.3023968072976645
533,-0.0939906204143881,2.424843698534005,-0.3143330270281109,0.9997647922373367,229,137,0.5982532751091703,0.6504295043865301,ok,1249.201032556787,22.872816202568288,0.6167298343257738
534,1.2354610083857551,1.596677486193812,0.022459087533855834,1.0003761860619558,240,184,0.7666666666666667,0.817201532208877,ok,1247.9821984139244,21.263410650710057,0.594270746791918
535,0.578378025176562,1.538904859575382,0.1848407309888135,1.0000770541831245,254,200,0.7874015748031497,0.8612247426654261,ok,1247.414831925273,19.720412084804366,0.40943001580310545
536,0.15686090750591575,1.1881847589165773,0.11672013773797713,1.0005653681553326,254,227,0.8937007874015748,1.162978039357568,ok,1247.2640431785655,18.531441471419953,0.292709878065129
537,-0.7976894339960836,1.8884690019298205,0.27536657149479254,1.0000415880858669,214,173,0.8084112149532711,1.0916449522189355,ok,1248.0623042114257,16.643214014841874,0.01734330657033782
538,0.8708809332008514,-2.286222384136636,0.1692144497417633,1.0002527163688018,222,146,0.6576576576576577,0.6344441441423446,ok,1247.197486309274,18.931736766674703,-0.15187114317142464
539,-8.469964947286599,12.404624329436501,0.15387069613271753,0.999653913694881,178,94,0.5280898876404494,0.9687678230735246,ok,1255.601137401515,6.482091820629762,-0.3057418393041414
540,7.196715663166287,4.25677691149167,-0.03626546032767221,0.9999605851564696,212,125,0.589622641509434,0.5797154484103731,ok,1248.3844807234032,2.2592098188521277,-0.2694763789764694
541,-0.7411398949436716,0.45539178891135634,0.04499083544776587,1.0012038366121396,218,143,0.6559633027522935,1.7299726383555616,ok,1249.1231100555615,1.7997571717158962,-0.3144672144242351
542,-5.8812890465462715,0.8091772356772253,-0.1422085456859842,0.9993528069585821,244,194,0.7950819672131147,1.1235174573771456,ok,1255.0019397495878,0.972901636331585,-0.17225866873825166
543,-3.658430118008482,0.97393782452491,-0.20617488294221753,1.0001366708336377,226,169,0.7477876106194691,0.5535028074458761,ok,1258.660945748711,0.0011295885892650404,0.0339162142039648
544,-0.8107612235066881,1.2667006846041886,-0.1931329697414036,1.0005272806307441,226,179,0.7920353982300885,1.1912902513833274,ok,1259.4767202187356,-1.2623483099013129,0.22704918394536736
545,0.07779709206488405,1.331910179286524,-0.11179928964833877,1.0003999064017977,263,230,0.8745247148288974,0.9238804356827082,ok,1259.4068013867275,-2.594695288038565,0.33884847359370557
546,-0.7449959339442103,1.2463170041213516,0.04073821932015874,0.9998726028749468,230,154,0.6695652173913044,0.6837796697051511,ok,1260.1582718016364,-3.8371192220772627,0.29811025427354704
547,-5.527755094289205,6.889289553799927,0.24846546591971286,0.9984020992619724,184,116,0.6304347826086957,1.9638786789765441,ok,1265.6919941485303,-10.721616583978744,0.0496447883538353
548,-2.7983065450744107,5.774094143742786,0.18325854014013251,0.9995592875373226,262,162,0.6183206106870229,1.4540669882917463,ok,1268.4768279099694,-16.502220671974783,-0.1336137517862964
549,-1.7891252729104963,4.937281449479769,0.28897309332454135,1.0000045183056774,237,159,0.6708860759493671,0.5985666583785455,ok,1270.2294897739664,-21.452563462533362,-0.42258684511083633
550,2.330606889524006,0.8783758768802272,0.38141917275769976,1.000506331000245,244,153,0.6270491803278688,2.3417598565933107,ok,1267.886786892673,-22.298149569658108,-0.8040060178685343
551,0.46483406879906397,0.46475467259722336,0.04673691503720959,1.00023790598502,261,233,0.89272030651341,0.8581141469272412,ok,1267.4151035170491,-22.755951284790058,-0.8507429329057438
552,0.339672015413953,0.4759437199520562,0.016931204771752167,1.0004734095923262,255,222,0.8705882352941177,0.7167989600485156,ok,1267.0682631430295,-23.22669671234837,-0.867674137677496
553,0.38494747802792517,2.391768856841395,-0.2612152909043285,1.0006615385536308,212,157,0.7405660377358491,1.6619657652169855,ok,1266.658021536938,-25.614257109495952,-0.6064588467731686
554,-0.6990092488647406,1.561647338278135,-0.3034969660275001,0.9999369923525178,215,178,0.827906976744186,0.42056546222209495,ok,1267.3487635572687,-27.179578737947736,-0.30296188074567026
555,-0.8491978029039728,2.1644020147192577,-0.29158964971634294,0.9997430140804408,205,153,0.7463414634146341,0.7406111789657926,ok,1268.1975317467145,-29.344149261253165,-0.01137223102932888
556,6.0582579374258785,3.7899163212395024,-0.31009989979616825,0.9997267265657089,199,113,0.5678391959798995,1.2793025457624896,ok,1262.1591158571289,-33.165600360348776,0.2987276687668378
557,-1.8342192201623675,6.404941588713996,-0.06609155731142842,0.9997785317212711,242,139,0.5743801652892562,0.5897605613094677,ok,1264.03407978321,-39.55873317441922,0.36481922607826595
558,-10.232711987493303,6.063953759712717,0.017137486490575976,0.999765991912529,220,140,0.6363636363636364,0.6862713568126138,ok,1274.3034003764299,-45.5604816173809,0.34768173958769005
559,-0.016876950525102075,0.017506726432202413,0.0012222951151635837,0.9999640059780874,332,329,0.9909638554216867,0.023432027713619845,ok,1274.3203828784515,-45.57788597184992,0.3464594444725264
560,-4.9211525586711105,1.4208985719687917,0.4011087316061264,1.0000023308649753,226,134,0.5929203539823009,0.7893406408072673,ok,1279.2401779315512,-47.0034777412676,-0.05464928713359775
561,1.5822586870219766,0.7341271954016975,0.48392897050083683,0.9999938884712779,232,139,0.5991379310344828,0.5392752656229645,ok,1277.6510884801737,-47.72269954794808,-0.5385782576344317
562,1.0257045391629163,0.7790355926775874,0.27036535323977967,0.9998283155077275,262,171,0.6526717557251909,0.4817517865751445,ok,1276.61448754316,-48.487176332226454,-0.8089436108742097
563,0.22943088693205027,1.5697230911919178,0.07907701605754279,1.0001743030694081,241,203,0.8423236514522822,1.1334845070716695,ok,1276.3607562303778,-50.05315511107801,-0.888020626931752
564,-0.218076099361042,0.6231235565261386,-0.008239677223693852,0.9999719088698987,243,214,0.8806584362139918,0.5926299662357433,ok,1276.5692388889356,-50.67955365265573,-0.8797809497080581
565,1.0574285512861934,-2.678533361605787,-0.1817173781029915,1.0000878763315155,200,132,0.66,0.7185811434406641,ok,1275.5445219424187,-47.98833621628398,-0.6980635716050676
566,-6.204615580886639,8.68139332452074,-0.1665401054604118,0.9996922743391216,204,116,0.5686274509803921,0.7662541324840894,ok,1281.6683358474004,-56.72691435112779,-0.5315234661446567
567,-4.114389059490804,10.828716612830704,-0.3134633396784088,0.9995446339434022,212,129,0.6084905660377359,1.0055899762005909,ok,1285.7414825516325,-67.5712113195649,-0.21806012646624964
568,-0.017494112853228216,2.176108777307263,-0.1611931866672503,0.9998108674758985,249,160,0.642570281124498,0.46266318369489934,ok,1285.7568168348919,-69.74733638821681,-0.056866939799000205
569,0.12094367977670117,0.9996033834146374,-0.08236756777403127,1.0000009640966514,252,180,0.7142857142857143,0.624760270198748,ok,1285.6363180604765,-70.74699350101912,0.02550062797503064
570,1.40103760114107,0.642066331415549,-0.05900249570264105,0.9995081840602583,236,211,0.8940677966101694,1.389775156129297,ok,1284.23622893926,-71.3911254645177,0.08450312367767136
571,0.09675259428536265,0.8421561665734316,0.0733777504300916,0.999877753491474,246,193,0.7845528455284553,0.6463391895197347,ok,1284.1396398719608,-72.23330040209112,0.011125373247580157
572,-0.2671690694728568,1.3524724808257815,0.11815454696366984,1.0004754377635796,232,202,0.8706896551724138,1.0398094134197895,ok,1284.4042820426478,-73.58626959781134,-0.10702917371608903
573,-0.9178729613865926,1.6206888485146465,0.1601416785660281,1.000047584107023,217,161,0.7419354838709677,0.8944786320884952,ok,1285.3145877624863,-75.21122086273408,-0.2671708522821161
574,1.8069379034195663,-1.9006729669765718,0.07528778034630175,1.0002501365969545,216,157,0.7268518518518519,0.7789585051091419,ok,1283.5190424483212,-73.2997817873279,-0.3424586326284174
575,-2.2150862313478683,18.119959102941948,0.16635798542199556,0.9990601952612861,188,100,0.5319148936170213,0.8675423876495593,ok,1285.573128695536,-91.43869726189769,-0.5088166180504121
576,-4.481845100581722,1.2374109265363131,0.02286510101448874,1.0002632959543054,248,165,0.6653225806451613,0.6165930900735243,ok,1290.0432983202238,-92.71764402906331,-0.5316817190649007
577,-5.5608410174963865,0.7714758518161489,-0.0905957165746235,0.9997643930180173,239,200,0.8368200836820083,0.7339753413244481,ok,1295.5980354824053,-93.53190619254963,-0.44108600249027774
578,-0.548939650448574,0.26495697400912377,-0.05680601908950697,1.000220586850105,245,219,0.8938775510204081,0.7581645901353193,ok,1296.145185746263,-93.80053889098906,-0.3842799834007711
579,1.2068451079228453,0.9802635511822473,-0.3171882336703543,1.000029827119548,239,158,0.6610878661087866,0.5686171056401788,ok,1294.9371936048944,-94.77938858868811,-0.06709174973041865
580,0.10368468110868889,0.6218470328649346,-0.08885782886322025,1.0002041522033263,237,218,0.919831223628692,0.8029162015135709,ok,1294.8337451645732,-95.401274965428,0.02176607913280107
581,0.8214671303239811,2.7331237500493444,-0.214683200351941,1.000292839377374,246,195,0.7926829268292683,1.2357538113461424,ok,1294.0235641027691,-98.13776547817963,0.2364492794847409
582,0.21787263923852151,1.0347337046947587,-0.022105914204642016,1.0001118224979069,250,214,0.856,0.8496481854640539,ok,1293.8103630461621,-99.1734718246031,0.25855519368938285
583,1.2467355929488804,-2.48121100073422,0.08883876594300384,1.0001672551010277,166,104,0.6265060240963856,0.956524325432956,ok,1292.5562833123915,-96.69596467219458,0.16971642774637946
584,2.0452887421477044,14.26764302852439,0.21721055199873687,0.9990582185120226,236,134,0.5677966101694916,0.9501417771992162,ok,1290.4991684134447,-110.9619074002685,-0.04749412425235616
585,-9.17233804526154,6.075791154144099,0.368482420799042,0.9995945091722312,232,134,0.5775862068965517,0.7615748059579094,ok,1299.6271538927815,-117.10413048758312,-0.41597654505139603
586,-4.102463756123598,1.6056967003910358,0.28431292732790825,0.9998787296163875,236,142,0.6016949152542372,0.4914304008811638,ok,1303.7096863176728,-118.75984778339898,-0.7002894723793027
587,-0.29320087710880216,0.954226016799339,0.13566458992775796,0.9999668760191932,266,181,0.6804511278195489,0.6187038900193657,ok,1303.9889341806083,-119.71824993099676,-0.8359540623070598
588,1.2816207528744599,1.113447594837794,-0.07055214902667568,1.0000995910050934,256,226,0.8828125,1.3422227986791704,ok,1302.692553920248,-120.81447779106827,-0.7654019132803846
589,0.7667831504570586,0.9562747930962132,-0.20056822475790456,1.0002713776833356,253,215,0.849802371541502,0.7857428741676967,ok,1301.916381026385,-121.7631471320758,-0.5648336885224812
590,-0.19219786902954183,1.0458879773968874,-0.2857176759646025,1.0003671344921024,247,194,0.7854251012145749,0.7713056558196476,ok,1302.10348159861,-122.80995898622928,-0.2791160125578804
591,-1.5256329142475806,1.4825727480479145,-0.21829875569511778,1.0003322671007968,214,163,0.7616822429906542,1.2459528883550204,ok,1303.6275399599813,-124.29415029917539,-0.06081725686276386
592,4.324806929524129,5.931679701819576,-0.18241253345184852,0.9995362354767143,204,114,0.5588235294117647,0.7202624452195358,ok,1299.3153311958995,-130.23499490559402,0.12159527658908358
593,-0.01026102655532668,-0.0015739364067712813,0.0005073924336926898,1.0000041956034191,455,452,0.9934065934065934,0.012700397991732587,ok,1299.3255888732133,-130.2333992872467,0.1210878841553909
594,-9.9453774977369,9.877258743487118,-0.019151289363697418,0.9997494659619512,240,141,0.5875,0.7891903848335817,ok,1309.2951124831995,-140.08628581091125,0.14023917351908818
595,-3.507206767537582,0.7651874098710323,0.10452791741061421,0.9996482815900263,288,209,0.7256944444444444,0.6298346408765745,ok,1312.8027954947154,-140.84928710397128,0.03571125610847461
596,-0.10658613604800848,0.8923378320278061,0.15528701836676626,1.0000449888279654,298,215,0.7214765100671141,0.7285918287479612,ok,1312.9075190991884,-141.7418454368169,-0.1195757622582907
597,0.8069307652319821,1.1067536557545736,0.19071196488524433,0.9999264194126469,257,191,0.7431906614785992,0.7339880396351071,ok,1312.0946065246744,-142.84421291665342,-0.31028772714353386
598,0.6083827434288196,1.3493895439921744,0.1595729132502054,1.000001379764519,253,188,0.7430830039525692,0.5732485990071063,ok,1311.4751785376516,-144.18856803076199,-0.46986064039373837
599,0.07589023933041972,2.119688335104229,0.09345949959308984,1.000368906946286,253,224,0.8853754940711462,0.7715730863094292,ok,1311.3784519688843,-146.3074077928244,-0.5633201399868277
600,-1.04528617392657,2.0563034039898866,0.013210687867733795,0.9999157320932581,237,186,0.7848101265822784,0.7258563631442816,ok,1312.402994306673,-148.37412496571994,-0.5765308278545614
601,1.6856623188609774,-4.12574744358335,-0.13039186148532197,1.0002767139218656,237,177,0.7468354430379747,1.1558026834311326,ok,1310.7495082844682,-144.23537716042506,-0.4461389663692402
602,-8.729548751089396,13.568691767476139,-0.13310092286778952,0.9994276998334077,216,141,0.6527777777777778,0.7917836925972536,ok,1319.4047939629268,-157.85156045467784,-0.3130380435014514
603,7.520839036106281,5.841574150347242,-0.32217320466409166,0.9996337579045513,247,165,0.6680161943319838,0.7105939594532397,ok,1311.8848863950466,-163.69433364311908,0.009135161162638357
604,1.795342541087848,0.02047751370412243,-0.10857905968552277,1.0002868920330017,254,214,0.84251968503937,1.5217983860723026,ok,1310.0895897140413,-163.7184996435725,0.11771422084816054
605,-7.020761316663993,1.5764044967191921,-0.20837711854924534,0.9999705337576767,269,187,0.6951672862453532,0.5343361438397451,ok,1317.1192091728785,-165.254921091867,0.32609133939740476
606,-2.2555984650798564,0.6132770141310857,0.002357091441648232,0.9997081817727381,280,246,0.8785714285714286,0.7942401138930544,ok,1319.3782367698143,-165.8554437375808,0.32373424795575656
607,-0.9790494898475117,0.8644876575084481,0.10556100473044208,1.000082984983304,267,217,0.8127340823970037,0.9330279602244762,ok,1320.360570985696,-166.7161970715058,0.21817324322531506
608,-0.024234107456777565,0.9991179245794228,0.39942998633665266,0.9998170802646812,236,159,0.673728813559322,0.4832273822469893,ok,1320.3816442406696,-167.71538666167623,-0.18125674311133527
609,-0.6261544688213689,1.1884824929768456,0.22028991063846076,0.9999052140909116,258,202,0.7829457364341085,0.6892213547587507,ok,1320.9994541453264,-168.90822821722566,-0.4015466537497947
610,0.5846533691731111,-1.64738968188351,0.08061216388643375,1.0000814208610453,230,173,0.7521739130434782,0.7469782005146771,ok,1320.4286845246422,-167.25597691486087,-0.482158817636228
611,-7.661070891747386,14.45922558388827,0.20230000917261848,0.998906457208866,167,99,0.592814371257485,0.9034309652128417,ok,1327.9164821036682,-181.80568822160774,-0.6844588268088452
612,-1.105670159116471,3.47796282549848,0.040261612157734966,0.9999510733587132,201,150,0.746268656716418,1.0272224574255606,ok,1328.9780730788539,-185.29735781045974,-0.7247204389665799
613,0.6840776188796553,-0.7192056733670142,-0.11501589031860976,0.9994821495976688,227,180,0.7929515418502202,1.0713428486521086,ok,1328.3016873676993,-184.57091348430583,-0.6097045486479709
614,0.7704443738689406,-0.051501375104862746,-0.19920267555780619,0.9991302781886963,230,173,0.7521739130434782,1.032000305596914,ok,1327.5316317518996,-184.51389354534047,-0.41050187309016595
615,1.0204301707567538,-0.05167041328684263,-0.22932260431729987,0.9992075422791257,228,157,0.6885964912280702,1.2451467030932444,ok,1326.5113700735628,-184.458996617219,-0.1811792687728674
616,-0.17461493687233087,0.7604347411689787,-0.10632180442576393,0.999916263950836,222,197,0.8873873873873874,1.2921155398517714,ok,1326.6849913466845,-185.21965884533017,-0.07485746434710412
617,-0.7874820004826688,1.3713776184808921,-0.05536777239177924,1.0000987185420023,243,220,0.9053497942386831,0.9007305729182845,ok,1327.4720068147733,-186.59130425378794,-0.019489691955325218
618,-0.5173541843973908,0.943443310115299,0.010408348035792788,1.0000600728761275,273,257,0.9413919413919414,0.49527035770911937,ok,1327.9888686218876,-187.5350174008097,-0.02989803999111794
619,1.690140942356038,-0.1692169056146895,0.049027322548609815,1.0002909919163223,220,141,0.6409090909090909,0.9493807027658343,ok,1326.298962380548,-187.3634724747559,-0.07892536253972743
620,-0.8056043867482003,14.773893823920957,0.2035737599681392,0.9990911555959392,196,113,0.576530612244898,1.1658614243470204,ok,1327.0317139984227,-202.14115876913013,-0.2824991225078652
621,-7.109868744181767,1.4688104741892403,0.18078388456976388,0.9996339794462752,267,168,0.6292134831460674,0.6965564707872917,ok,1334.1294739222426,-203.66740967654937,-0.4632830070776279
622,-6.131290622745837,0.6398963891167568,0.2732515317822424,1.0001992520869332,217,146,0.6728110599078341,0.7994329090885639,ok,1340.2520323433575,-204.38606847557162,-0.7365345388598683
623,0.00019812006712527364,1.3081410900206265,0.13056449788385488,1.0001678452663156,262,231,0.8816793893129771,1.1924679364459494,ok,1340.2320379434996,-205.69405676857184,-0.8670990367437224
624,1.2587552383729417,2.1526033021355033,-0.010317158576367287,1.0003868002254248,242,213,0.8801652892561983,1.1577068014713796,ok,1338.941235330478,-207.82759709880077,-0.8567818781673552
625,1.163205484140235,1.5198375669630195,-0.1912798303588668,1.0001843983697996,237,187,0.7890295358649789,0.6120926904104752,ok,1337.760455487901,-209.3338215812895,-0.6655020478084895
626,0.10120045581015802,0.8757993698322935,-0.09813314328625596,0.9999890936244865,255,227,0.8901960784313725,0.7454988146513126,ok,1337.650587571326,-210.20857589500417,-0.5673689045222343
627,-0.4933607689870314,2.0272913407434316,-0.2582503644890907,0.9999161961768759,216,181,0.8379629629629629,0.5393448483300358,ok,1338.1330037000344,-212.23849946681446,-0.3091185400331455
628,0.8982253871981811,-2.323406717707485,-0.15677908559759096,1.0000629948418238,224,169,0.7544642857142857,0.6997594928494175,ok,1337.240959012498,-209.91271274023507,-0.15233945443555574
629,-6.854178698188662,15.439731831961694,-0.10408379147414581,0.9993442983705757,201,113,0.5621890547263682,1.0917625829935695,ok,1344.0821316272168,-225.35821182330812,-0.04825566296141072
630,-1.2624947182280266,5.521896770856415,0.011179798793783469,0.9999457022212004,242,164,0.6776859504132231,0.6590716281142466,ok,1345.338897557952,-230.88141526487095,-0.05943546175519409
631,-0.2208134291990973,0.999273399815479,0.1093839633904068,1.0001657376428805,301,262,0.8704318936877077,0.869910134431174,ok,1345.5567657189902,-231.8813349428948,-0.16881942514560008
632,-0.6569655155549299,1.487823990191714,0.17539757924874486,1.000757985446672,305,247,0.8098360655737705,1.6622431953381038,ok,1346.204781002476,-233.3730789245442,-0.34421700439434366
633,-0.28548949827199976,0.8203621418956573,0.11254978829544096,1.00029514357046,323,301,0.9318885448916409,1.0838661494087203,ok,1346.4837215017794,-234.19569092015774,-0.45676679268978376
634,-0.41710425915221094,0.8334746030460565,0.3289788914445888,0.9998490557992437,272,187,0.6875,0.7044575159149061,ok,1346.8893567524135,-235.03480707443464,-0.7857456841343703
635,-0.8003315311916595,1.4055233550191133,0.19408557603127538,0.9997395719319955,302,236,0.7814569536423841,0.8203072683023012,ok,1347.6655361773157,-236.45381093689673,-0.9798312601656443
636,-0.2050915697882374,0.9589091460188683,0.026997764445554018,1.0001078105846195,328,305,0.9298780487804879,0.6006647844084559,ok,1347.8537465365757,-237.41617581727428,-1.0068290246111982
637,-1.7817393994237136,2.2217013815586597,-0.030418381551088204,0.9991658603048478,263,181,0.688212927756654,1.3730213163772615,ok,1349.5973677493748,-239.6679167842941,-0.9764106430601099
638,-3.709681371183251,2.5508451800496914,-0.32619692105600734,1.0006687809375827,271,192,0.7084870848708487,1.5564917658457436,ok,1353.2778629322058,-242.26069564440627,-0.6502137220041052
639,-4.046800242116433,10.90483468269133,-0.2634093334180001,0.9996339576408215,238,179,0.7521008403361344,0.781158920164146,ok,1357.2509528655778,-253.19260160987074,-0.38680438858610733
640,-0.2166354104815582,1.3578272457317553,-0.0643872427013829,0.9993333101510145,307,281,0.9153094462540716,1.1303317987559456,ok,1357.4599440656,-254.55162641046854,-0.3224171458847249
641,1.292784036239027,0.061071793827863985,-0.1800358053364247,0.9992150368873106,338,290,0.8579881656804734,1.1139786044069906,ok,1356.1670122563823,-254.6094854207288,-0.14238134054830162
642,0.5244041323537658,0.6546326658300359,-0.03327285903145833,0.9997894753177474,325,301,0.9261538461538461,0.6800576635650423,ok,1355.6413624571678,-255.2631182762276,-0.10910848151684353
643,0.2541513303140164,0.3658599329912704,0.010275095052169109,0.9998757081617966,333,313,0.93993993993994,0.51877322446104,ok,1355.3864493600051,-255.62844785642017,-0.11938357656901255
644,-0.2689688531206684,1.0300145366525157,0.1482005527150021,0.9997495107524262,309,258,0.8349514563106796,0.7853684160044774,ok,1355.650604898685,-256.6597073005221,-0.26758412928401354
645,-0.5551255444302114,1.2394667102777248,0.21055620036029107,0.9998009892965324,299,243,0.8127090301003345,0.7854273606193797,ok,1356.1953677313118,-257.90376338935175,-0.4781403296443028
646,0.33049464360237835,-2.744359388263888,0.29451539187799497,1.0004461246989031,290,219,0.7551724137931034,1.0453161534709807,ok,1355.9019107632794,-255.155196823064,-0.7726557215222954
647,-9.155847364513647,13.578966021416932,0.24781303061157756,0.9997529645924066,279,204,0.7311827956989247,0.7759629590022753,ok,1364.8144700522212,-268.8950711345037,-1.0204687521338711
648,-0.9931666862248676,4.305205631319609,0.01937406230891154,0.9998747827252222,322,251,0.7795031055900621,0.64727641817881,ok,1365.7293436672855,-273.21759144828275,-1.0398428144427825
649,1.2682626776861525,0.5856134582245431,-0.14157015992436733,0.9993062179238491,348,287,0.8247126436781609,0.9784969647727471,ok,1364.4520560884307,-273.78325016426675,-0.8982726545184164
650,0.9224814371923458,0.5444452566609925,-0.24662536577846317,0.9993743457055634,315,271,0.8603174603174604,0.7305304461706351,ok,1363.5234422587857,-274.31716869256184,-0.6516472887399553
651,0.7071384150642643,0.6589219163217876,-0.2175606141367067,0.9994522524134294,294,257,0.8741496598639455,0.7639133852205989,ok,1362.8113320343493,-274.9707142977969,-0.43408667460325023
652,-0.21384363163497255,0.7081067528943095,-0.12512541134618518,0.9998899567068475,299,271,0.9063545150501672,0.6618990676479068,ok,1363.0213541867395,-275.6799638785445,-0.30896126325706597
653,-0.833437324976785,0.9554379122546379,-0.06720738153635439,0.9998720577975421,306,283,0.9248366013071896,0.6846489246993726,ok,1363.850752728814,-276.63890988184323,-0.24175388172071208
654,-1.3679709939983695,1.246713146336333,0.010905605327960631,0.9998216793629683,311,289,0.9292604501607717,0.7985712298510882,ok,1365.2132127592529,-277.8916432833,-0.25265948704867264
655,2.1685928147715003,-3.426263517329062,0.09842962097110965,1.000583708047884,311,218,0.7009646302250804,1.1611098784170295,ok,1363.0656555073733,-274.4521557725858,-0.3510891080197815
656,5.190234122111406,8.457515099815964,0.028910739210679146,0.9995660630667195,282,213,0.7553191489361702,0.7125510238827736,ok,1357.8194436049894,-282.87506219384136,-0.3799998472304605
657,-9.69611346507918,9.143050558214327,0.2818943155502731,1.000167852543059,299,224,0.7491638795986622,0.6358807565086402,ok,1367.4092897883588,-292.129511935294,-0.6618941627807315
658,-9.776345751148256,0.9692947898367947,0.2859594615675631,1.000360386981236,292,210,0.7191780821917808,0.6706961657651644,ok,1377.1682633188893,-293.26039843092235,-0.9478536243482925
659,-1.5951422326727425,0.4993811490325015,0.1335022912915234,1.000181054661523,333,317,0.9519519519519519,0.6799128928476622,ok,1378.7536970950478,-293.78979432803624,-1.0813559156398151
660,0.3335331739604044,0.5893122195550404,0.013967750335499688,1.0000184855908658,327,290,0.8868501529051988,0.533336884002992,ok,1378.4089596676533,-294.37262309911955,-1.0953236659753147
661,0.7835710259171265,1.0090199018285375,-0.08683983518384192,0.9999565306163286,306,274,0.8954248366013072,0.8342648174527469,ok,1377.6077508080396,-295.3676954976006,-1.0084838307914734
662,0.6950366028668213,1.3848488088340218,-0.18481534262325203,0.9997110597380939,313,282,0.9009584664536742,0.9290560901121356,ok,1376.8928784998025,-296.74240989905627,-0.8236684881682229
663,0.03443147607913488,1.90537383332844,-0.2584051038768427,0.9991609455406943,309,271,0.8770226537216829,1.2113164075096066,ok,1376.8396511439528,-298.6473513206928,-0.5652633842913821
664,0.9228152662267348,-0.5027942135379817,-0.22717313105099385,1.0000969299200166,312,245,0.7852564102564102,0.826507356452484,ok,1375.919818808459,-298.13912055487083,-0.33809025324039016
665,3.57513901866605,11.645649365303939,-0.17249224087132062,0.9997731616223532,270,192,0.7111111111111111,0.7898624775037533,ok,1372.3110361574077,-309.77438831800623,-0.16559801236907087
666,-10.09821042722433,4.486182128055361,0.07852702813830328,1.0004251569838138,316,220,0.6962025316455697,0.768113123807022,ok,1382.3900403188063,-314.303555905223,-0.24412504050737352
667,-5.616385011815055,1.132805526492234,0.1887396864711029,0.9994804586966121,325,255,0.7846153846153846,0.9950370251217093,ok,1387.997706881208,-315.47876000950384,-0.4328647269784749
668,-0.473956400571069,1.1581502191190793,0.22345311585105876,1.0000531400578374,334,272,0.8143712574850299,0.6069841345892633,ok,1388.4583659737773,-316.6422632540724,-0.6563178428295318
669,0.5726267769578044,0.6301419803219233,0.1086010826464819,1.0000511790770388,332,315,0.9487951807228916,0.7957442204829492,ok,1387.8773778577945,-317.2647045365562,-0.7649189254760127
670,0.9284551880919025,1.880226489077586,0.11872308501965305,1.0000148636774486,329,309,0.939209726443769,0.8266335765958958,ok,1386.9200365121492,-319.1303889242387,-0.8836420104956647
671,0.7992334343657603,1.9500741556090588,0.0902540382598651,0.999973536049445,332,294,0.8855421686746988,0.9862014488753766,ok,1386.0877733679106,-321.06659690731374,-0.973896048755529
672,-0.8367198629894119,2.0854625296228733,0.02923526481854707,0.9996641740465957,321,303,0.9439252336448598,1.0368814969213276,ok,1386.8878546986934,-323.1663883149813,-1.0031313135740758
673,1.1259999267799685,-1.5689515117708197,-0.07574761071143257,1.0004943223802787,314,265,0.8439490445859873,0.6959693146640237,ok,1385.7873960472473,-321.5794177929321,-0.9273837028626437
674,-9.323548914195044,11.45852988942056,-0.06956916045646794,1.0001694854151648,256,188,0.734375,0.8485259819822392,ok,1394.9383529103936,-333.1762475351917,-0.8578145424061765
675,7.907966600679174,3.969314953329331,-0.32640702168738933,0.9995120521102091,294,218,0.7414965986394558,0.7410594894590339,ok,1386.9939123194815,-337.0720479219734,-0.5314075207187898
676,2.0763491561417595,0.4330718734443053,-0.32916678699382695,1.0000428463282567,304,221,0.7269736842105263,0.6626518678851392,ok,1384.916047458709,-337.49778808468545,-0.20224073372496537
677,-6.863919255244582,0.14676693776539196,-0.1478642967639077,0.9998700481667866,330,286,0.8666666666666667,0.8427387095739594,ok,1391.7798243339885,-337.65106914326077,-0.05437643696105891
678,-3.2200159465278375,1.0001287538233328,0.051660266449921693,0.9997151331341146,341,322,0.9442815249266863,0.8344511441469156,ok,1394.9979838393278,-338.65715543096826,-0.10603670341098016
679,-0.4142778083414669,1.567959507619662,0.17948064675025738,0.9999978491338273,332,315,0.9487951807228916,1.072664686740278,ok,1395.404443052471,-340.2271598985001,-0.28551735016123597
680,0.007515317309980674,1.9961113652996119,0.2710524154962408,1.000021999587499,328,297,0.9054878048780488,1.3685717462850404,ok,1395.377538218926,-342.223104084244,-0.5565697656574745
681,-0.14057130926994432,1.0288780391804266,0.12608342309613463,0.9999318262043486,336,318,0.9464285714285714,0.6679239609768306,ok,1395.5058412263315,-343.2535839000524,-0.6826531887536081
682,-0.5496289529160094,1.9616481553209724,0.1421214099769722,0.9994864589852341,337,315,0.9347181008902077,0.9754986951344884,ok,1396.0271762206082,-345.2229404688078,-0.8247745987305793
683,-4.437398570508776,4.396234345046196,0.1712320157373204,1.0008748744885396,267,201,0.7528089887640449,1.39358599894538,ok,1400.3874858331378,-349.6956446366463,-0.9960066144678982
684,-5.160631138330018,9.248449645515393,0.032863854410930926,0.9996325112156506,326,236,0.7239263803680982,0.6550538797174622,ok,1405.3812178204048,-359.03526858147836,-1.0288704688788286
685,0.04125471836323413,1.4563570759931963,-0.08562185086915874,0.9995559210920677,374,356,0.9518716577540107,0.931527685845043,ok,1405.315994068794,-360.490749171115,-0.9432486180096707
686,0.44001648115681746,0.7870316019203756,-0.16170669838950993,0.999693908084314,364,329,0.9038461538461539,0.5260765144622934,ok,1404.865283366616,-361.27170570579085,-0.7815419196201623
687,0.1830373478585443,0.70839869603833,-0.30710380389648784,0.9998592407779223,372,341,0.9166666666666666,0.4785258271335889,ok,1404.6763864603838,-361.97856449089295,-0.4744381157236772
688,0.11936416369712788,0.9258908813523021,-0.3316699185897063,0.9997492752360365,377,334,0.8859416445623343,0.5173964390879342,ok,1404.554715557786,-362.9041550695008,-0.14276819713397385
689,-0.3024214429215135,1.1129545683086235,-0.17220557364515213,0.9999277902697281,363,329,0.90633608815427,0.5021052262181012,ok,1404.857708773612,-364.0169541130937,0.029437376511176765
690,-0.2001038591622546,0.650866565047636,-0.013969055604012551,0.9999824593163181,373,357,0.9571045576407506,0.4438511183195007,ok,1405.0583056621524,-364.6676688956644,0.04340643211518921
691,-1.0204620721899573,1.6566445147344666,0.1373033133697511,0.9997759990636172,304,242,0.7960526315789473,0.6462012083194261,ok,1406.0760514400736,-366.32598352820617,-0.09389688125456071
692,6.424352237957237,4.709842407652786,0.2787638864632219,1.0003134694350333,278,199,0.7158273381294964,1.1393020134105436,ok,1399.6212017494263,-370.99394161000384,-0.37266076771778023
693,-6.872064313348574,8.506122512758338,0.44957406775745024,0.9996025557148801,362,286,0.7900552486187845,0.7659191130331306,ok,1406.3704937831185,-379.5978038341906,-0.8222348354752266
694,-8.658760372155712,1.713048701530738,0.3262734616719471,1.0001213748628413,349,252,0.7220630372492837,0.6341974434040094,ok,1414.9931784240794,-381.48406378943787,-1.1485082971471707
695,-0.8817509171601614,0.7388406254267466,0.13003569800495962,0.9996420583882176,362,310,0.856353591160221,1.3347287386754942,ok,1415.8582241019717,-382.24239493402695,-1.2785439951521294
696,0.4853461569148294,0.7247999792082283,0.0029389809751590927,0.9998787727607166,383,362,0.9451697127937336,0.5536447598607297,ok,1415.3567897400546,-382.95615923866853,-1.2814829761272883
697,0.8626843691270096,0.9542444539832786,-0.13255171799663917,0.9998213727666986,374,352,0.9411764705882353,0.708755518337117,ok,1414.4751449795287,-383.8929139103576,-1.1489312581306506
698,0.45085661911889474,1.7456605274618369,-0.2783897565460906,0.9997241874187359,351,316,0.9002849002849003,0.690297518711471,ok,1413.9978181765289,-385.6315229783427,-0.8705415015845626
699,-0.7595549404554731,1.9451056514394622,-0.24506357951003713,0.9997124502022381,349,318,0.9111747851002865,0.7678033996383965,ok,1414.7360942439443,-387.5848043587673,-0.6254779220745277
700,2.228758987351057,-3.4218525459892817,-0.21621354125794967,1.00098958743617,298,239,0.802013422818792,1.1412689893699515,ok,1412.5318342372725,-384.14711919383774,-0.40926438081658006
701,-9.757581902776792,6.472974095029713,0.021757251457581284,1.0000690298198385,350,262,0.7485714285714286,0.5761300957755153,ok,1422.240445957416,-390.69331325541384,-0.4310216322741612
702,3.5690438104122677,7.6721832726894945,-0.05820333866256703,0.9997223970750061,331,258,0.7794561933534743,0.6510957611309096,ok,1418.6215558743718,-398.3421108378594,-0.37281829361159463
703,6.776469348397313,1.2204928068963454,0.024955659358849018,0.9997688757392439,321,241,0.7507788161993769,0.5682904605716264,ok,1411.8367766701297,-399.5155292078938,-0.39777395297044343
704,-0.8474082416348665,0.48510684575819596,0.08523930098340497,0.999971353450337,373,361,0.967828418230563,0.3752703188342449,ok,1412.6800653147045,-400.00776252830497,-0.48301325395384764
705,-7.795222053387306,1.3344231117282561,0.3074527463646793,1.0001103415203265,372,290,0.7795698924731183,0.5352334522633624,ok,1420.4561360939117,-401.44959994614806,-0.790466000318524
706,-3.181777683616474,1.7961078084227893,0.3664499621676275,0.9996552044007164,360,299,0.8305555555555556,0.8585683101296743,ok,1423.6010006364352,-403.3095836817263,-1.1569159624861483
707,-0.5970390784257233,2.0302192410242696,0.22429222388378955,0.9996183254915065,369,305,0.8265582655826558,0.8378061678394142,ok,1424.1489292397303,-405.3536042475437,-1.3812081863699357
708,-0.2381727804199727,2.3536204740761377,0.037110083857904555,0.9994362059667347,352,330,0.9375,1.0694622822426496,ok,1424.3287727176612,-407.71239884071383,-1.4183182702278399
709,-0.41641413554089013,1.248248529250077,-0.046635954298040426,0.9996525445220529,351,335,0.9544159544159544,0.7070364456424104,ok,1424.7151868462838,-408.9702578329119,-1.3716823159298
710,-6.958355726167838,2.283758572177703,-0.28955938592027014,1.0014427042631453,318,242,0.7610062893081762,1.8330406699703947,ok,1431.6291716840053,-411.38502102868244,-1.0821229300095323
711,4.819905845035237,10.478994930890849,-0.39593511797925857,0.9995108335610621,359,283,0.7883008356545961,0.6239575210139476,ok,1426.6841155723123,-421.8055415132285,-0.6861878120302773
712,4.23279142338356,0.9370896747936968,-0.20024199517644703,1.0003261765515647,387,302,0.7803617571059431,1.0378276210378472,ok,1422.443528693064,-422.70669811006474,-0.48594581685383226
713,-4.942967147085483,0.7104249338007094,-0.06467713406812949,0.9999080559772532,414,310,0.748792270531401,0.4335648429079424,ok,1427.3811388628446,-423.45344680608935,-0.42126868278570334
714,-5.870169518299463,0.624113189020477,0.045193456155650645,0.9998806337824393,404,300,0.7425742574257426,0.5210730260009138,ok,1433.2460328058694,-424.1253295959808,-0.4664621389413536
715,-1.3278146164141162,0.8623618377198454,0.10037721203842302,0.9996673184114001,407,352,0.8648648648648649,0.622991725973874,ok,1434.5652510522686,-425.00078537046966,-0.5668393509797756
716,-0.4788824887343708,1.3306008547211832,0.1673336920792554,0.9998386091080551,411,384,0.9343065693430657,0.9207751704348137,ok,1435.0270447245673,-426.3374130960632,-0.7341730430590293
717,-0.9550854886406341,1.5948101714636778,0.16863051602075257,0.9998515671674093,396,375,0.946969696969697,0.7502070646400395,ok,1435.956883435527,-427.94707385076174,-0.9028035590797802
718,-0.624952929745632,0.9863789602992483,0.06425485855810659,0.9998005008011446,362,338,0.9337016574585635,0.47801951875027504,ok,1436.5650996871902,-428.9438599907793,-0.9670584176378859
719,4.757410018466317,9.21968256619175,0.057287693042615315,1.0003973021262333,273,199,0.7289377289377289,1.1906783479238254,ok,1431.6436272934427,-438.07701969499556,-1.0243461106805007
720,-5.537179050848863,3.334006186921556,0.04380576344948027,1.0000415522328814,385,285,0.7402597402597403,0.49351666963147484,ok,1437.117692640611,-441.51366888723476,-1.0681518741299805
721,-9.403007765163693,2.2463511446071607,0.02950753627477568,1.0003094654841438,342,252,0.7368421052631579,0.8070811290951542,ok,1446.475942463839,-443.9397374647199,-1.097659410404756
722,-1.475712661022726,0.6923262916841395,-0.08514128797324931,0.9995008913493512,363,311,0.8567493112947658,0.8712950534200121,ok,1447.9391907068534,-444.6580327601074,-1.0125181224315072
723,0.5147230611796658,0.6798213733591183,-0.19793526300839698,0.9997745856594986,345,294,0.8521739130434782,0.5853560105781903,ok,1447.4148548657904,-445.33046777939387,-0.8145828594231124
724,0.8390680934837746,0.7525313837741123,-0.25755917062973965,0.9998176852593478,334,284,0.8502994011976048,0.5970597104405206,ok,1446.5685105067323,-446.0748063951853,-0.5570236887933754
725,0.527937192898662,0.7494302519355642,-0.14824227969334924,0.9999251206451981,352,328,0.9318181818181818,0.6495506387563996,ok,1446.0352399245157,-446.8204509943773,-0.4087814091000275
726,-0.47376029926908814,1.2779232712736075,-0.021157097788611016,0.9998803771485141,355,336,0.9464788732394366,0.7462842548113321,ok,1446.50034388738,-448.1015501365806,-0.3876243113114167
727,-1.1243148261646638,1.1363923751355287,0.12384055668522478,0.999536306912626,313,262,0.8370607028753994,0.6678410177224023,ok,1447.61446976601,-449.247933573816,-0.5114648679966403
728,-6.30105209341491,0.9126414174680804,0.2683614130406538,1.0013539203042596,295,203,0.688135593220339,2.066494046777825,ok,1453.9025170883513,-450.24624851049657,-0.7798262810372913
729,0.8772935929730465,6.447047845989914,0.14559424677121394,0.9997048578618694,345,257,0.744927536231884,0.4464305417829703,ok,1452.9212120876923,-456.6782863269615,-0.9254205278085037
730,6.95292337942351,5.367359654944494,0.18344073253384008,0.9996607742742069,299,207,0.6923076923076923,0.6257988839903315,ok,1445.865721244806,-461.91008736977733,-1.1088612603423422
731,-2.143960048854524,2.1373119769982623,0.19665152819219725,0.9997372676585103,338,306,0.9053254437869822,0.7754435558675794,ok,1447.9604292674885,-464.0956915145879,-1.3055127885345374
732,-5.668106466367817,1.3728299535690667,0.010478632543284915,0.999784054599194,371,329,0.8867924528301887,0.8044752595112331,ok,1453.5955117922113,-465.5983351633157,-1.3159914210778223
733,0.009263360679369725,0.007782936261605755,-0.0002674825518624921,0.9999824637020382,508,498,0.9803149606299213,0.015668152051434816,ok,1453.5860721644378,-465.6059033450938,-1.31572393852596
734,-2.4324887881114137,2.4895135005177735,-0.31271705843617636,0.9993969450768291,351,308,0.8774928774928775,0.9532119458989332,ok,1455.9746096104084,-468.137615817462,-1.0030068800897864
735,-0.19994487286203366,0.4824485754595571,-0.1234772972974637,0.9997398989089532,354,331,0.9350282485875706,0.6011667071870562,ok,1456.1671252996068,-468.6230767217161,-0.8795295827923241
736,-0.8228124401109653,1.3518079710393067,-0.3039320116449472,0.9993657711229951,326,283,0.8680981595092024,0.9758888262229543,ok,1456.9763160866423,-469.9830823733015,-0.57559757114738
737,2.632660187555075,-8.475380205342617,-0.21397262960847738,1.0013989746143224,300,206,0.6866666666666666,1.8565903101056849,ok,1454.397200731653,-461.4912549331149,-0.36162494153890473
738,-2.184193944734943,18.09871427869473,-0.0907485526451113,0.9994295040092681,270,208,0.7703703703703704,0.8640256682030775,ok,1456.4958055683749,-479.60009309212785,-0.27087638889379445
739,-11.077742142934767,3.469624627255712,0.2875343768081828,1.0001727785914742,302,218,0.7218543046357616,0.7724502509959935,ok,1467.5392068014014,-483.17751608162723,-0.558410765701974
740,-1.4117079753732469,1.8957408636777018,0.3004660327281123,0.9997521818618952,339,290,0.855457227138643,0.9307509155041787,ok,1468.9223396459392,-485.09420498812995,-0.8588767984300829
741,0.4225285465813613,1.9340965783692354,0.2760887340548452,0.9999656285034828,333,319,0.9579579579579579,1.000526916724573,ok,1468.4615842030214,-487.01955284474127,-1.134965532484925
742,1.2275490661518234,1.8447163588554076,0.19783970242980237,1.0000358520675647,353,316,0.8951841359773371,1.0221826241982872,ok,1467.191459617161,-488.8352176515906,-1.3328052349147252
743,0.8987561904825725,1.513256233328093,0.09856783924554535,0.9999800488536562,341,319,0.9354838709677419,0.7686422831585138,ok,1466.2551833762484,-490.3255511439138,-1.4313730741602697
744,-0.13521662170364834,1.5741186903248945,-0.016849294604888175,0.9997056253370536,367,340,0.9264305177111717,0.6855621680502829,ok,1466.3515007448686,-491.90252804625493,-1.4145237795553816
745,-0.4118452801139938,0.7069601599440603,-0.05157887333240069,0.9998126243719595,371,353,0.9514824797843666,0.48462809817797114,ok,1466.7464140117281,-492.6190841948985,-1.3629449062229815
746,7.211103898969441,2.0620493917529075,-0.35691818593065244,1.0006191412610568,266,189,0.7105263157894737,0.997103083850545,ok,1459.5002170866828,-494.55420622185886,-1.006026720292333
747,-8.568538060168521,9.902294284458435,-0.30640224871041055,0.9999687045620704,345,244,0.7072463768115942,0.7060265832207504,ok,1467.9472049191736,-504.5603879682757,-0.6996244715819256
748,-9.327471507585187,1.7637740240610356,-0.2879246651586667,1.0002088297835525,314,235,0.7484076433121019,0.8396824706065971,ok,1477.2617621119493,-506.3911385889993,-0.4116998064232621
749,-1.908287313882056,1.0046571529233006,-0.18469383700630754,0.9999389863203187,351,273,0.7777777777777778,0.37766514585001065,ok,1479.1660540054008,-507.4033484742396,-0.22700596941695647
750,0.6788231043065025,0.8811409966544943,0.024228813567764428,0.9997805009260727,322,264,0.8198757763975155,0.6455424059241446,ok,1478.4833737469862,-508.28150445565495,-0.2512347829847207
751,1.0649276453641505,1.2359023516328307,0.2535019380410249,0.999624217471139,360,283,0.7861111111111111,0.5913175615836107,ok,1477.4076001071517,-509.50797768751545,-0.5047367210257429
752,0.7136658791084756,1.9157641470864064,0.3977902168116699,0.9996378866390685,323,252,0.7801857585139319,0.6455396183251616,ok,1476.66384676973,-511.41226291492774,-0.9025269378374084
753,-0.10915345473927118,1.4227719838763733,0.1921552109789656,0.9999851741752214,355,331,0.9323943661971831,0.7512825092908464,ok,1476.745798748579,-512.8368605661781,-1.0946821488163718
754,-1.3728681119114299,2.7003821278216265,0.40593383693374374,0.9997017499070504,304,238,0.7828947368421053,0.6681924000647652,ok,1478.0474792412622,-515.5722688325855,-1.5006159857501111
755,-3.974618839291452,2.1196083932921965,0.2773904521263625,1.0010050745776236,269,191,0.7100371747211895,1.4030018480215078,ok,1481.9544192045773,-517.8141775688229,-1.7780064378764706
756,-4.372729993393932,9.127703558193616,0.042002413620887136,0.9998931920947528,317,244,0.7697160883280757,0.4930365296509987,ok,1486.0350492007947,-527.0761535283768,-1.8200088514973574
757,-0.5678235620266605,1.487043343039545,-0.051987409685005044,0.9998013861511695,327,299,0.9143730886850153,1.1369791165877163,ok,1486.5567228451598,-528.5800079463463,-1.7680214418123525
758,0.3289228232890764,2.086989505127576,-0.54702582081205,0.9999008770462834,341,247,0.7243401759530792,0.47168103844222864,ok,1486.183403504447,-530.6595146397817,-1.2209956210003081
759,-0.28219659714500267,1.1942126315271935,-0.34503279256388436,0.999846720422647,334,255,0.7634730538922155,0.44365985917324585,ok,1486.4473101909145,-531.8579018850312,-0.8759628284364275
760,-0.27701198475187994,0.5158811481561543,-0.1260394309612686,1.0000841111434726,326,311,0.9539877300613497,0.5966156822696123,ok,1486.7175464622894,-532.3773644499504,-0.7499233974751602
761,-0.8712007953229204,1.9128968573044176,-0.24316291963759562,0.9997651826749359,355,325,0.9154929577464789,0.7619141076110376,ok,1487.5717945205572,-534.2978918429864,-0.5067604778375672
762,-0.19921187842578547,0.7930790963305299,-0.01275787221455269,0.999914870713963,343,332,0.967930029154519,0.6025661832292826,ok,1487.7641611734543,-535.0926590393371,-0.49400260562301457
763,-0.4891851553888955,-0.9883181109374846,0.24248883787095493,1.000111270891981,305,234,0.7672131147540984,0.5796744305192514,ok,1488.2660096046625,-534.1107104883664,-0.7364914434939671
764,-9.161849619411214,6.5833695137957875,0.23748493247959587,0.9999338477555904,253,202,0.7984189723320159,0.9644170580115525,ok,1497.3146295783029,-540.8488644771467,-0.9739763759735607
765,4.088192483077137,7.268293057146593,0.2374257521147647,0.9999813518096168,360,284,0.7888888888888889,0.5305961671435372,ok,1493.0736890733406,-548.0291030091611,-1.2114021280883231
766,6.52308033282452,0.5012647459795971,0.11100442193385593,1.0001125255371668,327,260,0.7951070336391437,0.5946948740865291,ok,1486.540777756117,-548.3796926486766,-1.322406550022178
767,-2.3206236266487394,0.23823530469644538,0.1265766271095562,1.0000274034318106,369,347,0.940379403794038,0.479433660532346,ok,1488.854635117034,-548.6765329934655,-1.4489831771317327
768,-6.240951312317975,0.8771551389999104,0.04574240919053507,0.9998100440398309,353,317,0.8980169971671388,0.883176011614565,ok,1495.0705822988448,-549.7161844030896,-1.4947255863222675
769,-1.7297958895153442,1.3046533342206885,-0.07194180166014887,0.9998130366240261,353,328,0.9291784702549575,0.505773753385952,ok,1496.7674507206737,-551.0633858360162,-1.4227837846621194
770,-0.6410292589171149,2.0799612865378094,-0.16460235512241045,0.9996221092597375,348,318,0.9137931034482759,0.6279238279065045,ok,1497.3626543797714,-553.1569211398696,-1.2581814295397105
771,-0.686885579484624,2.5521150903927037,-0.28493030595717905,0.9993346240819668,336,309,0.9196428571428571,0.8655575111291051,ok,1498.0060916086545,-555.7203352239382,-0.9732511235825345
772,0.7449036819839421,-3.6734384488947853,-0.3714923369293885,1.0004940261108877,297,230,0.7744107744107744,0.9171437535628008,ok,1497.299809220348,-552.0392760392441,-0.6017587866531499
773,5.104815231594785,9.144494714345,-0.16158225753065705,0.9995964583926364,290,236,0.8137931034482758,0.5812503780502465,ok,1492.1248924729537,-561.144283386135,-0.4401765291224945
774,-6.245764438748893,11.936513371502201,-0.02664876885147451,0.9997538208883193,340,261,0.7676470588235295,0.7097090689094991,ok,1498.2843441439238,-573.1255637853815,-0.4135277602710203
775,-9.247558511761781,2.9020897781442727,0.25095006221770266,1.0001367185026613,325,247,0.76,0.9010666792629783,ok,1507.4976250475167,-576.1347029480585,-0.6644778224887203
776,-1.0327390936477059,1.5092987999139496,0.3554142116200101,0.9998628861060325,343,277,0.8075801749271136,0.33889188889158406,ok,1508.5033357149516,-577.662144913037,-1.0198920341087268
777,0.7650054055488908,0.7204016545053946,0.3526446542451043,0.999919017962764,333,262,0.7867867867867868,0.4526310084228127,ok,1507.7212940242844,-578.3640157048435,-1.3725366883538268
778,0.9017093656591442,1.1409530288042333,0.17369391042013277,0.9998188976187877,353,305,0.8640226628895185,0.6024623587618079,ok,1506.7891260398665,-579.4802219773942,-1.5462305987739577
779,0.3867335325178374,1.4099176138472558,0.09247399732190849,0.9999613888502783,365,347,0.9506849315068493,0.7036530597629842,ok,1506.362231410476,-580.8785035936673,-1.6387045960958655
780,-0.3416594580342007,0.7147620369688639,0.013917487728987902,0.9998995563259055,393,367,0.9338422391857506,0.36032944833653574,ok,1506.683135234231,-581.6028216803226,-1.652622083824853
781,-0.2307886600844995,-5.544304297581903,-0.19966111587119836,1.0001949283780451,322,252,0.782608695652174,0.7119223470943852,ok,1507.0544323731683,-576.0661519245555,-1.4529609679536568
782,-7.651159460697272,14.132960265531665,-0.1285374389649312,1.0000246016003314,272,205,0.7536764705882353,0.875877394976818,ok,1514.3768857327934,-590.3721815539188,-1.324423528988727
783,-0.8132817944062936,5.12142595672799,-0.33550918068121616,1.000093530476425,299,224,0.7491638795986622,0.5077581097413133,ok,1515.1016559340928,-595.5068810838492,-0.9889143483075146
784,0.3285387084715694,0.3141889344401534,-0.14074919776539271,0.9998350776859126,351,328,0.9344729344729344,0.7833108647263636,ok,1514.768502367279,-595.8161723226648,-0.8481651505421235
785,0.39160040371143623,0.9340093925817428,-0.19516645750315612,0.9998608826991341,353,320,0.9065155807365439,0.6960034947780525,ok,1514.366282742682,-596.745658091898,-0.6529986930389695
786,0.22898428625103406,1.362207804044715,-0.022692236170785047,0.9999125892986569,373,346,0.9276139410187667,0.4583784297833076,ok,1514.1223270713026,-598.1052644816858,-0.6303064568681847
787,-0.22173187632233748,2.0801558051917937,0.1439151212248222,0.9999819702570544,364,342,0.9395604395604396,0.88249733698551,ok,1514.3159310059727,-600.1882264869394,-0.7742215780930054
788,-0.768401207596753,1.846789104700747,0.3311245147698988,0.9997021291891148,359,273,0.7604456824512534,0.48727440771788494,ok,1515.0485633130359,-602.0494949564851,-1.1053460928629006
789,-1.3617065952144003,2.0978035396282166,0.3301558539965883,0.9996237512959004,370,315,0.8513513513513513,0.5947208921064017,ok,1516.3572891837775,-604.1807530679251,-1.4355019468594854
790,-0.5047699091512641,1.4187854642084403,0.10479987053039062,0.9998551068571113,346,325,0.9393063583815029,0.5832389944947348,ok,1516.8237396064444,-605.6125941407497,-1.5403018173898748
791,1.824062997406827,-5.9603822194020495,0.14486725329731812,1.0007274059998303,272,208,0.7647058823529411,0.8468947502185336,ok,1515.1757454965305,-599.6011486046445,-1.6851690706871916
792,-7.5915438344018185,12.596403400421082,0.12501554447603003,0.9999829927354922,305,245,0.8032786885245902,0.7429852458648085,ok,1522.365600299765,-612.431070830605,-1.8101846151632202
793,-1.4965242853802465,5.710307525854205,-0.08807636684040526,1.0000018642271955,307,223,0.7263843648208469,0.5726029883155086,ok,1523.6898428794402,-618.1837726798872,-1.7221082483228156
794,0.30436612657217665,2.2266568985016875,-0.21651728998360534,1.0000056061976612,320,241,0.753125,0.36013587400426705,ok,1523.3270775440644,-620.4016637940088,-1.5055909583392124
795,0.06007314806379327,1.7396454932199958,-0.1968512312269288,0.9998891541733043,337,259,0.7685459940652819,0.39962015271766144,ok,1523.22728685769,-622.1394834175921,-1.3087397271122856
796,-0.7088743818485455,1.4861024304684634,-0.1127493442075283,0.9999977931656613,354,323,0.9124293785310734,0.7851226353876409,ok,1523.9049882039865,-623.6400580436318,-1.1959903829047585
797,-0.5793835437400503,1.613203804975683,-0.07167223916065396,0.9998202616669867,347,328,0.9452449567723343,0.4751473523176283,ok,1524.4526062484388,-625.2643198096458,-1.1243181437441052
798,-0.5001382624645885,1.6680165606135233,-0.003690507441731571,0.999698521795514,345,322,0.9333333333333333,0.7607471076590636,ok,1524.9200267936951,-626.9417987400456,-1.1206276363023735
799,-0.33599065069029166,0.7911518438896792,0.022945396229425635,0.9998064559954553,324,304,0.9382716049382716,0.614718284020574,ok,1525.2401608809687,-627.7394986357499,-1.143573032531799
800,2.8876495360943863,-6.126506835428813,0.07401576012071169,1.0009962117434708,258,187,0.7248062015503876,1.1614219834807664,ok,1522.483347544173,-621.5530144909446,-1.21758879265251
801,-9.35598899439924,13.581018733922292,0.27477444245025184,0.9998253104620811,275,193,0.7018181818181818,0.9102104351185276,ok,1531.482462961689,-635.3730912496566,-1.492363235102759
802,-1.8537613437724758,5.782248157496724,0.20703729129593662,1.000026068853768,286,218,0.7622377622377622,0.5774050146091251,ok,1533.1639318530733,-641.2077709531061,-1.699400526398693
803,0.30764333034835545,2.159990138974308,0.09308988825140369,0.9994952537524764,315,296,0.9396825396825397,0.7511883840987927,ok,1532.788875096664,-643.3570811328256,-1.7924904146500957
804,0.0025371194844865386,-0.002175043035208546,0.00010208387987791389,1.0000075075771977,469,463,0.9872068230277186,0.00530611386601758,ok,1532.7864072575032,-643.3548277892303,-1.7925924985299742
805,-0.09584953596800005,4.170098548593842,-0.09950342711734085,0.999695338953097,312,244,0.782051282051282,0.5835155632458768,ok,1532.7590065575173,-647.5259377422486,-1.6930890714126345
806,-0.2506656980885964,1.8877862243488153,-0.16572717353852875,0.9996125987971394,299,266,0.8896321070234113,0.6251905933951014,ok,1532.959265506647,-649.4197345830776,-1.5273618978741075
807,-0.8130996776715165,1.872723725984315,-0.2951804762301394,0.9995535873376803,318,277,0.8710691823899371,0.6633802423954407,ok,1533.7319061798878,-651.3095101331755,-1.2321814216439715
808,-0.5679210736143432,0.8493872704789283,-0.15221479466847018,0.9998191222132802,336,309,0.9196428571428571,0.5302423764434541,ok,1534.283717239802,-652.1694506167344,-1.079966626975503
809,-1.0663139851819778,1.844479061608581,-0.18617860376299125,0.9995931762442373,320,273,0.853125,0.7213729881711867,ok,1535.3211296211223,-654.0303385969173,-0.8937880232125136
