frame,step_center_dx,step_center_dy_down,step_rotation_deg,ransac_scale_diagnostic,good_matches,inliers,inlier_ratio,median_reprojection_error_px,status,center_x_in_reference,center_y_in_reference,rotation_to_reference_deg
180,0.0,0.0,0.0,nan,0,0,0.0,nan,reference,1280.0,720.0,0.0
181,0.01404080155111842,-0.02689060428178891,0.0004726435636164738,1.0000123470057578,712,705,0.9901685393258427,0.0958170015386067,ok,1279.985959420275,720.026890720106,-0.0004726435636164737
182,0.12877861818856218,-0.08829251795862092,-0.0011055452699663896,0.99999057798609,662,654,0.9879154078549849,0.13886532627625997,ok,1279.857179826796,720.1151818155424,0.0006329017063499156
183,0.050257251307357365,-0.0483326273529201,-0.0005484202798523734,1.0000291407459523,689,681,0.988388969521045,0.0957462988821998,ok,1279.8069215789792,720.1635134066833,0.0011813219862022888
184,0.05424542678315447,-0.041632880261886385,4.876616801259309e-06,0.9999989370926806,673,663,0.9851411589895989,0.11481033206524319,ok,1279.7526752973658,720.2051451731235,0.0011764453694010297
185,0.16267626436660976,-0.10941653905865678,-0.0008018040403489187,0.9999948408898073,635,625,0.984251968503937,0.1715714398503788,ok,1279.5899952552752,720.3145560953991,0.0019782494097499476
186,0.036410115699254675,-0.04397548733754775,-0.0005073317353352164,1.0000028459119206,680,675,0.9926470588235294,0.10249919876202818,ok,1279.5535832318844,720.3585300031671,0.0024855811450851632
187,0.04064857612161177,-0.046869908209714595,-0.0001448349113901055,1.0000131976811035,673,660,0.9806835066864784,0.09830289972543126,ok,1279.512932504035,720.4053980451748,0.002630416056475269
188,0.17754143893421315,-0.10755446489088172,-0.0004290303505173023,1.000023340119035,643,629,0.9782270606531882,0.14730278484299214,ok,1279.335385322224,720.5129430296589,0.0030594464069925702
189,0.021224969638751645,-0.026187465831071677,0.00043083259817806814,1.000006018478436,704,696,0.9886363636363636,0.06670141593661054,ok,1279.31415915118,720.539129521704,0.002628613808814503
190,0.031098393855245376,-0.03467492217441759,-0.0009443714269381635,0.9999971154948242,690,683,0.9898550724637681,0.1150504505073841,ok,1279.2830585950448,720.5738025045042,0.0035729852357526647
191,0.13405333344599057,-0.09133135302704432,-0.0007389946278740654,1.0000180675878938,653,639,0.9785604900459418,0.1533801895606884,ok,1279.148998388541,720.6651237686538,0.00431197986362673
192,0.059634089436940485,-0.053099277067644834,-0.0008116286336719894,1.000022400192171,705,697,0.9886524822695035,0.11587170991747969,ok,1279.0893595510015,720.7182177128,0.005123608497298718
193,0.006242301144993689,-0.0005372978242803583,-1.5756461470242447e-05,1.000006140911849,811,807,0.9950678175092479,0.006220192954118211,ok,1279.0831172016867,720.718754450695,0.0051393649587689605
194,1.5156370158788377,-3.088259814719777,-0.22547405434204434,0.9992627051132562,566,546,0.9646643109540636,0.741233784298212,ok,1277.5550623633362,723.800888882888,0.23061341930081275
195,4.279030292457946,18.20916733347326,-0.32584366720894076,0.9985039021704328,549,486,0.8852459016393442,1.3419746444608605,ok,1273.4530786792634,705.5510229908381,0.5564570865097528
196,-2.5400319923980987,4.839283683746885,-0.09459427775576393,0.9994484283492976,585,534,0.9128205128205128,0.5507013673847957,ok,1276.047934240409,700.7409134587194,0.6510513642655165
197,-8.950391240902263,5.004317552742577,-0.0510431542754564,0.9990788141071857,551,504,0.9147005444646098,0.890542972635669,ok,1285.0589741843655,695.8466457236725,0.7020945185409727
198,-4.173045281031364,-0.009985058009078784,0.09453195096400908,0.9995297966800925,592,567,0.9577702702702703,0.43822761862286014,ok,1289.2316789711483,695.9008802263711,0.6075625675769638
199,0.0013005730211261834,-0.0014905686380188854,-7.013902124373236e-05,1.0000014065170775,854,854,1.0,0.002477958664121026,ok,1289.2303626637952,695.9023569186206,0.6076327065982077
200,-2.8561202487976516,-1.2237261421016683,0.5645906921792996,0.9995828311144449,527,478,0.9070208728652751,0.49624182602925404,ok,1292.0855628132597,697.1282283037801,0.04304201441890959
201,0.004335452075565627,-0.3879875005610529,0.13002906303056364,1.000002986296517,551,535,0.9709618874773139,0.3429171665447596,ok,1292.0818164126144,697.5162219393188,-0.08698704861165374
202,1.361398030570399,-2.0135039369893093,0.3510962467054568,1.0003729834692185,553,509,0.9204339963833634,0.43312915671556246,ok,1290.7358532692133,699.5400761629521,-0.4380832953171097
203,1.5253453205648384,-0.8733438422945028,-0.029207384344552258,1.00054924496199,538,518,0.9628252788104089,0.543853663352621,ok,1289.2167791185893,700.4242828914656,-0.4088759109725575
204,1.7430364193185142,-0.6909454901496019,-0.1902914458331028,1.0006520940306534,551,531,0.9637023593466425,0.6530089133070147,ok,1287.4763913471609,701.121873053732,-0.21858446513945512
205,1.3998541158598528,-0.11079204743600712,-0.2736106978752457,1.000640296336968,561,514,0.9162210338680927,0.6201294933871939,ok,1286.0764314734365,701.2313206458753,0.05502623273579009
206,0.6050336907633209,0.06911772209241462,-0.30399779461373594,1.0003749003295725,536,491,0.9160447761194029,0.4137321126103053,ok,1285.4718427601279,701.1584130728393,0.3590240273495255
207,1.243216237227898,0.4207195175711149,-0.7500626001535757,1.0007836083576804,544,497,0.9136029411764706,0.7204479120964573,ok,1284.2370028821265,700.7137086758871,1.1090866275031
208,6.176496336321861,10.277127188569693,-0.5436398782794037,0.9966711776607814,547,501,0.9159049360146252,2.610093413743681,ok,1278.3594839478658,690.2627172674106,1.6527265057825027
209,-4.049835500677091,17.01106357693868,-0.007336340367940836,0.9993027921151235,554,495,0.8935018050541517,0.752752777316457,ok,1282.9004218728478,673.3761150525585,1.6600628461504434
210,-3.3676719591719575,4.481006413359637,0.1803989251164939,0.9997251306337893,566,546,0.9646643109540636,0.39563982197497216,ok,1286.3826800524375,668.9835633030804,1.47966392103395
211,-7.055012242813746,4.861392912925794,0.6786119097900042,0.9998936132769622,552,506,0.9166666666666666,0.48015488178607973,ok,1293.504967687293,664.2212783844217,0.8010520112439471
212,-3.7975550183009545,0.8199910749659693,1.1757531628006956,1.0001693976344104,542,479,0.8837638376383764,0.45131477770826584,ok,1297.2970789840447,663.3764698894988,-0.37470115155674677
213,-0.2312727640066896,-0.1293278731798182,0.2641350743074367,1.0000895422913352,636,589,0.9261006289308176,0.2345832487945943,ok,1297.529779321988,663.5032111332744,-0.6388362258641831
214,0.5641047904384777,-0.8977335657430103,0.40670754799798303,1.0004760439782918,571,517,0.9054290718038529,0.4818637174806031,ok,1296.9821495470123,664.4110885474762,-1.0455437738621658
215,0.4491712570222717,-0.36491242522265566,-0.028895760062235612,1.000147506632443,614,598,0.9739413680781759,0.27689412683802145,ok,1296.5395236111244,664.7839131404098,-1.01664801379993
216,1.1424817892414012,-0.7262515566504817,-0.29981646049506666,1.0003189538256172,573,526,0.9179755671902269,0.4146759011515537,ok,1295.4062171828768,665.5244011565028,-0.716831553304864
217,1.506490181322306,-0.540491173888995,-0.5796737806586301,1.0004170393608194,566,512,0.9045936395759717,0.44683800758140624,ok,1293.90102517417,666.0684970969372,-0.13715777264623513
218,1.4627772830438062,-0.1490456345086386,-0.6474532007580058,1.0003938279269406,539,485,0.8998144712430427,0.46808211108812653,ok,1292.4369784736866,666.2045090072943,0.5102954281117694
219,1.032179100393705,0.15078235841610876,-0.5623909202655194,1.0004244327620426,544,501,0.9209558823529411,0.46860067491159835,ok,1291.4078030311143,666.0344298395378,1.0726863483772875
220,1.1586245390246859,0.6738583196176933,-0.3219052948271242,1.0004897441150151,598,542,0.9063545150501672,0.5301365863151056,ok,1290.2659219239397,665.3325727355443,1.3945916432044112
221,2.723117117837546,-7.1847943715027895,0.040319377630914095,0.997046039191931,571,521,0.9124343257443083,2.314991752868825,ok,1287.3737578009818,672.4510011916091,1.3542722655734971
222,0.3963486939694576,28.695896996478155,0.3893120642606329,0.9988055081010679,544,497,0.9136029411764706,1.1441042349016397,ok,1287.4607310957383,643.7524989246667,0.964960201312865
223,6.7749343488972045,14.855671689349606,0.6366950203300598,0.9994389527034776,550,492,0.8945454545454545,0.6137261195925312,ok,1280.7710201964578,628.8582555784053,0.3282651809828064
224,6.067615128004036,5.707318952222067,0.5515248412172163,0.9998648352182559,543,495,0.9116022099447514,0.4008523704474734,ok,1274.6812119575998,623.1746230623188,-0.22325966023440877
225,1.7282706402706935,1.2279578225543446,0.21887410847583147,1.0000266917451754,581,543,0.9345955249569707,0.2297436683723516,ok,1272.9435170981978,621.9600381967774,-0.4421337687102397
226,0.3185560127994904,1.406173961688637,0.2942976047764053,1.0001387093816263,570,522,0.9157894736842105,0.30367033518485753,ok,1272.6069141280368,620.5580747221103,-0.7364313734866442
227,-1.2857207674767324,0.07615943403379788,0.020346046499729407,1.0001527589930557,593,574,0.9679595278246206,0.3364149677720476,ok,1273.8915168407805,620.4649402938619,-0.7567774199863737
228,-1.6230697766022786,-0.4142932911662456,-0.2279153027111218,1.0002661324728952,584,544,0.9315068493150684,0.36589729347909244,ok,1275.518341507468,620.864234589692,-0.5288621172752525
229,-1.8035425823350124,-0.4743901964982342,-0.4320348850933798,1.0003170398096937,566,511,0.9028268551236749,0.3828613627182215,ok,1277.322683211627,621.3355762062112,-0.09682723218187364
230,-1.539755521557936,-0.5662795274067776,-0.37054001973410244,1.0004253274617785,544,495,0.9099264705882353,0.443548705717914,ok,1278.8597159491871,621.9092049476427,0.2737127875522279
231,-0.7392993693340486,-0.40983606731583677,-0.1813728107920498,1.0002862167460962,570,551,0.9666666666666667,0.4318243051173044,ok,1279.5957368105517,622.3249000897927,0.4550855983442772
232,-0.002267314792788966,-0.06461166579674682,-0.0780978169504512,1.0003280161966688,569,543,0.9543057996485061,0.419026168870033,ok,1279.5974027722164,622.3895300568756,0.5331834152947281
233,0.3194223389941726,0.12190348036347132,0.007966841478346188,1.0002631219775533,626,608,0.9712460063897763,0.27048650257900586,ok,1279.2791112976865,622.2647036717846,0.5252165738163819
234,0.9625212780895254,0.6323832437925603,0.121193869503615,1.0004773735394046,557,539,0.9676840215439856,0.44084037862168,ok,1278.3210731799245,621.6255489622505,0.4040227043127674
235,3.0772096350042375,-6.708612926608566,0.23106875388435955,0.9993604973838882,553,504,0.9113924050632911,0.8444101024928684,ok,1275.2236268699198,628.3248424245091,0.17295395042840853
236,11.846413387646635,27.435405505102494,0.41711171653068013,0.9981057896880413,499,439,0.8797595190380761,1.5865688730964917,ok,1263.2604093415173,600.9401676638234,-0.24415776610227058
237,-3.3807035040993014,10.440323198550459,0.3399577785796118,0.9990701374762252,546,492,0.9010989010989011,0.747249811328033,ok,1266.5345026330308,590.4659222117019,-0.5841155446818813
238,-4.928356325665163,4.330826116092567,0.20094273617637826,0.9992218956678042,552,529,0.9583333333333334,0.5043066086873328,ok,1271.4030578583377,586.0679771303381,-0.7850582808582589
239,-1.9390549215881947,0.9965691375998631,-0.01085015374704188,0.9995068679455271,536,519,0.9682835820895522,0.43722013609936944,ok,1273.3284700477077,585.0452983264236,-0.7742081271112171
240,2.123651365526257,0.09697988968514437,-0.1937498080687832,0.999960888050878,545,523,0.9596330275229358,0.4219192575027651,ok,1271.2039451844466,584.9698375638412,-0.5804583190424344
241,2.8079962650326706,-0.2670713752265783,-0.324039353078194,0.9999701762445815,559,517,0.924865831842576,0.2841443430532296,ok,1268.3971722750543,585.2494730033069,-0.2564189659642413
242,0.661506096231733,-0.5856433287503933,-0.1886004135921314,1.000216097271551,581,551,0.9483648881239243,0.43358886836273525,ok,1267.736359842905,585.8358989179615,-0.06781855237211046
243,-0.235711467670626,-0.23661979810867706,-0.055150265823976086,1.000116277438479,575,558,0.9704347826086956,0.2768989903737822,ok,1267.9721236222342,586.0724665937007,-0.012668286548134525
244,0.004851138488447759,-0.002327189903553517,0.00043146986210636457,1.0000019346709144,767,761,0.9921773142112125,0.010700120986730068,ok,1267.9672730159468,586.0747948926781,-0.013099756410240889
245,-1.1324887723180836,-0.3708124136035167,-0.05327953451963375,1.0009614816273236,559,541,0.9677996422182469,0.9152680300804709,ok,1269.0995014704126,586.4464013947829,0.04017977810939275
246,0.27416772657466026,0.29520061724031166,0.0870366125338409,1.0006365958187142,558,549,0.9838709677419355,0.5962049730067208,ok,1268.8250924187,586.151425092256,-0.04685683442444801
247,0.8891635653187677,0.8149515907393834,0.15395772637674227,1.0007934922596717,556,539,0.9694244604316546,0.6243199280002791,ok,1267.933078016855,585.3395949080178,-0.20081456080119012
248,2.0080251106796823,-3.308125793605427,0.23713749746038296,0.9986946242102823,557,502,0.9012567324955116,1.0014874839159154,ok,1265.9503976592648,588.6629726643167,-0.4379520582615728
249,8.918659050459155,11.422005322943164,0.12059546090238858,0.9992560295805955,558,496,0.8888888888888888,0.6700029695300929,ok,1256.920816811397,577.3284521818482,-0.5585475191639613
250,5.520510238936595,13.212763070523351,0.14866058074013705,0.9990977038176205,502,453,0.9023904382470119,0.7861368014546444,ok,1251.2376446537066,564.1848341304118,-0.707208099904098
251,1.0172231040635324,5.6643430721298955,-0.0233250228072675,0.999569652993671,550,496,0.9018181818181819,0.48806855115870756,ok,1250.1528859517537,558.5330358466118,-0.6838830770968306
252,-0.7291333057103202,0.0852440569162809,-0.0650196902618852,0.9999145920723054,550,527,0.9581818181818181,0.2947155710414134,ok,1250.881056004822,558.4399213979478,-0.6188633868349455
253,-1.8770971003025352,-0.2739399132509561,-0.18169548722887768,0.9999519173828103,551,519,0.941923774954628,0.29037459257308706,ok,1252.7601886122532,558.699531189222,-0.437167899606068
254,-1.031339110135832,-0.33110392550338474,-0.10897632109923369,0.999894268405069,544,519,0.9540441176470589,0.33386997497311655,ok,1253.7934073639215,559.0247221804572,-0.3281915785068345
255,-2.950804544395396,-0.8428324877461364,-0.38017788804232033,1.00019228348525,495,445,0.898989898989899,0.36904388877934496,ok,1256.7434459646825,559.8702316810818,0.05198630953548489
256,-2.514579540309569,-0.9312010366355707,-0.20490683258298262,1.0002777419953577,520,479,0.9211538461538461,0.3610127801356903,ok,1259.253825081812,560.8126977671856,0.256893142118467
257,-1.4443608470664913,-0.4101529224369642,0.03085313424372048,1.000193693646198,547,512,0.9360146252285192,0.3899617289701962,ok,1260.696556581291,561.2285456921927,0.2260400078747466
258,-0.701337707702578,-0.0793493600747297,0.18785718349314276,1.0003809003353923,551,523,0.9491833030852994,0.5346396435050659,ok,1261.3978412535785,561.3083624172851,0.03818282438160433
259,0.15484709965630827,0.11453829714719177,0.32552629147441914,1.0004691724428454,539,490,0.9090909090909091,0.43355613064180587,ok,1261.2424216837942,561.19460212934,-0.287343467092814
260,0.9891970115004369,0.6427201970467422,0.44496674018962384,1.0004974198599434,527,481,0.9127134724857685,0.45982547715595806,ok,1260.2450909413355,560.5645772334827,-0.7323102072824368
261,0.4855767522410588,0.49636955676771777,0.16207451934862735,1.000264405381167,512,489,0.955078125,0.4347154357486775,ok,1259.7518253549367,560.0758476758768,-0.8943847266310638
262,12.94517677421618,7.296256340971468,0.2892224840119956,0.9975927233999021,492,449,0.9126016260162602,1.889301343899584,ok,1246.6586964396718,553.04854851353,-1.1836072106430588
263,0.5224515944371433,7.791392700608185,-0.02002490814969641,0.9996449984310405,544,493,0.90625,0.3921406549198406,ok,1245.9781331848635,545.2693718514514,-1.1635823024933625
264,-3.0857178804483283,8.96229720279689,-0.2041511359224082,0.9995833986782874,487,433,0.8891170431211499,0.48737680086721463,ok,1248.9133497138232,536.256662496485,-0.959431166570955
265,-5.563601251143609,3.4670862004558103,-0.3880546770704334,0.9999355758663423,506,461,0.9110671936758893,0.348814236710305,ok,1254.4420997197212,532.7342671502183,-0.5713764895005227
266,-1.8557265533286227,0.36605060088345454,-0.18331427164958924,1.00004683011563,503,462,0.9184890656063618,0.2615544781237587,ok,1256.2953044809408,532.3556562732894,-0.388062217850934
267,1.3065684673651958,0.2536220063254859,-0.3010244832719468,1.000004217267496,483,440,0.9109730848861284,0.346969661425404,ok,1254.9883522453424,532.1040193605163,-0.08703773457898809
268,2.572048183414836,-0.6114719112764533,-0.07865480973354029,1.0002505937347028,508,489,0.9625984251968503,0.31155600684632007,ok,1252.4163935536915,532.7158675806891,-0.008382924845448066
269,0.5283722436981861,-0.22538147325917635,0.009202261681600587,1.0001360866994038,526,500,0.9505703422053232,0.2396976636972251,ok,1251.888090508826,532.9414112110246,-0.017585186527048626
270,-0.5020788512092622,-0.5105531741544382,0.10187808889525625,1.0002285317090767,534,521,0.9756554307116105,0.39059379135870903,ok,1252.3912327853147,533.4509164279564,-0.11946327542230457
271,-0.7808244231339359,-0.3964525129304093,0.1921705844504653,1.000274367925686,503,484,0.9622266401590457,0.4940613396939222,ok,1253.1742019680864,533.8431161648274,-0.3116338598727693
272,-0.6604032492884926,-0.36353514355619154,0.5107411166097866,1.0004930252755109,478,443,0.9267782426778243,0.4598220995819246,ok,1253.8397548883959,534.1971353204372,-0.8223749764825544
273,0.049732552871773805,0.06300029799274398,0.17726821852193983,1.0002329152340754,470,453,0.9638297872340426,0.45015683141971197,ok,1253.788930790092,534.1350122539163,-0.9996431950044938
274,0.7802103226590589,0.25614789375356395,0.2528153780688785,1.0004146817780972,480,448,0.9333333333333333,0.3657119497283472,ok,1253.0033080418305,533.8959792259219,-1.2524585730733715
275,3.641481538224525,-0.6536022788295668,-0.0009974961223608394,0.9999687870886744,492,468,0.9512195121951219,0.4615821658044833,ok,1249.3769700263667,534.6289569402663,-1.251461076951011
276,10.317262081080116,19.530321115292736,-0.24260032809839163,0.9984869833882873,348,302,0.867816091954023,1.1145488747861814,ok,1238.7174362967332,515.2833196960981,-1.0088607488526202
277,1.9168629471341774,6.010463196459909,-0.1994474626269306,0.9993975462862231,435,381,0.8758620689655172,0.49312926847671296,ok,1236.715858070912,509.3005347258679,-0.8094132862256901
278,0.7041991321448222,5.160557043710128,-0.46187904985071193,0.9992362015590868,416,344,0.8269230769230769,0.6251198965135465,ok,1235.9803701240885,504.14434399053056,-0.34753423637497943
279,-1.5175191732539588,0.021775250124846934,-0.16883486787184152,0.9995921908592925,426,403,0.9460093896713615,0.5564325888300546,ok,1237.4978140019714,504.11783587504544,-0.17869936850313842
280,-1.8715150156217533,-0.7009975506698538,-0.09613554125094374,0.9996550595034958,440,410,0.9318181818181818,0.38466690528142616,ok,1239.3703372190537,504.81613582580485,-0.08256382725219487
281,-1.775794080360356,-0.8013417460442724,0.014909697773751536,0.9998617542615101,436,413,0.9472477064220184,0.3755773067014623,ok,1241.1474919987882,505.61445537251717,-0.09747352502594638
282,-1.3971993312120503,-0.7578143549399101,0.09801343050361525,1.0001335073981539,455,434,0.9538461538461539,0.441801900087857,ok,1242.5472687725844,506.3674982340021,-0.19548695552956136
283,-1.248478480413496,-0.6009505332733625,0.19591201076367173,1.0002304491822192,442,392,0.8868778280542986,0.36985967717002755,ok,1243.7998233045437,506.9599062048844,-0.3913989662932326
284,-0.7456491579728208,-0.17684238733863822,0.4219125390490193,1.0003630979203055,432,383,0.8865740740740741,0.4296322230597005,ok,1244.5479075276987,507.12614666870525,-0.813311505342251
285,-0.10681499146244278,0.21063239518457522,0.1576693210513002,1.000229787230373,460,427,0.9282608695652174,0.3794723216907017,ok,1244.651137804363,506.91373443204714,-0.970980826393551
286,0.19882105587339538,0.6632426968493519,0.21375292977026922,1.0006186701045447,431,412,0.9559164733178654,0.5820366289813691,ok,1244.4386460240626,506.2547443482922,-1.1847337561638198
287,0.6996426037642323,1.0004592749869516,-0.004606401974287474,1.00053385095105,445,418,0.9393258426966292,0.5203309233927818,ok,1243.7185467128738,505.2689068789625,-1.1801273541895323
288,0.8594395415577765,1.4900484198017239,-0.23765616901554742,1.0004698098483078,439,388,0.8838268792710706,0.4302968575744147,ok,1242.8347144041395,503.79319651815854,-0.9424711851739854
289,2.1215113636646947,-3.146261104458972,-0.2089460567838975,0.9979820138073147,459,436,0.9498910675381264,1.5302892360801725,ok,1240.7536555812146,506.9663595425106,-0.7335251283900885
290,-11.096640038208307,28.01349005457496,-0.45258577759823615,0.9985128525989652,357,310,0.8683473389355743,1.1548587695468058,ok,1251.712803761773,478.8987961225788,-0.28093935079185334
291,-3.5431069734770517,15.260353986118162,-0.6918996039941937,0.9993392648170405,417,367,0.8800959232613909,0.7223191009452118,ok,1255.3652752173757,463.6642477842413,0.4109602532023388
292,-0.09372210846026974,2.0288632830111055,-0.12707654405437085,0.999928155861027,448,390,0.8705357142857143,0.33906651092567125,ok,1255.4780449818409,461.6363540407265,0.5380367972567094
293,-0.12467881628413124,0.3495101296383609,0.033841080536615796,1.0000460524905253,468,452,0.9658119658119658,0.2550934629605439,ok,1255.605794576602,461.28795458752916,0.5041957167200937
294,-0.10895247380335604,0.09028953307756638,0.24016849915409788,1.0001183940386922,467,429,0.9186295503211992,0.31104895937261495,ok,1255.715161959326,461.1981680800386,0.26402721756599656
295,-0.07604939884686246,-0.7391353020623228,0.48774988208523273,1.0002268145932007,439,392,0.8929384965831435,0.3551241925272122,ok,1255.7940968705657,461.9370007983228,-0.223722664519235
296,0.03206860184445759,-0.23022638277643637,0.18358995325600075,1.0001028880730396,437,409,0.9359267734553776,0.5414168302242565,ok,1255.7636657322437,462.167449335682,-0.4073126177752352
297,0.20126949216273715,-0.9746119460212412,0.30705750337318616,1.000409836158241,448,404,0.9017857142857143,0.38560811483917695,ok,1255.574563138723,463.14449491441746,-0.7143701211484206
298,0.759508798367051,-1.0016404858638452,0.1987031700131563,1.000475791318811,437,396,0.9061784897025171,0.4827855582244722,ok,1254.8311123835215,464.1581113370885,-0.9130732911615764
299,0.7916401012100778,-0.3945807110039823,-0.08127506714566188,1.000410470142521,470,450,0.9574468085106383,0.44176009457510945,ok,1254.0452838750693,464.5641427923288,-0.8317982240159146
300,0.3832607145368456,-0.11224668760519307,-0.09391596207755769,1.0001951861897718,478,462,0.9665271966527197,0.32101552086165885,ok,1253.663500469166,464.68131584879814,-0.7378822619383573
301,1.0021397811835868,0.24870093269521476,-0.3236721787242935,1.0003633352645385,433,375,0.8660508083140878,0.4267336135327706,ok,1252.6595889499988,464.43986615085396,-0.41421008321406483
302,0.5911300340649177,0.10888024085079451,-0.1734447909017622,1.000267946561428,422,400,0.9478672985781991,0.5843940666273775,ok,1252.068006605586,464.33347087934067,-0.2407652923123033
303,2.59865501655554,-3.080296755237214,-0.20577795383973602,0.9996137457919387,406,385,0.9482758620689655,0.6127704303541074,ok,1249.4712330389257,467.41535391392983,-0.03498733847256805
304,0.0015091873856363236,26.108892730883554,-0.3206321180407612,0.99816261343549,402,346,0.8606965174129353,1.4867961428746232,ok,1249.5998876987398,441.3067781218853,0.285644779568192
305,-9.673339342691406,9.673798344138845,-0.0423559290493798,0.9989789015169428,398,353,0.8869346733668342,0.8602312358198491,ok,1259.328447750579,431.6885148815863,0.3280007086175717
306,-7.774794990707051,1.9519071966265074,0.14763026164971219,0.9996146023881912,428,378,0.883177570093458,0.512994056964893,ok,1267.109348923412,429.7610928234023,0.18037044696786006
307,-2.1889157517232434,0.38925958173217623,0.21764354287438578,0.9997046154451932,446,429,0.9618834080717489,0.634147866879282,ok,1269.2980109837329,429.3704093507242,-0.037273095906524834
308,-0.3982740640774409,0.037586329156169995,0.15016987967997658,0.9999324243886203,424,410,0.9669811320754716,0.5371635793824215,ok,1269.696159953163,429.3315202725903,-0.18744297558650078
309,0.4640224268375732,-1.0671444361821614,0.3694973296379763,1.0000557303678246,428,383,0.8948598130841121,0.2985072712612771,ok,1269.2425324005067,430.40312472562056,-0.5569403052244757
310,1.2826652673263652,-0.9192027095543835,0.18399634904155238,1.0002038263912556,446,407,0.9125560538116592,0.3720635329841435,ok,1267.9718609821468,431.33883726471595,-0.7409366542660273
311,1.639930807898054,-0.9128610685377225,-0.038305138318622735,1.0005305030489937,441,423,0.9591836734693877,0.4661296717043025,ok,1266.3432478324958,432.27174004310655,-0.7026315159474046
312,1.9478318953863436,-1.0338927121840698,-0.23762582594764695,1.0005933527700246,440,424,0.9636363636363636,0.6645034467129487,ok,1264.4038709435915,433.3214069025317,-0.46500568999975866
313,1.5747908407815885,-0.3875680297589952,-0.3623235699527121,1.0005566946910611,424,378,0.8915094339622641,0.5159122462979211,ok,1262.8297772079566,433.71179655574514,-0.10268212004704816
314,0.5824000703607908,-0.21029942784434752,-0.13866905160394302,1.0002957399337302,439,424,0.9658314350797267,0.432966710866618,ok,1262.2472451654212,433.92173014221385,0.03598693155689427
315,0.9360752555426188,0.07890612397727637,-0.14020019144902543,1.0007759851976936,421,408,0.9691211401425178,0.7343997980255619,ok,1261.3114169751248,433.8399459219321,0.17618712300591913
316,5.524772328813242,8.923603599654939,-0.0962888974299838,0.997445362234051,394,349,0.8857868020304569,1.9132319565926044,ok,1255.829144081917,424.8901697005179,0.2724760204359025
317,-1.2199350595644773,5.861362281973243,-0.009967492165575775,0.9996067019486863,464,415,0.8943965517241379,0.48954964436969733,ok,1257.0779581931226,419.0348923658608,0.28244351260147826
318,-5.306323907388332,6.549690756589371,0.03800012685008831,0.9994653574717096,439,387,0.8815489749430524,0.5549949011057871,ok,1262.41217694404,412.50789974027674,0.24444338575139016
319,-5.843420504035748,1.5630506548600351,0.10161442737130667,0.999181878849222,419,401,0.9570405727923628,0.6284401386406372,ok,1268.2594757161753,410.95942061351036,0.142828958380084
320,-3.440512015348304,-1.1662845420797794,0.1815413818167291,0.9999289379392934,438,386,0.8812785388127854,0.3782850612476856,ok,1271.7007749570796,412.12338027578437,-0.038712423436644376
321,-0.8099130813459396,-0.7268368534322462,0.1521204553673604,0.9999335364720118,454,440,0.9691629955947136,0.5434294958021935,ok,1272.5131043895742,412.84751555592567,-0.19083287880400412
322,-0.1439484151999295,-0.8093646963467336,0.056047196921293264,1.0000326441601273,492,474,0.9634146341463414,0.3666481729334567,ok,1272.6605389050894,413.6562524856906,-0.2468800757252972
323,-0.0003436721731304715,-0.4078795660150263,0.014837396211088366,1.0001285923910632,490,483,0.9857142857142858,0.2594375711963434,ok,1272.6627456923673,414.06412622666073,-0.26171747193638545
324,0.2108586156880392,-0.4715266543424832,-0.01473440713456266,1.0001517067292294,488,483,0.9897540983606558,0.2529737921600322,ok,1272.4539216241615,414.53655743869433,-0.2469830648018229
325,1.1508411396700922,-0.8541344738963517,-0.195481583278277,1.000598276306035,454,440,0.9691629955947136,0.6605996919566386,ok,1271.3038487055246,415.3917260244558,-0.051501481523546604
326,1.724236992152555,-0.0322069662308877,-0.2680507884929952,1.0007855432496473,437,414,0.9473684210526315,0.9717841453209272,ok,1269.579502302495,415.4174160252177,0.2165493069694475
327,0.5684035916860921,0.25136440821870565,-0.07170107706285073,1.0003139657479572,469,452,0.9637526652452025,0.4239246956879525,ok,1269.0123704924404,415.1631952180742,0.288250384032298
328,0.06335769682641512,0.011902678770184139,-0.006183330594438404,1.0000479457144191,533,525,0.9849906191369606,0.1571091134130701,ok,1268.9490747978423,415.15096711297343,0.2944337146267364
329,-0.02281335474435764,-0.013881810390103055,0.0018299749160052678,0.9999498804260512,538,531,0.9869888475836431,0.12689329101136496,ok,1268.9718169624057,415.1649652473267,0.2926037397107311
330,0.45493090377340195,0.42427651916966624,-0.055206191169476906,1.0003211553737705,480,464,0.9666666666666667,0.4296532250283305,ok,1268.5194699651724,414.7379349369026,0.34780993088020784
331,4.88061767993463,14.176005874725774,-0.01260954120956682,0.9970906341861274,400,340,0.85,2.0989108845995816,ok,1263.728122517744,400.53150818222673,0.3604194720897746
332,-6.456659332103982,7.060367913976165,0.21481993815621472,0.9998821180419636,401,356,0.8877805486284289,0.4952013381670766,ok,1270.202702728327,393.4875706535232,0.14559953393356082
333,-4.743252373235919,0.9959343874261322,0.1234769503877035,0.9996222408195611,409,395,0.9657701711491442,0.47917167291298196,ok,1274.9463392901262,392.49346776657967,0.022122583545857864
334,-5.308499796345814,-0.8505347348736905,0.1616909465042429,1.000189492379933,454,403,0.8876651982378855,0.39826960813069345,ok,1280.2568951757157,393.3310688703627,-0.13956836295838432
335,-0.7015368176757875,-1.0129130221858986,0.0028260073047781803,1.0001428391843996,438,419,0.95662100456621,0.4035528493626385,ok,1280.9609471669844,394.34223527143615,-0.14239437026316248
336,0.1304026748191518,-0.6079568422951525,-0.04868523368795796,1.0001049106027917,476,458,0.9621848739495799,0.2940519444447728,ok,1280.8315389995948,394.95040457837825,-0.09370913657520476
337,0.4230670137883408,-0.5530542424016858,-0.07788602789250486,1.00023706767485,460,444,0.9652173913043478,0.3068997701995585,ok,1280.408624736353,395.5035756361359,-0.015823108682700263
338,1.5129719580490928,-0.6996967386326105,-0.23762291762758103,1.0004682370846374,417,370,0.8872901678657075,0.45527513131267344,ok,1278.8929554996314,396.19741022503473,0.22179980894487977
339,1.9040842972174232,-0.029163910712782126,-0.3240540292331874,1.0005390197517312,401,356,0.8877805486284289,0.5207787240247759,ok,1276.988679772869,396.20843297703345,0.5458538381780658
340,0.9500434830956692,0.1683157558103403,-0.11034490726178994,1.000290945823731,442,422,0.9547511312217195,0.4115099484615317,ok,1276.040626245774,396.02924781249925,0.6561987454398552
341,1.4035905130810988,0.9680874107500586,-0.04233266677461405,1.000633793894897,426,411,0.9647887323943662,0.5900653418733195,ok,1274.6489423569021,395.04412065486036,0.6985314122144691
342,0.500989373162156,0.8532971267313769,0.06941814358560949,1.0003995078304462,427,406,0.9508196721311475,0.36294120029634624,ok,1274.1573522814458,394.18537416361727,0.6291132686288599
343,0.4809082218698677,0.9517238762870193,0.10350749389609402,1.0002466517649793,437,419,0.9588100686498856,0.35770491291195783,ok,1273.6851948600045,393.2292787583704,0.5256057747327663
344,2.205064253472756,-2.1610843186058446,0.19304200936225813,0.9972167726765125,427,374,0.8758782201405152,2.1878596945307094,ok,1271.4676241691425,395.37752781867454,0.332563765370509
345,7.260568533129799,11.950159166257322,0.2148364932162832,0.9994285238209418,404,361,0.8935643564356436,0.5605448656769022,ok,1264.2316252782998,383.4124753919243,0.11772727215422685
346,0.005615848482420915,0.0020458659877249374,0.0003690497658226488,0.9999998265441306,578,577,0.9982698961937716,0.009270659432508155,ok,1264.2260136321165,383.41041802736476,0.11735822238840421
347,4.601655592005272,17.009660479545573,0.3446908679916278,0.9993132374457194,390,339,0.8692307692307693,0.6766967049190402,ok,1259.5569051546227,366.4191493919087,-0.22733264560322192
348,0.01076235103118961,-0.00023680713866269798,-0.00046888043783636165,1.0000191720680263,534,530,0.9925093632958801,0.012897710563409588,ok,1259.5461438255961,366.41942881082014,-0.22686376516538556
349,-3.8906453871341,-0.9190869977560396,-0.15611054508768105,1.0004562750161619,438,388,0.8858447488584474,0.4179499194355165,ok,1263.43792120505,367.33371064190095,-0.07075322007770525
350,-1.231773332341163,-0.7767422511196855,-0.12326453654894733,1.0000126034290708,459,434,0.9455337690631809,0.3883081354597441,ok,1264.668982139494,368.1115814811972,0.052511316471241416
351,-2.4406552741334053,-1.6015894363872576,-0.3562352355115279,1.0004551038866774,411,360,0.8759124087591241,0.46621740561277414,ok,1267.098149707955,369.7305415839294,0.4087465519827676
352,-0.7152528867652563,-0.7352554285528186,-0.10937447281929583,1.0000544735760721,433,419,0.9676674364896074,0.36462987522627777,ok,1267.8067245864552,370.47223483507906,0.518121024802063
353,-0.62897146175942,-0.9347022031752203,-0.04339473923167678,1.000370010740128,424,407,0.9599056603773585,0.5520426204678642,ok,1268.4265056290808,371.41305616111845,0.5615157640337396
354,0.08554712483692128,-0.22467568584920627,0.07812839771391271,1.0002928798248982,406,385,0.9482758620689655,0.4568750576984478,ok,1268.3390660496384,371.6370021240797,0.4833873663198272
355,0.9549554765628727,-0.1909565521713148,0.34216947828114047,1.0006268516580574,391,348,0.8900255754475703,0.5559825036112307,ok,1267.3836428202658,371.82560440351875,0.14121788803868826
356,0.6619996499089211,0.33396910683654824,0.21240478337667854,1.0003358141555985,414,380,0.9178743961352657,0.4078912510929792,ok,1266.7212287429347,371.4924580528637,-0.07118689533798947
357,2.6241750054168733,-2.2529382339644144,0.40658883371351845,0.9988193813954539,322,263,0.8167701863354038,0.9769997792964101,ok,1264.1159314653878,373.76720006916344,-0.47777572905150656
358,-3.8709282994091154,11.317715789826366,0.14817212017362602,0.9991432245192414,378,334,0.8835978835978836,0.6958898576889672,ok,1267.8629868666933,362.40787119735086,-0.6259478492251321
359,2.68325964822111,7.08166012857771,0.08246571247432802,0.9993505397307944,406,349,0.8596059113300493,0.5724276157457555,ok,1265.0923758427757,355.3599277334313,-0.7084135616994599
360,10.15777372880143,6.478784474115287,-0.0810218910419476,0.9989790436405502,384,315,0.8203125,0.7898200564626662,ok,1254.864269486219,348.9927575812728,-0.6273916706575126
361,3.633043059268857,0.3538801939421319,-0.12385932451573525,1.000248017916904,424,396,0.9339622641509434,0.5408883599645041,ok,1251.228256759249,348.67081890469285,-0.5035323461417777
362,0.9311136943117617,-0.19872662204625158,-0.3343805842906444,0.9997812027181417,416,353,0.8485576923076923,0.4200653436388458,ok,1250.2977338134867,348.872293541942,-0.16915176185113426
363,-1.2400754643165328,-0.7000808123607385,-0.11682501716606904,0.9998450077657892,426,404,0.9483568075117371,0.41745396831522663,ok,1251.538448126151,349.5712415338454,-0.05232674468506559
364,-2.9491992365278747,-0.9446654823550489,-0.11642981905001329,1.0001736347470216,426,377,0.8849765258215962,0.3931002877422541,ok,1254.4865886161788,350.5192060170142,0.06410307436494729
365,-1.5213954394084794,-0.3874752978529159,-0.0066458652079949415,1.0000567352592125,413,386,0.9346246973365617,0.38446365330219456,ok,1256.0075044405976,350.90855964102786,0.0707489395729422
366,-2.6164976890843263,-0.6599778893563553,0.10357772875541713,1.0002996884087147,401,378,0.942643391521197,0.6249739039832383,ok,1258.6243798480048,351.5670382462462,-0.032828789182474574
367,-1.0832043773366422,-0.22873407209556262,0.1116628049995868,1.0001737007563514,397,359,0.9042821158690176,0.3772921123414311,ok,1259.7081576142268,351.7930399105353,-0.14449159418206098
368,-0.74662071995931,-0.031861006190638363,0.13499158785264478,1.000288361056511,416,393,0.9447115384615384,0.5535272764091702,ok,1260.4549248659262,351.8212586096181,-0.2794831820347052
369,0.3844737058334431,-0.10600985156168008,0.4859523750016005,1.000900903694444,419,376,0.8973747016706444,0.7669179303200497,ok,1260.0719016514063,351.9323951753565,-0.7654355570363036
370,0.5370057769421237,0.40782451398467856,0.1748736262585368,1.0005214421874833,398,378,0.949748743718593,0.6570618178481039,ok,1259.5282754826203,351.5334382512562,-0.9403091832948397
371,6.30692911643132,9.701408136860891,0.16701197167536286,0.9984976334399888,364,305,0.8379120879120879,1.2963999845115541,ok,1253.0350425562744,341.9557244905587,-1.1073211549702018
372,-1.8018104815098468,7.655711414146367,-0.05641451845898136,0.9993953591667941,425,373,0.8776470588235294,0.5968857036571635,ok,1254.6961384544238,334.2682542509335,-1.0509066365112207
373,-7.661872752465342,8.137821378711692,-0.29159624900452813,0.9992350312530263,411,359,0.8734793187347932,0.8134687809086669,ok,1262.249495350708,326.02961173750066,-0.759310387506694
374,-4.604208573740607,1.2332121837656587,-0.24359827299140946,0.9997084517072561,433,383,0.8845265588914549,0.40642831056816425,ok,1266.8424175809414,324.75500816472766,-0.5157121145152856
375,-4.62429345536998,0.5549924850016623,-0.19996455931535595,0.9996312016547588,399,353,0.8847117794486216,0.5466096239160108,ok,1271.4635823619985,324.17454052040705,-0.3157475551999305
376,-0.5164795190107725,-0.2928821430507469,-0.05370035786362389,0.9999043373495267,440,422,0.9590909090909091,0.347444583748532,ok,1271.981395996352,324.4650574447907,-0.2620471973363069
377,-0.13578514722280488,-0.6407583602259592,-0.04675832691789886,0.9999967122300903,481,450,0.9355509355509356,0.27379780852053415,ok,1272.1195878286505,325.10530107021117,-0.2152888704184082
378,0.39228161211121915,-0.2348173952819934,0.016184593023076364,1.0001601456799274,468,457,0.9764957264957265,0.277403491941966,ok,1271.7282580714327,325.34170135245193,-0.2314734634414845
379,0.4910511369650976,-0.05492345564960033,0.03255159673606357,1.000207634911497,446,424,0.9506726457399103,0.41214883468387353,ok,1271.2374652403503,325.3988870329431,-0.2640250601775479
380,2.15418403377339,0.10283207351096735,0.25804328219889894,1.000676059807697,403,359,0.890818858560794,0.6515408861521953,ok,1269.082433658136,325.31568747545697,-0.522068342376446
381,-0.0024948968800799776,0.00024247337159977178,-9.086769791854996e-05,0.999996355992639,604,603,0.9983443708609272,0.0031936969639503854,ok,1269.084926242527,325.31542228338856,-0.5219774746785275
382,2.4017162992872727,1.1171891705745338,0.6718491564635924,1.001202949517079,407,353,0.8673218673218673,1.0167985956600434,ok,1266.6604549751569,324.2485146497073,-1.193826631142117
383,0.4763508730450212,0.6414416307569581,0.05517867253498781,1.0003666664014317,448,437,0.9754464285714286,0.39057345910438623,ok,1266.1702354382,323.61760869355777,-1.2490053036771045
384,0.6573214255920448,1.0184988016363832,-0.07395477701905763,1.000226818524065,413,385,0.9322033898305084,0.4478836590505057,ok,1265.492165822951,322.61280380585407,-1.1750505266580473
385,-0.010421244989629486,-0.001923188899240813,-0.0003038071169921877,0.9999898165779417,520,509,0.9788461538461538,0.0883589483107013,ok,1265.5026243063303,322.6145129366506,-1.1747467195410548
386,0.4343603715253721,19.420074273735395,-0.8932044123249818,0.9972126246490481,362,319,0.8812154696132597,2.185109479030951,ok,1264.9728424202976,303.1968074881951,-0.28154230721607687
387,4.702887623860988,5.0193793085624065,-0.3549442511409618,0.9996276444752719,444,384,0.8648648648648649,0.4310878940725459,ok,1260.2763890088759,298.17140740459615,0.07340194392488333
388,9.197672521027016,2.07653064692272,-0.5683232846381239,0.999740479807314,414,368,0.8888888888888888,0.583133261953664,ok,1251.1025504922573,295.9919932166395,0.6417252285630045
389,0.3396300872207121,-0.5048753762209799,-0.05234617036416701,0.9999681931092259,480,458,0.9541666666666667,0.29268851944100005,ok,1250.7568294987425,296.4927174284598,0.6940713989271713
390,-2.280804006237986,-1.2954435241184683,0.2996090100900923,1.0001390342201117,430,380,0.8837209302325582,0.37231756378191644,ok,1253.0286608242616,297.80383270464404,0.39446238883708035
391,-1.1224601279125181,-0.143000306518843,0.190667022724063,0.9999880000996916,409,394,0.9633251833740831,0.5830539238030243,ok,1254.1506052150198,297.9508245767434,0.20379536611301816
392,-1.8236375742781092,-0.8460659698619111,0.35071828882558526,1.0000731907605878,454,416,0.9162995594713657,0.329007335964686,ok,1255.9764063486357,298.7922114367338,-0.14692292271256568
393,-2.8119685621577446,-1.1259955780592463,0.3660548362505596,1.0004287832672565,421,375,0.8907363420427553,0.511077156785018,ok,1258.798343283,299.89298624333367,-0.5129777589631237
394,-1.3251487299792188,-0.43254923213635266,0.15395578144165942,1.000140840031551,451,428,0.9490022172949002,0.539384433026512,ok,1260.1284370790759,300.3100815423091,-0.6669335404047824
395,-0.841364363925095,-0.3147234888172079,0.08589824000663812,1.0001876969549077,446,427,0.9573991031390134,0.44618925159223466,ok,1260.9738639726431,300.61372316483323,-0.7528317804114202
396,0.18444947839657289,-0.49509674464002273,-0.06366303042736964,1.0007212180379115,442,418,0.9457013574660633,0.6595273226174597,ok,1260.7953828477296,301.11100264830645,-0.6891687499840509
397,0.676052030403298,0.049758973921598226,-0.11563749995757477,1.00029713937756,414,386,0.9323671497584541,0.5236835855098987,ok,1260.1188666079001,301.0680133409718,-0.5735312500264766
398,2.633057838533432,-0.9714342245914622,-0.16918714609287974,0.9972708225000917,405,357,0.8814814814814815,2.1497300231746244,ok,1257.4927298228652,302.0580050682383,-0.4043441039335979
399,-3.8744369247597206,10.188700386523465,-0.26941681315214683,0.9996177673686697,406,362,0.8916256157635468,0.5524996396669666,ok,1261.3431623965282,291.8602089315254,-0.13492729078145257
400,2.847028608474602,7.393992015626964,-0.20842045458515515,0.9998079526732726,401,358,0.8927680798004988,0.4438387772758581,ok,1258.505620384029,284.46257112260776,0.07349316380370138
401,10.789879342258018,4.8919083633608125,-0.2484625311226372,0.9998918274118395,428,378,0.883177570093458,0.5353712113612461,ok,1247.7433997907942,279.5101099608662,0.3219556949263372
402,2.953414860367502,-0.017694668568765337,0.032271990616611984,1.000365018160389,432,411,0.9513888888888888,0.46687980469609647,ok,1244.789933215937,279.5128721950161,0.2896837043097254
403,-0.7409727104650301,-0.9432195745141598,0.33697399910564035,1.0002790004024273,420,357,0.85,0.45480872474891304,ok,1245.5316841803365,280.45547987067596,-0.04729029479591323
404,-2.738155501817573,-0.8330798838919691,0.36448324368559476,1.0003249673778902,420,352,0.8380952380952381,0.38536505117422054,ok,1248.2757560997027,281.2688598227437,-0.4117735384815061
405,-1.5033967172998928,-0.3918984542859789,0.08251773416786337,1.000129603873884,450,420,0.9333333333333333,0.3676719496555733,ok,1249.782477741984,281.6477740356469,-0.49429127264936906
406,-2.440876376496135,-0.4762763204694238,0.10759367045088104,1.0002275041141526,422,394,0.933649289099526,0.5476352284349822,ok,1252.2282225721679,282.0983834501116,-0.6018849431002495
407,-1.298434174000704,-0.06697818160262159,0.033416050006499096,1.0001564671011123,402,376,0.9353233830845771,0.3326301076895745,ok,1253.5273195736133,282.1509606491563,-0.6353009931067485
408,-1.1984858759287818,0.12844626264143244,-0.02900484753656123,1.0003143403890702,418,390,0.9330143540669856,0.585004135026196,ok,1254.7243791739195,282.00983960004544,-0.6062961455701873
409,0.037729945067439985,0.20559002269465054,-0.045597230744828285,1.0001801684783889,434,418,0.9631336405529954,0.3518643994509849,ok,1254.6846391549516,281.80462864254355,-0.5606989148253593
410,0.3790031008566075,0.28768712234239047,-0.056487206683714375,1.0002304409177438,444,428,0.963963963963964,0.3728260745917091,ok,1254.3031190710865,281.52028790253553,-0.5042117081416453
411,1.1675275568259167,1.180538349865401,-0.2032165960098854,1.0002995517272002,426,376,0.8826291079812206,0.4921978039046696,ok,1253.1294058653987,280.3458992521115,-0.3009951121317609
412,1.4427201987141416,-1.1693681910271607,-0.12245786991750779,0.9973836069627562,419,391,0.9331742243436754,2.2071555523034476,ok,1251.6903364896973,281.51975736529295,-0.17853724221425377
413,11.401063517232842,12.798870198155782,-0.07414130139623788,0.9996180796844245,403,346,0.858560794044665,0.6187180517339699,ok,1240.2659716919536,268.7416817417379,-0.10439594081801626
414,-3.8754195564547445,11.588724084051137,0.07985458220522972,0.9995450732298254,412,358,0.8689320388349514,0.5465033562195654,ok,1244.104104507206,257.1405551099277,-0.1842505230232456
415,-2.7424304423018384,1.592675250100001,0.0821270443798974,0.9998950393664275,388,363,0.9355670103092784,0.39415055691684814,ok,1246.8391007267821,255.53514710507386,-0.2663775674031426
416,-0.004990001221813145,-0.0021866559752652392,-9.480176028397799e-05,0.9999966337344272,586,585,0.9982935153583617,0.00590541668747587,ok,1246.8441008365849,255.53731054643202,-0.26628276564285863
417,-5.068538676285925,-1.466373075228944,0.5371692073823471,1.0003034614043274,405,354,0.8740740740740741,0.4793924031887207,ok,1251.9327032823508,256.9324662573495,-0.8034519730252034
418,1.9876640893492095,-1.2080746679762342,0.2097571291612426,1.000291384461277,433,383,0.8845265588914549,0.36740188025650505,ok,1249.966712253559,258.17549972842164,-1.0132091021864453
419,2.355641850517941,-1.6483912508849698,0.14059519641651108,1.0004459824271563,424,372,0.8773584905660378,0.41840069674273084,ok,1247.6447405627753,259.8709907225301,-1.1538042986029557
420,-0.4877669577153938,-0.9513371005549516,-0.06060318792412144,1.0001499165640648,422,399,0.9454976303317536,0.328886833454947,ok,1248.150569110013,260.81284865488004,-1.0932011106788349
421,-0.8304387291136663,-1.413954549977916,-0.3111482962538777,1.0003330240748183,432,404,0.9351851851851852,0.8483503791137323,ok,1249.000229509528,262.2153368572231,-0.7820528144249583
422,-0.22328097893546328,-0.4748607977522852,-0.27655147216348364,1.000483591808698,424,372,0.8773584905660378,0.4607494428073693,ok,1249.2276912808354,262.6882092664309,-0.5055013422614757
423,0.7608861518542653,-0.016764753029065105,-0.1603657171077807,1.00042844569029,421,400,0.9501187648456056,0.6230631564755961,ok,1248.4669199196655,262.70955707784174,-0.3451356251536956
424,0.5032281701176089,0.17331661148909916,-0.04088129610521899,1.0002410517154692,427,410,0.9601873536299765,0.33576183684085725,ok,1247.9627784962643,262.5389151596949,-0.30425432904847677
425,6.373834757294844,7.780896653924287,-0.030688276681082302,0.998585009135224,322,254,0.7888198757763976,1.2875752190944445,ok,1241.551865642744,254.7885397728562,-0.2735660523673946
426,-4.520810224860952,15.905374067565845,0.09842075391179621,0.998878104488083,393,328,0.8346055979643766,0.9925072114446734,ok,1245.96931735082,238.85415024186966,-0.3719868062791905
427,-4.9439562056595605,4.364158449388924,0.13834585890594664,0.9992057460853271,376,342,0.9095744680851063,0.627374100836769,ok,1250.874206463778,234.4461297423215,-0.5103326651851368
428,-7.180006092637996,2.8089416127304503,0.2560381760205918,0.9995780606543919,389,331,0.8508997429305912,0.6209551707203911,ok,1258.0159998569186,231.54140469444832,-0.7663708412057277
429,-2.272833369662294,0.53407183034642,0.21209411422222124,0.9996202259050228,376,346,0.9202127659574468,0.6098484326407806,ok,1260.2793816777473,230.96859846249663,-0.9784649554279484
430,-0.42212799062963313,-0.021535819595783323,0.06617138326014445,0.9999062266568178,387,361,0.9328165374677002,0.3804480167795629,ok,1260.7018321354835,230.98243474657022,-1.0446363386880926
431,-0.25146423643354865,-0.557710915796406,0.023394873146673368,0.9999991622947724,407,378,0.9287469287469288,0.35598666537041135,ok,1260.9636481826635,231.53536158191343,-1.0680312118347661
432,0.534120978312103,-0.8001342036661754,-0.1221027377562232,1.0002252841432435,385,354,0.9194805194805195,0.4989888212273188,ok,1260.4428092628975,232.34420444861007,-0.9459284740785432
433,1.120309542260884,-0.7437942125318386,-0.2676568551131125,1.0003084902483301,399,354,0.8872180451127819,0.44104222203266474,ok,1259.331383104303,233.10120854045402,-0.6782716189654315
434,0.8686475784136292,-0.5601244446561395,-0.20519847045323508,1.0002896060320323,399,378,0.9473684210526315,0.5198783270821257,ok,1258.4673898528217,233.6684859596939,-0.4730731485121971
435,0.7021607413848869,-0.5010068373433114,-0.22563998073221306,1.0002543958338623,387,367,0.9483204134366925,0.5529960641549294,ok,1257.7673992620043,234.17252041345125,-0.2474331677799848
436,1.530293005073645,-0.3569955185960225,-0.4214921279730868,1.0006949117768102,405,346,0.854320987654321,0.7326593963315737,ok,1256.2360288026332,234.52486541176944,0.17405896019310066
437,1.0074506342130007,0.08549387250411655,-0.12131376821769856,1.000724138654637,397,366,0.9219143576826196,0.7328201016913578,ok,1255.2290322939125,234.43417906198619,0.2953727284107988
438,0.5730126115174698,0.5064394203625397,0.055758250867001154,1.000349496349288,373,350,0.938337801608579,0.4976697260127438,ok,1254.6581426479427,233.92534770330298,0.2396144775437979
439,6.199220442402293,11.431916961671504,0.37482712337840046,0.9975151426119584,321,276,0.8598130841121495,2.0010643741317033,ok,1248.4319612449551,222.50809213775074,-0.13521264583460116
440,-7.234706608788656,13.568784408499141,0.44610185697777427,0.9989598607562744,371,313,0.8436657681940701,0.9662242627277003,ok,1255.5286309752485,208.86660509349088,-0.5813145028123736
441,-4.387663150492699,2.554082070458776,0.12487833699938596,0.9994983212763456,379,338,0.8918205804749341,0.5817622124843173,ok,1259.8844815924022,206.25863873138582,-0.7061928398117591
442,-4.820449233170621,1.2984642474223165,0.10924704115889432,0.9994275227416392,378,362,0.9576719576719577,0.5010196939749688,ok,1264.6859633724878,204.89170313417827,-0.8154398809706531
443,-5.3502150525578145,-0.5743436750818773,0.0491550539110114,0.9998260492786454,404,358,0.8861386138613861,0.45198665665785337,ok,1270.0442358240664,205.3852495862709,-0.8645949348816643
444,-0.6740177945507639,-1.2270806415699553,-0.15698463760398315,0.9998603800958681,423,392,0.9267139479905437,0.4053765375749345,ok,1270.733356436352,206.60391265291793,-0.7076102972776819
445,0.025203053866562186,-0.7779834102410632,-0.13273152593269721,1.0000806181041983,404,375,0.9282178217821783,0.4059041782973102,ok,1270.715960437952,207.38210977433,-0.5748787713449852
446,0.8279382259918293,-1.664644789138265,-0.35229590026343127,1.0002412582793858,389,364,0.9357326478149101,0.6182904838858865,ok,1269.8944952618517,209.0499583719308,-0.22258287108155536
447,0.01579074237088207,-0.007382905350596047,-0.0004926419840954953,1.000026497262694,542,541,0.9981549815498155,0.01796083453390875,ok,1269.8787332556967,209.0574024298303,-0.22209022909745987
448,1.8280868991791976,-1.504468627446954,-0.5352609994506202,1.0004868464144652,393,334,0.8498727735368957,0.5530939677434921,ok,1268.0424504885332,210.55185656460378,0.3131707703531583
449,1.3996511387445025,-0.937509574831779,-0.1868044805883091,1.0004913073921187,394,371,0.9416243654822335,0.5403274812798916,ok,1266.6346718332989,211.47711694468967,0.4999752509414667
450,1.985088382298045,-0.5911473734262245,0.06584979626125108,1.001021060823279,402,368,0.9154228855721394,0.8203539047600259,ok,1264.6451613997442,212.05320664032763,0.43412545468021585
451,0.5561158052098563,0.21432841277203352,0.181773803800987,1.000511483184294,355,332,0.9352112676056338,0.7084999672070127,ok,1264.0899949663933,211.83643097608945,0.2523516508792296
452,3.414209008322132,-1.6637805186309151,0.2891629379058362,0.9972943320819051,324,264,0.8148148148148148,2.048691068954571,ok,1260.6768556053005,213.50240470590654,-0.036811287026605265
453,-2.9554471142573675,20.285514675968784,0.3267910026248456,0.9990179240449141,403,335,0.8312655086848635,0.9672804877104051,ok,1263.5035110373997,193.19854319184253,-0.3636022896514494
454,-0.05207225664616999,0.0194648325111757,0.0010175917454622657,0.9999527000226596,538,526,0.9776951672862454,0.13344063383555133,ok,1263.5554583698292,193.17874737737645,-0.3646198813969117
455,8.84711524496447,8.998414598477211,0.12148139824373179,0.999664655397003,427,357,0.8360655737704918,0.5700492842645799,ok,1254.632319284065,184.25571525259556,-0.4861012796406429
456,6.351735499763436,0.09010928046438949,-0.05058769414765332,1.0001535294522899,391,328,0.8388746803069054,0.5269798633359604,ok,1248.2800823496632,184.2138885792533,-0.43551358549298985
457,-0.8461890689866323,-0.9966311867970035,-0.10060905684995403,0.9999428341516278,389,360,0.9254498714652957,0.46151003531901474,ok,1249.1320824253453,185.20555663561424,-0.3349045286430363
458,-2.859838909745122,-1.7359267414642545,-0.2695406629197899,1.000471168896227,408,346,0.8480392156862745,0.46488178963360505,ok,1251.9938998443713,186.93821970198996,-0.0653638657232477
459,-3.162687517133918,-1.433822227269843,-0.2889638893015864,1.000616870364646,383,323,0.8433420365535248,0.5353246271881098,ok,1255.1509677195324,188.384373546529,0.2236000235783373
460,-1.1488328677457957,-0.5559269911125284,-0.06416276018632366,1.0001118255709636,391,365,0.9335038363171355,0.45702830992738847,ok,1256.2969940174416,188.94606340931898,0.2877627837646607
461,-1.8276278545881723,-0.664245900706419,-0.011185467338657485,1.000210924176943,399,350,0.8771929824561403,0.61830086418013,ok,1258.1211312202513,189.6198361134243,0.298948251103318
462,0.006548593813704429,0.005707472837457317,0.002649274653630381,0.9999943473217315,540,532,0.9851851851851852,0.047331480142090834,ok,1258.114612229455,189.61409485170566,0.2962989764496877
463,-0.013905718321439053,-0.007499958921926009,-0.0019239546201503465,1.0000091639896553,530,525,0.9905660377358491,0.041462455561674806,ok,1258.1284787225113,189.62166708758275,0.29822293106983805
464,-0.5587995648393189,0.1673430470373205,0.2699424379189005,1.0007958381162116,391,353,0.9028132992327366,0.981113403733164,ok,1258.6873608177507,189.4545998775218,0.028280493150939015
465,0.3381807423866121,0.2961511491995452,0.12276710687657247,1.0003574058710842,426,388,0.9107981220657277,0.49175892891816975,ok,1258.34869215183,189.15900682547738,-0.09448661372563277
466,0.4603166891611181,0.4942420559426637,0.1489603965467258,1.0003350762951657,386,356,0.9222797927461139,0.5245431666124888,ok,1257.8862796134522,188.66672508852855,-0.24344701027235782
467,2.269611678777437,-10.035930910682282,0.5720637783537899,0.9976619262895421,342,275,0.804093567251462,2.0035870600351657,ok,1255.759737906644,198.7339425186645,-0.8155107886261448
468,9.65002440693138,15.257806212821833,-0.10676786104748415,0.9992932233967803,347,300,0.8645533141210374,0.7833841050551128,ok,1245.921719098701,183.5966703926523,-0.7087429275786613
469,0.02242019013169738,-0.039868414082093295,-0.00048589312621249596,1.0000383208822543,487,479,0.9835728952772074,0.1193627695802152,ok,1245.8997934390507,183.6368128989999,-0.7082570344524488
470,0.7958099393506473,6.289026592493656,-0.5445713720984119,0.999865774512185,378,330,0.873015873015873,0.4414766360955674,ok,1245.0860199425024,177.35008548030441,-0.16368566235403986
471,-0.9382762256320802,-0.18952380656241985,-0.23383448037203053,0.9999078843478861,391,350,0.8951406649616368,0.6947824285608377,ok,1246.0240634256916,177.5407579022392,0.0701488180179893
472,-2.772620479603802,-0.840598351266749,-0.3850224355689555,1.0002518459849346,371,320,0.862533692722372,0.46712098521379475,ok,1248.7899185721528,178.40335585080197,0.4551712535869426
473,-2.611431061622852,-0.6286771596912786,-0.019500617679800374,1.0000486499639785,377,351,0.9310344827586207,0.48394819528013794,ok,1251.3960517462508,179.05364581658057,0.4746718712667429
474,-1.7307247512289905,-0.3874707279107952,0.24626430143742697,1.0002525908838535,387,331,0.8552971576227391,0.43041155959091826,ok,1253.1252181111818,179.44801291953854,0.2284075698293173
475,-1.486744442429199,-0.26156404222774654,0.5382328904774504,1.0004840037228777,362,303,0.8370165745856354,0.5297025976696783,ok,1254.6133552102297,179.70153364791986,-0.3098253206481302
476,-0.3952834680119395,-0.0033163555083319807,0.24499443730732248,1.000136570151469,362,317,0.8756906077348067,0.3230854923010757,ok,1255.0086522589486,179.70102220736555,-0.5548197579554512
477,-0.12101644724543803,0.2680211159513419,0.47922959086355055,1.000401322958471,363,310,0.8539944903581267,0.5201238468686864,ok,1255.124812132182,179.43086080569958,-1.034049348818999
478,0.4431833818780433,0.6046810341645141,0.2981872932848318,1.0004249310701108,363,311,0.8567493112947658,0.5423747631515868,ok,1254.6676898231933,178.8366471592085,-1.3322366421038292
479,4.045580355958236,-3.5409372040485323,0.05719424262312727,0.9998334114846464,372,308,0.8279569892473119,0.6709802292728141,ok,1250.7091587701668,182.47463954536835,-1.3894308847269563
480,-1.5878943312559386,17.701059015501983,-0.17228959855687642,0.9985179164885065,346,295,0.8526011560693642,1.187182126207505,ok,1251.9206973388218,164.74384506305103,-1.217141286170081
481,2.922965558417445,4.529475907875394,-0.2274763238725273,0.999518745184699,354,297,0.8389830508474576,0.560554106656272,ok,1248.9199344592462,160.2655304474531,-0.9896649622975549
482,3.5877311661988642,1.8472202999289493,-0.30236754074315925,0.9995728699355219,358,305,0.8519553072625698,0.4218302888919842,ok,1245.3103034274636,158.4614790147673,-0.6872974215543974
483,-0.0014864661447973049,0.004526819648617675,0.00042384333814075414,1.0000057756290706,486,485,0.9979423868312757,0.009231709201528205,ok,1245.3117354524172,158.45693467958324,-0.687721264892538
484,4.834669457462496,-0.5098154372271892,-0.6636764996731921,0.9995692918176143,348,287,0.8247126436781609,0.5867598039864356,ok,1240.4772803699868,158.96877899079414,-0.02404476521934974
485,-1.5669167173975893,-2.148938347301282,-0.4040642324433324,0.999864239032725,367,300,0.8174386920980926,0.40962284069113386,ok,1242.0299096977096,161.12806271241504,0.3800194672239801
486,-2.5232016321579067,-1.8218816785404215,0.12991352961602784,1.000226114867157,371,315,0.8490566037735849,0.394621738582374,ok,1244.545134488648,162.960941207617,0.25010593760795313
487,-1.4085349470285564,-0.9170294245407149,0.2673617515574368,1.0002356230723217,380,322,0.8473684210526315,0.3605740899691148,ok,1245.9539455542492,163.87754638102263,-0.01725581394948206
488,-1.8736514049167,-1.067444360311356,0.574593487476533,1.0004520985462761,375,320,0.8533333333333334,0.45977055328203076,ok,1247.8385232020373,164.92557984373457,-0.5918493014260117
489,-0.0011946551392156834,0.0021433222025279974,-0.00021182695875302473,1.0000040919135857,525,524,0.9980952380952381,0.00521305091450169,ok,1247.8396956618872,164.92342429998268,-0.5916374744672587
490,-1.2320253433758808,-0.7112841629935929,0.6118267061862919,1.0007455888737236,367,302,0.8228882833787466,0.7110500773088613,ok,1249.0863882468402,165.608675499083,-1.203464180653547
491,-0.037092286471079206,0.09519283615099994,0.17521019535880458,1.0004796690739004,388,360,0.9278350515463918,0.5330631628447389,ok,1249.1211794478727,165.51261777632828,-1.3786743760123505
492,0.8496679205491091,0.7025747070626949,0.08927491857109143,1.0010599581722908,362,333,0.919889502762431,0.7805086676681869,ok,1248.2537919982872,164.8320402226907,-1.4679492945834414
493,10.605209225462431,8.080012560133582,-0.49813785872337757,0.9977979155656713,326,260,0.7975460122699386,1.8496929400686979,ok,1237.5133429335394,156.9326845796454,-0.9698114358600665
494,2.5773247906661254,7.328900199397594,-0.3515059661502658,0.9996827762004743,348,292,0.8390804597701149,0.502611285282911,ok,1234.8570801696167,149.63202369597832,-0.6183054697098023
495,1.1876477969051393,4.035980487125471,-0.14807581968977923,0.9999057535487269,359,288,0.8022284122562674,0.3464760633724963,ok,1233.6363492253975,145.6059261134826,-0.4702296500200238
496,-1.5935881173500093,1.3920523131033633,-0.21375258664166646,1.0000112202195293,387,314,0.8113695090439277,0.4203661907357751,ok,1235.2236900574042,144.206754282284,-0.25647706337835846
497,-2.429360780936122,-1.0418585405589056,-0.041133694028561374,0.9998784890517202,360,313,0.8694444444444445,0.517418158038938,ok,1237.6569494447076,145.23947485271287,-0.2153433693497973
498,-2.259669645580516,-1.0238810789162471,0.08979099296295927,0.9999954256634439,363,329,0.90633608815427,0.6227402044321947,ok,1239.9220398005448,146.25130737384188,-0.3051343623127561
499,-2.236359967543649,-1.5738014366488642,0.23023639182066744,1.0003670869631953,387,322,0.8320413436692506,0.3933707636146305,ok,1242.1730074993984,147.80414390263252,-0.5353707541334223
500,-0.7448398790450028,-0.4084612002978929,0.10208834601025031,1.0001700998752014,352,325,0.9232954545454546,0.592415835429479,ok,1242.9223456274228,148.2042930841302,-0.637459100143672
501,-1.2065646966200347,-1.170820072199831,0.214718540861222,1.0002958191977467,376,316,0.8404255319148937,0.43288487067428727,ok,1244.1461901940247,149.35703871322357,-0.852177641004893
502,-0.3253355970200573,-0.6222546921228513,0.0996555108377493,1.0004101523071198,389,359,0.922879177377892,0.6110274893758849,ok,1244.481817705927,149.9738031137946,-0.9518331518426417
503,0.32310627995889263,-0.2973214284807,0.006616353359505963,1.0003261201292937,404,372,0.9207920792079208,0.40860928784957773,ok,1244.1637300227235,150.27648764557148,-0.9584495052021478
504,0.7099838137719416,-0.11133488619589116,-0.08343887722998061,1.0002764404083895,375,336,0.896,0.4987000494429401,ok,1243.4555292213834,150.39865186980978,-0.8750106279721677
505,0.35625432377014477,0.06169643556677329,-0.06644915299935725,1.0001863132965136,372,331,0.8897849462365591,0.4387344966921916,ok,1243.0984397361924,150.3419888930739,-0.8085614749728107
506,2.65608918316957,-5.00874248454943,-0.1575781581613787,0.9997828079266745,348,315,0.9051724137931034,0.8734661532932717,ok,1240.4994291064556,155.38058540122938,-0.6509833168114328
507,-11.413295632898098,21.97778233807321,-0.4430438216084667,0.9983291837814908,306,244,0.7973856209150327,1.3761827124152997,ok,1251.832887349133,133.361526430303,-0.20793949520296803
508,3.8977964874313784,8.138538066161118,-0.31326107887295185,0.999159523704739,348,279,0.8017241379310345,0.8615628241921495,ok,1247.9500577677272,125.21583715599695,0.10532158366998252
509,3.778361922815293,1.6183838435018743,-0.02999371597444128,0.9996051281093384,353,292,0.8271954674220963,0.5163863104987844,ok,1244.1755285115669,123.58853448621494,0.13531529964442368
510,0.23564204538297417,0.15710327898091236,0.06751196439659998,0.9999663979814263,357,331,0.927170868347339,0.4062708115430633,ok,1243.9400725458152,123.43115246052389,0.06780333524782403
511,-4.496486756288277,-0.7871984485523171,0.4021997312095362,0.999759138252297,352,286,0.8125,0.4798510237715128,ok,1248.4410770357695,124.19209472396562,-0.33439639596171045
512,-2.915359558503269,-0.5023432486650563,0.22223038874691736,0.9999716134559079,379,324,0.8548812664907651,0.3759410666896257,ok,1251.3611791914718,124.6660920816579,-0.5566267847086269
513,-3.685305868974865,-1.4920790900497423,0.16190072268707037,1.000334573537179,358,295,0.8240223463687151,0.4750199324408292,ok,1255.0649064552988,126.11183884857405,-0.7185275073956966
514,-0.22464351646181058,-0.5554692847433671,0.035148016681480265,1.0001247940748603,392,351,0.8954081632653061,0.32345724058244135,ok,1255.2968370354852,126.66430517492893,-0.7536755240771766
515,0.0753185472142377,-0.5213603052127382,0.012398770147581232,1.000103692647662,391,361,0.9232736572890026,0.25048096652359503,ok,1255.2284958705884,127.18662589688654,-0.7660742942247577
516,1.4690835839783176,-1.3603669898562885,-0.11590669378101501,1.0008049385484379,337,307,0.9109792284866469,0.6645002972643255,ok,1253.7749433924953,128.56357546649122,-0.6501676004437432
517,0.5788412555107243,-0.3161389347176282,-0.08614871692091115,1.0003630018730227,343,311,0.9067055393586005,0.4365804983851707,ok,1253.1992421999582,128.88539709727002,-0.5640188835228325
518,0.49647364200268385,-0.22274580887483353,-0.10701520717050982,1.000317450856149,362,330,0.9116022099447514,0.5108596698208399,ok,1252.7045610011949,129.1120957610617,-0.45700367635232314
519,0.532325830306263,-0.0891018201107272,-0.15273287113742354,1.0003181576685423,355,328,0.923943661971831,0.5545342754010393,ok,1252.172715852548,129.2040232423676,-0.30427080521490024
520,1.89743788389751,-6.314280009796448,-0.5214976166588348,0.9981811907176293,314,264,0.8407643312101911,1.4116638336416343,ok,1250.25135218744,135.5110640882608,0.2172268114439321
521,-8.687740798963887,9.321002955065183,-0.06009762435180435,0.9996058416539119,304,231,0.7598684210526315,0.7647664591935686,ok,1258.984106790108,126.23222076983473,0.2773244357957362
522,-0.41444694339134003,7.2284543825510355,0.018389215231770298,0.9996508726753119,325,245,0.7538461538461538,0.5348083923829606,ok,1259.4312167425785,119.0057131956388,0.258935220563966
523,6.677146451824228,4.044066582687378,0.34621035608251466,0.9999459382581763,328,271,0.8262195121951219,0.5141093687245046,ok,1252.747917961684,114.97182218699595,-0.08727513551854699
524,1.2562463474769174,-0.3541216409471417,0.23383232565591278,1.0000141921362238,374,306,0.8181818181818182,0.2977261770801068,ok,1251.4936759656614,115.33297871476316,-0.32110746117445854
525,-1.097573292702009,-0.34851288540289715,0.1591610456878541,0.9999948621217343,358,323,0.9022346368715084,0.6476966508963783,ok,1252.5941319932822,115.67227931219543,-0.4802685068623118
526,-5.330127235909913,-0.6185648064412135,0.23227722588092425,1.0001136434019475,341,273,0.8005865102639296,0.4615408340375226,ok,1257.931539493765,116.22451109736085,-0.7125457327432348
527,-4.870942955060627,-0.7598221424416352,0.026782755004689053,1.0002767816109501,324,263,0.8117283950617284,0.4354853043763604,ok,1262.8118811914226,116.92141846115021,-0.7393284877479238
528,-0.6267300760646322,-0.33100834040328664,-0.07054253177923041,1.0000959785175523,320,300,0.9375,0.4229970624337782,ok,1263.4424321854403,117.24508890095524,-0.6687859559686937
529,-0.38459448761773274,-0.21340663313606,-0.30404721783651034,1.000339247392222,365,298,0.8164383561643835,0.44228040432842886,ok,1263.828377394699,117.45604293960514,-0.364738738132185
530,0.8465863571739192,0.0767336181850169,-0.32044357615546226,1.0003329384815243,336,274,0.8154761904761905,0.4504680823839281,ok,1262.9817319680387,117.379963837167,-0.04429516197672443
531,1.082699285559329,0.30859913830136065,-0.23323393591686303,1.0003892606510878,332,297,0.8945783132530121,0.8800730582418479,ok,1261.900056205026,117.06779607005865,0.18893877394013728
532,0.6120671072549158,0.3852284815338862,-0.07551876481138482,1.0002454178994928,367,332,0.9046321525885559,0.47864934977584606,ok,1261.2897736929503,116.67974661158303,0.2644575387515217
533,-0.8628140027612972,7.957793465775012,-0.037506938551364326,0.9977505572739384,295,225,0.7627118644067796,1.270410919093351,ok,1262.1945152737262,108.72661090801887,0.30196447730288584
534,4.671426601187022,12.571100068901387,0.08817796731645587,0.9994140218547053,323,240,0.7430340557275542,0.7297811263163007,ok,1257.5700273578395,96.13816799602921,0.21378650998643042
535,3.651214615210165,3.3445806779892564,0.0695516430270964,0.9998992063054358,327,260,0.7951070336391437,0.4432918754078824,ok,1253.9272438610926,92.78440645505316,0.1442348669593344
536,6.572234610758869,1.755370506654458,0.2508768823605115,0.9997851674408103,333,276,0.8288288288288288,0.5320754454508032,ok,1247.3517534453208,91.0412715817339,-0.10664201540117586
537,0.27819203518834,-0.37786227412232165,0.3834261050875071,1.0001452764600531,300,240,0.8,0.5164404970921554,ok,1247.076803517029,91.42149946548182,-0.4900681204886809
538,-0.9264469868321612,-0.21959748009658142,0.07711714548452529,0.9999475525206486,337,305,0.9050445103857567,0.4153279802145135,ok,1248.005378925502,91.63191520504051,-0.5671852659732058
539,-2.0489237302908805,-0.7617819609656635,0.029212710747521266,1.000066321139069,367,328,0.8937329700272479,0.5097557447954258,ok,1250.0621209846033,92.37232881305124,-0.5963979767207269
540,-2.80227384756995,-0.8911357114511702,-0.13818019540522739,1.00031665904162,348,282,0.8103448275862069,0.46187135702943016,ok,1252.8714319187316,93.2410253356552,-0.4582177813155003
541,-2.148510063897902,-0.6066155961996174,-0.23593028573764882,1.0002442024279001,341,271,0.7947214076246334,0.4765633552477884,ok,1255.0222792628088,93.8393009232393,-0.22228749557785263
542,-0.871966488246926,-0.4623045823115035,-0.16333316522418273,1.000086456285026,364,311,0.8543956043956044,0.6791709356122085,ok,1255.8947209763753,94.30070805352773,-0.058954330353670724
543,-0.9647667978047139,-0.1250752840151108,-0.37187810937278476,1.0003972065288353,322,273,0.8478260869565217,0.5358532356690789,ok,1256.858790283875,94.4310505682937,0.3129237790191123
544,0.3649375086904456,0.20115564616992287,-0.2362063734112651,1.0004790775011154,346,293,0.846820809248555,0.6500407121201114,ok,1256.4957974080048,94.22640660600155,0.5491301524303762
545,0.8366683263911909,0.8019977552592081,0.017642152785581487,1.0005293788737835,337,305,0.9050445103857567,0.5152736925757085,ok,1255.6666044755857,93.4166823512993,0.5314879996447949
546,0.3568268786718818,0.7016363539289614,0.09318206592999476,1.000132494006921,347,306,0.8818443804034583,0.392072813956572,ok,1255.3151554204758,92.71233687061556,0.4383059337148005
547,9.070503699244,2.864643174415164,0.4042537534133745,0.9978085474048726,291,211,0.7250859106529209,1.8832430530551585,ok,1246.2463558454326,89.84230339652163,0.03405218030142769
548,2.991576858436474,7.019451958869922,0.2413605170671581,0.9996185763495075,323,260,0.804953560371517,0.5697907661167136,ok,1243.2294007518183,82.83372152385073,-0.20730833676572946
549,2.5902682869245837,7.663320232868273,0.3843179257145529,0.9994209987690115,312,246,0.7884615384615384,0.5572429724058837,ok,1240.5601418475148,75.19755601415102,-0.5916262624802808
550,-1.095703140138994,1.1281817316902334,0.21169302025599315,0.9998791928936323,368,334,0.907608695652174,0.5210108308898062,ok,1241.6399200661072,74.05412329217609,-0.8033192827362733
551,-1.1700669371850836,-0.3174287677970824,0.03179389426495866,0.9999346244790916,372,348,0.9354838709677419,0.33953234553104333,ok,1242.8144892294883,74.35446466553731,-0.8351131770012319
552,-2.4931282649231434,-0.6783447623253096,-0.09989860153794056,0.9998994233624746,334,292,0.874251497005988,0.654813979169832,ok,1245.316116463907,75.00076284900115,-0.7352145754632919
553,-3.039314561588526,-1.0547317367858113,-0.30782037462821554,1.000255185874578,348,282,0.8103448275862069,0.5046536094038088,ok,1248.3632140982486,76.03279387937675,-0.4273942008350776
554,-0.9947988056633221,-0.47751646710071327,-0.14974663300700733,0.9999977444648405,338,317,0.9378698224852071,0.525149777171714,ok,1249.3603151947082,76.50548409880184,-0.2776475678280709
555,-2.2173482370662896,-0.6590496711489777,-0.5932940652638852,1.0004251046044346,331,264,0.797583081570997,0.5656990449975968,ok,1251.5739990509196,77.17673923525342,0.3156464974358122
556,-0.9053441377261606,-0.18714222745018105,-0.2681476867839533,1.0004462097815177,341,290,0.8504398826979472,0.4892695780769837,ok,1252.477389409754,77.37309625849105,0.5837941842197646
557,-0.053064261998770235,0.05453814804855028,-0.0034299054030656486,1.0001691625176645,400,383,0.9575,0.19767979559560755,ok,1252.531009836149,77.3191048205839,0.5872240896228302
558,0.6579395341018426,0.48179130568064465,0.24932489190196866,1.000639282238356,314,263,0.8375796178343949,0.643025639318578,ok,1251.87592306894,76.83344174787703,0.3378991977208626
559,1.186620873918173,1.161743097454064,0.5299687759896392,1.0005165780112928,313,243,0.7763578274760383,0.6033926750407329,ok,1250.6854144203976,75.675683016255,-0.19206957826877474
560,3.022811245862158,-5.916220240227176,0.316805895791344,0.9982738593296523,300,238,0.7933333333333333,1.4447675240100533,ok,1247.7152669262978,81.61851682028123,-0.5088754740601176
561,-3.1838393520044974,17.181439966356038,0.33617640807477384,0.9992042781849938,313,248,0.792332268370607,0.7569956496883468,ok,1250.6453611921493,64.39198902359249,-0.8450518821348901
562,7.034970590568719,8.274355834721405,0.16908789192947654,0.9996331158013945,322,265,0.8229813664596274,0.5052567851722576,ok,1243.4650434779203,56.24344233031741,-1.0141397740643663
563,3.865500471052883,1.5548981944033358,-0.0005014462498327505,0.9999881173052771,342,277,0.8099415204678363,0.36655449832945475,ok,1239.5726411327812,54.75716972065845,-1.0136383278145336
564,3.2861284908960897,-0.18442931442496047,-0.14772317197456883,1.0002982799445836,323,293,0.9071207430340558,0.679245257621026,ok,1236.2896751057965,54.991239574257634,-0.8659151558399653
565,-0.40886865654601934,-0.2678387290535511,-0.11517552203732077,0.9999692305783406,319,301,0.9435736677115988,0.45500085292668074,ok,1236.7020180223376,55.25369810863015,-0.7507396338026449
566,-0.0002735193515945866,-0.0004554201120754442,1.6285085289094656e-05,1.0000006713432643,451,447,0.991130820399113,0.0007601594085289684,ok,1236.702297485482,55.25414990578065,-0.750755918887934
567,-2.162905828660314,-0.8309713816795465,-0.34155308315039723,1.00024647203755,314,258,0.821656050955414,0.4265512164312023,ok,1238.871082847057,56.06965288936817,-0.409202835737538
568,-3.1019082119944414,-0.8333274806285544,-0.29550697679499704,1.0003251023171618,318,269,0.8459119496855346,0.4656322724908374,ok,1241.9746385783794,56.89682340878005,-0.11369585894254204
569,-0.9604935810934876,-0.27677902977256963,-0.04507710219363061,1.000028585561001,331,305,0.9214501510574018,0.39414786252121065,ok,1242.9354629475718,57.172451930906504,-0.06861875674891159
570,-1.7869369061779707,-0.24205133643840782,0.05335338887557897,1.0000992493293817,320,287,0.896875,0.6265978350877595,ok,1244.7229110869378,57.41069866269811,-0.12197214562449037
571,-0.45758986885857666,0.044591223095721944,0.23194305300762133,1.0004441880924138,318,262,0.8238993710691824,0.5178053739501869,ok,1245.1802167885328,57.363281782286776,-0.35391519863211074
572,0.8405362669982424,0.6471945065211457,0.39838657122472043,1.0004828415353044,297,246,0.8282828282828283,0.48831024224026376,ok,1244.3312554628371,56.727179107489974,-0.7523017698568295
573,0.43917199119482575,0.6766861550391923,0.19035725545894297,1.0003308478812423,320,296,0.925,0.5852282325524536,ok,1243.8810102296875,56.0578096875895,-0.9426590253157714
574,13.444768658883731,4.560010155652549,0.3065074275297406,0.9973461971505334,310,246,0.7935483870967742,1.8904497663933617,ok,1230.340027022769,51.79198377687692,-1.2491664528455104
575,1.2487515542782148,7.78512624770849,0.037986720438758115,0.9996111329160136,346,291,0.8410404624277457,0.45459560931330995,ok,1228.916711940126,44.03687286131981,-1.2871531732842685
576,-0.008830207539631374,0.0015677246452696636,0.0007649782324601378,1.0000091651700702,459,448,0.9760348583877996,0.0581560213658607,ok,1228.925504679907,44.03510706039674,-1.2879181515167286
577,-12.075005416821114,7.2685437168288445,-0.5492717719907553,0.99981134679449,303,241,0.7953795379537953,0.6877419409408967,ok,1240.9058045862578,36.61150296712731,-0.738646379525976
578,-0.35134237163788384,-0.06196326763756588,-0.19521866483590225,1.0000056121856704,334,283,0.8473053892215568,0.28897381067713074,ok,1241.2577188432144,36.670131154845194,-0.5434277146900748
579,2.3963988030229757,-0.3513072243140414,-0.42140209413534874,1.0001367704310424,285,236,0.8280701754385965,0.42580774025466595,ok,1238.8620736706096,37.02654130616236,-0.12202562055472817
580,2.5287904091790097,-0.9289399420176778,-0.23430485000527884,1.00041620820663,322,295,0.9161490683229814,0.6852291571642308,ok,1236.3314677281774,37.9505239432051,0.11227922945054944
581,-0.41664736049165185,-0.3374949555625335,0.02993248512488668,1.0002653446047867,351,328,0.9344729344729344,0.41194412761523913,ok,1236.747629603408,38.288617364672064,0.08234674432566291
582,-0.367748437520504,-0.0063519418959003815,0.0824855747113431,1.000118007921446,321,287,0.8940809968847352,0.48881501632843016,ok,1237.1153780563184,38.29496841549599,-0.0001388303856797736
583,-1.0013414512688996,-0.031803913843987175,0.4134366892360891,1.0005287118459965,322,259,0.8043478260869565,0.5101760049127859,ok,1238.1169229879058,38.31954362610736,-0.4135755196217668
584,-0.25189861244666645,0.4137290408867784,0.220794036697356,1.0002670487824092,320,283,0.884375,0.6914422803255578,ok,1238.3642255138477,37.90305102006437,-0.6343695563191217
585,0.44107368869299535,0.618257329029575,0.3172319156444163,1.000304488359715,326,279,0.8558282208588958,0.4753068173707405,ok,1237.9129447541911,37.29220423099207,-0.9516014719635365
586,0.7212307812760628,0.5282577416228378,0.12042082498718516,1.000433796861512,314,295,0.9394904458598726,0.4675474436329721,ok,1237.181956917989,36.777532622323974,-1.0720222969507212
587,0.6230694155199217,0.8320167680832355,0.0742846987905524,1.0001967857744076,320,287,0.896875,0.36080962107415554,ok,1236.542367288676,35.958147178834224,-1.1463069957412733
588,5.67602708741606,7.203940909678067,-0.12070039276762115,0.9973031656216613,289,227,0.7854671280276817,2.0169115494297976,ok,1230.7383043428579,28.85695703575277,-1.0256066029736528
589,-2.489444907534107,7.601534447446966,-0.1456225637603636,0.9995168704845461,314,260,0.8280254777070064,0.4613938289509467,ok,1233.1107111617357,21.21808619058777,-0.8799840392132899
590,-8.18984233856986,7.2692148486554515,-0.35826795539358053,0.999660356740836,288,232,0.8055555555555556,0.5891365995736908,ok,1241.2340238709337,13.874599779139658,-0.5217160838197115
591,-4.456871098118199,1.5951913432272704,-0.1910321243457989,0.9997234738257674,302,235,0.7781456953642384,0.47142822206122353,ok,1245.6816141051709,12.253712208989782,-0.3306839594739137
592,-4.1548156892138195,0.30365442876200177,-0.30698215716051463,1.000043709737873,272,227,0.8345588235294118,0.46181937264057404,ok,1249.836303824798,11.948339065001164,-0.02370180231340089
593,-0.4248211052663464,-0.20769131228735205,-0.0397393440872981,1.0000843294360702,294,277,0.9421768707482994,0.3556773117627828,ok,1250.2610667789827,12.156149279937608,0.016037541773896984
594,-0.034468239791294764,-0.06238384956577647,0.06671718678807749,1.000240322202023,325,295,0.9076923076923077,0.5183304775186441,ok,1250.2955901854614,12.21850261702582,-0.05067964501418013
595,0.9651807988966539,-0.5029903253511065,0.26607543927602084,1.000478335241661,307,258,0.8403908794788274,0.5122388391677333,ok,1249.333204863318,12.726821152669459,-0.3167550842901995
596,1.41528534721283,-0.26323895618986626,0.28334055016225945,1.0003648202985693,320,267,0.834375,0.47646043171839936,ok,1247.9207541627159,13.004868595491871,-0.6000956344524574
597,1.84478530591241,-0.09280519906826612,0.24449944015515745,1.0004341525389182,306,257,0.8398692810457516,0.535649191264248,ok,1246.0775372740882,13.12485664223584,-0.8445950746076134
598,0.8276970970957791,0.037291313693799566,0.05313041196315543,1.0003232187358566,318,298,0.9371069182389937,0.46963740376162655,ok,1245.2493575061765,13.100537953129901,-0.8977254865707686
599,0.6152203396620735,0.0996344240303415,0.019050679449577543,1.000297576773882,303,289,0.9537953795379538,0.30901219018341597,ok,1244.6326217618048,13.010759857806534,-0.9167761660203457
600,0.712398527774667,0.12673554305581547,-0.02386592293655064,1.0003571044368236,334,309,0.9251497005988024,0.4261618407749851,ok,1243.9183347465882,12.895141433053027,-0.8929102430837953
601,0.7300849349658165,0.218125160507725,-0.1151702702191659,1.0002323713084782,324,300,0.9259259259259259,0.5706004792706424,ok,1243.185356305267,12.686946326315706,-0.7777399728646301
602,3.3134872327498215,-3.6948887336128564,-0.19838910324076356,0.9976723429159814,253,194,0.766798418972332,1.8588209870593342,ok,1239.909398990359,16.415150192291094,-0.5793508696238677
603,-12.151268409978229,17.507885739081757,-0.3553505808285742,0.999258966965064,244,183,0.75,1.0465212391823202,ok,1251.9921268871312,-1.1401075271680838,-0.22400028879529557
604,3.727670760528099,2.374031398723446,-0.13644365569396633,1.0004905883845068,280,232,0.8285714285714286,1.117464430344286,ok,1248.2608326008171,-3.5084397103598803,-0.08755663310133008
605,2.642329921943656,0.9860940884561842,-0.07187775021090723,1.0002775509201776,263,240,0.9125475285171103,0.6710810524931452,ok,1245.6182329350074,-4.4938106932635264,-0.015678882890423265
606,1.9914972990702609,-0.3208985232438408,-0.050905305494528305,1.0001178945920899,281,252,0.896797153024911,0.4425013225769312,ok,1243.6265387184567,-4.174136637103061,0.03522642260410477
607,-4.400846280899486,-0.5544073936443965,0.07906673553602943,0.9997528658701121,278,249,0.89568345323741,0.661216472694292,ok,1248.0278079201858,-3.6230967473074998,-0.043840312931924225
608,-0.03281797401496078,0.01404021756502516,0.0013848016383466147,0.9999682880643387,370,362,0.9783783783783784,0.052789433041796376,ok,1248.0606148016534,-3.6371628646139698,-0.04522511457027083
609,-6.3410224454153195,-0.7678572029503812,0.2540091892461414,1.000349676551385,279,223,0.7992831541218638,0.4862296775326198,ok,1254.4055609801371,-2.9024327580229965,-0.29923430381641086
610,-0.45830866418532423,-0.016129439614360308,0.10747950509445156,1.0001128881317154,278,253,0.9100719424460432,0.5231252051862466,ok,1254.8639725913838,-2.8895569992529317,-0.40671380891086184
611,1.519499451857655,0.34677688020474307,0.13069385759543797,1.0008488877366084,278,244,0.8776978417266187,0.861321340000501,ok,1253.3412874209355,-3.222066639018294,-0.5374076665062991
612,1.1462011236340004,0.2540026841766121,-0.08184617662446274,1.0003654400545792,282,255,0.9042553191489362,0.5604201348236417,ok,1252.1931029618083,-3.4669478902557103,-0.4555614898818369
613,1.3260926736784313,0.9096280173364448,-0.2325458210910969,1.0004399252371805,250,201,0.804,0.6541279586093806,ok,1250.8634797448858,-4.371407402963428,-0.22301566879074108
614,2.4231679323834214,-1.646790542086137,-0.19860382100666277,0.9980404838138061,257,230,0.8949416342412452,2.013406781057161,ok,1248.4410136757278,-2.723584578199052,-0.024411847784079333
615,10.483939965855825,21.461980894605404,-0.5983736992896445,0.9988097204820607,248,195,0.7862903225806451,1.2231310557495496,ok,1238.1725920561016,-24.289509983098014,0.5739618515055619
616,1.906601057771013,5.511056912228128,-0.22335382264641987,0.9995700922596383,267,214,0.8014981273408239,0.5002769439955247,ok,1236.342863801828,-29.826564290111946,0.7973156741519807
617,0.5720020039984774,3.8542656614120006,-0.13168456416410418,0.9998093862041572,273,219,0.8021978021978022,0.5635795279945417,ok,1235.8334277455451,-33.68959742301104,0.9290002383160841
618,-0.9474762587378791,-0.29735998747344183,0.12805508070754426,0.9998306660243694,294,268,0.9115646258503401,0.5638018667653233,ok,1236.776654731167,-33.37902202698501,0.8009451576085406
619,-2.1189541634896614,-0.8390750072587707,0.4730957391808879,1.0002165986688523,268,218,0.8134328358208955,0.4713208296691979,ok,1238.890773001026,-32.527836056808155,0.3278494184276549
620,-1.6287596992353883,-1.0614020880367434,0.36836868613912943,1.0001655758515706,259,206,0.7953667953667953,0.47109740539351114,ok,1240.520282910767,-31.46758608420805,-0.04051926771147294
621,-2.0582250744264456,-1.3579815833203384,0.4574364685105901,1.0004640652616055,276,226,0.8188405797101449,0.4720555030707094,ok,1242.5902322785423,-30.12754352798777,-0.4979557362220612
622,-1.1481267822052814,-0.7617140516601921,0.21142909057740372,1.0001285386286278,267,225,0.8426966292134831,0.48871648323064903,ok,1243.7477016803223,-29.38010256814107,-0.709384826799464
623,-1.0223274268498699,-0.9274846973484046,0.11193101039905373,1.000424641072959,282,260,0.9219858156028369,0.7986334934286168,ok,1244.7832188013326,-28.467367380039377,-0.8213158371985173
624,0.01327152291105449,-0.7481570616490671,-0.11404116504226709,1.0003931063149325,264,245,0.928030303030303,0.6444766852777707,ok,1244.7791835091002,-27.71910349701909,-0.7072746721562506
625,0.28424747543613194,-0.46035988108337733,-0.15540970347857935,1.0003228920669036,257,226,0.8793774319066148,0.6696876622624895,ok,1244.4993832724706,-27.256027180431033,-0.5518649686776719
626,1.6079945894466618,0.09551198463702804,-0.5020732408544049,1.0007237484282716,254,201,0.7913385826771654,0.7595572365182437,ok,1242.8913062874824,-27.35014173429795,-0.04979172782326888
627,0.804706753143364,0.08097761348381027,-0.15131757155426653,1.000249267454245,300,272,0.9066666666666666,0.6097110710924041,ok,1242.0867442867022,-27.432545128285824,0.10152584373099706
628,3.008241580773756,-2.821264657092115,-0.15001300139093965,0.9977497198304637,238,195,0.819327731092437,1.8987706132547928,ok,1239.0661458730083,-24.624514341979875,0.2515388451219361
629,-1.1497451704171908,20.04807723971055,-0.11827169069696826,0.9984253460454513,243,189,0.7777777777777778,1.1964029347684635,ok,1240.3452647356619,-44.6647531105549,0.3698105358189039
630,4.150257626228722,4.786893897621894,0.0504465953049855,0.9995690845808696,277,214,0.7725631768953068,0.5881867142858177,ok,1236.2217533612907,-49.474705864646126,0.3193639405139186
631,6.976132059665588,2.2260655025775122,0.28612276297050615,0.9997625636827564,277,220,0.7942238267148014,0.4855316604229727,ok,1229.2469139675782,-51.704818320907975,0.033241177543413596
632,1.12735550597381,-0.17086706268344187,0.20271498121265882,1.0000169027565033,267,223,0.8352059925093633,0.3528076267036557,ok,1228.1200687960588,-51.530617432899135,-0.16947380366924433
633,-1.6131625885789163,-1.185000379271969,0.5619802894691046,1.0002456632296108,262,200,0.7633587786259542,0.4654482155256788,ok,1229.7482275698385,-50.366307146321674,-0.7314540931383465
634,-2.354465625451212,-1.4262061876381722,0.3228334625250622,1.0003989473269643,237,196,0.8270042194092827,0.5574150059231864,ok,1232.1285364467683,-48.98366398140263,-1.0542875556634073
635,-1.8974215476207519,-1.2140806535237516,-0.01999401223379549,1.0000775869971665,250,219,0.876,0.6952542638520957,ok,1234.0475640324016,-47.80403120455412,-1.0342935434296117
636,-0.6205241681207099,-0.7761475247614271,-0.0888070007922014,1.000079365234703,255,229,0.8980392156862745,0.7081373298910212,ok,1234.680811005849,-47.03822868821271,-0.9454865426374106
637,-1.1479542328956995,-0.9125787447424045,-0.3477937638140775,1.000603195227005,252,207,0.8214285714285714,0.525323063540186,ok,1235.8382223601661,-46.13767450157184,-0.5976927788233349
638,-0.18491028079165517,-0.7300875489518148,-0.47478333127604055,1.0006678275958358,267,219,0.8202247191011236,0.6612075344690203,ok,1236.0246983795223,-45.407985296991114,-0.12290944754729677
639,1.1574217776449132,-0.3489492502076246,-0.4529271007746539,1.0008027157472574,275,231,0.84,0.7355674286427336,ok,1234.8652859015585,-45.06570842583449,0.3300176532273546
640,0.45929488099682203,-0.10654982579490024,-0.10071288526077166,1.0002849282927406,294,272,0.9251700680272109,0.53744807096222,ok,1234.4052030006285,-44.96261440390049,0.4307305384881256
641,3.1579227678219013,-3.877931362737627,-0.02963231300719902,0.9971676707838127,245,194,0.7918367346938775,2.242918800783026,ok,1231.2162239161655,-41.110181372621355,0.4603628514953244
642,10.58986421665577,14.247078136019354,0.22454412110818966,0.999181676994845,237,176,0.7426160337552743,0.9377900979621366,ok,1220.6850875429875,-55.40072461738896,0.23581873038713608
643,2.030311839386286,6.582041201182051,0.5300262562986108,0.9995755917489857,214,176,0.822429906542056,0.6469229653728432,ok,1218.6210045611633,-61.97225366193811,-0.29420752591147165
644,-0.27333604542695866,1.3916542469485194,0.14531058479243644,0.9999539806476089,251,230,0.9163346613545816,0.5411169531184374,ok,1218.883657236297,-63.365963713930455,-0.4395181107039071
645,-1.7097606995903334,0.5396667871355021,0.1825208440336768,0.999895603539996,269,236,0.8773234200743495,0.638897556373185,ok,1220.587458328867,-63.92416056805837,-0.6220389547375827
646,-1.9259715527964545,-0.07781275590980385,0.1080962840412121,0.9998805219456651,236,202,0.8559322033898306,0.7819565444737577,ok,1222.5142650654195,-63.870896629605454,-0.7301352387787942
647,-0.9136117305758944,-0.23156506729105786,0.014575025725571225,0.999917369586456,266,250,0.9398496240601504,0.3526911461952109,ok,1223.430809340892,-63.65122558978885,-0.7447102645043653
648,-1.9130700080052065,-0.8582517032195938,-0.07212819712618618,1.0002029086777815,265,238,0.8981132075471698,0.7052248494830078,ok,1225.353822130384,-62.81548959495649,-0.6725820673781796
649,-1.1490411164286343,-0.6356597692376909,-0.13596464142279027,1.000041095496463,250,221,0.884,0.7355012442490663,ok,1226.5087661895698,-62.19061916868998,-0.5366174259553902
650,-0.29533976518746385,-0.4508954912198533,-0.1048317614347165,1.000202828278865,265,235,0.8867924528301887,0.5914451684313126,ok,1226.807495521262,-61.74196216463224,-0.4317856645206743
651,-0.15941092152615965,-0.23898283472783532,-0.29860264818621535,1.0007277809987674,258,203,0.7868217054263565,0.6856289646370793,ok,1226.9674615229537,-61.503350523048994,-0.13318301633446059
652,0.41961164693157116,-0.13772955224271755,-0.15599351615408544,1.000626857279486,251,228,0.9083665338645418,0.8925223188586421,ok,1226.5477950766187,-61.36578803680311,0.022810499819624033
653,0.46378633584322415,0.17347282306218403,-0.013458266609131896,1.000299354675079,282,269,0.9539007092198581,0.38137195055022843,ok,1226.0841186436137,-61.53955440619575,0.03626876642875585
654,0.6070015617417539,0.3758706416056157,0.032218926907513726,1.000468854953226,277,253,0.9133574007220217,0.380588996904454,ok,1225.4771436510657,-61.91546795157433,0.004049839521242308
655,3.201249180763398,-1.912076619561958,0.25669699516381805,0.9970543942170602,228,174,0.7631578947368421,2.1467800723063246,ok,1222.284356914431,-59.98929397947711,-0.25264715564257434
656,8.087900640210819,9.589373996998802,0.19378082214833398,0.9995515512070825,245,184,0.7510204081632653,0.5797363852425779,ok,1214.121985604035,-69.51535953727478,-0.4464279777909072
657,4.792222687310414,10.47157788395134,0.468444723548741,0.999757574107287,234,160,0.6837606837606838,0.7380997558170509,ok,1209.1631755791514,-79.90908576041261,-0.9148727013396456
658,-0.057777925517939366,1.2725630007314521,0.18921003379964296,1.0002575640360112,259,229,0.8841698841698842,0.8205705809189808,ok,1209.1964221603416,-81.18252580389606,-1.1040827351392875
659,-1.7712774305337007,-0.6337692200528409,0.08250271089044943,0.9999395057081512,254,227,0.8937007874015748,0.7678326900739003,ok,1210.9804440669627,-80.58557270950803,-1.1865854460297365
660,-2.653453653978204,-1.6680956257102935,-0.21032269296979716,1.0004839314985652,234,193,0.8247863247863247,0.6246044595573609,ok,1213.6619338500566,-78.96292923249666,-0.9762627530599405
661,-1.0010731284089616,-0.7445648490869416,-0.12971452287356633,0.9998290810267859,251,221,0.8804780876494024,0.7695286049309865,ok,1214.6738982977317,-78.23323602329185,-0.846548230186375
662,-2.3969222340474516,-1.4718829327782714,-0.4685710829982315,1.0005712014564765,243,194,0.7983539094650206,0.6148594883960794,ok,1217.0804782366877,-76.77719736951553,-0.37797714718814657
663,-1.011673108343075,-0.6317871878718506,-0.2911363070023724,1.0002760598876452,254,197,0.7755905511811023,0.48114191257575784,ok,1218.093107756322,-76.14694425776713,-0.08684084018577602
664,-1.1163172750202648,-0.6916865241621508,-0.3706045145196885,1.0006415312735593,266,206,0.7744360902255639,0.6806119077704529,ok,1219.2059857007807,-75.44973755459137,0.2837636743339101
665,0.05313491119750324,-0.15149972339440865,-0.04007182412020285,1.0005113942099424,285,271,0.9508771929824561,0.612440268331075,ok,1219.1519953670565,-75.29854056771376,0.32383549845411264
666,0.9498900177629821,0.5933913021694934,0.2496348098417712,1.0003482149548224,271,229,0.8450184501845018,0.6969889289161124,ok,1218.2028746148544,-75.89316152351307,0.07420068861234312
667,0.7293489677037996,0.6511816082509085,0.22715668597166153,1.0003291459435597,261,216,0.8275862068965517,0.5812673274201527,ok,1217.471789862984,-76.54239375407235,-0.15295599735931695
668,4.042306213694019,-3.4781292570421556,0.43340538322932953,0.9979410297261461,212,157,0.7405660377358491,1.372820078363646,ok,1213.4652896631173,-73.0230786499036,-0.5863613805886438
669,-9.272227166322637,10.666172121116233,0.18680957864856096,0.9995176733057306,226,170,0.7522123893805309,0.8018855866256689,ok,1222.5927436140962,-83.81339878945107,-0.7731709592372037
670,-0.6042921448704419,6.8932231128427475,0.08086667404844718,0.999797587589103,232,176,0.7586206896551724,0.4997929738521404,ok,1223.0942236447063,-90.71486324699049,-0.8540376332856504
671,4.137791692699466,8.115520851368046,0.04452278956281676,0.9993893669017788,234,178,0.7606837606837606,0.4993155820493427,ok,1218.8296716085315,-98.76449645055447,-0.8985604228484669
672,2.805237045398144,0.4901836319050972,-0.1115560040685164,1.0006205039289398,237,202,0.8523206751054853,0.9106356139625336,ok,1216.0179663332078,-99.21610282625909,-0.7870044187799513
673,-0.88177158543931,-0.5014100028463417,-0.10174613352345996,0.9996519364931752,253,234,0.924901185770751,0.6393586314813849,ok,1216.905671581588,-98.72527443278466,-0.6852582852564919
674,-1.9349284976192394,-0.4908318786702921,-0.10184120805894767,0.99969926321281,256,237,0.92578125,0.7531298272991058,ok,1218.845497602462,-98.25417016326674,-0.583417077197545
675,-6.366651691314246,-1.2112409932955188,-0.39727289918660114,1.0005065674185658,227,177,0.7797356828193832,0.6809853019577544,ok,1225.2160508018442,-97.06361968714464,-0.18614417801094646
676,-2.159150464613731,-0.9276792293821927,-0.29760559740677217,1.0004614954327011,237,183,0.7721518987341772,0.7272379850366405,ok,1227.3733925037993,-96.13174187193704,0.11146141939582391
677,-0.020438037060785064,-0.3949956387164093,-0.05164283589073009,1.0002721956832958,270,251,0.9296296296296296,0.43552013092305186,ok,1227.3927060230017,-95.73668965268007,0.16310425528655367
678,0.31065451175504677,-0.11835337458364847,0.007855912212339231,1.0001441239502393,294,274,0.9319727891156463,0.37083510907575196,ok,1227.0817319623545,-95.6191784593683,0.15524834307421448
679,1.6866304227200999,0.09240220120068443,0.25058452122093927,1.0005351608628046,255,200,0.7843137254901961,0.8551564828996931,ok,1225.3949501237473,-95.70877409864386,-0.09533617814672322
680,1.561810581034024,0.6813341375950586,0.28941542730311964,1.0006503804885067,244,194,0.7950819672131147,0.6888845596719533,ok,1223.8285995079023,-96.37960511039239,-0.384751605449841
681,4.762687918522943,0.5418199821342569,0.16648317874798385,0.9977767749895678,234,190,0.811965811965812,1.6330632054349175,ok,1219.0609193123942,-96.87557956098942,-0.5512347841978238
682,3.224529717937912,9.14445725968028,0.025172252804564352,0.9994413261373504,234,188,0.8034188034188035,0.6655312337000653,ok,1215.744559243695,-105.98713521141053,-0.576407037002388
683,-4.785603884218062,9.461899370712672,0.009014375971335031,0.9992964110007424,209,161,0.7703349282296651,0.6609367162555809,ok,1220.4332377568976,-115.49743689106083,-0.5854214129737231
684,-7.611460434590299,1.8877960123646744,-0.11408128444295468,1.0000817566816405,236,194,0.8220338983050848,0.4891308557875493,ok,1228.0289109828666,-117.44778352074786,-0.47134012853076895
685,-2.422866088636283,-0.24930583921195648,-0.0704915442328802,0.9996116078003352,240,225,0.9375,0.5623908998834065,ok,1230.4534619384174,-117.21543432477984,-0.4008485842978893
686,-2.485018791216362,-1.244749506081689,-0.3076330254531709,1.000048828555663,243,192,0.7901234567901234,0.6073982246296776,ok,1232.940502545883,-115.97472938709075,-0.0932155588447203
687,-0.4189475000530365,-1.0248410149254141,-0.18027307130323192,0.9999567149002043,264,241,0.9128787878787878,0.718876289662698,ok,1233.3578923782552,-114.94925298974817,0.08705751245851051
688,-0.2122495764958785,-0.8735993540904019,-0.13625202319379312,0.9999989454933822,262,241,0.9198473282442748,0.5590436897109767,ok,1233.5667355094763,-114.07483303301603,0.22330953565230274
689,0.2511770592200264,-1.5519614279996858,-0.1555227407159659,1.0002267472566482,250,225,0.9,0.6465974587413593,ok,1233.3053026472962,-112.52456626640765,0.3788322763682677
690,-0.004150947553853257,0.010761546373032616,0.0006840441116730033,0.9999739349090492,326,323,0.99079754601227,0.013621905470785185,ok,1233.3095245294003,-112.53530018262859,0.3781482322565947
691,0.007375565680376894,-0.016331248678511656,-0.0006548515561283329,1.000034878701163,324,323,0.9969135802469136,0.013326838147255889,ok,1233.3020411539185,-112.51901805304124,0.37880308381272304
692,1.9021453185555401,-1.7401212308129743,0.22241040052681554,1.0008647234845451,214,171,0.7990654205607477,0.7146748214337922,ok,1231.3951531493371,-110.78409533176114,0.15639268328590894
693,0.003944291530615374,-0.006170064937009556,-0.000611025681668832,1.0000032788360629,341,340,0.9970674486803519,0.008582115412244632,ok,1231.3911919652287,-110.77793609824823,0.15700370896757776
694,1.568220957320591,-0.44387280739556445,0.3110016238134932,1.00052633146191,218,178,0.8165137614678899,0.5947267669390477,ok,1229.824169699276,-110.32984988094995,-0.15399791484591357
695,6.179038578441805,-4.020458864000261,0.29040626182608326,0.9996904343565457,218,161,0.7385321100917431,1.1983430969737454,ok,1223.676500623854,-106.26158585681276,-0.44440417667199505
696,10.056572477201371,21.318543567920074,-0.15620635145379438,0.9978704295561128,210,155,0.7380952380952381,1.5677438331513338,ok,1213.5128235244397,-127.52927538025062,-0.28819782521820164
697,-2.716169846536559,5.074367290271539,-0.09905232416080675,0.9994111147733779,259,208,0.803088803088803,0.6777409589009065,ok,1216.212227040041,-132.61258165587208,-0.1891455010573955
698,-6.854197348090338,3.2701707226990493,-0.21558100296074048,0.9994430469614658,226,168,0.7433628318584071,0.6663983145370783,ok,1223.0679324713053,-135.87958959615912,0.026435501903343657
699,-2.3711908723728357,-0.22406095310350338,-0.13110462932767475,0.9997507918909893,258,220,0.8527131782945736,0.47656061791452,ok,1225.4384983043908,-135.64900968606958,0.15754013123101765
700,0.9277416451952831,-1.1770524259048898,-0.1729134180694507,1.0000060015953167,253,232,0.9169960474308301,0.7012534668953183,ok,1224.503983474265,-134.47732755945265,0.33045354930046733
701,1.6362323377088615,-0.685261055003366,-0.04561290770758051,1.0001996992949227,265,242,0.9132075471698113,0.46184364646114073,ok,1222.8632886358287,-133.80282075919263,0.37606645700804747
702,2.0781368518789805,-1.035012090658256,0.05354343268207806,1.00041703147622,272,249,0.9154411764705882,0.705311989080014,ok,1220.7793585643665,-132.77952302138533,0.32252302432596974
703,-0.20830614184023943,-1.1573452842435472,0.27152210598919146,1.000563782996284,254,206,0.8110236220472441,0.5899569334658286,ok,1220.986634431493,-131.62199277530272,0.051000918336779916
704,-0.055809576180308795,-0.2684551073820103,0.12678817182323576,1.0004634270981783,251,235,0.9362549800796812,0.8820552929941473,ok,1221.0427990542782,-131.35361172414525,-0.0757872534864551
705,0.03983541092998166,-0.43857993199310386,0.23645627200951272,1.0008199248212357,235,199,0.8468085106382979,0.7075554801732951,ok,1221.0053543422778,-130.91482121575416,-0.31224352549596635
706,0.21193940420221224,0.11172930040572737,0.0657404495717663,1.0004443230328046,234,221,0.9444444444444444,0.5526438657220759,ok,1220.7926824698968,-131.025149917009,-0.3779839750677323
707,1.0038168791943463,0.24996057031353303,0.06279239747949901,1.0008982015717223,254,233,0.9173228346456693,0.800370731049023,ok,1219.7869723671765,-131.26738080470398,-0.44077637254723084
708,0.6356887488661869,0.28175464998469124,-0.010450221088170486,1.0003451416095321,257,242,0.9416342412451362,0.4160215652634679,ok,1219.1491854186943,-131.5443531437004,-0.4303261514590605
709,-0.003333750517867884,0.005007086330124366,0.00014790345616961576,1.000003486998969,330,330,1.0,0.006445022464461325,ok,1219.1524814562858,-131.549385135575,-0.4304740549152301
710,13.815157506350033,2.4223576942878253,-0.314408097924405,0.9969045896106372,217,139,0.6405529953917051,2.3886539554588153,ok,1205.3324452490263,-133.94375205698998,-0.11606595699082725
711,1.096337389739574,6.853786620537221,-0.14571186970158986,0.999727106766915,227,178,0.7841409691629956,0.440423691121686,ok,1204.2396542838421,-140.79810502560827,0.02964591271076158
712,-6.246639948483562,4.527599444872294,-0.1854326868027833,1.000020911191799,229,176,0.7685589519650655,0.5635846718914771,ok,1210.5032460183388,-145.30222380320947,0.21507859951354352
713,-5.803594968933339,-1.0043873175154658,0.025852634828436517,1.000137903157081,240,192,0.8,0.5705613053589059,ok,1216.3034922368938,-144.27867495183216,0.1892259646851072
714,-0.13533502050700008,-0.5582033908204949,0.05074286084364273,1.0000764157139042,265,248,0.9358490566037736,0.4357286859876266,ok,1216.437477693565,-143.7201460889255,0.13848310384146484
715,2.3968167972820993,-1.3570097679329365,0.23559835875878932,1.0003135713040896,256,205,0.80078125,0.529264121073893,ok,1214.0429644438693,-142.3590757134375,-0.09711525491732284
716,1.185106546332463,-0.36474633125953915,0.12087836321823874,1.0002720899522715,260,233,0.8961538461538462,0.8605898512698026,ok,1212.8592542245508,-141.98982305060565,-0.2179936181355607
717,0.085106396557876,-0.6074916218394719,0.12122978837128626,1.0003284466993883,249,224,0.8995983935742972,0.9161261902402189,ok,1212.7777459924405,-141.3818382009274,-0.339223406506846
718,-0.35668413431176305,-0.08855632794097801,0.03783105165799945,1.000077355128963,264,243,0.9204545454545454,0.4607054152513947,ok,1213.1350051742093,-141.29563105545674,-0.37705445816484523
719,-0.46921458037718367,0.23474037685514304,0.04896035814183651,1.0002652758468946,227,214,0.9427312775330396,0.5928908053277738,ok,1213.6024614210671,-141.53385369132127,-0.4260148163066814
720,0.1275663153332971,0.5502123802294818,-0.011496104133864768,1.0003620845720684,240,223,0.9291666666666667,0.5525461584470425,ok,1213.4709178484293,-142.08312877419246,-0.41451871217281666
721,1.1392693667448839,1.109728973688334,-0.06141885777102367,1.0005505638796102,240,225,0.9375,0.8619644703626426,ok,1212.324831171541,-143.1858156808463,-0.35309985440179353
722,0.6379661819532885,0.7446656692623037,-0.04195463767535635,1.0002329237670597,241,226,0.9377593360995851,0.6041204577035147,ok,1211.6828305031522,-143.92700590614777,-0.31114521672643747
723,0.35282359095594984,5.635545366490305,-0.5919499889533658,0.9962168925121669,189,132,0.6984126984126984,3.165163905554844,ok,1211.3576306654895,-149.56421276146978,0.28080477222692407
724,2.3417061991528954,7.2575488581769605,-0.16792242857572007,0.9994888300880039,219,176,0.8036529680365296,0.5600692192605672,ok,1209.0728351333894,-156.83987855426653,0.4487272008026429
725,8.018543927989185,6.646681630479293,-0.125928699073373,0.9997162310257622,241,190,0.7883817427385892,0.7357015958510343,ok,1201.1213571990381,-163.56664762132777,0.574655899876015
726,2.738324229922682,0.6431318828016401,0.08538161313889348,1.000415648536885,266,243,0.9135338345864662,0.7410225961550648,ok,1198.3886247348062,-164.23313954610285,0.48927428673712203
727,1.4782603625453703,-0.7081308345136677,0.4575845619731558,1.0000358150533475,248,183,0.7379032258064516,0.5491859247671423,ok,1196.9099729382783,-163.5258264309366,0.0316897247639698
728,0.03462989238232694,0.017389214644595086,-0.0011813425406187227,0.9999613611740803,287,276,0.9616724738675958,0.09525171938393714,ok,1196.8753530279323,-163.54323551017683,0.03287106730458851
729,-3.7040155200274967,-2.00515898017818,0.8567822032289869,1.0005830907593487,211,174,0.8246445497630331,0.8783989436298705,ok,1200.6078187066116,-161.59154561014793,-0.8239111359243917
730,-0.019834017934272197,0.011493508436387856,-6.539272431536799e-05,1.0000077879778158,348,347,0.9971264367816092,0.023617772070931898,ok,1200.6274854168316,-161.60332311042202,-0.8238457432000763
731,-4.166532404198051,-1.8523794736513537,0.31989930159692515,1.000732725354658,244,196,0.8032786885245902,0.842431514628748,ok,1204.830162655648,-159.8344799811507,-1.143745044796999
732,0.0010696031640691217,0.006584700856024028,0.000572738391770953,1.0000049065570533,366,365,0.9972677595628415,0.007212213463350012,ok,1204.8289617641547,-159.84104200796514,-1.1443177831887699
733,-0.02179791226967609,-0.011434978923489325,-0.0007123690714610075,0.9999986940658946,358,357,0.9972067039106145,0.030808897671443274,ok,1204.85098355791,-159.8300443572117,-1.1436054141173086
734,0.026925827381546696,3.944977243008907e-05,0.0003165385648324896,0.9999995155453807,355,354,0.9971830985915493,0.029668745247408753,ok,1204.8240623092236,-159.8295462551862,-1.1439219526821411
735,-1.4665531589598686,-1.129812437873852,-0.20148888390741737,1.0001406461154945,235,220,0.9361702127659575,1.0744138153577296,ok,1206.3090000306463,-158.7240082520742,-0.9424330687747254
736,0.17184009988750404,-0.19395029741451708,-0.49278267106986584,1.0006131212937068,232,185,0.7974137931034483,0.6692257804733233,ok,1206.1386873055017,-158.52871536062582,-0.44965039770486326
737,1.8516890124196834,0.14206349648122796,-0.4458494395489231,1.0007848939595836,229,179,0.7816593886462883,0.8820900992154704,ok,1204.2869888727728,-158.67065601716274,-0.003800958155943643
738,-0.01571691686081067,0.002392470012864578,-5.273862307489351e-05,0.9999892632755298,354,354,1.0,0.016211745481008562,ok,1204.3027056330877,-158.67304951535198,-0.0037482195328687505
739,11.546027511079956,2.535939126786502,-0.06198362815992178,0.9974522647547852,227,175,0.7709251101321586,2.387438090344675,ok,1192.7592616130498,-161.22072270821445,0.05823540862705252
740,2.6654784035761168,8.257919452460328,0.26952496016434324,0.9992055839083095,206,160,0.7766990291262136,0.7864703781921212,ok,1190.0633486866195,-169.46875655249266,-0.2112895515372885
741,-0.011183136463159826,3.46306573479535,0.2615126263332158,1.0000307970481537,230,202,0.8782608695652174,0.794041162901591,ok,1190.0459547050355,-172.9317966613363,-0.47280217787050205
742,-1.187946280406095,0.9577932401647331,0.3070586013451732,0.9997921876330759,239,203,0.8493723849372385,0.4850903066564646,ok,1191.2207546921159,-173.90566998286806,-0.7798607792156725
743,-3.5369555643710555,-0.8624499803306662,0.35655854701509293,1.0000941029001957,253,195,0.7707509881422925,0.6858158445487944,ok,1194.7741194986397,-173.11353793284854,-1.1364193262307623
744,-1.3786350953487272,-0.591214704072172,-0.037444409333294355,0.9999973959801252,246,233,0.9471544715447154,0.49828312925726875,ok,1196.163840236249,-172.54887358662415,-1.0989749168974683
745,-0.7693074494873144,-0.5307262737696874,-0.12670761388928536,1.0000328770270808,233,223,0.9570815450643777,0.6571672810432609,ok,1196.9420425279632,-172.03127767988155,-0.9722673030081841
746,-1.0533840347354726,-0.7302411564784279,-0.5862639484974267,1.0006577248717867,236,192,0.8135593220338984,0.7085786764028768,ok,1198.0003222764892,-171.30814972086603,-0.3860033545107629
747,0.13699050736659046,-0.4770377056840971,-0.2058416149008284,1.0002581444686187,227,213,0.9383259911894273,0.848806510415078,ok,1197.8648324486628,-170.83068361912854,-0.1801617396099364
748,0.002446334457317789,-0.011318202796473997,-0.0001371109286647267,1.000003255627027,319,318,0.9968652037617555,0.013145941505703567,ok,1197.8624216882706,-170.8193577857752,-0.1800246286812717
749,0.7468496626881915,-0.12803040188123305,-0.28710748256947854,1.000812881280916,217,185,0.8525345622119815,0.9895412458687779,ok,1197.1153340478713,-170.69272343014597,0.10708285388820413
750,0.5924747992653465,0.13643107340521965,-0.034510056541772735,1.0004283626412795,222,205,0.9234234234234234,0.699916489056035,ok,1196.523198214418,-170.83061824620393,0.14159291042997654
751,-4.847157294678709,7.204743969183028,0.2847717382295856,0.997242179013125,197,171,0.868020304568528,2.144720303004485,ok,1201.352336156249,-178.04745247179096,-0.14317882779960633
752,1.3407366871517752,10.819329115368078,0.47093920462715033,0.9997021730507015,243,188,0.7736625514403292,0.8406116192326348,ok,1199.8957130043927,-188.85178985843322,-0.614118032426752
753,4.056046266752446,0.9037771714433802,0.17192955037556165,0.9999946450239554,262,215,0.8206106870229007,0.829493603623595,ok,1195.8276497973466,-189.69983834592472,-0.786047582802312
754,-0.07763706759124034,-0.4737300656569232,0.05149089249019806,1.0000374203432842,314,298,0.9490445859872612,0.4578375335838737,ok,1195.9122032169687,-189.22729373575373,-0.8375384752925097
755,-1.9338636358390886,-0.6538209267832826,0.021997931798198794,0.9999249537241925,320,305,0.953125,0.46308657737080544,ok,1197.8556573306205,-188.60255661147573,-0.8595364070907083
756,-5.8480401592048565,-0.9227398146974792,-0.07220244547021532,1.0003991288024856,287,235,0.818815331010453,0.5369112417114029,ok,1203.7158248482729,-187.76026264001928,-0.7873339616204936
757,-2.1247000042474156,-0.7482807877809137,-0.20666381654891539,0.9997828591239869,289,247,0.8546712802768166,0.7909543844582969,ok,1205.8479991403035,-187.0335529085478,-0.5806701450715802
758,0.037827801678531614,-0.05063226122319975,-0.10423247221890984,1.00014362429558,259,240,0.9266409266409267,0.5084715964614723,ok,1205.810593669398,-186.98260784791626,-0.4764376728526713
759,0.9116888658493281,0.6936633941135142,-0.18006044484267675,1.0004565665418932,254,211,0.8307086614173228,0.6752742306193591,ok,1204.8953288635605,-187.67154603646588,-0.29637722800999605
760,1.5278815589635997,1.122882433891732,-0.09420275435657682,1.0006269327559496,249,233,0.9357429718875502,1.1558365935376387,ok,1203.363494610263,-188.7890301925005,-0.20217447365342012
761,1.2465008978313108,1.6946397177282506,0.0009397186847975063,1.0005697773491236,258,242,0.937984496124031,1.0097329018264285,ok,1202.1109940403192,-190.47924041122667,-0.2031141923382176
762,0.7099076342606168,1.2441877353094242,0.03853335741885301,1.0003435391362758,269,254,0.9442379182156134,0.6952317389252036,ok,1201.395845317188,-191.72042302215846,-0.24164754975707023
763,4.225993558533219,-3.517608464486443,0.04211482807054649,0.9976266600794326,270,222,0.8222222222222222,2.043794187288592,ok,1197.1873247798999,-188.1819281792326,-0.28376237782761626
764,-0.0008750330091515934,0.0004932179397201253,4.5650178720891735e-05,0.9999956892810677,389,389,1.0,0.0011162215525046344,ok,1197.1881973590862,-188.18242572547888,-0.28380802800633714
765,-0.012775998445931691,19.33269839936588,0.14756946811868396,0.9990168668175393,245,201,0.8204081632653061,1.0236405724975965,ok,1197.0554193035089,-207.5146723775091,-0.43137749612501963
766,-5.874797779440087,3.478363797186603,0.14060368905364196,0.9997683477905039,304,256,0.8421052631578947,0.609203302961168,ok,1202.8952005737106,-211.05150971771786,-0.5719811851786601
767,-11.153255280380336,1.8728453045087008,0.1705427568288701,0.9998936681559856,296,255,0.8614864864864865,0.9010033533287106,ok,1214.0232488459123,-213.06873418105636,-0.7425239420075288
768,-3.6227733379896563,-1.9466633420217931,-0.10025227212688614,1.0001193708856684,292,236,0.8082191780821918,0.4239960224792291,ok,1217.667615732714,-211.16280269750155,-0.6422716698806434
769,0.30455992752627026,-1.6778780402539724,-0.21143325367919583,1.0000628903330009,302,288,0.9536423841059603,0.6014882286036348,ok,1217.3756811826897,-209.48268196198183,-0.4308384162014497
770,-0.010725500487978934,0.014066468141209043,0.00073744432621106,0.9999973851665711,427,427,1.0,0.020086928693977428,ok,1217.386300425371,-209.4968288192856,-0.4315758605276607
771,1.3284161914546075,-1.1218316053746094,-0.4405116849603275,1.0003123783575452,295,247,0.8372881355932204,0.4736667661276362,ok,1216.057709289712,-208.3752044067552,0.008935824432662231
772,2.294571339140248,-1.0192991843036907,-0.5584820260451017,1.0004225182967381,285,234,0.8210526315789474,0.5187204838650429,ok,1213.7531561997948,-207.37867868542196,0.5674178504777581
773,1.1873075256739867,-0.5209893011765416,-0.12564056238801277,1.0002770130045588,288,267,0.9270833333333334,0.5778851516534329,ok,1212.5596337229365,-206.87208899968311,0.6930584128657696
774,1.2601319276682261,-0.20323806483179396,-0.022260030631219865,1.0004685994913118,280,266,0.95,0.5197816637675541,ok,1211.2970627077111,-206.68459868623154,0.7153184434969891
775,2.457062895176932,0.6289925306830355,0.5089836477284257,1.0007546859797225,254,208,0.8188976377952756,0.8846883746920242,ok,1208.8422808816504,-207.3224355469972,0.2063347957685689
776,0.8918456834342123,0.5520666668628564,0.3016276382894476,1.0003918913346823,271,226,0.8339483394833949,0.5087889472746552,ok,1207.9495182492803,-207.87301815657122,-0.09529284252087548
777,-1.2366614831039442,2.5195482167354157,0.16399630953599156,0.9972558135057827,265,213,0.8037735849056604,2.41996098443064,ok,1209.1747650200896,-210.3981370034512,-0.2592891520568653
778,2.1224395280569297,8.324766067504925,0.02055800649276832,0.999192016506916,299,251,0.8394648829431438,0.8233345906531309,ok,1207.0116906954222,-218.7124372803778,-0.27984715854963343
779,8.76603939157917,6.50095493738354,-0.05147796132355205,0.9989259610516351,286,240,0.8391608391608392,1.1271101664908467,ok,1198.2198095336553,-225.1784010407133,-0.2283691972260819
780,3.394057787071233,0.30829108834677754,-0.059846203154124054,1.0002034295262165,299,286,0.9565217391304348,0.6280030922369821,ok,1194.8248596583512,-225.47670793185944,-0.16852299407195848
781,1.0867813690638286,-0.21741248992520923,-0.11135348815636198,0.9998526874084269,293,281,0.9590443686006825,0.6616112704752637,ok,1193.7382957635862,-225.2582111641192,-0.05716950591559769
782,-2.102756633676563,-0.5402220112637224,-0.26279000157592486,1.0000073646642504,285,242,0.8491228070175438,0.4159445592811042,ok,1195.8391001363095,-224.71044637018724,0.20562049566032448
783,-0.9871990509391253,-0.4885983306826347,-0.1639293691097679,0.9997699841688918,269,253,0.9405204460966543,0.7806744467318314,ok,1196.8231272833218,-224.2154909491004,0.3695498647700908
784,-2.5279794601306094,-0.2311480298085371,-0.2600046690918604,1.0003583467797943,265,224,0.8452830188679246,0.47487927151107545,ok,1199.3484143842265,-223.9565805002377,0.6295545338619487
785,-1.9050004840541988,0.0532448424382892,0.007144200986479774,1.0002830908565938,304,288,0.9473684210526315,0.7773111869857814,ok,1201.25388086073,-223.9891283790197,0.6224103328754689
786,-0.6596311841899478,0.3520803770220482,0.10718454824374503,1.0003946747795491,282,268,0.950354609929078,0.6836687154265231,ok,1201.916651375319,-224.33526294249396,0.5152257846317249
787,-0.35344718936335084,0.7420979559858552,0.42888820652411747,1.0010275834476237,290,243,0.8379310344827586,1.0978888221208063,ok,1202.27121641184,-225.07682745541513,0.08633757810761146
788,0.700490280629765,0.6560569532246063,0.3327746919946689,1.0005435263372289,287,239,0.8327526132404182,0.7393164448393358,ok,1201.567910827193,-225.7298654433879,-0.2464371138870544
789,1.6700007067186107,1.3713402781838795,0.5675507787780879,1.0010426668302306,295,249,0.8440677966101695,1.1608215734959269,ok,1199.878596988742,-227.07734281767944,-0.8139878926651369
790,0.5956117523476223,1.3693028297577712,0.2298701598067604,1.0003414011969365,314,297,0.945859872611465,0.7187867725421885,ok,1199.258138462863,-228.43556769478243,-1.0438580524718952
791,12.544602025030144,5.763418772570731,0.08743757492916834,0.9962960994423825,263,208,0.7908745247148289,2.9155496884149574,ok,1186.6021913178463,-233.95018806040605,-1.1312956274010628
792,-1.3534066785512096,6.87653467198129,-0.1323021039581645,0.9990805986382192,280,237,0.8464285714285714,1.0025424165688515,ok,1187.8355009798374,-240.84927394261877,-0.9989935234428997
793,-6.69179273680561,4.25168184834456,-0.4303967464055288,0.9992404746758838,259,213,0.8223938223938224,1.1211662344944089,ok,1194.4847716908362,-245.16715392980666,-0.5685967770373749
794,-3.8603589112253758,0.088345348881262,-0.294661886354785,0.9997751019513248,275,231,0.84,0.47652832713524923,ok,1198.34466409765,-245.27395482853262,-0.2739348906825927
795,-2.2264216513754036,-0.9391834101675158,-0.10885266701566187,0.9993829074696876,274,264,0.9635036496350365,0.7598051820306787,ok,1200.573782505851,-244.3411901369492,-0.1650822236669318
796,1.2091571761800424,-0.7989440083114232,-0.059710065353191004,1.0001857369632734,273,262,0.9597069597069597,0.3965482152386225,ok,1199.3660967044991,-243.54002373080334,-0.10537215831374132
797,1.8285311860247475,-0.7884753952897654,-0.032077019680732184,1.0003423593166088,295,283,0.9593220338983051,0.4839670989005448,ok,1197.5385756648004,-242.7492098483375,-0.07329513863300942
798,1.5180424652876354,-0.8206853500455509,0.039962152116355606,1.0006548849990309,285,274,0.9614035087719298,0.8052581810177244,ok,1196.0221584233427,-241.92552536990866,-0.11325729074936464
799,-0.048803178929119895,-0.07102269263418748,0.12177504225648632,1.0006430499612293,278,263,0.9460431654676259,0.9022622022981175,ok,1196.071252532186,-241.85470346920363,-0.2350323330058498
800,0.02903678863344794,0.1418286329849252,0.1141695570829376,1.0005888781310222,288,272,0.9444444444444444,0.7965474958995157,ok,1196.0413518820035,-241.99635249795847,-0.34920189008878627
801,0.30050088770462935,0.7296671492886162,0.2042073064238051,1.0010073751585502,292,272,0.9315068493150684,1.2368209177117995,ok,1195.7338174027882,-242.7230831745892,-0.5534091965125894
802,0.7470575254817504,0.7165237324904865,0.09491525962114547,1.0008176887805287,273,266,0.9743589743589743,0.9261801566494914,ok,1194.9787001257114,-243.43110796473513,-0.6483244561337339
803,1.6918256939384264,1.4496172235847098,0.07781453144053217,1.0014604324461285,270,256,0.9481481481481482,1.6080745785024129,ok,1193.2686390432866,-244.85916796626134,-0.7261389875742652
804,2.8666199598815183,-3.522776792896366,-0.06488436637639243,0.9973801646230286,264,216,0.8181818181818182,2.309130651098457,ok,1190.4428657050703,-241.30354265304493,-0.6612546211978734
805,9.917435939834377,16.454753110847946,-0.20548302549001446,0.9989046798167975,248,209,0.842741935483871,1.1016564111899954,ok,1180.3948520481358,-257.6788856146362,-0.45577159570786124
806,-4.794338188706206,5.523113401300975,-0.24111943233769687,0.99942991109527,273,218,0.7985347985347986,0.832392191894719,ok,1185.1684649197884,-263.2199216606217,-0.2146521633701671
807,-2.313400873644923,0.5702471419326685,-0.09050627195662041,0.9995040921253757,286,270,0.9440559440559441,0.6571456197225706,ok,1187.4806247783022,-263.7951800319146,-0.12414589141354769
808,-4.15060669479567,-0.6248908540751472,-0.18603041468339465,0.9998452837217697,255,212,0.8313725490196079,0.6024540971302317,ok,1191.6305541146558,-263.1658065198717,0.0618845232698449
809,0.6609462667699972,-1.2391845310567078,-0.046548852325493,1.0000402092755467,265,250,0.9433962264150944,0.5201388519907568,ok,1190.9672638521238,-261.9278750608653,0.10843337559533739
810,1.725417396159628,-0.9630339683581042,0.09862165522576058,1.0003308584358155,268,248,0.9253731343283582,0.6132514162800098,ok,1189.241681564754,-260.9651365788784,0.009811720369577892
811,0.2878919775766917,-1.2431128766006623,0.2952397345973849,1.0003558647261963,277,231,0.8339350180505415,0.5267979111388538,ok,1188.9599858978365,-259.7206049537424,-0.2854280142278039
812,-0.49325391534353,-0.23845160366863638,0.17899588132228098,1.000580577946335,277,238,0.8592057761732852,1.0516310003561715,ok,1189.4551564114108,-259.4861593208542,-0.4644238955500829
813,-0.214030904787478,-0.16257941941626086,0.07209615524946299,1.000300514463146,278,265,0.9532374100719424,0.5393230551840452,ok,1189.670700310752,-259.32559119425764,-0.5365200507995451
814,0.0881515851522181,-0.1370876525827498,0.1048491620690841,1.0006936653796874,279,267,0.956989247311828,0.9523121286838645,ok,1189.584088776242,-259.187525381888,-0.6413692128686279
815,0.3630451852720853,-0.011652653500050292,0.021435560634732436,1.000486543931124,310,299,0.964516129032258,0.5988788752904795,ok,1189.2212026786829,-259.17167384943605,-0.6628047735033602
816,0.9754918376966089,0.1159231252945574,-0.00010201300851635113,1.0006487258034173,302,291,0.9635761589403974,0.7761137372168407,ok,1188.2444353140932,-259.27630659700014,-0.6627027604948439
817,4.953083541997785,-3.9033472972038226,-0.14916880810637584,0.9999043866613404,264,214,0.8106060606060606,1.5866905644366838,ok,1183.3265353986433,-255.32872289070383,-0.5135339523884698
818,-3.5405098608503067,17.68304436580786,-0.23284317020185932,0.9989394875144871,281,236,0.8398576512455516,1.2315928021159555,ok,1186.7803742688534,-273.0288998722067,-0.28069078218661303
819,3.2309311646224614,3.907252581514399,-0.22640735374932552,0.9997082335843808,285,242,0.8491228070175438,0.47747672950144615,ok,1183.5457427278075,-276.9330896370558,-0.05428342843729003
820,8.714920728810512,2.0449539610883676,-0.42282375789379123,0.9997437425923553,259,216,0.833976833976834,0.6609593229395916,ok,1174.844155831218,-279.03405738871743,0.36854032945649673
821,1.5033702247196743,-0.9338232555487593,-0.061158644661718456,1.000179315188906,299,280,0.9364548494983278,0.4484179332139468,ok,1173.3338245917435,-278.1115350571479,0.4296989741182145
822,-0.9254337363813647,-0.46736787564395854,0.07465152894053725,0.9999508035641467,298,287,0.9630872483221476,0.4263036308302691,ok,1174.2563444180973,-277.6384415129087,0.35504744517767806
823,-2.4861836766010583,-0.9587769792638028,0.3119553977828815,1.000183853362223,284,235,0.8274647887323944,0.4386849709908284,ok,1176.7418062972567,-276.6777949509477,0.0430920473947999
824,-3.288474870514392,-1.0908374158764218,0.37992921039312905,1.000303494201812,297,248,0.835016835016835,0.46073221698229655,ok,1180.0366372466153,-275.6063089468254,-0.3368371629983252
825,-1.113326764561407,-0.0876992261819396,0.07089029591446733,1.0001214125726716,293,280,0.9556313993174061,0.4365849273966082,ok,1181.1505599005916,-275.52653451532933,-0.4077274589127919
826,-0.10337891653625775,-0.023593541299305798,0.00416424620828684,1.0000369369620172,383,379,0.9895561357702349,0.12221953325506975,ok,1181.2541057551941,-275.5036847545023,-0.41189170512107864
827,0.06633377703769838,0.027799612923558925,-0.0038301858079657232,0.999946164753505,377,372,0.986737400530504,0.11212013384495362,ok,1181.187575672834,-275.53101123608906,-0.408061519313113
828,-1.7230805449512445,-0.11559378200945503,0.1105830259664851,1.0003406347150605,304,295,0.9703947368421053,0.7389401577114411,ok,1182.9116319708949,-275.4310193966978,-0.5186445452795969
829,-0.09154271935153702,0.6838034641409649,0.017634037194298294,1.0009607851771565,304,286,0.9407894736842105,1.257753827303151,ok,1182.996770491757,-276.1156497197941,-0.536278582473895
830,2.220746332938461,1.5069918918859457,-0.13381401948432406,1.0010950652172008,285,262,0.9192982456140351,1.4957304039013226,ok,1180.7654934218408,-277.60700530272425,-0.40246456298957234
831,3.706403053317217,-4.545464026190643,-0.3472043218879822,0.996179678661986,287,229,0.7979094076655052,2.81948878144593,ok,1177.0634760697274,-273.0579686649643,-0.05526024110159374
832,-10.524726502531848,19.55044835836088,-0.3794736361375794,0.9989263001341724,259,209,0.806949806949807,1.3359433750450918,ok,1187.6986614787531,-292.54854921767435,0.3242133950359816
833,-3.3247859914804394,6.21930385679434,-0.07025462948997169,0.9997397497428008,272,223,0.8198529411764706,0.7157640000290963,ok,1191.0661867854799,-298.7448154854226,0.3944680245259526
834,-1.0810676205587697,0.7034148924090005,0.22642524396109193,1.0000620934219486,295,280,0.9491525423728814,0.7180368501961532,ok,1192.1493127988667,-299.44505669401315,0.16804278056486308
835,-0.48579918215386897,-0.5635137690487682,0.22742220553065867,1.0000848086529839,304,264,0.868421052631579,0.37544761503623614,ok,1192.635695726806,-298.88204669348204,-0.059379424965793216
836,-0.9127908439215844,-1.2378067778395234,0.535491737441861,1.000189224529008,292,250,0.8561643835616438,0.5774278234204855,ok,1193.5612886227816,-297.6537834745701,-0.5948711624076486
837,-0.1352102484001989,-0.14544163120103804,0.10032024446653907,1.0001194541301106,314,303,0.964968152866242,0.5037970226519709,ok,1193.6982535736847,-297.5099930660481,-0.6951914068741866
838,-0.023791965385726144,-0.1749729762568677,0.08110907242724574,1.0001259087376566,291,275,0.9450171821305842,0.5002954615260843,ok,1193.7244139915026,-297.3353584973719,-0.7763004793014316
839,0.2799844385178858,-0.22163395712277634,0.04172555452987868,1.000397985611269,300,284,0.9466666666666667,0.5922505425831012,ok,1193.4476223038798,-297.109749857411,-0.8180260338313099
840,1.0294594840131595,-0.24064978340948073,-0.16861943393159734,1.0006122704994105,299,285,0.9531772575250836,0.9157693502246114,ok,1192.420956478853,-296.8574475958253,-0.6494065998997144
841,1.3940839996664636,0.718911828416708,-0.35308366675195957,1.0006953736528517,281,234,0.8327402135231317,0.8110725725666443,ok,1191.0231730639573,-297.5691399030808,-0.29632293314775837
842,1.475178683007016,1.014864595082372,-0.46197244384063724,1.000722135499549,282,233,0.8262411347517731,0.8704125525892743,ok,1189.5509346469275,-298.58826518319677,0.16564951069287429
843,0.8645038942470364,0.722032516982722,-0.26134087473445805,1.0002966958684358,275,239,0.8690909090909091,0.5485529305207526,ok,1188.6918355757464,-299.3167202090184,0.4269903854273297
844,3.68587428264118,-3.0567165642700047,-0.4242556436980708,0.9970863891495965,266,211,0.793233082706767,2.5831198254273193,ok,1184.9609559727144,-296.3151001848653,0.8512460291253962
845,-5.9162840181206775,9.740381623343069,-0.03528785914439519,0.9995246455656078,264,228,0.8636363636363636,0.7232232405508303,ok,1191.027238071905,-305.9627772236382,0.886533888269791
846,-3.9343978995666475,10.311217474000728,0.1667212714511475,0.9995674619951067,284,253,0.8908450704225352,0.668750841919881,ok,1195.0908629399519,-316.22375405628156,0.7198126168186453
847,-1.3503137336729196,2.7741994618087347,0.22488935123567788,0.9998978070159693,291,274,0.9415807560137457,0.39701935226730056,ok,1196.4650896459832,-318.98618609954997,0.49492326558296973
848,-1.338495040902444,1.2854488972748186,0.5778634812235185,0.999957705083098,245,209,0.8530612244897959,0.601125640867091,ok,1197.8017224952205,-320.2735712277715,-0.08294021564054295
849,-0.9470757203403082,-0.7898789178717607,0.2680293059268973,1.0001186484705848,315,277,0.8793650793650793,0.4119005843660717,ok,1198.7536188785061,-319.489508474898,-0.35096952156743744
850,-0.3735340032581007,-0.22973955183977068,0.061738785908565214,0.9999356285014038,316,300,0.9493670886075949,0.42631847212100205,ok,1199.1287980183931,-319.2624654695819,-0.41270830747600207
851,-0.5340666516242436,-0.7297274315054665,0.013774614143052104,1.0001235111114373,311,295,0.9485530546623794,0.5112716972539952,ok,1199.6682815735305,-318.5367335587463,-0.42648292161905405
852,-0.04870869577780468,-0.9817338292616569,-0.1505623592080006,1.0001872030730339,301,280,0.9302325581395349,0.6102481693999279,ok,1199.7217174437121,-317.5552456798913,-0.27592056241105506
853,0.24736211631989136,-0.5741039545523563,-0.14378730030673978,1.0001763072527166,308,293,0.9512987012987013,0.5703621479055709,ok,1199.4756799598495,-316.9805727957586,-0.1321332621043167
854,0.9704243461826536,-0.375252320358868,-0.37908832961088557,1.000609347243945,302,273,0.9039735099337748,0.676612179914916,ok,1198.5036472280767,-316.60950665076484,0.24695506750656485
855,1.4539896949811464,-0.10772199780490155,-0.5280456827085522,1.000636862906345,296,267,0.902027027027027,0.7928073603807075,ok,1197.0483335056897,-316.5214610298932,0.7750007502151115
856,1.0153683315702438,-0.01380255504238903,-0.18938986934548221,1.0004511462305052,279,260,0.931899641577061,0.7237302255608864,ok,1196.0328766915625,-316.5247500911711,0.9643906195605919
857,1.7377380571115282,0.5110584829444633,-0.08193455613570771,1.0008597248853806,267,257,0.9625468164794008,0.9541741712291484,ok,1194.3047607280116,-317.0674558536663,1.0463251756962986
858,2.588161920261882,-7.88744770901053,0.006105694596698773,0.9999577663455801,226,160,0.7079646017699115,0.6962448652462019,ok,1191.5738345852915,-309.22829417075184,1.0402194810996
859,0.05172899061926728,22.015876665284623,0.4574146886249709,0.9979772378844097,259,220,0.8494208494208494,1.6920196017271816,ok,1191.7460468798258,-331.24355806095093,0.5828047924746337
860,9.67592052027453,4.911565749917827,0.43015294313976654,0.9990408718070494,304,271,0.8914473684210527,1.0460690215168664,ok,1182.0832464592295,-336.18088568448957,0.15265184933487141
861,2.7184952781451557,0.6092597750173354,0.09495262130922201,0.999893729844054,324,307,0.9475308641975309,0.5393181039104825,ok,1179.3653661093185,-336.7928827876849,0.057699228025650355
862,1.1134031148749273,-0.9099621908471818,0.15714277043451985,0.9994400586039635,318,286,0.89937106918239,0.6790294928794939,ok,1178.2535440167012,-335.88098952674216,-0.09944354240886795
863,-1.0362949690227197,-0.3586877178954637,0.019904599593526345,0.9996856404005845,335,322,0.9611940298507463,0.40138043445266225,ok,1179.2905838899458,-335.5244612065611,-0.11934814200239408
864,-3.490902528008064,-1.0721159691308912,-0.10728111475031228,0.9993351054964084,300,288,0.96,0.9110502810897378,ok,1182.7817121381843,-334.4530804779374,-0.012067027252082845
865,-1.958025073150111,-0.4855388136537613,-0.11855574880187171,0.9997592360365319,331,318,0.9607250755287009,0.49814147177220747,ok,1184.7388314178882,-333.9639033610755,0.10648872154978771
866,-3.546433084201226,-0.3354700522983194,-0.24635484161214785,1.0002487622129728,272,243,0.8933823529411765,0.5690466012484617,ok,1188.283131347964,-333.6065998733087,0.35284356316193327
867,-1.2057659572121793,0.06233246619899546,-0.05163330481575296,1.0001517624177954,318,295,0.9276729559748428,0.4824960841428085,ok,1189.4893072895647,-333.6604188088005,0.40447686797768573
868,-0.9510721981171173,0.6184338135306007,-0.05126942225302483,1.0005394483570929,299,273,0.9130434782608695,0.8601564077682384,ok,1190.44526854016,-334.27126804970203,0.45574629023071006
869,1.0904244647074393,1.308918987418565,0.048164065788314815,1.0010457341552759,284,268,0.9436619718309859,1.2035541074038365,ok,1189.364182780645,-335.58791075348756,0.4075822244423957
870,0.7689865778127114,0.7979265546250645,0.0559825826163403,1.0005395363229523,314,296,0.9426751592356688,0.683993400386943,ok,1188.6001071843875,-336.390541195619,0.351599641826056
871,0.8449597979199552,0.9514431311145017,0.06659203289777967,1.000592897565012,307,295,0.9609120521172638,0.6914152357144596,ok,1187.7598906044248,-337.34617563964093,0.285007608928277
872,0.710269979104396,1.2925139453190013,0.1150051751898841,1.0002487076478108,285,273,0.9578947368421052,0.6130435774161003,ok,1187.0534587671684,-338.6407913360438,0.17000243373839405
