frame,step_center_dx,step_center_dy_down,step_rotation_deg,ransac_scale_diagnostic,good_matches,inliers,inlier_ratio,median_reprojection_error_px,status,center_x_in_reference,center_y_in_reference,rotation_to_reference_deg
193,0.0,0.0,0.0,nan,0,0,0.0,nan,reference,1280.0,720.0,0.0
194,-0.001587375604913177,-0.007742286395114206,-0.00028703349157402944,0.9999899693349376,313,313,1.0,0.04736333859803973,ok,1280.0015873368188,720.0077422943474,0.00028703349157402944
195,0.15776798099818734,-0.10262355321333416,-0.0014499953662856328,1.0000357236432618,291,289,0.993127147766323,0.12907561436403445,ok,1279.843816244668,720.1103610644818,0.001737028857859662
196,0.07309658353619852,-0.009883750328981478,-0.0007725497102708624,0.9999995323203277,314,313,0.9968152866242038,0.08416987412811329,ok,1279.7707192282896,720.120241613141,0.002509578568130524
197,0.009389657211386293,-0.04495150979130358,-9.442579475986524e-05,1.0000020411589237,305,303,0.9934426229508196,0.08102624350498157,ok,1279.7613275281115,720.1651926961405,0.0026040043628903897
198,0.11711079370388688,-0.03601081401427564,-0.0003362141649170252,0.9999991243978599,299,295,0.9866220735785953,0.11917271108927943,ok,1279.644214886613,720.2011975003919,0.0029402185278074146
199,0.02993929356443914,-0.003120914288047061,1.7094229553639073e-05,0.9999997330128415,299,297,0.9933110367892977,0.07925761826143429,ok,1279.6142754338646,720.2043168872287,0.002923124298253776
200,0.04489563645711314,-0.0439142056898163,0.0008024225296331528,1.000005993884852,285,281,0.9859649122807017,0.10310304203880773,ok,1279.5693781720317,720.2482294311561,0.002120701768620623
201,0.11892702528393784,-0.07114908399785236,-0.000892366224480168,1.0000405513605857,282,280,0.9929078014184397,0.1254590189179028,ok,1279.4504474053276,720.3193722609262,0.0030130679931007908
202,0.026281509119144175,-0.0034461602333522023,0.0006040265983641396,0.999985785854326,311,309,0.9935691318327974,0.0737931995631032,ok,1279.4241657513353,720.3228173161322,0.002409041394736651
203,0.04227516368791839,-0.05644111411834274,-0.0008403041321652316,1.0000082226294276,296,292,0.9864864864864865,0.10937479733805267,ok,1279.3818873868395,720.3792560326599,0.0032493455269018826
204,0.08910750764061959,-0.02240258414735763,-2.824604722571178e-05,1.0000361974846506,296,293,0.9898648648648649,0.10469717984984041,ok,1279.29277859781,720.4016535193966,0.0032775915741275947
205,0.05513718902329856,-0.024656664671738326,-0.00020002986241279274,1.0000228418301405,299,297,0.9933110367892977,0.07905459679048042,ok,1279.2376399123289,720.4263068374191,0.0034776214365403874
206,0.006441469825858803,-0.0335561599644052,0.0017045001202609406,0.9999913110474775,293,291,0.9931740614334471,0.10203249536962673,ok,1279.2311974040501,720.4598627980247,0.0017731213162794465
207,0.11080978901622984,-0.04775005965541368,-0.0002933644663041223,1.0000352804816455,287,285,0.9930313588850174,0.1167982919785986,ok,1279.1203858929057,720.5076088610746,0.0020664857825835685
208,0.018072999451760552,-0.011921130627570165,-0.00046529851171574996,1.0000048814081743,316,312,0.9873417721518988,0.05602843962966941,ok,1279.1023123667012,720.5195291930813,0.0025317842942993185
209,0.042954491174668874,-0.024205515660241872,-0.0002549581933761099,1.0000062654171746,300,297,0.99,0.09983056035473604,ok,1279.0593566982739,720.5437326194996,0.0027867424876754283
210,0.0894988899206055,-0.0584376298169218,-0.0008267611384176933,1.0000227516475404,294,289,0.9829931972789115,0.1114208996531621,ok,1278.9698541230139,720.6021646047259,0.003613503626093121
211,0.0035614980974969512,-0.0026678022584292194,-5.702851255862116e-05,0.9999969368285446,329,327,0.993920972644377,0.013981517332358369,ok,1278.9662924540166,720.6048321788192,0.0036705321386517422
212,0.011848296325524643,-0.0015229894490857987,-2.0847760644788237e-05,0.9999999707702518,330,330,1.0,0.011866094930352183,ok,1278.9544440595946,720.6063544049181,0.0036913798992965307
213,2.122844823326659,-3.925761216418323,-0.3303589649344873,1.0000938378141775,242,232,0.9586776859504132,0.7589819799440718,ok,1276.8087471650979,724.5196721928322,0.3340503448337835
214,-5.265431621602147,8.856608268663194,-0.254562410114479,0.9993085412412704,232,197,0.8491379310344828,0.71576350720746,ok,1282.1648853128402,715.717623321767,0.5886127549482622
215,0.4484790733290538,4.2652071394079485,-0.1293048844428928,0.9997749421912667,232,192,0.8275862068965517,0.338204770379586,ok,1281.7698832053409,711.4471316924177,0.7179176393911548
216,3.02961448061842,8.448549902880359,-0.13311933677389387,0.9995066377712173,201,158,0.7860696517412935,0.37752805842815307,ok,1278.8660879744773,702.9545153334948,0.8510369761650486
217,5.629766068777371,5.031475341119176,0.1913484713310982,0.9998290648215293,219,188,0.8584474885844748,0.2827728520271592,ok,1273.2946248607946,697.8585552796558,0.6596885048339508
218,4.960359391936663,2.1237191860225266,0.48250930275439446,0.9999929691376832,207,171,0.8260869565217391,0.3448580007312151,ok,1268.340856480771,695.7195070531465,0.17717920207955673
219,1.6144981159948202,2.0538857366502725,0.3440791781935995,0.9999380349277159,215,185,0.8604651162790697,0.24753173470393122,ok,1266.720382348097,693.670332982673,-0.16689997611404245
220,0.08604556617729031,1.0115544162771357,0.12419690800642594,1.0001858705427271,242,225,0.9297520661157025,0.3842338867537823,ok,1266.629198612125,692.659228782878,-0.29109688412046825
221,-0.24910466685037136,1.7247478654721817,0.16004772719154337,1.0002439945982862,227,215,0.947136563876652,0.47730588611392866,ok,1266.8647151034438,690.9325729640148,-0.45114461131201145
222,-0.615002569540593,1.0999032244153568,0.0022372441213742086,0.9997547030019628,233,221,0.9484978540772532,0.3720833815841019,ok,1267.4709949685416,689.8278377066803,-0.45338185543338555
223,-0.8794732299152201,0.7031956049618202,-0.12010678405489031,0.999573919272591,237,229,0.9662447257383966,0.6270737043352687,ok,1268.34636303213,689.119538353141,-0.33327507137849544
224,-1.0302985384594194,1.163562637437849,-0.25173396021706773,0.9998889469859037,230,202,0.8782608695652174,0.3367184895180557,ok,1269.3750045909617,687.9545106139705,-0.08154111116142805
225,-1.1222062268457194,1.1492625438295363,-0.4880344170380524,0.9998753016965527,265,228,0.8603773584905661,0.2555965792497614,ok,1270.505336118526,686.8132385832893,0.40649330587662397
226,-0.5879150368577939,-0.08707192172767009,-0.1917545395629297,0.9995875627652516,244,242,0.9918032786885246,0.7518566415582345,ok,1271.0923099718482,686.9064443000275,0.5982478454395534
227,-1.01806387281772,1.0096779187340417,-0.2654712803155646,0.9999925705512098,243,215,0.8847736625514403,0.3564478842543913,ok,1272.1254782286576,685.9122275722273,0.8637191257551179
228,-0.918424894050986,0.8568189583500043,0.02199589895662159,0.9998390750219217,262,253,0.9656488549618321,0.30907344883001175,ok,1273.0563909557955,685.0689930213142,0.8417232267984964
229,-0.5394847612733429,0.8847470314907468,0.31822622615393475,1.000002473007644,272,236,0.8676470588235294,0.2795041005124972,ok,1273.6039367957783,684.1892119857746,0.5234970006445617
230,-0.10628113813049822,0.6297216456194974,0.21622545420072858,1.000101484096946,257,241,0.9377431906614786,0.4703009527149767,ok,1273.713593523693,683.5600693681536,0.30727154644383325
231,-0.06120780031596951,1.071674838469562,0.5187192046608528,1.000023878412573,246,210,0.8536585365853658,0.29540416263807034,ok,1273.770845945377,682.488175943209,-0.2114476582170194
232,-0.17256005923536577,0.9319260995500827,0.35461264584054875,0.9999101454955921,248,222,0.8951612903225806,0.3284020364539159,ok,1273.9341906608702,681.5545905250569,-0.5660603040575682
233,-0.5065800871855117,1.1461913675848336,0.1314330754317822,1.0000024932273548,275,269,0.9781818181818182,0.3934513495978817,ok,1274.4267803319349,680.4023173578698,-0.6974933794893504
234,-0.23069938293679115,0.023036654926499978,-0.037033312199044474,0.9999196953417269,264,258,0.9772727272727273,0.29063586345929737,ok,1274.657198845478,680.3766229737713,-0.6604600672903058
235,-5.75969332083173,4.3866151430414675,-1.1992546752209134,0.999601555627946,183,150,0.819672131147541,0.5974567601040237,ok,1280.4578874822967,676.0443636438283,0.5387946079306073
236,0.988025843709238,7.2439730352566585,-0.30866756227981323,0.9996433331553813,176,139,0.7897727272727273,0.4803207350607603,ok,1279.5771114494996,668.7865696275027,0.8474621702104206
237,2.80271092589237,5.113845149574445,0.016390689649768697,0.9998479101018098,179,147,0.8212290502793296,0.41949761663224866,ok,1276.8488687375843,663.6326107168375,0.8310714805606519
238,0.010010791556396725,0.006422164084824544,0.0002804763678180206,1.0000050774210718,278,277,0.9964028776978417,0.01523344635387453,ok,1276.8389521167621,663.6260440760989,0.830791004192834
239,5.151095774809619,4.409344065745586,0.5949330198250596,0.9999147509759634,178,151,0.848314606741573,0.4424765063807558,ok,1271.7060509924934,659.1955329521014,0.23585798436777472
240,1.5637862984606272,1.5067539537823222,0.6999860384335562,0.9999414509215719,206,175,0.8495145631067961,0.2688815862772244,ok,1270.1301105795076,657.7014958443928,-0.464128054065781
241,-0.22394317227258398,1.224464048068512,0.3838728866156722,1.0000571422884093,223,193,0.8654708520179372,0.25124685652947254,ok,1270.3359073181673,656.4738515751612,-0.8480009406814528
242,-1.828466105661846,1.4887870167088977,0.6688483087561875,0.9998853790829362,226,182,0.8053097345132744,0.32599856253287973,ok,1272.1243231357053,654.9371850712458,-1.51684924943764
243,-2.0148320858359057,1.501835810391185,0.12261264207296764,0.9996906698081554,251,242,0.9641434262948207,0.3678773032075809,ok,1274.0953627664908,653.3783194871239,-1.6394618915106074
244,-2.060409686478806,1.2201253406738033,-0.333381721862179,0.9997483239514335,240,204,0.85,0.3719751831220584,ok,1276.1274263149955,652.1115473458419,-1.3060801696484288
245,-0.8037177606611294,1.1795150107755035,-0.7715746030694475,0.999796384475797,234,196,0.8376068376068376,0.32875816476639114,ok,1276.920105706161,650.9245859807301,-0.5345055665789822
246,-0.25308015723135213,1.1427018840762457,-0.731661283074992,0.9999901326491185,271,231,0.8523985239852399,0.21020445360058249,ok,1277.1771164132385,649.7827617130325,0.19715571649600908
247,-0.13016788862182693,0.7005468491290685,-0.22835365303317484,0.9999709340252235,267,239,0.8951310861423221,0.3204541182905025,ok,1277.3124833032905,649.0832008706959,0.4255093695291837
248,-0.07971500852659119,0.9873575801191237,-0.3945600905314754,1.0000584507469,272,237,0.8713235294117647,0.29561289924788015,ok,1277.4063216265918,648.0970853385785,0.8200694600606588
249,-0.05372675585908837,0.9189641272641893,-0.03649844345983714,0.9999231924669525,277,270,0.9747292418772563,0.3746335003864767,ok,1277.4737803163775,647.1790270851623,0.8565679035204958
250,0.02782467469637595,-0.0008979337937944365,0.0017259454177934398,1.0000469112330002,263,258,0.9809885931558935,0.19034405236153096,ok,1277.4459453420172,647.1795097956497,0.8548419581027024
251,-0.0032512038712866342,-0.0004116432236287437,1.617124086096269e-05,1.0000002343224115,350,350,1.0,0.003199908642259427,ok,1277.4491900427556,647.1799698976763,0.8548257868618415
252,0.008866187005651227,0.5566445991332785,0.07518348351718822,1.0000800564898213,272,268,0.9852941176470589,0.251203033893212,ok,1277.4478988868925,646.6232561903429,0.7796423033446535
253,-0.44042595766904924,1.5876833244565205,0.6549698784392296,0.9998606070030218,265,227,0.8566037735849057,0.28228427829217334,ok,1277.8917785096678,645.0365349661101,0.12467242490542464
254,-0.8290988298235789,1.8554904802170995,0.6126247230258066,0.9999069373731955,262,228,0.8702290076335878,0.3250192546815924,ok,1278.7050454127434,643.1740509430506,-0.48795229812038127
255,-0.41402027666390495,0.3363247905665503,-0.033127118257320155,0.9998055948483807,274,266,0.9708029197080292,0.30921433105370405,ok,1279.1163828603646,642.8344502092131,-0.4548251798630611
256,12.11069249301545,2.1022550943788474,-0.8469817454161256,1.0003756757341182,208,165,0.7932692307692307,0.8081660397964125,ok,1267.0203626470848,640.6493542977831,0.3921565655530632
257,-0.08677709192488692,3.3353800533934646,-0.11514884918978882,0.9997250890436346,179,145,0.8100558659217877,0.33765926831558396,ok,1267.136667906316,637.3148733110426,0.5073054147428518
258,-1.87427316014373,6.230510983589966,-0.1330582246638097,0.999590046098886,175,146,0.8342857142857143,0.4810720426992887,ok,1269.0804575762018,631.1056987511905,0.6403636394066613
259,-4.092693169867971,3.148002294396292,0.1162041951782508,0.9983694567935214,194,168,0.865979381443299,0.9511210983945488,ok,1273.201777978574,627.9952688823134,0.5241594442284108
260,-1.8682554423683086,1.3934773079574825,0.10161594905100473,0.9994934531345514,207,192,0.927536231884058,0.4127123085648166,ok,1275.0802591052518,626.6156073069823,0.42254349517740614
261,-3.7329222601786114,3.2526382034272956,0.4375326306797959,0.9996886500826868,193,172,0.8911917098445595,0.7594978605658043,ok,1278.8123303157793,623.3619926459498,-0.014989135502389207
262,0.1596154427302281,1.7696609288359468,0.7073605978390978,0.9998616857380701,205,169,0.824390243902439,0.24672535535459433,ok,1278.630417359114,621.5944846349909,-0.722349733341486
263,0.9947600260911713,0.7369985549648845,0.31436790399018144,1.0000454088355089,209,181,0.8660287081339713,0.26187759926468357,ok,1277.6224855451117,620.8756050638171,-1.0367176373316667
264,2.49259549153453,1.7480383554030823,0.337865410118466,0.9999632380723367,220,184,0.8363636363636363,0.3140328419590753,ok,1275.0886741829904,619.1878638639987,-1.3745830474501322
265,2.499045723626523,1.1300573017517763,-0.034274787845395414,1.0005926738491286,240,229,0.9541666666666667,0.5254495489689195,ok,1272.563879410865,618.1165700701836,-1.3403082596047369
266,0.6588356383026621,0.30676714805804295,-0.13187748065644764,0.9999449849757278,246,219,0.8902439024390244,0.7964802284243788,ok,1271.898720727826,617.8237656853071,-1.2084307789482895
267,0.7214248050420338,1.9577415875439783,-1.12289907610703,0.9999339209829701,223,184,0.8251121076233184,0.31856969576784044,ok,1271.1743741918244,615.867103228798,-0.08553170284126126
268,-0.15871164903001045,0.28312141355377207,-0.10154077040547758,0.9998437057183713,246,233,0.9471544715447154,0.5499744575276279,ok,1271.333164941878,615.5840261720664,0.016009067564216172
269,-0.3811506749759701,1.338468210982228,-0.20813769045764596,0.9998828724993419,250,220,0.88,0.31743456050630026,ok,1271.7195489069009,614.2470592987229,0.22414675802186187
270,-0.6489876423559053,0.8337942846617352,-0.07638076011273842,0.999765319689807,242,233,0.9628099173553719,0.5770188800109195,ok,1272.3729010150773,613.41668053466,0.30052751813460027
271,-0.5657009560854931,1.1466717643539823,0.061308623312553955,0.9999931695572435,261,246,0.9425287356321839,0.19224318394416395,ok,1272.9433845616707,612.2723806482888,0.2392188948220464
272,-0.2718638156854922,1.518880280538383,0.19531790377859617,1.0001551923281973,218,207,0.9495412844036697,0.6073581705158559,ok,1273.2164120890848,610.7537091202216,0.043900991043450396
273,-0.1832741076284492,1.2696295537991773,0.3915058573750152,0.9999536199582661,227,192,0.8458149779735683,0.2566158146920592,ok,1273.391980219807,609.4829910421721,-0.3476048663315643
274,-0.1414037609638399,0.5536481373316064,0.39948529749758643,0.9999760407195214,225,194,0.8622222222222222,0.22525341212220945,ok,1273.5261530452776,608.9275462325908,-0.7470901638291501
275,-0.19152758610175624,1.1421258812526958,0.4887384374214757,0.9999906204452064,244,212,0.8688524590163934,0.2825090077458875,ok,1273.6930031599345,607.7815552273452,-1.2358286012506252
276,-0.29156533368086457,0.5506905728757374,0.026097046605440103,0.9998945209506499,251,244,0.9721115537848606,0.2147733432198978,ok,1273.9723699330311,607.2245770797056,-1.2619256478560652
277,2.0861609270907593,-5.4017868506153945,-1.3726551102540119,1.000073669147322,230,193,0.8391304347826087,0.6971358949160801,ok,1271.8757734490334,612.622322143757,0.11072946239794464
278,6.4630096517164475,8.258192284644224,-0.26298561814466004,0.9997738062457979,211,180,0.8530805687203792,0.3946494457416988,ok,1265.4667654385687,604.3221504654038,0.37371508054260427
279,-2.4645748998598265,9.78598922305855,-0.33358066090656824,0.9992821783198743,196,161,0.8214285714285714,0.6727618383309717,ok,1268.0519539930153,594.5673303928043,0.7072957414491721
280,-6.227013413308441,5.977728292152506,0.08422783787592499,0.9995588098118925,201,162,0.8059701492537313,0.5808678560773379,ok,1274.343603258608,588.6576704107842,0.6230679035732473
281,-2.753473872643326,1.9540330267420813,0.15888845551136876,0.9995786163740419,221,215,0.9728506787330317,0.42547441269870256,ok,1277.1128171181047,586.7260084224179,0.4641794480618786
282,-6.179672306609291,4.135225333367998,0.8713901122385327,0.9995995384797848,197,167,0.8477157360406091,0.5154854992020209,ok,1283.2629438631814,582.5469679351412,-0.4072106641766532
283,-0.4157277315700867,1.1270745261288084,0.3645273425802105,0.9999039766113709,203,172,0.8472906403940886,0.31043307666161996,ok,1283.6634533599886,581.4143962256181,-0.7717380067568632
284,-0.06903815408168157,2.032572805026348,0.6146307624799467,0.9998411977004878,203,171,0.8423645320197044,0.28819195537038134,ok,1283.683294550095,579.3807480747257,-1.386368769236809
285,0.31779936152656774,2.0190761269984705,0.22923195177706635,1.0002690581670817,204,195,0.9558823529411765,0.771242317801064,ok,1283.3086960618907,577.3714345567709,-1.6156007210138748
286,0.8009528332470381,1.3064466840430669,-0.20156748486294512,0.999917837392347,204,171,0.8382352941176471,0.39121440310541294,ok,1282.4757479135892,576.0851508549481,-1.4140332361509302
287,0.9399751081728027,1.504469907056773,-0.543941364681197,0.9999564805198765,232,194,0.8362068965517241,0.2584787902176756,ok,1281.5130352351944,574.5951283034135,-0.8700918714697337
288,1.168701347436354,1.1297106150720992,-0.7587190362680994,0.9998559375537165,227,191,0.8414096916299559,0.32040770636647803,ok,1280.3421401399723,573.467691569361,-0.11137283520163536
289,0.9095981901207324,1.062218703103781,-0.2397346750698375,1.000088556440988,247,209,0.8461538461538461,0.31608385343040474,ok,1279.434923958132,572.4034377274129,0.12836183986820182
290,1.0773863854217325,1.02824756491259,-0.1849190516644762,0.9999275440431254,250,221,0.884,0.1844963938548518,ok,1278.3631758843758,571.369314647388,0.3132808915326778
291,0.34293572218939516,0.40442431738870255,-0.02587772753217374,1.0000225450145923,271,264,0.974169741697417,0.24624959177610595,ok,1278.0226401196646,570.9628674417127,0.33915861906485145
292,0.38270863861498583,0.7884892651960627,0.035103520770532734,1.0000168195174461,247,235,0.951417004048583,0.27316588169199574,ok,1277.6441211755873,570.1723583447539,0.3040550982943188
293,0.06919454633953137,1.0185750717849942,0.1654960128857736,1.0000939329713634,254,243,0.9566929133858267,0.4622080684925758,ok,1277.5773900617523,569.1536189175443,0.13855908540854542
294,-0.2553324651744333,1.0070241103819626,0.20928997928385631,1.0000959152126303,255,236,0.9254901960784314,0.6034739780720071,ok,1277.8314791745308,568.1462803699696,-0.07073089387531066
295,-0.3468870908459394,0.7239651756187868,0.5931465264953306,1.0000311857623387,227,192,0.8458149779735683,0.3322481891734784,ok,1278.1699546940793,567.4183445541377,-0.6638774203706406
296,-0.12695649204192705,0.5248027271078399,0.19196507408223557,1.000027943496147,249,242,0.9718875502008032,0.5908521203660901,ok,1278.2890581947802,566.8917040606584,-0.8558424944528759
297,-0.4275048883114323,0.7248727400135522,0.03956766498810165,0.9999660826142551,270,262,0.9703703703703703,0.17675193462205205,ok,1278.7051831341403,566.1602391239817,-0.8954101594409775
298,1.9638018355083204,-6.528539171467855,-1.2753612334393618,1.0002206719326294,228,189,0.8289473684210527,0.5998976397093428,ok,1276.6981314586662,572.6756120936982,0.3799510739983824
299,-6.667705147265451,12.28546908960061,-0.5457484876311893,0.9991214072773201,192,151,0.7864583333333334,0.8881309665352647,ok,1283.5634479908153,560.4994685500387,0.9256995616295706
300,2.152128177630857,6.882026713311461,-0.19517834919199092,0.9997681467477479,188,156,0.8297872340425532,0.3733879478909933,ok,1281.546356192365,553.5766592898966,1.1208779108215614
301,1.593325025773538,2.643075340366522,0.05047336175577538,1.0003680758012434,212,202,0.9528301886792453,0.6014322590840199,ok,1280.0026844923354,550.9042802795133,1.0704045490657859
302,4.332782262707042,3.47322819601834,0.3462091783142756,0.9997964860314515,201,169,0.8407960199004975,0.3379777291474431,ok,1275.7141473503518,547.3765663711201,0.724195370751511
303,3.141474414466302,2.4761001424024016,0.584227286834951,0.9999033028202348,194,162,0.8350515463917526,0.28862037296989307,ok,1272.5787311784024,544.8927993046204,0.139968083916561
304,0.7929907565553549,0.9111029629452787,0.24517510837252662,0.9998623448609522,206,175,0.8495145631067961,0.31840891637740404,ok,1271.7840687842001,543.9831539735654,-0.1052070244559652
305,-1.219754196237318,2.9580071958805547,0.5832446811022904,0.9999943109654585,210,173,0.8238095238095238,0.36503567883371174,ok,1272.9681931117682,541.0107044034329,-0.6884517055582546
306,-1.9967875908823771,1.751024112440291,0.12194471114482877,0.9997067671233458,198,193,0.9747474747474747,0.5264710790189533,ok,1274.9400151627829,539.2316136456069,-0.8103964167030832
307,-1.0297409430290827,0.8080852258487994,-0.012408553693345667,0.9998734019398934,218,207,0.9495412844036697,0.4234450491468053,ok,1275.958401979332,538.4092655235412,-0.7979878630097375
308,-0.9029312104069049,0.5242642015846286,-0.07080367850245461,0.9997216712865846,206,198,0.9611650485436893,0.5814821656662865,ok,1276.8546068124133,537.8735840688022,-0.7271841845072831
309,-1.1636627004222646,2.1228936960907276,-0.537040556216233,1.0000531840295965,198,165,0.8333333333333334,0.40366535546579435,ok,1278.0112180141496,535.7468403011437,-0.19014362829105114
310,0.2587524035500337,1.1056126013816083,-0.7981490744272306,0.9998109018618517,210,183,0.8714285714285714,0.39656401287517024,ok,1277.7642123848998,534.6385441991046,0.6080054461361778
311,0.041839270997570566,0.8106598935471538,-0.3099806715238829,0.9999668895183386,232,205,0.8836206896551724,0.22536176000693237,ok,1277.735366223925,533.8273180366809,0.9179861176600599
312,0.21708730543286947,1.1564629301533387,-0.43356445925185855,0.999968943962604,225,201,0.8933333333333333,0.31594231379199084,ok,1277.5456165968137,532.6660564442693,1.3515505769119174
313,0.21030953108720496,1.0498554464521703,0.050473345702304884,0.9999595446528775,240,232,0.9666666666666667,0.3035700086762389,ok,1277.3591994413912,531.6116963532779,1.3010772312096124
314,0.12492365642742698,1.1244484663156982,0.46667468449879035,0.9999038331209621,237,202,0.8523206751054853,0.2577565473874347,ok,1277.2506638766752,530.4855479152261,0.8344025467108234
315,-0.1523439394959496,1.1069623941217515,0.8216006893619723,0.9999072385178532,228,188,0.8245614035087719,0.31290195504633656,ok,1277.4032551460232,529.3786195876371,0.01280185734885342
316,-0.07238107223088264,0.46360756956801197,0.32993075290738894,1.0000774288947667,223,195,0.874439461883408,0.29056848465372287,ok,1277.4730690809918,528.9146184964075,-0.3171288955585346
317,-0.2572044471132813,0.8925742309268117,0.5817343925118937,0.999899172640554,236,209,0.885593220338983,0.2713191255724987,ok,1277.716239636786,528.0181192124569,-0.8988632880704268
318,-0.19498957820951546,0.5996170023387322,0.0979971299727141,1.0000425661875223,237,233,0.9831223628691983,0.3046547799252968,ok,1277.9007677953373,527.4152006078295,-0.9968604180431407
319,1.3492019434143003,-6.0412423817977015,-1.2638514914134673,1.0001369067248365,210,179,0.8523809523809524,0.5993661227115247,ok,1276.5234291782501,533.450090311347,0.2669910733703239
320,5.3294990984402375,11.666494159091144,-0.3438910614146944,0.9993830930967453,182,146,0.8021978021978022,0.5548333067355522,ok,1271.3186176866068,521.7274377130295,0.6108821347850175
321,-2.8828161113738133,7.054206234799949,-0.09789555809524575,0.9997313810254428,164,125,0.7621951219512195,0.41250775554270386,ok,1274.2884750866733,514.7094322016071,0.7087776928802632
322,-4.451720113746433,4.28352880957857,0.18684395230242812,0.999220415317737,167,158,0.9461077844311377,0.752638835626565,ok,1278.7790305990252,510.46663333480853,0.5219337405778354
323,-1.9119396423743638,1.830139415811118,0.1344201894307479,0.999810055759517,209,194,0.9282296650717703,0.3841918148660318,ok,1280.7033043596787,508.64946686707657,0.3875135511470878
324,-3.3226086818535805,2.679673082169529,0.3744394956442898,0.9998251071417762,208,178,0.8557692307692307,0.4398855040922651,ok,1284.026524417072,505.9705520251729,0.013074055502798701
325,-1.3786370591260493,2.5931191744166426,0.8653734681429087,0.9998870614359726,226,189,0.8362831858407079,0.38532290782503403,ok,1285.3664366049934,503.35721268207493,-0.8522994126401088
326,-0.015052818228468823,2.2187713132007048,0.5860410438571669,0.9999356087613637,241,204,0.8464730290456431,0.28306418203312633,ok,1285.3257909907884,501.13876262366375,-1.4383404564972748
327,0.1732372601586576,2.2693141557838317,0.1922336516218552,1.0001315636884849,226,217,0.9601769911504425,0.5179585500716748,ok,1285.0880504414229,498.8752968481028,-1.6305741081191296
328,0.19530195666857253,0.7155305258046383,-0.08217428705222829,1.0000231272739335,241,233,0.966804979253112,0.5307388616799764,ok,1284.8734851718818,498.16530492368145,-1.5483998210669014
329,0.6607277270795748,1.940917724652536,-0.5383191469312995,0.9999461084877121,234,201,0.8589743589743589,0.25905291453254276,ok,1284.1786449965136,496.23633632002395,-1.0100806741356025
330,0.9793204644943216,1.7839848655003152,-0.9304094096272654,0.9998299675845101,214,178,0.8317757009345794,0.3368167861145129,ok,1283.1968448024734,494.4537149492627,-0.07967126450833821
331,0.9453716937709942,1.5142369410518768,-0.29307080135088387,0.9999479828242502,230,194,0.8434782608695652,0.2600222162990336,ok,1282.2571194654392,492.9359674590769,0.21339953684254526
332,0.2976340116447318,0.6905111190458229,-0.06953734416487412,0.9999975983601256,238,228,0.957983193277311,0.4129804816448788,ok,1281.9628989372245,492.24399499489147,0.28293688100741926
333,0.5055600784937724,1.2003486156964982,-0.07109778152219817,1.000034223672649,219,209,0.954337899543379,0.624171925084698,ok,1281.464765501628,491.0405454228229,0.35403466252961735
334,0.26958739676820187,1.0774232843416485,0.05920512959112335,1.0000768191022353,226,218,0.9646017699115044,0.32656676252403083,ok,1281.2007257961914,489.9617491806665,0.2948295329384941
335,-0.14800247770745045,1.0976347530383919,0.1532567203108164,1.0000175931454607,224,217,0.96875,0.4363899474209709,ok,1281.3514399778978,488.8644834790621,0.14157281262767785
336,-0.17393544520837168,0.5700088182225045,0.09438174454926195,1.0000227984144088,231,217,0.9393939393939394,0.3267432094754475,ok,1281.5258448458428,488.2946181142711,0.04719106807841593
337,-0.6052003933127708,1.583506487311297,0.9002754481417651,1.0000119997837433,212,181,0.8537735849056604,0.34790083335213573,ok,1282.107401993314,486.7022765693605,-0.8530843800633483
338,-0.19112004975431773,0.48862195699098265,0.09750653701603812,1.0000836117252212,224,220,0.9821428571428571,0.31434872998253577,ok,1282.2903894135577,486.21055114363577,-0.9505909170793865
339,-0.5223977887731053,0.7711699046601552,-0.053040136001341,0.9998823486253127,231,219,0.948051948051948,0.42889501029512683,ok,1282.8006430563933,485.4312927195284,-0.8975507810780453
340,2.306792597780259,-8.14392569628285,-1.5699779498066575,1.000264257029266,211,175,0.8293838862559242,0.5329021074393517,ok,1280.3984338478597,493.54758551576157,0.6724271687286102
341,5.40926614861587,8.851164104540771,-0.4851756978023156,0.9992448862253868,203,156,0.7684729064039408,0.5625567222996048,ok,1275.1690882845514,484.5889465984046,1.1576028665309253
342,2.322787246964481,9.045320973634489,-0.5229961653653638,0.9993813146659122,169,122,0.7218934911242604,0.5062437762994447,ok,1273.112579378348,475.4793942916532,1.6805990318962887
343,1.1359428853711506,5.671978583663417,0.02551757006694688,0.9996535947218852,167,135,0.8083832335329342,0.38061631422295594,ok,1272.140931906083,469.77697300925007,1.6550814618293417
344,0.1831679463959972,3.3004025243971,0.5225683911196596,0.9998631389454121,163,126,0.7730061349693251,0.46102395676534247,ok,1272.023031518968,466.47359491730367,1.1325130707096829
345,-0.538112345699119,2.5694384603646085,0.9638300495567943,0.999920175175224,149,119,0.7986577181208053,0.4965315964478816,ok,1272.5687061389292,463.9057518326652,0.16868302115288966
346,-0.5759378480072428,1.6352671831734824,0.3993734837743088,1.000033625009435,174,144,0.8275862068965517,0.37160077518083173,ok,1273.1380552468752,462.2681790072886,-0.2306904626214185
347,-0.2600128726294315,0.8657650247166657,0.09441522934609972,1.0001097385037585,177,170,0.96045197740113,0.3196653276177273,ok,1273.3931514667925,461.4009525717254,-0.3251056919675181
348,-0.7860194350544134,2.328388513599066,0.16443056968069783,0.9999678041242557,175,161,0.92,0.4776823450446449,ok,1274.1592486572115,459.0659333603748,-0.4895362616482155
349,-0.5857827249749334,1.112702213405555,-0.023567311873783876,0.9996975198904068,185,173,0.9351351351351351,0.6162047035522683,ok,1274.7359628451932,457.9485040060183,-0.4659689497744316
350,-0.5141541114865049,0.7134253288509171,-0.10003510907189812,0.9996224584807281,189,164,0.8677248677248677,1.0562317113566013,ok,1275.2455500318906,457.23180947599985,-0.3659338407025338
351,-0.30714416766431896,0.337686517814177,-0.08035805715844602,0.9998828117004575,209,196,0.937799043062201,0.596287584328305,ok,1275.551007281529,456.8925962794896,-0.2855757835440879
352,-0.514402422643343,1.0243861545245636,-0.4918026353587587,1.0000254448302768,205,171,0.8341463414634146,0.35844042946549975,ok,1276.0690934756863,455.8700682645056,0.20622685181466985
353,-0.45375327158535583,0.9945431269196661,-0.685100604528659,0.9999121833610704,200,164,0.82,0.3382086421173667,ok,1276.5382629268738,454.8827040516391,0.8913274563433274
354,-0.38245572825849194,1.199722446333908,-0.30588449378944804,1.0000228851709057,203,175,0.8620689655172413,0.2951457205045415,ok,1276.9457018902824,453.6912344450558,1.1972119501327751
355,-0.2732713532263915,0.8842151756107341,0.12467955752890579,1.0000596717247565,220,212,0.9636363636363636,0.42293601872975467,ok,1277.2354762196676,452.81228931178293,1.0725323926038692
356,-0.11233468888508469,0.6290769299271233,0.17936193380843737,1.0001166090827034,213,207,0.971830985915493,0.7127338707202514,ok,1277.3576033950578,452.1850399043501,0.8931704587954321
357,-0.2475694638872028,0.8439967835169,0.6368803449314887,1.000063831365233,205,176,0.8585365853658536,0.37380279175487274,ok,1277.6089456569425,451.34215896529247,0.25629011386394424
358,-0.15547724396242302,0.9026488176095881,0.7254296378504294,1.0000227138279205,226,194,0.8584070796460177,0.2754622278209323,ok,1277.7570268566187,450.43826736801725,-0.46913952398648395
359,-0.17074724526355567,0.9183136637184361,0.42193825134480273,1.0000604471914134,223,190,0.852017937219731,0.3497510610771302,ok,1277.9134721930384,449.5174093640612,-0.8910777753312862
360,-0.3190148902790497,0.5927572974296709,0.07227213065084298,1.0000139427848702,223,213,0.9551569506726457,0.29251870239505323,ok,1278.2224760609852,448.91937230545227,-0.9633499059821291
361,-0.43121297322363716,-0.07722956670670555,-0.10776970101504299,0.9999265584764981,226,220,0.9734513274336283,0.43717583709199287,ok,1278.654794160472,448.99015433075533,-0.8555802049670863
362,-7.19705273483919,4.852673704085873,-1.0044737163366404,0.9998692677147869,140,102,0.7285714285714285,0.6346303896572716,ok,1285.8644331355965,444.15619984247667,0.14889351136955295
363,0.9035284151709675,7.499637775224073,-0.1712093788801072,0.9996023383980716,148,105,0.7094594594594594,0.5454745170899692,ok,1285.0028179499423,436.65163125871123,0.32010289024966
364,3.50779933229137,5.904066313470821,0.0026931744960407016,0.9997617057426461,152,124,0.8157894736842105,0.48992964483676127,ok,1281.5277798871716,430.7282229786936,0.3174097157536193
365,4.621063773547348,3.1378232940596718,0.17087082038731102,0.9996905606025756,156,119,0.7628205128205128,0.5199681334762069,ok,1276.9147564722018,427.57859119118615,0.14653889536630854
366,1.9627587239360764,0.9807770107659053,0.13431463538065397,1.0007176470030301,158,152,0.9620253164556962,0.8104215746734184,ok,1274.952207045228,426.59739544113484,0.012224259985654693
367,2.0883072706012626,1.4099875154399797,0.4587736880248653,0.9996350398977024,156,126,0.8076923076923077,0.3308571047993569,ok,1272.8529742090411,425.2037263449657,-0.44654942803921016
368,-0.7748336558793198,1.4412769606346956,0.8759287897359371,0.9999928277927713,155,118,0.7612903225806451,0.39586529000473736,ok,1273.5943374504955,423.7449504828952,-1.3224782177751462
369,-1.306469302058531,0.630761580981698,0.33851084526548025,0.9999063297521671,166,137,0.8253012048192772,0.3354345387491676,ok,1274.881974764222,423.0765850457556,-1.6609890630406263
370,-3.3189923057402666,1.730991864858197,0.272269148445974,0.9995708160161864,185,173,0.9351351351351351,0.8899880083242786,ok,1278.1406823439963,421.234611193799,-1.9332582114866002
371,-2.8190226564026943,1.3326928134877107,-0.2829041036014809,1.0000212140769953,177,147,0.8305084745762712,0.3466624831220148,ok,1280.920153915742,419.82128297491636,-1.6503541078851196
372,-1.5174755371224364,1.0387040527543832,-0.7745660476793983,0.9998960940768257,176,143,0.8125,0.41444052455030556,ok,1282.4215758092425,418.7595059678706,-0.8757880602057222
373,-0.41918834680814143,1.374566027363926,-1.110016327189126,0.9999587795447651,200,170,0.85,0.27489458992678156,ok,1282.8463799384049,417.3866650865121,0.2342282669834025
374,-0.054059056497408164,1.116706808205663,-0.6226167633994465,1.0000479377586604,189,159,0.8412698412698413,0.3589012478031865,ok,1282.9171324175986,416.2708915594152,0.8568450303828482
375,0.15193682585277202,0.5598540490043433,-0.22056770588599675,1.0000882284971695,221,186,0.8416289592760181,0.24391967563410505,ok,1282.7757495526498,415.7082795787966,1.0774127362688448
376,0.1975702953052405,1.1825308546228825,-0.17124235470120394,0.9999725236828181,207,179,0.8647342995169082,0.23439756469649722,ok,1282.6039951961989,414.52172419249473,1.2486550909700485
377,0.09880281857476803,1.3230888054192746,0.21804413115210208,1.0002281139596156,204,198,0.9705882352941176,0.7540340896370583,ok,1282.529006209838,413.19707230014376,1.0306109598179467
378,-0.24270337902339634,1.0787267970588346,0.5558209111069478,0.9997947352963238,204,167,0.8186274509803921,0.3996251104030175,ok,1282.7806401845455,412.1203937150244,0.474790048711
379,-0.28267296609169534,1.1708484948273963,0.6346804697923303,0.9999786773282778,201,171,0.8507462686567164,0.28306903627631225,ok,1283.0600446676756,410.9487609490071,-0.15989042108132953
380,-0.38713835064072555,1.4202428851596096,0.19877444051526763,1.0000886641558906,210,199,0.9476190476190476,0.6086396252734945,ok,1283.4382849372462,409.5261224658152,-0.3586648615965969
381,-0.48559647837419107,1.160185700275747,0.09778042405260816,1.0000603845842835,219,211,0.9634703196347032,0.34072007670489224,ok,1283.9146235161884,408.3621051304008,-0.4564452856492049
382,-0.2300876062909083,0.32687398779899013,-0.01964642117984771,0.9999474296372451,228,224,0.9824561403508771,0.26741781574569695,ok,1284.1422125109675,408.033486567438,-0.4367988644693573
383,1.2056628836567143,-4.4906741131912895,-0.7057976138291628,1.000122599258697,204,176,0.8627450980392157,0.32317970571818605,ok,1282.915479664346,412.5184507259273,0.2689987493598042
384,5.538045814665338,8.244324060350777,-0.2250318079652326,0.9991706668158662,180,142,0.7888888888888889,0.6503186502657814,ok,1277.4487251886399,404.22668214740565,0.4940305573250365
385,-1.7479371425092722,9.257497644602608,-0.31249107350537436,0.9993569413440817,169,134,0.7928994082840237,0.4810337329384285,ok,1279.326797632868,394.9947056099453,0.8065216308304103
386,-1.9911365441957969,2.650676602200747,0.015574100830438113,0.999454063948878,184,174,0.9456521739130435,0.7183703096332019,ok,1281.3543349269496,392.3717676182661,0.7909475299999722
387,-4.609192676684415,3.9902558238221673,0.2015459726704052,0.9992801122370683,171,159,0.9298245614035088,0.7805535857840475,ok,1286.004330756936,388.42913684028827,0.5894015573295676
388,-3.5140771901001244,2.2836373002797927,0.33104420344026764,0.9996608346342638,187,165,0.8823529411764706,0.6833992912753903,ok,1289.5286695331736,386.1613683319268,0.25835735388930053
389,-2.5202069833853784,1.9562738814094018,0.5795402753262324,1.0000855945076157,179,149,0.8324022346368715,0.3632201785639218,ok,1292.0378706932918,384.1909977382947,-0.3211829214369309
390,-0.31509250155841073,1.3709392986588682,0.6670336232541674,0.999906810065519,181,148,0.8176795580110497,0.39881802546026957,ok,1292.3292720442473,382.8148280184541,-0.9882165446910969
391,0.2535784923977644,1.4940444265823771,0.24119340540480558,1.0003674409102894,200,187,0.935,0.8297573167194803,ok,1292.0436962980561,381.32656819785956,-1.2294099500959021
392,0.14694477519606153,0.3907520302127523,0.01311719914126465,0.9999598302391792,214,207,0.9672897196261683,0.2726110844417569,ok,1291.88831281639,380.9390944701075,-1.2425271492371668
393,0.7341531062111244,1.1568750456090129,-0.24169172819183612,0.9999680271265444,193,158,0.8186528497409327,0.3291400425232857,ok,1291.1340645930106,379.7952193580251,-1.0008354210453312
394,1.1390821850609427,1.3201255147992015,-0.8867387465878114,0.9998583446378815,186,157,0.8440860215053764,0.33379778441694624,ok,1289.9923558195926,378.47736478492266,-0.11409667445752082
395,0.3606015900863895,0.4512008210854219,-0.38832222385946563,1.000018355593887,193,161,0.8341968911917098,0.2502636443645776,ok,1289.633917861151,378.02444324903666,0.2742255494019442
396,0.912459474901425,0.9424371592006082,-0.7571337920166319,0.9999500165146548,197,159,0.8071065989847716,0.33560334375089734,ok,1288.7385697443567,377.0657348250975,1.0313593414185753
397,0.7684078039906126,1.3123612665802966,-0.5185397585351764,0.9998195847491025,219,189,0.863013698630137,0.3351523751865289,ok,1288.0059392120306,375.73307014470817,1.549899099953751
398,0.11485063790928507,0.44359520888133375,0.06253697319099519,1.0001805380492212,226,211,0.9336283185840708,0.31238455443020574,ok,1287.902641427418,375.28664327940464,1.4873621267627557
399,0.03122287430869619,0.9549838166261679,0.43846986229274054,0.9999507752501993,196,166,0.8469387755102041,0.32448550742824805,ok,1287.8889053375774,374.33124792787004,1.0488922644700156
400,-0.35104645007095314,0.8804611869236396,0.8033613738284587,1.000049095364555,208,172,0.8269230769230769,0.2879258436232353,ok,1288.2437216128956,373.4522991679553,0.24553089064155756
401,-0.48356030085574275,1.0356514550810516,0.6930042790111107,1.0000378762093363,214,176,0.822429906542056,0.35249506109160544,ok,1288.7191789311728,372.41290278568744,-0.44747338836955275
402,-0.36377663886992195,0.9566453860957154,0.32599165035497785,0.9999996104162844,212,181,0.8537735849056604,0.3149336353889885,ok,1289.070008570574,371.45143390847755,-0.7734650387245304
403,-0.33511279535923677,0.45449531379063046,0.0034482672772641943,0.9999649650672437,223,215,0.9641255605381166,0.2850494617747313,ok,1289.398927929524,370.9924364888996,-0.7769133060017948
404,1.8867518463882789,-5.840845665373536,-0.9954763729731693,1.000119005464358,195,165,0.8461538461538461,0.41219733168346445,ok,1287.489909111165,376.82604238643114,0.21856306697137365
405,-4.998098940509408,8.302200454536205,-0.2262108205707151,0.9995121614675261,162,127,0.7839506172839507,0.581774801105776,ok,1292.55230487335,368.5628907750041,0.4447738875420885
406,4.228549800350265,10.962288511439056,-0.24454138828647334,0.9994928996676637,141,107,0.7588652482269503,0.710610728582819,ok,1288.4559432417911,357.5505238992792,0.6893152758285617
407,1.6505391205535034,1.944543990795637,0.06826980535813146,1.0006226785460153,157,148,0.9426751592356688,0.6513799755449761,ok,1286.826578141478,355.5882038207758,0.6210454704704303
408,1.5835238673600998,1.572483968162942,0.0901000988879899,1.0009825463973272,130,119,0.9153846153846154,0.7072718250193136,ok,1285.2576938634684,354.00111346706456,0.5309453715824404
409,4.0852966559393735,2.698915679258562,0.309383573843257,0.9997353624594647,147,118,0.8027210884353742,0.38560640695649073,ok,1281.182864387029,351.2864202341711,0.22156179773918364
410,2.720466193438824,3.2355168782239616,1.02368301537746,0.9997705593793279,145,117,0.8068965517241379,0.4815861560594717,ok,1278.4173701373377,348.0893047633381,-0.8021212176382758
411,0.13759640444459365,1.3647342297945215,0.22511332069755507,1.0004076635585033,155,143,0.9225806451612903,1.2242117390837457,ok,1278.2553293492017,346.72725664690853,-1.0272345383358308
412,-0.09711585648597065,0.9277073415391897,0.16571323983015485,1.0002308481878348,169,166,0.9822485207100592,0.783250986018635,ok,1278.3331098809886,345.79772849241203,-1.1929477781659856
413,-1.298256228363016,1.938393579813237,-0.004072975657142515,0.9995571830288201,157,146,0.9299363057324841,1.0390472637247976,ok,1279.590868281511,343.8328155908664,-1.188874802508843
414,-0.8930234081458366,1.2408494117187274,-0.5104544079087083,0.9997416064577572,165,127,0.7696969696969697,0.5074349653216005,ok,1280.469136944207,342.5814794145393,-0.6784203946001348
415,-0.49907544488701205,0.5309387869052671,-0.3192659810548133,1.0000011224744796,188,156,0.8297872340425532,0.265283021142355,ok,1280.9648744547435,342.04742266120996,-0.3591544135453215
416,-1.1374529795227772,1.3535880479846583,-0.535388406730164,0.9998051502410409,171,143,0.8362573099415205,0.37018744573836676,ok,1282.1064854990034,340.6973396608372,0.17623399318484254
417,-1.3297891132187942,1.0096987270158024,-0.41167628915554033,1.0001038356782432,193,160,0.8290155440414507,0.38195781369576787,ok,1283.4465649144224,339.701338774622,0.587910282340383
418,-1.1213656225393152,0.7688023354423876,-0.11641673652965288,0.9996407576392813,172,158,0.9186046511627907,0.8036380022369005,ok,1284.5772963261788,338.94637893141044,0.7043270188700359
419,-0.6032000869929561,0.9901760420844994,0.08519568397253667,0.9999867224507107,166,157,0.9457831325301205,0.4515070796012594,ok,1285.1911607121224,337.962778679816,0.619131334897499
420,-0.5391809219272545,1.0492156211249721,0.32352938213408944,0.9999459420000569,182,152,0.8351648351648352,0.2930691233188918,ok,1285.7357475761228,336.91635876709375,0.2956019527634097
421,-0.10995032612913747,0.7207517666893182,0.18056497275722194,1.0001140791221614,207,198,0.9565217391304348,0.7276067623364677,ok,1285.8471447863692,336.19582920840014,0.11503698000618781
422,-0.3277738960116494,0.905069452360749,0.5115776786213319,1.00002978610634,185,150,0.8108108108108109,0.3344603518399931,ok,1286.1686469502206,335.28851294648143,-0.3965406986151439
423,-0.2943190293369753,0.9309671778033817,0.4202805533868701,0.9999883308237146,190,162,0.8526315789473684,0.2666759388790924,ok,1286.4496644478259,334.3534446370961,-0.8168212520020138
424,-0.5058234992598045,0.8321383717584467,0.03904491807246792,0.9999620615647206,205,191,0.9317073170731708,0.24293950811938814,ok,1286.943001758199,333.51384355303924,-0.8558661700744818
425,2.294515203621131,-4.686337658980392,-0.8632458617100341,1.0000365698518823,189,158,0.8359788359788359,0.3977128099372943,ok,1284.6478829737114,338.1998856397812,0.007379691635552322
426,5.200944859687297,7.235559376146966,-0.15994900797494377,0.9994756645735632,174,134,0.7701149425287356,0.5867110567171092,ok,1279.468091256718,330.9491681106105,0.1673286996104961
427,-1.4368263137298527,7.191851394522359,-0.15090819258898858,0.9997293318549111,163,127,0.7791411042944786,0.46269865378848274,ok,1280.944840769697,323.76540814714883,0.31823689219948464
428,-4.522132211076496,6.084849035523575,0.0049697704129360405,0.9994933049872733,171,129,0.7543859649122807,0.5048511349299784,ok,1285.5001743948278,317.70537488953994,0.3132671217865486
429,-4.723313733789837,3.514346994655739,0.1976226133481767,0.9992282379075378,162,157,0.9691358024691358,0.6918597688538112,ok,1290.2305717814447,314.2005684767201,0.11564450843837193
430,-2.9676276774594044,2.2016636595168393,0.23286951180956406,0.9994799258881885,152,146,0.9605263157894737,0.8201974470150963,ok,1293.1936887300726,311.99283777520463,-0.11722500337119203
431,-0.8443941686919061,1.0030261653280377,0.11438504593516714,1.0000557758361182,163,158,0.9693251533742331,0.5055625285261207,ok,1294.034021420054,310.9864064707418,-0.23161004930635917
432,-0.5673156944890252,1.9598447360122009,0.22226117466601958,1.0000713446864102,189,183,0.9682539682539683,0.6130508127567876,ok,1294.585794474559,309.0221292543565,-0.4538712239723788
433,-0.09786262456259465,1.5990286024751867,0.13540435243150836,0.9999548204801644,191,182,0.9528795811518325,0.47123520217742443,ok,1294.6672065254959,307.4221787417525,-0.5892755764038873
434,0.17232854297913036,1.267454895705896,0.01097530080687214,1.0000699978395986,196,190,0.9693877551020408,0.5043782070794913,ok,1294.4816093758425,306.15659874135144,-0.6002508772107594
435,0.40038174167352736,1.0334799024595895,-0.10766348665678038,1.000029827448547,206,198,0.9611650485436893,0.7340330113450468,ok,1294.0723574326155,305.12659918076014,-0.49258739055397893
436,0.6827106463470045,1.3497652652133638,-0.25370786297495895,0.9999486765783565,204,167,0.8186274509803921,0.34105347165655836,ok,1293.3840252485743,303.77969201906507,-0.2388795275790199
437,0.4306609581037719,0.4890781937417614,-0.17278224390115887,0.9999720060166944,199,174,0.8743718592964824,0.3488045567243533,ok,1292.952800369112,303.2911109676915,-0.06609728367786097
438,0.7128984323990153,1.2654209129191258,-0.3571013910636561,1.0000819233070157,206,180,0.8737864077669902,0.35564909518626486,ok,1292.2463381513066,302.02208559498064,0.2910041073857952
439,0.3395770484351033,0.5462308252906496,-0.13600939721044764,0.9998835093813486,194,184,0.9484536082474226,0.825765356140906,ok,1291.9108414404027,301.4733391660228,0.42701350459624277
440,0.22079045243776818,0.8314446227582266,-0.009490572756540451,1.000028465114571,193,190,0.9844559585492227,0.4028551010675066,ok,1291.696391639498,300.64023661081546,0.4365040773527832
441,-0.010704774440910114,1.219371058026809,0.15962770848117552,1.0001137603616133,195,194,0.9948717948717949,0.5127237530377791,ok,1291.7129887599085,299.4209315198136,0.2768763688716076
442,-0.38896204524576206,1.1045858522479648,0.26583399411519126,1.0000546620368338,185,169,0.9135135135135135,0.5296936473014185,ok,1292.1021636801177,298.31642065109907,0.01104237475641619
443,-0.3990434623317469,0.7875520728280208,0.3281782446699764,0.9999745650527622,199,171,0.8592964824120602,0.3201045351427793,ok,1292.4968418999895,297.5266719220691,-0.31713586991356046
444,-0.10769989029768112,0.5808034876964712,0.10631299738673819,1.000045801545751,216,211,0.9768518518518519,0.38141280987760107,ok,1292.6002464151914,296.94508833914534,-0.42344886730029874
445,-0.42887963699490683,0.942554789403971,0.1225579682139711,1.0000278539903016,188,183,0.973404255319149,0.38674770815699316,ok,1293.0201245280703,295.99848935098686,-0.5460068355142698
446,-0.421849339785922,-0.41191307529243204,-0.06975732503473456,0.9998392398514717,196,186,0.9489795918367347,0.39465150681328887,ok,1293.4453831271815,296.40688177373306,-0.4762495104795352
447,7.445121418155395,2.4874070039516027,-1.244829485217111,0.9998225803684138,177,138,0.7796610169491526,0.47001129821712373,ok,1286.034297246025,293.8198308278663,0.7685799747375767
448,-1.4526141367914533,7.149337673334685,-0.5466387888390359,0.9996716042978956,158,118,0.7468354430379747,0.5721961105993516,ok,1287.6506265920993,286.70571834331935,1.3152187635766133
449,-1.66045596005074,3.284200457130055,-0.10877438014274961,1.0000245662282556,175,142,0.8114285714285714,0.4097027687121386,ok,1289.3921847977833,283.46379581893723,1.423993143719363
450,-4.4937033594253535,4.341730265150318,0.21061808957088599,0.9992261221284396,151,133,0.8807947019867549,0.9658084205321463,ok,1293.9768201641728,279.2181969053462,1.2133750541484765
451,-4.220465108877988,2.226582194225216,0.691814104441776,0.9997483835967914,151,118,0.7814569536423841,0.4410311454502285,ok,1298.217378611789,277.03012513887086,0.5215609497066998
452,-2.069082271346133,2.149558542174873,0.7173664681681542,1.0000323749014033,161,127,0.7888198757763976,0.3788689287891406,ok,1300.2791028041,274.8735081755056,-0.1958055184614555
453,-0.5734142328494727,1.767082519591213,0.4553402804473744,0.9999353089613713,154,120,0.7792207792207793,0.412673142543409,ok,1300.8323981866447,273.1000232634936,-0.6511457989088304
454,-0.06657045608835688,1.7582501510030397,0.23582017615363784,1.0002076742535524,190,172,0.9052631578947369,0.7818688791849268,ok,1300.8717432030164,271.34095328512063,-0.8869659750624685
455,-0.03344705005451942,0.9052306138937638,0.05152208375357874,1.0000493353627626,198,191,0.9646464646464646,0.3133913571199664,ok,1300.890359017471,270.43529627447043,-0.9384880588160475
456,0.673557251423972,2.0580631909992917,-0.23103817332260987,0.999841760228143,198,159,0.803030303030303,0.38755895445484007,ok,1300.1914421702343,268.3857063862877,-0.7074498854934373
457,0.6571227749273021,1.372341758812695,-0.4327003440492794,0.9999420103364359,218,185,0.8486238532110092,0.30619550085973435,ok,1299.5277462070615,267.0165314841011,-0.2747495414441575
458,0.3591382548183901,0.5361274202878121,-0.25674355122305226,0.9999615553375542,235,201,0.8553191489361702,0.25775667625124843,ok,1299.168439484532,266.4805169544437,-0.01800599022110506
459,0.7081923416612881,1.3194179710048957,-0.8025913354103406,0.999910780740755,206,167,0.8106796116504854,0.37834580654104166,ok,1298.4783805540665,265.15152528875,0.784585345189236
460,0.19076259629264314,0.5198335644282679,-0.2945389143947421,0.9999336063852594,210,175,0.8333333333333334,0.2745404600961025,ok,1298.2974418989481,264.6281912597262,1.0791242595839783
461,0.5607309312358666,1.723384015150259,-0.29198202761250386,0.9999756050159346,188,152,0.8085106382978723,0.27232324984899975,ok,1297.7781087075325,262.89188348827156,1.3711062871964823
462,0.014479821393251768,0.7135154736730556,0.12181935856701562,1.0001320649788958,211,202,0.957345971563981,0.5212008377371888,ok,1297.7791887081391,262.1782219228241,1.2492869286294666
463,-0.15333465000617252,1.1590136700043558,0.6629193275361784,0.9998652317486544,207,162,0.782608695652174,0.32497657114615086,ok,1297.9443765197227,261.02083815369053,0.586367601093288
464,-0.4319845958875703,0.8751142494702435,0.7652210327917021,0.9999793782946903,196,161,0.8214285714285714,0.3698316501698149,ok,1298.373627275118,260.1443796950615,-0.17885343169841386
465,-0.4174155589357724,0.8678648125101063,0.5997073376644343,0.9999953698292877,209,176,0.8421052631578947,0.3550992127451309,ok,1298.779211723903,259.2709231497552,-0.7785607693628481
466,-0.22403297893720264,0.5359902540080839,0.1006387196644894,1.0000204722302515,211,204,0.966824644549763,0.41846148656400584,ok,1298.9949939192581,258.7315583639091,-0.8791994890273376
467,-0.4668047411551015,-0.29929013935247895,-0.041904902288051354,0.9998941350643097,219,209,0.954337899543379,0.34798962941355555,ok,1299.4661223518308,259.0239951158746,-0.8372945867392863
468,-3.7229626555986215,3.8959904771290894,-1.716736905841607,0.9998317934174329,163,130,0.7975460122699386,0.7309550871515513,ok,1303.2484443058008,255.18560569199144,0.8794423191023212
469,2.170709736068602,8.412042403071155,-0.4518474115011644,0.9996339422517418,167,128,0.7664670658682635,0.5825745753944738,ok,1301.27375999982,246.72540120031147,1.3312897306034857
470,4.748188300265383,5.057577152534577,0.026767366504286107,0.9996055399942565,131,100,0.7633587786259542,0.39173297451929473,ok,1296.6419443885065,241.56103648319362,1.3045223640991996
471,2.199670285705679,1.9152667020840681,0.1479131394351916,1.0010000309405505,164,141,0.8597560975609756,0.7379141464509649,ok,1294.4813824427954,239.6017590692798,1.1566092246640078
472,4.596129349207558,2.8447285599211227,0.5291697041256636,1.0001828245986246,148,121,0.8175675675675675,0.4433004321167024,ok,1289.9166803531743,236.7068704000406,0.6274395205383441
473,2.9944325502522133,1.9294410671628839,0.739743898400068,0.9997926986829182,167,128,0.7664670658682635,0.47088887290801684,ok,1286.9184716964428,234.7833023663165,-0.11230437786172423
474,0.4111221911462053,1.6464938282888397,0.4495072178797509,0.9998878546099885,176,138,0.7840909090909091,0.37924104055057073,ok,1286.4912248950807,233.14091886866066,-0.5618115957414753
475,-0.3626862302551217,2.0655049265167236,0.23878280166530713,1.000335004561161,184,167,0.907608695652174,1.1341285753896253,ok,1286.8250153414533,231.07054792581226,-0.8005943974067827
476,-0.7244159972667603,1.2997571401849655,0.05834113975829891,0.9999552224100839,178,169,0.949438202247191,0.37582353243102107,ok,1287.5298656799207,229.76007733822894,-0.8589355371650818
477,-1.3804585276932357,1.3891608093827017,-0.22695971264758,0.9999772718102983,201,170,0.845771144278607,0.3660843005030726,ok,1288.8949180187558,228.3557748020047,-0.6319758245175016
478,-1.4485314165074215,0.9363389160969291,-0.4178137582445588,1.0001006305109947,197,163,0.8274111675126904,0.355424449865805,ok,1290.3399394457438,227.41402807068465,-0.21416206627294238
479,-0.797737653624381,0.41633340262171714,-0.23166600099207957,0.9999625265135649,203,169,0.8325123152709359,0.3739191051920523,ok,1291.1378042525323,226.9979383973723,0.01750393471913741
480,-2.318022416759277,1.407621868355477,-0.5867119028971951,0.9999730120789363,202,167,0.8267326732673267,0.35876064147659437,ok,1293.4705416580716,225.61483917979234,0.604215837616333
481,-0.6391218949584072,0.15752196300104515,-0.08258550659208101,0.9998678123698078,218,207,0.9495412844036697,0.5920246650856635,ok,1294.1115057987267,225.46498946895923,0.6868013442084141
482,-0.9945791902130168,0.5785505301137164,-0.03501549708297978,0.9997452293386769,203,190,0.9359605911330049,0.43930661359700784,ok,1295.1132944976825,224.899014306832,0.7218168412913939
483,-0.7193959829730829,1.0245108860151504,0.14917623621441867,1.0000040771227396,200,181,0.905,0.5464626484021684,ok,1295.8428938176594,223.88174444678003,0.5726406050769751
484,-0.3185961490924001,0.6393445370927111,0.37754583529111024,0.9998647319451726,209,169,0.8086124401913876,0.3326568177292296,ok,1296.163665113205,223.2434884485466,0.19509476978586474
485,-0.20132903252397227,0.7070697392846341,0.559517958728705,1.000005177031992,206,179,0.8689320388349514,0.34321556037649353,ok,1296.3604928683105,222.53515248985929,-0.36442318894284065
486,-0.2873192760323491,0.5883671170201978,0.6212880937867571,0.9999789465290135,210,182,0.8666666666666667,0.2940361474981028,ok,1296.637647911751,221.94192967112593,-0.9857112827295977
487,-0.23468507516167847,0.49745032457167326,0.09799577748213693,1.0000498311838084,238,228,0.957983193277311,0.4171080233267131,ok,1296.862882667023,221.4401296960982,-1.083707060211735
488,-0.5145670654551395,-0.4873434462140267,-0.09956055076278299,0.9998273331242581,221,209,0.9457013574660633,0.44241421503255673,ok,1297.3857443168936,221.91856317581414,-0.9841465094489519
489,6.669437538692819,1.1016325015468738,-2.0155633870643888,0.9996672981923027,147,111,0.7551020408163265,0.5807884939794196,ok,1290.7372174915838,220.6970549670325,1.0314168776154364
490,-0.37448388467078075,3.836976554309331,-0.3416137672923516,0.9998381926328112,205,155,0.7560975609756098,0.37038799307010445,ok,1291.2035339973793,216.8701533254142,1.3730306449077878
491,-2.2741501684567993,6.3988178506073154,-0.3045411355070353,0.9996453520145131,180,135,0.75,0.7223287947329328,ok,1293.664034643377,210.54065370498722,1.677571780414823
492,-6.345143885024527,6.361190242530711,0.5869982261485472,0.9993267919860396,160,125,0.78125,0.7581706467293601,ok,1300.129101365493,204.30138255348857,1.090573554266276
493,-1.8134598680085219,1.3255438626422347,0.4261909305612761,1.0000801140988995,158,122,0.7721518987341772,0.2997449397911984,ok,1301.957809533642,202.9969556063544,0.6643826237050001
494,-2.2470613550706275,2.1550383639810207,0.9213066497479679,1.0000396953876378,167,124,0.7425149700598802,0.5818056628742125,ok,1304.1951847706532,200.83186273710112,-0.25692402604296766
495,-0.5658350133701333,0.9459080893943792,0.4292058333861391,0.9999916966178264,200,161,0.805,0.3722652180720204,ok,1304.7496520208358,199.87924663162505,-0.6861298594291066
496,-0.30621881425872743,2.0622841827839693,0.6866011449087603,0.9999239493303245,173,140,0.8092485549132948,0.4713866696459482,ok,1305.006378080505,197.81021841938264,-1.3727310043378664
497,-0.09354254361801395,1.290696815456272,0.1702820210977161,1.0002561437697657,215,198,0.9209302325581395,0.625753897885615,ok,1305.06513159214,196.51747076350927,-1.5430130254355823
498,0.2580683504886565,1.0793479407216182,-0.06751606879954967,0.9999842208353223,208,195,0.9375,0.7009230389809472,ok,1304.7793562115671,195.44512581783079,-1.4754969566360328
499,0.5714933819924681,1.4950262875551061,-0.6382595875945285,1.0000120487089927,203,163,0.8029556650246306,0.46347819549189967,ok,1304.1860784759992,193.95860981905327,-0.8372373690415047
500,0.8543313769851011,1.1761304004214708,-0.8214612130263675,0.9999569514903894,191,151,0.7905759162303665,0.5141288243930957,ok,1303.3314232887606,192.78271469982553,-0.015776156015138227
501,0.5731999643326162,0.8192021921070136,-0.3124906207060087,0.999897544823588,198,158,0.797979797979798,0.3608142444046427,ok,1302.7624733483906,191.96055510703536,0.29671446469087015
502,0.3776488681687624,0.9193492882327519,-0.2061531018894965,1.000031357213704,214,170,0.794392523364486,0.30792479947577495,ok,1302.3929077698144,191.0379267612019,0.5028675665803664
503,0.1313021225864759,0.2853870567805643,-0.023025742966624577,0.9999556484571779,248,237,0.9556451612903226,0.2587743198270308,ok,1302.2642305862692,190.75134657694537,0.5258933095469909
504,-0.061354616517292015,1.3128595314144604,0.1510325164006124,1.0000538398022076,229,208,0.9082969432314411,0.6050776634440007,ok,1302.3341732841623,189.4389165570185,0.3748607931463786
505,-0.37727865742181166,1.0564670986161673,0.2516914259712751,1.0000636987805245,223,209,0.9372197309417041,0.9097035235965218,ok,1302.7137221670218,188.38326293895773,0.12316936717510384
506,-0.12798953035030536,0.5808815503717142,0.16799107396065116,1.0001387540064028,232,215,0.9267241379310345,0.6456481697662312,ok,1302.841257242542,187.80228144187402,-0.04482170678554708
507,-0.5373458321500948,0.476697315672709,0.6549820605946242,1.0000739593863557,221,175,0.7918552036199095,0.39501988481066047,ok,1303.3727408158886,187.31905676808174,-0.6998037673801707
508,-0.4939588844310947,0.5040441716789701,0.3566165590406998,0.9999893938170182,212,178,0.839622641509434,0.3441091925280938,ok,1303.8573226930725,186.8059911671915,-1.0564203264208698
509,-0.31440639643687973,-0.01890959932370606,-0.04210109537606301,0.9999919698807203,243,234,0.9629629629629629,0.3540928711790935,ok,1304.1720145658664,186.81933209161411,-1.014319231044807
510,1.619983306537506,-5.805440854097014,-1.5888058156453622,1.0003105050711787,188,154,0.8191489361702128,0.42910245761004406,ok,1302.4939043542809,192.6082383390543,0.5744865846005536
511,5.679736471241085,11.263640396871324,-0.7965235045220996,0.9994353496387645,159,127,0.7987421383647799,0.7303252533603767,ok,1297.0852917344482,181.21192705419708,1.371010089122652
512,-1.1944406217808137,3.616788407476861,-0.16988017285419685,0.999737282201076,184,148,0.8043478260869565,0.44586792634492917,ok,1298.3765571996653,177.62856546460603,1.5408902619768485
513,-5.154385430568482,5.337544644673471,0.0272160846304522,0.9997870874033487,164,123,0.75,0.7004078429771429,ok,1303.6701380479974,172.42903915897898,1.5136741773463964
514,-5.333738191509383,3.1512944342317724,0.5429329246563424,0.9997083582391261,167,136,0.8143712574850299,0.5419655655938659,ok,1309.0564993903185,169.36856024274164,0.9707412526900546
515,-3.7464820787049575,2.123421925167122,0.7754037114152313,0.999775219023378,185,148,0.8,0.35178166610939016,ok,1312.8101990287403,167.25792345190098,0.195337541274824
516,-1.5259428457068225,1.9304853251030636,0.8768133422208053,0.9998632221977041,189,146,0.7724867724867724,0.5437743154921544,ok,1314.3130732959978,165.3094255443791,-0.6814758009459806
517,0.07900656404353867,1.4824453704516145,0.6800089355370394,0.9998792688510821,176,141,0.8011363636363636,0.328521087317695,ok,1314.1988659044246,163.82927589476753,-1.36148473648302
518,0.25648205154720927,1.6182076027733956,0.15195593770738297,1.0001753306775025,206,185,0.8980582524271845,0.5724608429571302,ok,1313.899734113742,162.21840685594316,-1.5134406741904027
519,0.17528790077562917,0.47497901986173474,-0.05948730954294758,0.9999662340758841,217,198,0.9124423963133641,0.49362497100653857,ok,1313.7124507448389,161.74802843679606,-1.4539533646474552
520,0.6528927045126238,1.2894896144503036,-0.47435233186459536,1.0000070993972727,214,180,0.8411214953271028,0.4215169651176548,ok,1313.0376077941562,160.46988942194093,-0.9796010327828603
521,0.8318731912606836,1.111824384400279,-0.8272416347149397,0.9999897113225527,210,165,0.7857142857142857,0.44025375026649477,ok,1312.2027810140073,159.36028106074673,-0.1523593980679212
522,0.8933472598271237,1.162901830814917,-0.46004820585720396,0.9999870720896014,213,169,0.7934272300469484,0.43557563929791265,ok,1311.3156916010646,158.19259858327348,0.3076888077892824
523,0.7682854062938986,0.8013752645736076,-0.28467031873761184,1.0000359371395413,232,188,0.8103448275862069,0.4001764760386809,ok,1310.555732218697,157.38332327947035,0.592359126526894
524,0.27190034053001,0.48135003500465245,-0.0574530114443124,0.9999870299615011,235,219,0.9319148936170213,0.46562352698916004,ok,1310.2893084124112,156.89892054741404,0.6498121379712064
525,0.32983404132573924,1.0822296285508628,0.004309321589180244,1.0000924490436138,229,210,0.9170305676855895,0.508471679631863,ok,1309.9716876059813,155.81304371873875,0.6455028163820262
526,-0.025295466914485587,1.2735860295535986,0.2109045148339885,1.0001137675569467,239,216,0.9037656903765691,0.8098680317931578,ok,1310.0066426207609,154.53968619539262,0.43459830154803786
527,-0.3779059666442208,0.979266978929445,0.3377530138026762,1.0000120368452416,223,168,0.7533632286995515,0.41748367164282185,ok,1310.3862032715274,153.5610593778382,0.09684528774536177
528,-0.23235593017170686,0.588235038546145,0.15487733750240898,1.000072875030576,229,210,0.9170305676855895,0.6102672457764746,ok,1310.6179632885592,152.97258929927443,-0.05803204975704714
529,-0.4452754355397701,0.886349121509511,0.30389433639751495,0.9999239422621194,210,170,0.8095238095238095,0.2967457815107242,ok,1311.0576309812475,152.0834451609585,-0.36192638615456196
530,-0.4666341957940858,0.7113927201178285,0.03636857124699826,0.9999676562077372,247,224,0.9068825910931174,0.2249055991707889,ok,1311.5193086540228,151.36882582076282,-0.39829495740156023
531,1.8567456782225236,-7.589570218846347,-1.0224417783056223,1.0002885295201493,221,173,0.7828054298642534,0.5874741676312808,ok,1309.5799984230887,158.9377198250803,0.624146820904062
532,-4.336988477850809,11.328126623177923,-0.8536357419119229,0.9993743680391969,179,136,0.7597765363128491,0.7958521854866514,ok,1314.2076890098185,147.72520888054805,1.477782562815985
533,2.8874825283251084,5.891093800702947,-0.3182570809683704,0.9998451305249703,193,142,0.7357512953367875,0.48818992708609316,ok,1311.5062617463173,141.7465106727377,1.7960396437843558
534,2.1079024594760085,2.087294567759841,0.037077359005326105,1.0004925051749622,179,161,0.8994413407821229,0.798433940862541,ok,1309.4634217439886,139.59549786102514,1.7589622847790296
535,4.867621851743024,3.5481918503154475,0.40973823629899686,0.9999164047458332,179,132,0.7374301675977654,0.48765803760992593,ok,1304.6806959703963,135.93367562710546,1.3492240484800329
536,4.081249951530708,2.6115483969754223,0.882970909406202,1.000013876840473,164,125,0.7621951219512195,0.4594984631721225,ok,1300.6208327897268,133.28900227282202,0.4662531390738307
537,1.2799543359315066,2.2744797309752585,0.8260340871954874,0.9999027371687078,180,128,0.7111111111111111,0.4857253771021256,ok,1299.3266215002304,131.02260462747654,-0.3597809481216569
538,0.006954498685900035,0.8306742677502825,0.306445412667793,0.9999384540934543,217,171,0.7880184331797235,0.3555708721313419,ok,1299.3100087389105,130.19206737947638,-0.6662263607894499
539,-0.41114825375711916,2.005726922770691,0.3758287902469763,0.9999052249396344,202,153,0.7574257425742574,0.48884316960373136,ok,1299.6846122622724,128.1791949106946,-1.0420551510364262
540,-0.7073950491483174,1.623716907520361,0.0497297452173621,0.999873975718603,201,185,0.9203980099502488,0.6035211476207266,ok,1300.3609404420806,126.54229401432838,-1.0917848962537884
541,-1.1015695231367317,1.2607994193465402,-0.3323311303269362,1.0000193063514609,209,166,0.7942583732057417,0.44259709393545565,ok,1301.4457018294256,125.2670045089011,-0.7594537659268521
542,-1.1432607614367498,1.3197977204248446,-0.5270192693620304,1.0000134730109553,205,169,0.824390243902439,0.4201952954800387,ok,1302.5835991123397,123.94257974130733,-0.2324344965648212
543,-1.1379249660064943,1.457626517246581,-0.5146921532173021,0.9998969453780235,230,180,0.782608695652174,0.4899467671074972,ok,1303.728690983965,122.4905766774059,0.2822576566524813
544,-1.3835586779587175,1.1240089758448448,-0.42430008388184504,0.9999871344168403,221,174,0.7873303167420814,0.37204695729327725,ok,1305.1260051192098,121.38371444542759,0.7065577405343266
545,-1.0523795018009423,1.0427584996068617,-0.1529200736192472,1.000026273135961,222,179,0.8063063063063063,0.40955794603378404,ok,1306.193907758465,120.3568591209613,0.859477814153574
546,-0.7968528762135065,1.1288703706708247,0.0840734747672096,0.9999143478909001,238,221,0.9285714285714286,0.32687672204623147,ok,1307.0059646046464,119.23887589269759,0.7754043393863644
547,-0.509522208261842,1.3742316512900743,0.27062039470521965,1.0001156234142397,233,215,0.9227467811158798,0.9924359795771579,ok,1307.5275740579898,117.86918647888797,0.5047839446811444
548,-0.2184263017172725,0.9413749614830067,0.4419246149194414,0.9999930454159449,218,165,0.7568807339449541,0.3279994134265061,ok,1307.7470330126546,116.92805171988346,0.06285932976170239
549,-0.21723677568479616,0.7664524924796297,0.19866012881112077,1.000113071271826,240,226,0.9416666666666667,0.7481254252457571,ok,1307.9624525563295,116.16108649241801,-0.13580079904941858
550,-0.3284271301968147,0.8555678555835584,0.29662201797711973,0.9999480225008874,249,198,0.7951807228915663,0.30500792679195027,ok,1308.2844132508633,115.30306432106556,-0.4324228170265386
551,-0.5145668092409323,0.8258014325978138,0.04462421908362085,0.9999419453171848,232,218,0.9396551724137931,0.2232722933578665,ok,1308.792086647027,114.4730072567138,-0.47704703611015953
552,-0.15310698699704517,-0.6235009804888705,-0.04749919283156608,1.0000113769619816,247,234,0.9473684210526315,0.34140038583580995,ok,1308.949863689454,115.09534287920462,-0.42954784327859336
553,-2.904623082924445,4.103637053408761,-1.318809448656586,0.9999130296155097,177,128,0.7231638418079096,0.8561192495853054,ok,1311.9178250540872,111.03727959014532,0.8892616053779941
554,-1.1609963475518725,5.560036475451398,-0.32008657079526304,0.9996558280297098,175,142,0.8114285714285714,0.5298976080781497,ok,1313.1959103672662,105.50298504977093,1.2093481761732572
555,-1.1682158789926689,7.908155588712816,-0.17775406679454625,0.9995690063846848,160,117,0.73125,0.6412853649468938,ok,1314.5552177184043,97.62542599379663,1.3871022429678035
556,-0.03748267816808948,3.7666503351870233,0.3917873291492285,1.000173486490604,181,130,0.7182320441988951,0.5267036550700577,ok,1314.6581239007176,93.85999507338806,0.9953149138185748
557,0.28094663268871045,1.0266559323101774,0.36900390573451725,0.999964337338169,176,137,0.7784090909090909,0.4232768115772214,ok,1314.3884163999192,92.83032945884133,0.6263110080840574
558,0.33861840584108904,1.6020325279937424,0.7322634914292127,0.9998660740760797,171,122,0.7134502923976608,0.5322998978507107,ok,1314.0468360646516,91.22892584947772,-0.10595248334515578
559,0.39089116075342645,1.3575355568452778,0.6868835292015413,0.9999413629573904,168,130,0.7738095238095238,0.46822057278991547,ok,1313.637197894081,89.87692908288909,-0.7928360125466977
560,0.13148521749553765,1.7778001965715475,0.40322457163582465,0.9999310564854539,181,143,0.7900552486187845,0.4112186601722609,ok,1313.468632093578,88.10226081184487,-1.196060584182523
561,0.30871694512802605,0.6602109188431768,0.021681309631662225,1.0000765838617538,201,183,0.9104477611940298,0.4940220194668641,ok,1313.1459540659494,87.448759855415,-1.2177418938141849
562,-0.06094211172262476,0.3913126299321448,-0.11847601713724688,0.9997995961069591,217,196,0.9032258064516129,0.6148501927851906,ok,1313.1993777730056,87.05635009145658,-1.099265876676938
563,0.020899647249962072,0.8082718461506602,-0.6382865671772484,0.9998543660886958,214,168,0.7850467289719626,0.4090214590281134,ok,1313.1719758349375,86.24827255413402,-0.46097930949968885
564,0.18693909348348825,0.7560195448691047,-0.7003456279129315,1.00004360767692,201,151,0.7512437810945274,0.4219797789370707,ok,1312.9881968094448,85.49147862796588,0.23936631841324343
565,-0.020156069893573658,0.5674129366659599,-0.6480281258850344,1.0000224446764892,209,169,0.8086124401913876,0.3706250296215459,ok,1313.0171381764885,84.92444590834282,0.8873944442982786
566,-0.175965199221082,0.5545449077189915,-0.3764496658814726,0.9998767281598071,238,187,0.7857142857142857,0.33934496028405814,ok,1313.205291861354,84.37391707450627,1.263844110179752
567,-0.18962612548966717,0.5524389740553488,-0.008304363909616773,0.9999651261084744,223,205,0.9192825112107623,0.3816511636660754,ok,1313.4071361415981,83.82582422283224,1.2721484740893687
568,-0.2235630864520317,0.6505360795808883,0.3223472073823399,0.9999465360058305,219,171,0.7808219178082192,0.32923350851920075,ok,1313.6414520572823,83.17908339675296,0.9498012667070282
569,-0.5099013711967473,0.5631920531496917,0.6254734328447704,0.9999498206129409,217,164,0.7557603686635944,0.39540129102116,ok,1314.1545332407704,82.61878669300586,0.32432783386225744
570,-0.4481209158727779,0.5621671098987235,0.4865826492064491,1.0000623709849474,225,176,0.7822222222222223,0.4383324635979433,ok,1314.6010603716888,82.05535281396749,-0.16225481534419195
571,-0.432827305077808,0.8121714578712727,0.23122355993696364,1.0000053393719408,233,205,0.8798283261802575,0.4872703136536418,ok,1315.0282999320968,81.24022809282098,-0.3934783752811558
572,-0.22414168735326712,0.3035702449587916,0.025227848635614596,1.0000309528508726,272,253,0.9301470588235294,0.17482020917659352,ok,1315.2502172228878,80.9350279852166,-0.4187062239167704
573,-0.22111402484756582,0.13466527644663984,-0.018381716668734952,0.9999155832649238,259,234,0.9034749034749034,0.3006996971100236,ok,1315.4703849545601,80.79882108893423,-0.4003245072480354
574,2.60687860054486,-10.058823896094736,-0.7687211927755873,1.0002935474143202,207,165,0.7971014492753623,0.7244953671749245,ok,1312.798885112358,90.84067563895348,0.3683966855275523
575,-9.372633550186038,13.858028641374744,-0.2357587611471411,0.9992071656378914,176,116,0.6590909090909091,0.9977116204938943,ok,1322.3171209113725,77.08224532275858,0.6041554466746936
576,2.4033879065184465,7.3666823834130355,-0.07029866833412203,0.9998653597841144,163,112,0.6871165644171779,0.6288594785710486,ok,1320.000614011516,69.68778262759258,0.6744541150088156
577,4.6435559864053175,5.040241769778049,0.12631283893559175,0.9996816281092901,172,122,0.7093023255813954,0.5103422855029075,ok,1315.4054891266323,64.60334789116212,0.5481412760732237
578,3.7645231963206243,2.679471503279501,0.23671230338517701,0.9999699463534958,182,137,0.7527472527472527,0.516007774360128,ok,1311.6555856311895,61.90345415114439,0.31142897268804653
579,1.272309345402391,1.360154130732326,0.1230883963369916,1.0004783029280926,170,156,0.9176470588235294,0.6327355939853162,ok,1310.3877542002288,60.53912508804626,0.18834057635105486
580,0.00140797234485035,2.784875142185683,1.1397871101739059,0.9997789884160613,174,127,0.7298850574712644,0.5832064265690725,ok,1310.3401032597853,57.75465728829988,-0.9514465338228517
581,-2.584781020031187,1.676641751920215,0.43599202137263793,0.9999302373784185,200,153,0.765,0.4515436843452944,ok,1312.8835299452985,56.01592177614907,-1.38743855519549
582,-2.948325048991137,1.0802729986969553,0.01711707285387646,0.9992338268285371,202,174,0.8613861386138614,0.7025509508472285,ok,1315.8044898624366,54.863704995896796,-1.4045556280493665
583,-1.4502960296438232,0.09505095376152894,-0.12022560451263589,0.9995667318697878,211,186,0.8815165876777251,0.887808769314596,ok,1317.2522910804378,54.736171115825755,-1.2843300235367303
584,-2.2132023696292435,1.330709284528325,-0.6042685476179672,0.9997682598480764,195,145,0.7435897435897436,0.3810100211263919,ok,1319.4495433206469,53.37928699337476,-0.6800614759187628
585,-0.636109955893744,0.8426423766028392,-0.8934733868254294,1.0000460616055094,194,150,0.7731958762886598,0.38199651268014434,ok,1320.0887874808855,52.53901980108742,0.21341191090666645
586,-0.12565174120550182,0.8919660497228961,-0.5165379714182284,0.9999843120140512,211,173,0.8199052132701422,0.472022534825227,ok,1320.2257923908467,51.648726900647944,0.7299498823248949
587,0.05846009312926981,0.04547914412933096,-0.14722191550002328,0.9999036019038233,212,196,0.9245283018867925,0.8799158009249795,ok,1320.168035385972,51.60235812422093,0.877171797824918
588,0.010282344583856684,0.7377139364770073,-0.161261519368692,0.9999201827631093,211,169,0.8009478672985783,0.42638363736442875,ok,1320.1711243848806,50.86457899957156,1.03843331719361
589,0.1757938785076476,0.9238962431463733,0.10379727953068967,1.0001488243119578,222,201,0.9054054054054054,0.46382688829710744,ok,1320.010424262017,49.937938170376015,0.9346360376629206
590,-0.1974961226526375,0.7434181223715086,0.4495458247172914,0.9999861136575738,203,163,0.8029556650246306,0.3789075041790666,ok,1320.2142073223179,49.19621875747964,0.4850902129456291
591,-0.24854769757962458,0.6158526830640767,0.26796198478507155,1.0002044047251326,209,181,0.8660287081339713,0.6006735509311466,ok,1320.4650870664611,48.58131239128409,0.2171282281605574
592,-0.4163645953658488,0.7931093975811336,0.5291113441135008,0.9999639272753732,202,162,0.801980198019802,0.3341800148338886,ok,1320.8771269248648,47.78594760208841,-0.31198311595294387
593,-0.22055775608714612,0.8044497715461603,0.22488385283034265,1.0000581334104033,228,201,0.881578947368421,0.8295712074983036,ok,1321.0901373371928,46.97946652794553,-0.5368669687832867
594,-0.7317642692623849,0.9831931652831827,0.01105302606500674,0.9999130954483824,238,206,0.865546218487395,0.38696347301191636,ok,1321.8124660056328,45.989320558515715,-0.5479199948482933
595,-0.19558804656912798,-0.5793999092977629,-0.09670946017843694,0.9998789983986786,225,207,0.92,0.3966272838253049,ok,1322.0126107778453,46.56716224012996,-0.4512105346698563
596,10.154394012358352,3.790401227081702,-1.1122392077620669,1.0000273965159727,177,122,0.6892655367231638,0.8340748464442199,ok,1311.902621929241,42.6598633391535,0.6610286730922116
597,-0.4474900250495466,8.608405252468856,-0.2131859732060119,0.9994043734112161,184,125,0.6793478260869565,0.8838982418986322,ok,1312.4814011628866,34.05928760772986,0.8742146462982238
598,-1.5813294500942447,2.802617841656229,0.04297317286337504,0.9993873240316575,160,132,0.825,1.345471988915381,ok,1314.1032228721413,31.279905672929544,0.8312414734348486
599,-3.5446534970401444,4.44190296952479,0.2234368152201439,0.9991978257818125,168,131,0.7797619047619048,0.8844699104952897,ok,1317.6947966024534,26.875854294427768,0.6078046582147044
600,-3.4235072658439094,2.3272478520708546,0.4265926199994299,0.9995713196448085,171,129,0.7543859649122807,0.7609766770561022,ok,1321.1256472289153,24.559445750332657,0.18121203821527412
601,-1.0708242238349612,1.3361299334627574,0.7591758024842262,0.9999438083398933,153,94,0.6143790849673203,0.5616792885141938,ok,1322.182939163036,23.212582177623744,-0.5779637642689529
602,1.4760448928179812,1.2448757394608947,0.625106727405124,1.0000327164331297,175,125,0.7142857142857143,0.4707840951896449,ok,1320.6810822410553,21.998971894950614,-1.2030704916740775
603,2.3913359772807325,1.1722689014486605,0.2983611419415612,0.9998833611478606,184,145,0.7880434782608695,0.5127506922640529,ok,1318.2598515762065,20.88976307730752,-1.5014316336156395
604,1.997104077571521,0.6938857081486276,-0.08622270998012976,1.0003707394248187,190,163,0.8578947368421053,0.9267549803198287,ok,1316.2462194043057,20.24541259122782,-1.4152089236355097
605,1.6463265216411855,0.8553173175689608,-0.4995478738750686,1.0000592813029572,207,157,0.7584541062801933,0.4371578493604776,ok,1314.5864346147637,19.416513814537893,-0.9156610497604403
606,0.30838168445529845,0.8079630671868472,-0.7801912566038152,0.9998736364607156,186,138,0.7419354838709677,0.4851055532226066,ok,1314.2761434511003,18.60928214085436,-0.13546979315662402
607,-0.32473831630204586,1.017256832779367,-0.32257386266269406,0.9999758970319506,201,157,0.7810945273631841,0.473137726687884,ok,1314.6042019656509,17.593091189831057,0.18710406950607053
608,-0.4682702259153757,0.4321902547776517,-0.11918141334489435,0.9997882332264482,200,185,0.925,0.7679642365890063,ok,1315.0747758450175,17.16341032586115,0.306285482850965
609,-0.5290583874457297,0.6165905456633709,-0.04035088372361897,0.9997837477247284,197,178,0.9035532994923858,0.4420542664636763,ok,1315.6075548669262,16.55003181943755,0.3466363665745841
610,-0.5809103267940827,0.8918773414650332,0.08267708202150324,0.9998963812534633,216,191,0.8842592592592593,0.38077377800295653,ok,1316.192567856551,15.660840162951104,0.2639592845530807
611,-0.2444074212664873,0.43647275239027294,0.07213829903793934,1.0000467581771277,221,190,0.8597285067873304,0.36784314186956457,ok,1316.4384351758904,15.225188108634711,0.19182098551514123
612,-0.35970716468295905,1.1634769903905635,0.20244218376595763,1.000085022763544,199,181,0.9095477386934674,0.9260330849255742,ok,1316.7979266549862,14.06164445756292,-0.01062119825081672
613,-0.27214425125407615,0.83171149695022,0.43750629095768345,0.999837790556931,217,154,0.7096774193548387,0.3857254710262935,ok,1317.0635575834401,13.227829899343647,-0.44812748920850093
614,-0.2696286023488028,0.7305978046377959,0.35124965603458197,0.9999142729834298,205,160,0.7804878048780488,0.3870645964055832,ok,1317.3229671475362,12.493541527243337,-0.7993771452430835
615,-0.2177628538704539,0.36987148869388875,0.03359343505028705,0.9999831236000948,244,219,0.8975409836065574,0.17978517970802863,ok,1317.535329957517,12.120543382996402,-0.8329705802933707
616,-0.28433305450948865,-0.819038653674852,-0.12278277173013494,0.9997827637408768,211,190,0.9004739336492891,0.5706416438210478,ok,1317.829792988808,12.935994868557032,-0.7101878085632354
617,-2.8636003263554812,1.892654782952377,-1.4860143067412397,0.9999974115405187,181,127,0.7016574585635359,0.6962005259699373,ok,1320.718757935009,11.082287638124285,0.775826498178007
618,-1.8723389617484827,7.3601096439251705,-0.425837157237622,0.9995929966864635,193,140,0.7253886010362695,0.5527341286832645,ok,1322.7450372922503,3.7630623290701806,1.2016636554156297
619,-1.0732628567488973,5.209363606076977,-0.04755415363223837,0.9994788654978043,181,129,0.712707182320442,0.6873179449249422,ok,1323.9316156288885,-1.421664683127915,1.2492178090478683
620,-0.28809194322730036,3.883869425597595,0.36409121603654415,1.0002289742168922,186,152,0.8172043010752689,0.9240704053298653,ok,1324.279670274343,-5.300620295998783,0.8851265930113232
621,0.19550230299637406,1.1359640120767835,0.3543989169386101,0.9999571227713405,203,146,0.7192118226600985,0.3272033611895188,ok,1324.0946985806693,-6.438346475599815,0.5307276760727124
622,0.32308608130210814,1.8620187489664204,0.7719721544459847,0.9997714717189712,184,115,0.625,0.5065025123665828,ok,1323.7637753370273,-8.298988365983746,-0.24124447837327395
623,0.594579057409419,1.271081805439735,0.6226311693805421,1.0000463897023641,182,124,0.6813186813186813,0.41612413545213844,ok,1323.150099883989,-9.560961285648887,-0.8638756477538176
624,0.14928451635091733,1.4718472177194144,0.3925862925072152,0.9998063694279695,195,143,0.7333333333333333,0.39814899547748545,ok,1322.9685771253437,-11.029181155839979,-1.2564619402610337
625,0.22903432921884814,1.214829256912708,0.057901288186478966,1.0001865891074901,207,178,0.8599033816425121,0.4672354403127388,ok,1322.7117373596627,-12.238437200760586,-1.3143632284475129
626,0.18758218666903304,1.1464642978963866,-0.26329112766001483,0.9997297487715636,211,160,0.7582938388625592,0.34227681016178113,ok,1322.5031564070478,-13.381267655951774,-1.0510721007874972
627,0.3488291439077784,1.1689672716547648,-0.5238293388701623,0.9999896085687607,204,145,0.7107843137254902,0.4988473430936559,ok,1322.1435852044845,-14.546975511345636,-0.5272427619173338
628,0.02891942794371971,1.0168872313099655,-0.710311794703008,0.9998209082193054,191,140,0.7329842931937173,0.5208620325006519,ok,1322.1179150333742,-15.563949953909855,0.18306903278567596
629,0.06911246958338779,0.5447936043440222,-0.38563026547964024,0.9999200520465497,204,152,0.7450980392156863,0.38268623931720747,ok,1322.054213323793,-16.109402698868053,0.568699298265317
630,0.19952470294788327,1.007159161739196,-0.6627124717076955,1.0000330173825245,202,144,0.7128712871287128,0.4889662447803985,ok,1321.876379090219,-17.120617151657825,1.2314117699730138
631,-0.16702419542889402,0.9472932932080766,-0.22676399670757608,0.9999534324942334,196,146,0.7448979591836735,0.40122357369197315,ok,1322.0674551794566,-18.063353378466445,1.4581757666805901
632,-0.09129076233443811,1.2450823867254712,0.19789511076076902,1.0001831066151259,218,190,0.8715596330275229,0.73252446043428,ok,1322.1861085405226,-19.306126701695234,1.260280655919821
633,-0.3200675271093587,0.9802781197488457,0.6619565642464215,0.9998881757227448,220,155,0.7045454545454546,0.3701465258327942,ok,1322.5163952051869,-20.28300905546837,0.598324091673398
634,-0.4983201111629114,1.5401754717618132,1.1605376269280843,0.9998360344234812,202,158,0.7821782178217822,0.506297627974227,ok,1322.9995786319232,-21.82800005645629,-0.5622135352546883
635,-0.21945655282956977,0.4669990451229751,0.3265242763610035,0.9998743906138373,230,175,0.7608695652173914,0.3811114751452537,ok,1323.2117652652903,-22.29834686397828,-0.8887378116156924
636,-0.48942905085345956,1.0862886226796036,0.14365650967464935,0.9999280980207375,236,206,0.8728813559322034,0.5727645616046011,ok,1323.681542438109,-23.393277535519132,-1.032394321290342
637,-0.15458113971931198,-0.8479858392913684,-0.19203704224895554,0.9998696624654233,240,200,0.8333333333333334,0.8480707637302534,ok,1323.8485439148901,-22.54765006485104,-0.8403572790413861
638,-3.6780218385074477,2.7379655069956925,-1.3305719642268448,1.0001232055690403,180,123,0.6833333333333333,1.0870645380740305,ok,1327.549856498147,-25.254047102068853,0.49021468518546074
639,0.12072673526881772,4.515760662161824,-0.15981905220953144,0.9997479309208651,167,122,0.7305389221556886,0.457662815700821,ok,1327.480368772041,-29.770886789112865,0.6500337373949925
640,1.0261037536206459,7.940612092171364,-0.16846889935635956,0.9994672852497705,163,104,0.6380368098159509,0.5446301439504398,ok,1326.567801998384,-37.72534661961993,0.8185026367513525
641,1.149146533079147,2.6661999170123636,0.04154170325178484,1.0003550922715447,171,147,0.8596491228070176,1.1363287064062113,ok,1325.4549150871674,-40.406883953838246,0.7769609334995675
642,4.37176864991261,4.389705620165046,0.39426919284162226,1.0000029217614501,154,95,0.6168831168831169,0.6081731079706539,ok,1321.1125635932312,-44.825691492437386,0.3826917406579446
643,0.8988541744345184,1.1618086160947314,0.16010642835906685,1.0007964520050578,152,116,0.7631578947368421,1.0648313372474818,ok,1320.2182296384165,-45.99098324328588,0.22258531229887737
644,0.37886582401824853,1.6644993113029614,0.5016127871189201,0.9998044990740771,160,115,0.71875,0.4796368912777044,ok,1319.8312623137722,-47.65361776704469,-0.2790274748200436
645,-2.729866503173298,2.3880670158594057,0.6288753076876855,1.0000169025939947,161,109,0.6770186335403726,0.5165768091125096,ok,1322.5229466294052,-50.084640338383565,-0.9079027825077304
646,-2.161232808802424,1.4930768749369463,0.10659769155338986,0.9995642615556307,193,158,0.8186528497409327,0.6411145755966154,ok,1324.657405061404,-51.61574876380098,-1.0145004740611205
647,-1.0505499416374278,0.33274275753012716,-0.04699803464456336,0.9997430567809961,207,178,0.8599033816425121,0.6545292780997458,ok,1325.702186767956,-51.966182934819585,-0.9675024394165569
648,-1.5706736992140122,1.1656135613256993,-0.3419138083580183,1.0000673785657177,190,137,0.7210526315789474,0.42142874180479817,ok,1327.2600402501885,-53.14887620513332,-0.625588631058538
649,-0.03753809452473433,0.016301094777418257,0.00020784147609177335,0.9999919895101734,244,234,0.9590163934426229,0.11849795604631658,ok,1327.2973980652662,-53.16558631836165,-0.6257964725346297
650,-0.6146704889715693,1.22561108144248,-0.8574993951456135,0.9998566939033648,180,140,0.7777777777777778,0.433143005535162,ok,1327.917019859983,-54.388701670435694,0.2317029226109846
651,-0.10104481242683505,0.8480830071007404,-0.5344125288053186,1.0000754466674484,195,138,0.7076923076923077,0.36435009132704127,ok,1328.0293952206862,-55.235357810411074,0.766115451416304
652,0.07526400589927107,0.7314617933157024,-0.2597253832516755,1.000062310610892,193,144,0.7461139896373057,0.5570303079712533,ok,1327.9672388897466,-55.968049844071174,1.02584083466798
653,0.05425222093390403,0.5233724601156382,0.048572500576501434,1.0000706260574872,205,182,0.8878048780487805,0.34487350063757416,ok,1327.9219210560598,-56.49227148558725,0.9772683340914785
654,-0.13283829906049505,0.6765666403497335,0.36129430087966913,0.9998909177367522,207,156,0.7536231884057971,0.45558659815097263,ok,1328.0620251541256,-57.16737094065775,0.6159740332118089
655,-0.2628699123313254,0.645566304482827,0.49244096665883147,0.999999808522965,231,175,0.7575757575757576,0.4776576696182014,ok,1328.326286333269,-57.81236898212023,0.12353306655297677
656,-0.22028781343396986,0.4207505207613167,0.298929888226545,0.9999871060791684,204,158,0.7745098039215687,0.32263660304778286,ok,1328.54528509314,-58.23379188686533,-0.17539682167356863
657,-0.47138527362812965,0.9214614304710267,0.48082108757806646,0.9999141244972295,198,151,0.7626262626262627,0.40404623752232177,ok,1329.0060860327862,-59.160591616073475,-0.6562179092516355
658,-0.245197168665527,0.15503339628037338,-0.008989798928401519,1.0000078005817536,217,194,0.8940092165898618,0.36760251465456084,ok,1329.2495162968157,-59.31838487333869,-0.647228110323234
659,2.2460453145363317,-4.884973135011933,-1.0731212571085684,1.0003378864394976,178,117,0.6573033707865169,0.7536863545643483,ok,1326.967222200433,-54.45024192737287,0.42589314678533524
660,7.479515560652999,9.034163338102871,-0.3994086255194826,0.9995787080187141,148,92,0.6216216216216216,0.5773068135702064,ok,1319.6186082545833,-63.5912010300292,0.8253017723048182
661,-1.668559367101352,11.928760488666967,-0.3824102233541796,0.9995535135247299,143,86,0.6013986013986014,0.7537827245195636,ok,1321.538219324736,-75.48214340214031,1.2077119956589983
662,-2.853474444069434,3.8588090909855737,0.22351569741935243,0.9995388039423192,148,127,0.8581081081081081,0.6046592919566208,ok,1324.4575541003337,-79.29137015722006,0.9841962982396457
663,-1.316115245014771,1.5383125020366606,0.18383788497865064,0.9996431499811594,163,143,0.8773006134969326,0.8667757133676544,ok,1325.795028759269,-80.81114850579195,0.8003584132609948
664,-2.849189878038942,2.227905671186363,0.8779916951501909,0.9998077144564377,158,102,0.6455696202531646,0.5474522707061679,ok,1328.6411973078098,-83.04291265868164,-0.07763328188919652
665,0.29408977943126047,0.6456632934348363,0.397639480100119,1.0000249883107757,192,132,0.6875,0.5809604541165342,ok,1328.3417618824965,-83.68611427009319,-0.4752727619893157
666,0.9731556542769795,1.2266797300367216,0.6684530442732579,0.9996761975581203,162,113,0.6975308641975309,0.5552861895308845,ok,1327.3443150237447,-84.89312497903484,-1.1437258062625744
667,2.3653094067256006,1.0904028499232936,0.3232522841498219,1.00007574582862,184,131,0.7119565217391305,0.49392595619615964,ok,1324.9518656713558,-85.92261663073509,-1.4669780904123964
668,1.7369925698881161,0.674786054502988,-0.1179192784190333,1.000390609848396,183,162,0.8852459016393442,1.0138167398394542,ok,1323.1994678468773,-86.55632103498158,-1.349058811993363
669,1.4065634570224574,0.6955134760560213,-0.6491821046052966,1.0002700141733476,185,137,0.7405405405405405,0.41286500124487924,ok,1321.7845137330087,-87.23460166248913,-0.6998767073880657
670,0.003211217539046629,0.42054145432712176,-0.36373264803572464,1.0000837540985332,198,155,0.7828282828282829,0.3989082117455005,ok,1321.7788353436213,-87.65511703987681,-0.3361440593523409
671,-0.1708176124664078,0.8262209057460268,-0.6397153448180649,0.9999047232994864,181,132,0.7292817679558011,0.42611612474292115,ok,1321.9540281194659,-88.48042130686713,0.30357128546572454
672,-0.43570854076733667,0.714763888823768,-0.3746717016481752,0.9999106777909339,192,132,0.6875,0.41943515894305317,ok,1322.3981670053647,-89.18997750569599,0.6782429871139
673,-0.6081520910372546,0.5962062752579413,-0.16500059066814643,0.999867770125895,192,161,0.8385416666666666,0.47085916885294493,ok,1323.0150275100198,-89.77716913224276,0.8432435777820465
674,-0.2966662407698095,0.8397841005412374,0.08205977655841268,1.0001072912950237,205,173,0.8439024390243902,0.52602053101745,ok,1323.3228239119724,-90.61293798119527,0.7611838012236338
675,-0.39481292745063,0.995340087069053,0.30249255266535985,0.99964478818452,189,142,0.7513227513227513,0.5697697912709867,ok,1323.725592469238,-91.6050854631186,0.45869124855827353
676,0.052265013959868156,0.6673346775073696,0.16747973867464414,1.0002775224930813,187,168,0.8983957219251337,0.8249307490648006,ok,1323.6767199107596,-92.2726771620753,0.2912115098836292
677,-0.2616957916077354,1.007687151366781,0.5480618339758208,0.9997681022936694,179,130,0.7262569832402235,0.4299819585440258,ok,1323.9338957435034,-93.28152733599984,-0.256850324092192
678,-0.2900167999493988,1.0987745302741132,0.5297483859356713,1.0000085151499574,198,148,0.7474747474747475,0.4489150570275643,ok,1324.2088008998421,-94.384179759772,-0.7865987100278639
679,-0.2196692171005452,0.22974285646319004,-0.016178254838937162,0.9999264375741763,211,196,0.9289099526066351,0.2866227776635381,ok,1324.4253611434167,-94.61685551257028,-0.7704204551889267
680,2.8345001730538115,-6.12568215918634,-1.1518843125337626,1.000535242388867,174,124,0.7126436781609196,0.9229549008100886,ok,1321.550140524443,-88.51018051396045,0.3814638573448372
681,-9.667104045551469,11.81782880974572,-0.44395708424062674,0.9988229772505517,145,96,0.6620689655172414,1.0797707249946837,ok,1331.3864868765227,-100.18752048699776,0.8254209415854644
682,2.94264302043689,6.511382700186346,-0.24920421755780206,0.9997536924652668,166,112,0.6746987951807228,0.600635873690066,ok,1328.5664801076439,-106.75294617292946,1.074625159143267
683,1.2013715924326789,2.0682606683262748,0.05026369350275069,1.0002788753567582,166,144,0.8674698795180723,0.9592227287511078,ok,1327.40227590109,-108.84235385471186,1.0243614656405162
684,4.8681558126593245,3.483640856252805,0.32767287583008814,0.9998215066925453,173,133,0.7687861271676301,0.5616349273135648,ok,1322.5768382925107,-112.38493010899253,0.6966885898104276
685,3.160009291647839,2.214099898984614,0.5464251653475106,0.9998694248561684,168,111,0.6607142857142857,0.4560818873179402,ok,1319.4226465410306,-114.60730979772234,0.15026342446291585
686,0.8167928382938499,1.7429760178956712,0.4122329178639524,0.9999553390834754,163,117,0.7177914110429447,0.7023142484843975,ok,1318.5978929805476,-116.34653304507106,-0.26196949340103737
687,-1.420556811290453,2.1910960955583505,0.22773088254174878,0.9999374743544425,175,148,0.8457142857142858,1.0837575559318307,ok,1319.9996710909043,-118.54969029851407,-0.48970037594278665
688,-2.711830153681831,1.621039541615346,0.13640188239754084,0.9994102649838296,187,155,0.8288770053475936,0.7344314382048353,ok,1322.6936257032755,-120.20026611451965,-0.6261022583403277
689,-2.590863280700887,1.026086198439998,-0.0037134677673499625,0.9993335597185228,176,147,0.8352272727272727,1.003831963122783,ok,1325.2731902440205,-121.25443507917555,-0.6223887905729777
690,-2.2595447924236396,1.142313437582402,-0.18232602487616625,0.9996615804200016,192,144,0.75,0.4202360509987222,ok,1327.52389488808,-122.41406918692724,-0.44006276569681113
691,-0.59257752748249,1.3299097496633294,-0.3285166101706974,0.9995557287571664,201,153,0.7611940298507462,0.36588914716120813,ok,1328.1138821624866,-123.7451300737257,-0.11154615552611322
692,0.05366618489188113,0.8991899802113039,-0.7231708836976787,1.000160573788129,183,119,0.6502732240437158,0.4641993474133652,ok,1328.0698175848827,-124.64484169025297,0.6116247281715662
693,0.015085596908420484,0.9276625346210494,-0.6246130485854673,0.9999306610709026,195,144,0.7384615384615385,0.4411158702099479,ok,1328.0747495823834,-125.57261376828421,1.2362377767570343
694,0.177407995320209,0.7397032749456685,-0.26295960319530876,0.9999960627910038,190,141,0.7421052631578947,0.4905296071235233,ok,1327.9167551312237,-126.31670535214437,1.4991973799523435
695,0.1724006173114958,0.999768604928704,0.11380575237178842,1.000208802049524,190,166,0.8736842105263158,0.8344668858936626,ok,1327.7685766036882,-127.32034989092665,1.385391627580555
696,0.01738040249961159,0.8017598893241029,0.49882512985361427,1.0000268730486066,194,144,0.7422680412371134,0.46840369000808707,ok,1327.7636038219744,-128.12228272474897,0.88656649772694
697,-0.33958685001584854,0.8319823850551984,0.7500441686844677,0.9997829995255755,181,141,0.7790055248618785,0.461997057649838,ok,1328.1051721238973,-128.95345359338387,0.1365223290424712
698,-0.23209593119895544,0.7893935314054943,0.44775814512752415,0.9999639582435642,197,152,0.7715736040609137,0.47742805712498815,ok,1328.332976595393,-129.74409623799068,-0.31123581608505363
699,0.011201433305586761,0.4947996412691964,0.14674241041886668,1.0002663630270066,190,165,0.868421052631579,0.7483777189100325,ok,1328.3178205157158,-130.23879053789437,-0.4579782265039205
700,-0.38419820429726315,0.6359570322280206,0.05867203717697401,0.9999114167523729,209,189,0.9043062200956937,0.32145900911104813,ok,1328.6962685957144,-130.87818607883185,-0.5166502636808946
701,1.9166615332921992,-2.5165757780921467,-1.0789631320404662,1.0000033066460927,151,110,0.7284768211920529,0.583110238171608,ok,1326.7550015577406,-128.38054171516455,0.5623128683595728
702,-2.540317714807543,15.870352128912259,-0.5710485296339486,0.9990315830323409,158,104,0.6582278481012658,1.1014192371298273,ok,1329.6087314824688,-144.1975425783038,1.1333613979935224
703,1.15283492161484,1.9694266069575406,7.43851042066974e-05,1.0002218066653006,166,147,0.8855421686746988,1.1064588754996834,ok,1328.4950739768851,-146.1893850612688,1.1332870128893158
704,3.7811807263622086,3.746657078139151,0.15642871992284962,0.9994697786381279,158,109,0.689873417721519,0.7082882944979638,ok,1324.7783179337728,-149.99996132511274,0.9768582929664659
705,4.023601760963629,2.10923208037093,0.40503877149406003,1.0001851285938634,177,139,0.7853107344632768,0.44752964752156055,ok,1320.7759666207132,-152.14924377899013,0.5718195214724049
706,2.8165412377156827,1.2027844929331195,0.5922582436419931,1.000120862850292,174,130,0.7471264367816092,0.5275904724598027,ok,1317.9589965013222,-153.35102347038583,-0.020438722169589578
707,0.4406893304737878,1.3100863740465911,0.6796390988917974,0.9995433556425286,160,102,0.6375,0.5628784781389169,ok,1317.5023329613591,-154.6556275500684,-0.7000778210613884
708,0.02885559438573182,1.4167160902924252,0.429122674361704,1.0001725892801505,165,124,0.7515151515151515,0.47295122055623645,ok,1317.4455637598874,-156.07149985489843,-1.1292004954230932
709,-0.4801080080610518,0.9914442277031412,0.0929193642164179,1.0000371009551046,196,178,0.9081632653061225,0.4329667872796289,ok,1317.9044166377187,-157.07295848737226,-1.2221198596395115
710,-0.5223267911701441,0.8776473073830857,-0.3209724010580713,0.9997103687583286,181,127,0.7016574585635359,0.5031202210841151,ok,1318.412875767161,-157.9587120572878,-0.9011474585814394
711,-0.7929049347631008,0.7421165723797003,-0.5628533241007567,0.9997267574096868,175,133,0.76,0.482960441638085,ok,1319.2013851931947,-158.70549725239334,-0.33829413448068174
712,-1.0751518651209153,0.8949028802587691,-0.7586787717080038,0.9999117734229295,180,131,0.7277777777777777,0.4794953459305495,ok,1320.283074048604,-159.59248762339644,0.4203846372273234
713,-0.679996074790779,0.9080314087862007,-0.6702470084505671,0.9998694554834037,187,133,0.7112299465240641,0.5259858442364655,ok,1320.9802303705708,-160.48741151055924,1.0906316456778917
714,-0.8807895839649973,0.9787941930080706,-0.3802449103804953,0.9996853674301239,181,142,0.7845303867403315,0.46447133848914274,ok,1321.8858542268763,-161.44327436389028,1.4708765560583879
715,-0.5501711963238449,0.8503091888343306,0.002340379506374409,0.9998711092036091,187,169,0.9037433155080213,0.5281444661719153,ok,1322.4576364304078,-162.2792044887243,1.4685361765520133
716,-0.4847421587530789,1.1191803383933348,0.3725853954427181,0.9999236477343906,175,133,0.76,0.49923608655213014,ok,1322.9636962331738,-163.388908533208,1.0959507811092946
717,-0.27538873651974427,1.1435364832129835,0.6656870800020994,0.9999294366059278,193,147,0.7616580310880829,0.40300469312135767,ok,1323.2476645321133,-164.53034475562185,0.430263701107194
718,-0.18621175709631643,1.1841168106644773,0.6133408282670433,0.9999042492963162,192,141,0.734375,0.4954557219850479,ok,1323.430091738193,-165.71505052257874,-0.18307712715985056
719,-0.07698758894252933,0.9013709938408283,0.15677802933682305,1.0001854888705546,195,175,0.8974358974358975,0.9065124154298676,ok,1323.5017314396446,-166.61686231589522,-0.33985515649667386
720,-0.03127826078093676,1.4528883251449543,0.18655664025298088,1.000447268105708,192,152,0.7916666666666666,1.0755997456603572,ok,1323.5196599836065,-168.0699766893191,-0.526411796749655
721,-0.30136269177228314,0.401918878510628,2.5631200606318482e-05,0.9999602507048587,201,186,0.9253731343283582,0.33116593805156724,ok,1323.81731714947,-168.47464750431027,-0.5264374279502612
722,8.483494860302699,2.3808562018310795,-1.4990861882188258,0.9998459842282005,152,103,0.6776315789473685,1.1059214398959099,ok,1315.375459946077,-170.9991688958023,0.9726487602685666
723,-1.1722297910439465,8.634185916585238,-0.29622531465502633,0.999547969352421,159,112,0.7044025157232704,0.7596179143421796,ok,1316.7385996049932,-179.60527948046604,1.268874074923593
724,-1.7419258928966883,2.6857991487464687,0.034384072887477295,0.9996346745468703,160,132,0.825,1.2728162327545895,ok,1318.5379847127658,-182.25292676016124,1.2344900020361156
725,-4.708634929460004,5.279623318176391,0.31797192404535807,0.9991330670145777,184,159,0.8641304347826086,0.902413751751304,ok,1323.3304678473728,-187.45655728944257,0.9165180779907575
726,-4.493844122336441,3.270821707796813,0.6388787920266707,0.9995390849343362,169,108,0.6390532544378699,0.4374046758810471,ok,1327.8401086329068,-190.70556477258276,0.27763928596408594
727,-1.7769113086321795,1.0557896125169464,0.4265521430244999,0.9999141973613273,155,108,0.6967741935483871,0.571905503664039,ok,1329.6142699252462,-191.76596904143935,-0.1489128570604145
728,-0.8889940263015887,2.044519557154217,0.5434624305224535,0.9997767384983202,154,113,0.7337662337662337,0.40893438480604244,ok,1330.478493203021,-193.8210818666969,-0.6923752875828686
729,0.11579858995901304,1.9454452820899633,0.3411933701182813,1.000114910371828,166,123,0.7409638554216867,0.5720459715155743,ok,1330.3276211269047,-195.76412182400372,-1.0335686577011503
730,0.13313275866380536,1.6393066116630735,0.012223744135754023,0.99989205138221,195,173,0.8871794871794871,0.7045487068868371,ok,1330.1645907280295,-197.40072549854278,-1.0457924018369045
731,0.35979139709684205,0.2688097952741373,-0.12080797923986594,0.9998978025029424,187,165,0.8823529411764706,0.9410354792344928,ok,1329.8005067328388,-197.6636920361601,-0.9249844225970385
732,0.6055761122449894,1.799549239756061,-0.5055588514018653,0.9999072232591242,172,124,0.7209302325581395,0.4731101002041612,ok,1329.181773620664,-199.45876006549133,-0.4194255711951729
733,0.9217829656497543,1.2747155965222419,-0.7780519881028849,0.999881114056046,159,109,0.6855345911949685,0.4466945160733563,ok,1328.2679873743923,-200.7392202889672,0.3586264169077126
734,0.4972852134360437,0.7509228790318048,-0.4887421845154287,0.9998701809007798,201,140,0.6965174129353234,0.375831336618295,ok,1327.7818618174613,-201.49741531444158,0.8473686014231414
735,0.9012437587475688,1.2028807501831125,-0.6220208956116443,0.9999542847288707,179,126,0.7039106145251397,0.422787116759031,ok,1326.9117597360416,-202.72301099807942,1.4693894970347856
736,0.5369165838803838,0.7981667837188979,-0.028727930676290165,1.0001829063214822,186,161,0.8655913978494624,0.6877846050684165,ok,1326.3958940327338,-203.5349421582332,1.4981174277110758
737,0.27218782597924474,1.153727423209716,0.4432888192276276,0.9996647760443995,178,120,0.6741573033707865,0.47959271599251085,ok,1326.1449915226585,-204.69348482473947,1.054828608483448
738,-0.19037553952603048,1.1071312450978894,0.7511266454958198,0.999819207639301,171,128,0.7485380116959064,0.49397460599075577,ok,1326.3412328192724,-205.79959141699226,0.30370196298762864
739,-0.1910519690509318,1.206923027299922,0.38617596418634975,0.9998725505118371,186,152,0.8172043010752689,0.6010528417309035,ok,1326.5305472942496,-207.00678820222186,-0.08247400119872103
740,-0.10713035044022945,0.5313341324178964,0.05872177866904118,0.9999977809120714,200,172,0.86,0.3955046559534572,ok,1326.636367937412,-207.53838472566656,-0.1411957798677622
741,-0.656570677511354,1.4989180865122762,0.06340564124501862,0.999937382816591,181,168,0.9281767955801105,0.4735308160117273,ok,1327.2875818508692,-209.03963784341897,-0.20460142111278082
742,1.4834241904361534,-7.434442659440492,-0.4810568004797707,0.999778255120187,176,145,0.8238636363636364,1.186168140533069,ok,1325.7683034608576,-201.6124393029918,0.2764553793669897
743,-6.531320658755703,10.597704399840495,-0.39468299594989104,0.9994751303385964,166,111,0.6686746987951807,0.7993077940599886,ok,1332.4233102106502,-212.13291330629158,0.6711383753168807
744,0.1489818114832815,2.6029128585744274,-0.052930393468756956,1.0001079013693648,153,116,0.7581699346405228,2.045336202105497,ok,1332.307233429305,-214.7375010107695,0.7240687687856375
745,2.8033703790395066,5.331231377601853,-0.11649764712607932,0.9998103005477827,166,108,0.6506024096385542,0.6270223286220018,ok,1329.5823745590324,-220.1092844781757,0.840566415911717
746,3.3929167288476947,3.721634484642891,0.17774683833402175,0.9996405395320365,183,144,0.7868852459016393,0.5142616975695509,ok,1326.232737196903,-223.86991962511615,0.6628195775776953
747,0.010276125837435757,-0.012517752695885065,-0.0009190875043119035,1.0000101532563674,245,243,0.9918367346938776,0.010765469194831106,ok,1326.2223167528555,-223.85752175269238,0.6637386650820072
748,3.510553032872849,4.845926213509983,0.9809810602749364,0.9999373063121252,164,114,0.6951219512195121,0.47394362306327775,ok,1322.684986142668,-228.6839361171692,-0.31724239519292846
749,-0.3833109583804344,1.0526160080596583,0.424009130482833,0.9999585624392232,195,150,0.7692307692307693,0.4048216805706367,ok,1323.0546474156597,-229.74142289935048,-0.7412515256757611
750,-2.081385957044631,2.380006678381619,0.6580809542767523,1.0001892929519496,168,118,0.7023809523809523,0.565559024646939,ok,1325.0772916226817,-232.1715483494296,-1.399332479952513
751,-2.143847569605441,2.012093434561052,0.18338554040819965,0.999678434612826,203,180,0.8866995073891626,0.7140063438362343,ok,1327.1647470187893,-234.242087496698,-1.5827180203607125
752,-1.0089513741384053,0.41234757803999855,-0.06540898473648599,0.9997357049384074,204,189,0.9264705882352942,0.8613133872593706,ok,1328.1624260975132,-234.68100646002415,-1.517309035624227
753,-1.2036874531352169,1.934720100219124,-0.5437701211913069,0.9996573318899954,196,143,0.7295918367346939,0.396292064268637,ok,1329.3330676603782,-236.63589870317185,-0.9735389144329203
754,-0.202352044905183,1.4208257904842867,-0.9019399157138253,1.0000175368221267,178,133,0.7471910112359551,0.5413077682328141,ok,1329.5336440294684,-238.05697625107177,-0.07159899871909535
755,-0.13641878154408005,1.3353913828334498,-0.32697263508153146,0.9998718482194211,190,148,0.7789473684210526,0.49974367715065415,ok,1329.6760134235954,-239.3917463379854,0.2553736363624361
756,-0.008374955863928335,1.2580885128857062,-0.18710770785500352,0.9998104612504491,196,159,0.8112244897959183,0.470531892292631,ok,1329.6941039441708,-240.64973265715025,0.44248134421743957
757,0.07936393043564749,0.8729209645684932,-0.04231429566504498,1.0000223850138112,185,172,0.9297297297297298,0.5702841216113566,ok,1329.622128795348,-241.52329388670955,0.4847956398824846
758,-0.1674688906573465,1.1888385056813604,0.12130684321021475,1.0000555798716948,184,163,0.8858695652173914,0.48512523442759964,ok,1329.7971363475235,-242.71104604040602,0.36348879667226985
759,-0.11343317785053841,0.621185047274821,0.09148983149946853,0.9999813870230219,184,173,0.9402173913043478,0.5633432391394528,ok,1329.9135171738994,-243.33168559122987,0.2719989651728013
760,-0.47413344222741216,1.0898812882307993,0.3194560168597857,0.9998631223109992,168,131,0.7797619047619048,0.6136800059714282,ok,1330.3867477247493,-244.42195922166206,-0.047457051686984324
761,-0.3036513120023301,0.9906220274390307,0.29242981404824403,0.999783858949559,180,138,0.7666666666666667,0.49215039064762056,ok,1330.684517215037,-245.4143651120021,-0.33988686573522836
762,-0.35662028547699265,0.9756236145503863,0.129176331407906,0.999994336131892,176,156,0.8863636363636364,0.7006723274717379,ok,1331.033138503991,-246.3928755422836,-0.4690631971431344
763,-0.28135405069883745,-0.5717452732121728,-0.061957230476825796,0.9997514549110862,186,168,0.9032258064516129,0.6328161363210281,ok,1331.3185478626247,-245.8231438007689,-0.40710596666630855
764,10.635146072928137,-0.15562160260105884,-0.9694753988854715,1.000238710264996,167,104,0.6227544910179641,1.1605573825155406,ok,1320.6823866382015,-245.77191408484498,0.5623694322191628
765,-0.7429147000432295,7.503200453356044,-0.2914993366555386,0.9993884320840188,131,96,0.732824427480916,0.763598573173411,ok,1321.5370335585467,-253.26321023012758,0.8538687688747014
766,-2.9568322320246807,5.266688834356955,0.0038052512662306442,0.9996505468276853,159,116,0.7295597484276729,0.6693536978199882,ok,1324.5716762428067,-258.48545226828946,0.8500635176084708
767,-1.4390235710532124,1.7987059911664574,0.08814640953192497,0.9996746926440435,187,150,0.8021390374331551,0.800382943316461,ok,1326.0344909995542,-260.26486370698115,0.7619171080765458
768,-4.270006438448718,4.719616925974378,0.5239945767613977,0.9997713579928096,173,136,0.7861271676300579,0.6783301184136961,ok,1330.3240589248885,-264.96670865617716,0.2379225313151481
769,-0.6763541695268032,1.5084645579506741,0.19782369919661322,0.999827831595961,169,154,0.9112426035502958,0.7978107404699399,ok,1331.0014686376371,-266.4746994937831,0.04009883211853486
770,0.34779302711581295,2.452130896964718,0.39782462671646823,0.9995698669531043,174,137,0.7873563218390804,0.5872447888130249,ok,1330.63837262673,-268.9246111681955,-0.35772579459793324
771,2.3957583712642645,2.4126556691148835,0.27525968475199536,1.0000993560842173,184,144,0.782608695652174,0.4781424752478147,ok,1328.2161067492755,-271.31065256978843,-0.6329854793499285
772,2.221346520971565,1.9223370817846899,0.08235411072056677,1.0005912150290461,178,164,0.9213483146067416,0.8782035077975163,ok,1325.9709335385905,-273.2051069704693,-0.7153395900704953
773,1.1188830441508344,0.6374193272647517,-0.022835401687890736,1.0004290553536934,185,164,0.8864864864864865,0.7048052835574838,ok,1324.844428251103,-273.828956714015,-0.6925041883826046
774,1.564596661606629,2.581764924452955,-0.37722653343958507,0.9998719033157779,185,143,0.772972972972973,0.6320205931213692,ok,1323.265648843094,-276.40207319398496,-0.31527765494301974
775,0.06442991126550623,0.5664563040774055,-0.17600769273311476,0.9999268878965761,183,149,0.8142076502732241,0.6774058968438494,ok,1323.1998422272013,-276.9683712137586,-0.13926996220990498
776,-0.2018188069059761,2.0551977688957095,-0.5912224847561863,0.9997946874810715,142,112,0.7887323943661971,0.545177056518293,ok,1323.4178661097417,-279.02191310199385,0.45195252254628115
777,-0.24037675717363527,0.3603244315975189,-0.1141037188510768,0.9998089266208119,190,176,0.9263157894736842,0.6573271246813478,ok,1323.6617909195606,-279.37984517453026,0.566056241397358
778,-0.7286225841990017,0.8074837371456169,-0.09874851421344155,0.9998606705117188,174,160,0.9195402298850575,1.0799875251146136,ok,1324.399733506259,-280.1788205150108,0.6648047556107995
779,-0.4033644832079517,1.142393846273876,0.08548195565985871,1.0000235379321853,193,176,0.9119170984455959,0.42066832490641026,ok,1324.8146280213443,-281.3170775807348,0.5793227999509408
780,-0.39403369027741064,1.6250650008323646,0.5166163637192571,0.9998205361734327,173,137,0.791907514450867,0.5371590595163167,ok,1325.2104400013052,-282.9417103646349,0.06270643623168372
781,0.004257169541915573,0.6742329836602039,0.17742807721595008,1.0000838068345106,167,153,0.9161676646706587,0.768613125777652,ok,1325.2048328444814,-283.61593347276755,-0.11472164098426635
782,-0.28853203891571866,1.0127814015447711,0.7158361944288281,0.9998414323891989,174,133,0.764367816091954,0.5758527052060676,ok,1325.478653835369,-284.6327908716909,-0.8305578354130939
783,-0.2149129087874826,1.064868609748828,0.3341810987125405,0.9997676822239959,170,136,0.8,0.5807736701305536,ok,1325.6718766175575,-285.7018080234873,-1.1647389341256342
784,-0.40149167386471163,-0.26821908135787,-0.10694916091247923,0.9997669201448562,181,163,0.9005524861878453,0.7836468384094274,ok,1326.0782514271057,-285.44104653485874,-1.057789773213155
785,8.374526347534129,1.3491037437638624,-1.5065695424295997,1.0000739360653954,134,82,0.6119402985074627,1.116548304736358,ok,1317.714548966876,-286.8557032471839,0.4487797692164442
786,-1.164289588170277,7.918974370163596,-0.34280520043857854,0.9994670916949568,134,94,0.7014925373134329,0.7959715314229672,ok,1318.9881306405136,-294.7578368224282,0.7915849696550225
787,0.018302187427025274,-0.010300918058874231,-0.001473424424553321,1.0000310804816783,261,261,1.0,0.020366728649477597,ok,1318.9696876308856,-294.74779021238703,0.7930583940795759
788,-7.763545592896662,9.382254895501774,0.13717623934562564,0.999410588849551,150,103,0.6866666666666666,0.7686330990668782,ok,1326.8401237288765,-304.0405606671328,0.6558821547339502
789,-3.407240451304915,2.6556914314121514,0.4269730989337628,0.9998784665125545,164,129,0.7865853658536586,0.7211327520265989,ok,1330.257947022007,-306.682618276046,0.22890905580018778
790,-1.2311036902642627,1.2144747959164306,0.2505186769521077,1.0000184753280252,190,169,0.8894736842105263,0.8055439818075255,ok,1331.4885925745734,-307.8975573074573,-0.021609621151919722
791,-0.9676625174317905,1.624275506876529,0.7186138147111711,0.9999700096995104,156,115,0.7371794871794872,0.5431225506295202,ok,1332.4351903596819,-309.53419847249904,-0.7402234358630901
792,-0.14439406695964863,1.7865499352841425,0.6102690354038399,0.999767919355335,164,119,0.725609756097561,0.5395518257052638,ok,1332.5374382700568,-311.32365528467983,-1.3504924712669295
793,0.2641346022151083,2.5469413988073484,0.2392755669147802,1.000137357270942,173,153,0.884393063583815,1.0096120563057767,ok,1332.2027452197383,-313.8622884088463,-1.5897680381817096
794,0.14293472529493556,0.3474673422590513,-0.0924785609199802,1.0000242574079412,192,181,0.9427083333333334,0.7596887125281083,ok,1332.0507800953058,-314.20590227729156,-1.4972894772617296
795,0.6305173954490328,1.459098116193445,-0.4886923031234846,0.9997533289604654,184,142,0.7717391304347826,0.4504862800430807,ok,1331.3946767130237,-315.6536756885687,-1.0085971741382456
796,1.2610085503574737,1.861962467438616,-1.0598824404248877,0.9998535927792265,161,121,0.7515527950310559,0.5687760458474992,ok,1330.1353353041643,-317.5167661346171,0.051285266286641026
797,0.35587927557412513,0.605879109587022,-0.2669442667069744,0.99991755469165,180,140,0.7777777777777778,0.510098522642248,ok,1329.7828266458177,-318.12461249679086,0.31822953299361517
798,0.7629898635950667,1.2429896781884509,-0.43872360827225315,0.9996403636076358,197,155,0.7868020304568528,0.49324561306678416,ok,1329.0363244294501,-319.37757351493565,0.756953141265868
799,0.7340480307223061,1.145038058349428,-0.197573184229286,0.9999162169532474,177,140,0.7909604519774012,0.4962624918828177,ok,1328.3214532861532,-320.53468107906156,0.9545263254951537
800,0.11633613439721557,1.2739020983781302,0.10428430166179779,1.000008895742297,167,155,0.9281437125748503,0.5436619419475099,ok,1328.2240333661618,-321.8101692254618,0.8502420238333559
801,0.0320748560507127,1.2157439906522995,0.39008236500657145,0.9997303241164883,186,144,0.7741935483870968,0.5887502600567199,ok,1328.2017234456703,-323.0261316075464,0.4601596588267849
802,-0.018700901308875473,1.1267890074846036,0.20685122596796554,1.000175920853363,177,141,0.7966101694915254,1.1321336070425816,ok,1328.2254057567577,-324.15282692538494,0.25330843285881954
803,-0.31360283826370505,1.8567581163059685,0.5585033502869006,0.9997659480632306,180,145,0.8055555555555556,0.576532779989351,ok,1328.5291138807586,-326.0112291472011,-0.30519491742808036
804,-0.21270144975801486,1.3267794256305478,0.13990007001649352,0.9999519503595865,195,179,0.9179487179487179,0.5848893376666252,ok,1328.7315020987148,-327.33962086662643,-0.44509498744457376
805,-0.25114571425615395,0.4877795688031483,-0.004839778305667548,0.9997970470302006,211,201,0.95260663507109,0.37209365287266166,ok,1328.9788923849044,-327.8293157959755,-0.44025520913890626
806,-0.5357958919153134,2.2196798089180447,-1.6100444983021338,1.0008038576952911,136,99,0.7279411764705882,1.2027776154911336,ok,1329.559891942079,-330.03759458418926,1.1697892891632249
807,0.6006201605082424,4.122118152738494,-0.3807005825690634,0.9997255815209776,184,136,0.7391304347826086,0.47358847893990474,ok,1329.0710273439988,-334.1744549936168,1.5504898717322877
808,2.5456891747508053,6.347587469961354,-0.39732719436055786,0.9996501822619818,169,119,0.7041420118343196,0.5541944048264491,ok,1326.7425589586412,-340.60490093784506,1.947817066092845
809,4.242673295168515,3.8792182020340533,0.20146627158860703,0.9997401192652932,162,123,0.7592592592592593,0.45367152810152794,ok,1322.6200748430701,-344.6116122158627,1.7463507945042385
810,3.8969155949289416,2.5171903004029446,0.7093577839795668,1.000055970206353,163,128,0.7852760736196319,0.47272596555248847,ok,1318.7693534852824,-347.19891644751385,1.0369930105246727
811,1.3545835717861792,0.9926415813281437,0.45565869399305736,0.9999272751333274,177,142,0.8022598870056498,0.5071805944558821,ok,1317.4249110020298,-348.20525057252416,0.5813343165316158
812,1.5373866436771095,2.4717894176271784,1.111707390075201,0.999997095180569,198,158,0.797979797979798,0.42467915655063176,ok,1315.8647097995815,-350.66270307972127,-0.5303730735435839
813,-0.15649103048554025,1.4884874822117808,0.45258480858516426,0.9997757102809118,227,194,0.8546255506607929,0.4579865726147442,ok,1315.9956427836607,-352.15365612425455,-0.9829578821287474
814,-0.47580275939526473,1.5712876207298905,0.15698139934092128,0.9999454073635168,219,196,0.8949771689497716,0.552617018743438,ok,1316.4400915807364,-353.7340985685356,-1.1399392814696685
815,0.007105765258302199,0.0011662082922612171,0.0001446302487656885,1.0000063227846465,287,287,1.0,0.008334699074341298,ok,1316.4329640182214,-353.7351231632258,-1.140083911718434
816,-1.7133225291447616,2.6292031703252405,-0.6120911780427192,0.9996647549891844,204,165,0.8088235294117647,0.6262931358152773,ok,1318.1219854793835,-356.38000310444374,-0.5279927336757155
817,-0.3275199695701758,0.5018351559558596,-0.29434860470251417,1.000025803878978,215,178,0.827906976744186,0.5092702409400427,ok,1318.4474563183026,-356.88316966457455,-0.2336441289732018
818,-1.4633296311521917,1.874042799249878,-0.8902030893369001,0.9998264563957752,210,172,0.819047619047619,0.4992081511145975,ok,1319.9321642777072,-358.7403213272313,0.6565589603636965
819,-0.43606668982215524,0.5664124165300564,-0.23397440640989414,0.9999077343466659,215,177,0.8232558139534883,0.381579887602343,ok,1320.3769815429043,-359.2998879310902,0.8905333667735904
820,-0.79202466800416,1.2062797937152254,-0.25420971177129364,0.9997730574108633,201,167,0.8308457711442786,0.4816422295005328,ok,1321.1929474421565,-360.4901037378704,1.1447430785448836
821,-0.8169426716667658,1.900493006169654,0.1946207145696903,0.9998665214203806,208,194,0.9326923076923077,0.6001391412065971,ok,1322.0412917734345,-362.3767888973176,0.9501223639751936
822,-0.15492562919098418,0.8404753649529084,0.1897396983150908,1.0000598922956927,226,208,0.9203539823008849,0.6580093785629029,ok,1322.2073575331015,-363.2151342635832,0.760382665660103
823,-0.3493239227527738,1.1293083491160587,0.602261114137207,0.9998436230736237,211,166,0.7867298578199052,0.5183116560089436,ok,1322.5597967209778,-364.34347426962745,0.15812155152289695
824,-0.15102808358756192,1.0789772512041509,0.4657993051841565,0.9998553130933148,233,192,0.8240343347639485,0.39472087456863025,ok,1322.7050285579621,-365.42324697912443,-0.307677753661259
825,-0.22598474540563984,1.0598359622963471,0.3221417591236988,0.9996516287789259,216,177,0.8194444444444444,0.5201198408704621,ok,1322.9193497184033,-366.48550298043483,-0.6298195127849573
826,-0.6182574179856601,0.6894269796243861,0.012512219682827548,0.9997219238626497,246,234,0.9512195121951219,0.5526366782131633,ok,1323.5298394162642,-367.18181765350573,-0.6423317324677846
827,-0.0868464091443002,-0.6552419776904799,-0.06775821374947937,0.9998830551972766,253,249,0.9841897233201581,0.26121598539502255,ok,1323.6232522458688,-366.5274795212116,-0.5745735187183055
828,8.324065148360205,-2.4660784036998393,-1.4930645628958708,1.001040952305615,192,128,0.6666666666666666,1.1378246061839874,ok,1315.2607253944038,-364.1951527975573,0.9184910441775626
829,-1.354118139932325,7.9424484625544665,-0.45702528963639577,0.9995066398628552,200,166,0.83,0.6090454821571216,ok,1316.8051116697159,-372.1028069724598,1.3755163338139573
830,-3.533330380898178,5.601945362697279,-0.028598001193441767,0.9996135820889235,183,147,0.8032786885245902,0.5067827431477906,ok,1320.474650982296,-377.61648964927895,1.404114335007399
831,-4.0628193931790975,4.133322922363504,0.3840073975847929,0.9996162180848187,216,190,0.8796296296296297,1.0348032302194603,ok,1324.610413177614,-381.67682594888595,1.020106937422607
832,-3.2016950613333393,2.6331863877703654,0.6757956940880361,0.999741841460401,199,158,0.7939698492462312,0.5355372668247805,ok,1327.8278741110466,-384.2907247534189,0.34431124333457214
833,-1.126019722394176,1.957231377556809,0.8500235386227406,0.9998967080843517,224,188,0.8392857142857143,0.3731170108248454,ok,1328.9365749984638,-386.25781840211835,-0.5057122952881672
834,0.0064969023071626,1.8208123506967695,0.6947486183711666,0.9999488636471213,221,180,0.8144796380090498,0.4465638235494626,ok,1328.8919326611124,-388.07809499865675,-1.2004609136593325
835,0.38948920575398915,1.7032577571067122,0.36623019932635015,0.9998401953353782,218,176,0.8073394495412844,0.39490358583975993,ok,1328.456021117495,-389.77006720725956,-1.566691112985682
836,0.3022631238611666,1.2971680671737431,-0.03488821834914657,0.9999433555607227,222,205,0.9234234234234234,0.6870410018800052,ok,1328.1191903477359,-391.0586916766397,-1.5318028946365356
837,0.7396680539770841,1.447779882334089,-0.5295921208647336,1.0000712543792585,203,165,0.812807881773399,0.4037358333097605,ok,1327.354312350028,-392.49331255561367,-1.002210773771803
838,0.8783993717313479,1.3894876158034322,-0.8163292619785041,0.9996670768952923,237,196,0.8270042194092827,0.5004555007506452,ok,1326.471409771415,-393.879943121917,-0.1858815117933005
839,0.23021035727833805,0.6002385243630215,-0.35918825614181066,0.9999596940212255,221,180,0.8144796380090498,0.3556269143136038,ok,1326.2430160499582,-394.48087523349636,0.17330674434850954
840,0.7828373540933171,1.2888009682576467,-0.49923781482536256,0.9998853759266796,224,178,0.7946428571428571,0.4197050309033893,ok,1325.4753603752972,-395.7787762404711,0.6725445591738713
841,0.5325802839636253,0.9444033718339142,-0.30906210087651775,0.9997514258700988,238,201,0.8445378151260504,0.3267448214925063,ok,1324.959037229815,-396.73216487950447,0.9816066600503885
842,0.16045324734500355,0.796466860455439,-0.034210767855765885,0.9998923937893105,251,239,0.952191235059761,0.46622324748741195,ok,1324.812729306375,-397.5313511506116,1.0158174279061545
843,-0.09234875399920384,1.3600315058736214,0.21337053575139547,1.0000301833499603,241,232,0.9626556016597511,0.7836708356263957,ok,1324.9241160848585,-398.8899559404284,0.8024468921547593
844,-0.4238713428972005,0.9631083898200359,0.4326866561028305,0.9998691838499199,246,205,0.8333333333333334,0.5325746818485149,ok,1325.3541940102432,-399.8503088255534,0.36976023605192937
845,-0.31438848236643935,1.0143918094604487,0.5205478248201689,0.9997212099722214,228,196,0.8596491228070176,0.4021278539243017,ok,1325.6659117915617,-400.86552450990564,-0.15078758876823886
846,-0.3363529082057539,0.87526740933572,0.4300351982929159,0.999735539066235,218,184,0.8440366972477065,0.4150541478264813,ok,1325.9933747473024,-401.7441565883786,-0.5808227870611542
847,-0.6821625694319664,1.1799462962028429,0.05781136761845706,0.9997404468641693,249,235,0.9437751004016064,0.43063658956326006,ok,1326.6623432153149,-402.9316329973492,-0.6386341546796112
848,-0.2219426457238569,-0.10949163803354622,-0.062419567109341614,0.9999213683777932,251,239,0.952191235059761,0.4042140070437107,ok,1326.8853757590016,-402.8243789007058,-0.5762145875702697
849,0.4510770181243515,-3.1632626108278146,-0.41105582071948044,0.9990350638315126,236,202,0.8559322033898306,0.878770318215818,ok,1326.4434189100666,-399.6598291752283,-0.16515876685078967
