frame,step_center_dx,step_center_dy_down,step_rotation_deg,ransac_scale_diagnostic,good_matches,inliers,inlier_ratio,median_reprojection_error_px,status,center_x_in_reference,center_y_in_reference,rotation_to_reference_deg
224,0.0,0.0,0.0,nan,0,0,0.0,nan,reference,1280.0,720.0,0.0
225,0.0413308452975798,0.0029528919968697664,0.00021075447316526872,1.000027419835609,697,680,0.975609756097561,0.08530100777433491,ok,1279.958669143841,719.9970472600329,-0.00021075447316526877
226,0.009334442176168523,0.00015633435202744295,-0.00032983841392701885,0.9999820609019452,685,675,0.9854014598540146,0.09168151462914613,ok,1279.9493347019898,719.9968909062801,0.0001190839407617502
227,0.047422305364761996,-0.008121664087298086,0.0002953316467582338,1.0000079547723455,688,674,0.9796511627906976,0.10840956623490444,ok,1279.9019124216086,720.0050127162434,-0.00017624770599648367
228,0.019914846130177466,-0.003938163931479721,-0.0002919687502200688,1.0000078683384233,751,739,0.9840213049267643,0.04397811393292999,ok,1279.8819975675246,720.0089508399524,0.00011572104422358508
229,0.0022544393173120625,-0.0011719567110048956,0.000688827969909892,1.0000107787637555,714,703,0.9845938375350141,0.06311648607295124,ok,1279.87974313993,720.0101228192137,-0.0005731069256863069
230,0.04944688400769337,-0.02257882968683589,-5.1785268191980966e-05,1.000019767497965,690,668,0.9681159420289855,0.13013065373352067,ok,1279.8302964613642,720.0327020988059,-0.000521321657494326
231,0.08948073693932201,-0.004963379276887281,0.00029731564032152647,0.9999868943421711,667,649,0.9730134932533733,0.1250127063679466,ok,1279.7408157953507,720.0376667565755,-0.0008186372978158525
232,0.01711399075884401,-0.04555775372887183,0.0002531712857209317,1.0000179171913228,668,650,0.9730538922155688,0.11532132585039259,ok,1279.7237026568253,720.0832248304407,-0.001071808583536784
233,0.028848565705402507,-0.015126881766036604,-0.00014185573985429862,1.000010107461502,675,666,0.9866666666666667,0.08716240459062495,ok,1279.694854336644,720.0983521804384,-0.0009299528436824855
234,0.056951177848304724,-0.013851673530098196,-6.143732467972981e-05,1.0000219266641035,701,692,0.9871611982881597,0.0970579128213663,ok,1279.6379033687724,720.1122047172588,-0.0008685155190027556
235,0.026439191377903626,-0.025949238260182028,0.0004436159139858898,1.0000157152608906,660,649,0.9833333333333333,0.09815499397900479,ok,1279.6114647716654,720.1381545609966,-0.0013121314329886456
236,-4.2574431894736335,6.018041036143131,-0.6543947619381854,0.998976440136064,365,276,0.7561643835616438,1.3977052198378925,ok,1283.937226198545,714.1690316353047,0.6530826305051972
237,-3.354125817551221,9.767879788567939,-0.3271842085216532,0.9991345173372794,438,361,0.8242009132420092,0.7262093795341037,ok,1287.4579704967603,704.4599639586193,0.9802668390268506
238,-1.8779236321147437,6.229319729854637,-0.19327927093962904,0.9996248862152225,429,334,0.7785547785547785,0.5334007604737733,ok,1289.4630817500529,698.2704122521761,1.17354610996648
239,-1.4258027492351175,6.894407733552043,0.07668506329625827,0.9995806806117901,449,356,0.7928730512249443,0.4815535626378523,ok,1291.0206005926882,691.4045615014662,1.0968610466702216
240,-0.0028325475022938917,1.4645499327364178,0.34297700836088096,0.9999806799755974,469,385,0.8208955223880597,0.3092864892561108,ok,1291.0427025335146,689.9401756120861,0.7538840383093403
241,-0.5274033355556185,2.2658603248754616,0.6707777918512414,0.9999363550650181,404,312,0.7722772277227723,0.4069399498452678,ok,1291.573391892833,687.6750826572371,0.083106246458098
242,-0.5103596618769188,2.2743168557828994,0.2302644592177526,1.000039538720782,468,415,0.8867521367521367,0.3738787334322262,ok,1292.0779085329993,685.3994624989584,-0.1471582127596549
243,-0.34079677188151436,2.048757353210476,0.45366349428818575,0.9999993757553333,446,355,0.7959641255605381,0.4426876552722241,ok,1292.3972030422253,683.3472441508196,-0.6008217070478412
244,-0.6025123986930794,1.689592983912803,0.059736605200401395,0.9999740802151385,465,409,0.8795698924731182,0.4169610967971794,ok,1292.9801966530883,681.6508172907521,-0.6605583122482427
245,-0.4090125731124772,0.6471460025744591,-0.07916981442111891,0.999974726408973,490,436,0.889795918367347,0.3787945898119415,ok,1293.3826215988113,680.9995543663722,-0.5813884978271237
246,-0.2654312633817426,2.0913236297622007,-0.31973617462707016,1.0000285905930686,477,420,0.8805031446540881,0.562936806526985,ok,1293.6384996914567,678.9070404042476,-0.26165232320005327
247,10.581428672131551,9.224590443641091,-0.5678513495280331,0.9983858845981547,349,254,0.7277936962750716,1.5997282273292164,ok,1283.106519771152,669.6260328859539,0.30619902632798013
248,8.45303438037854,20.661658486249962,-0.5738896644318057,0.9986134265151753,400,315,0.7875,1.074771771450624,ok,1274.9718423856343,648.8369745746252,0.8800886907597862
249,2.5666479365618216,6.911141878317608,-0.21235173619628728,0.9994313719818994,471,380,0.8067940552016986,0.468837609383699,ok,1272.5374255352785,641.8781543950835,1.0924404269560737
250,2.607328133089595,8.429016949778543,-0.14577232826936207,0.999562130379013,403,312,0.7741935483870968,0.5900155136493181,ok,1270.1128506040363,633.3947633787477,1.238212755225436
251,1.3776927394753784,5.8185303828201995,0.26359533141944513,0.9999964505561382,499,420,0.8416833667334669,0.5482151825210211,ok,1268.8343272526893,627.5536409574775,0.9746174238059905
252,0.6422891896118017,2.850000388036051,0.23156193356080285,0.9999733099680285,520,440,0.8461538461538461,0.46318652500739343,ok,1268.2290520239992,624.6955507712812,0.7430554902451874
253,1.6962336205788233,6.749449106087695,0.941560538858774,0.9998163345586369,499,393,0.7875751503006012,0.4755219783274571,ok,1266.5094447138426,617.9520188754491,-0.19850504861358811
254,0.5044915028872765,2.759342263917688,0.5630009631948548,0.9998448744197186,477,372,0.779874213836478,0.4499145837385614,ok,1265.968325017169,615.199625211781,-0.7615060118084438
255,0.5425026579309815,2.373493349251021,0.26900698129747114,1.0001453582867792,524,443,0.8454198473282443,0.4667111629528845,ok,1265.3832231228803,612.8362725960884,-1.0305129931059154
256,0.7690865149083947,0.6161396325990154,-0.0029902981008023822,1.0001385650746943,541,505,0.933456561922366,0.7006690550617557,ok,1264.603211237094,612.2340238332795,-1.027522695005113
257,1.7192973148291912,-3.9212834751147057,-0.21367022710817213,0.9997443215728047,469,399,0.8507462686567164,0.8355069618780746,ok,1262.9397849927984,616.1793325003896,-0.8138524678969405
258,-5.411176100631792,10.008531508615533,-0.296142501954064,0.9992776642888191,471,400,0.8492569002123143,0.7669098937374438,ok,1268.2603069054096,606.1223162267413,-0.5177099659428761
259,-3.076788091896333,12.119330324611383,-0.7236142028095484,0.9991369414963984,489,414,0.8466257668711656,0.7212043896549709,ok,1271.380628356372,594.0141212117053,0.205904236866673
260,-0.6377114927390721,2.956921483637643,-0.27276929806851397,0.9995504078176405,525,451,0.8590476190476191,0.5583473581980486,ok,1272.043020698126,591.062630572392,0.4786735349351873
261,0.3991467578778156,3.4365698431198552,-0.4725929202924836,0.9998527412597804,502,416,0.8286852589641435,0.3511540775609201,ok,1271.7009827773863,587.6199077427491,0.9512664552276716
262,0.33516921589944104,1.7569915843046147,-0.13373730507384082,0.9996527541570932,563,521,0.9253996447602132,0.4259385474684201,ok,1271.3991436208148,585.8568845000879,1.0850037603015126
263,0.1172206895250838,2.1005601976496564,0.20763194922444156,1.000127353202734,543,481,0.8858195211786372,0.3900951418184643,ok,1271.3141013521563,583.7547756431197,0.8773718110770709
264,0.1280788075023338,1.1820664704280262,0.49953576197749733,0.9999747409460015,515,429,0.8330097087378641,0.4078355426096166,ok,1271.1938203903908,582.571890267575,0.37783604909957297
265,-0.08204162131414705,0.968995251654178,0.2538530076298408,1.0001151718644548,551,482,0.8747731397459165,0.40669051853645993,ok,1271.277958638722,581.6030748153221,0.12398304146973178
266,-0.3296386171211907,1.1325354731259267,0.3486087889605485,0.9999680412425344,526,440,0.8365019011406845,0.3700305186945746,ok,1271.6031546751972,580.469255714386,-0.22462574749081715
267,-0.6598056629904931,1.2913313231279062,0.19335471841515295,1.000052998237751,564,491,0.8705673758865248,0.44777656725015763,ok,1272.2535224279545,579.1731454238709,-0.4179804659059703
268,0.34209516887540303,-3.12714703299298,0.038655458483841214,0.999851248448057,569,501,0.8804920913884007,0.5841170236212218,ok,1271.9363605972958,582.3029195441067,-0.4566359243898116
269,-7.901102465369604,18.034184554278,-0.10434985564498968,0.9989503725459217,500,413,0.826,0.9295767050129475,ok,1279.7264302943727,564.2204958453679,-0.35228606874482177
270,7.583401813530145,6.515205574567972,-0.23269517894491706,0.9993761844170378,525,463,0.8819047619047619,0.6653237708174592,ok,1272.1294461157647,557.7211329431822,-0.11959088979990444
271,4.2506881935478305,2.873042692372337,-0.30901802413336354,0.9998412736308977,532,464,0.8721804511278195,0.3521506005745038,ok,1267.8882797804704,554.8340526624615,0.18942713433345942
272,-1.9380842320199463,0.8647189480850557,-0.17941772342887652,0.999959672472079,558,471,0.8440860215053764,0.2726989087281216,ok,1269.831890492686,553.9818280741382,0.3688448577623362
273,-5.828085854770734,1.7799723858005336,-0.21420952211348185,0.9997312787600547,521,435,0.8349328214971209,0.4538230691023538,ok,1275.6777876606657,552.2612547027898,0.5830543798758184
274,-1.7188019767881997,1.1522454776938957,-0.051859411945615275,0.9999074552315784,567,507,0.8941798941798942,0.3961954603616212,ok,1277.4092522656508,551.128126202592,0.6349137918214339
275,0.08291886711913321,1.0363464259188504,0.09513844614580362,1.0000630785168876,506,460,0.9090909090909091,0.3627560480707855,ok,1277.3361002052006,550.0910446102903,0.5397753456756302
276,0.20273082156518285,1.1341507466264602,0.1877354500153813,1.0001909897910386,535,478,0.8934579439252337,0.4625064626568645,ok,1277.1403416782223,548.955669649671,0.3520398956602487
277,-0.14439011992544692,0.6739775663147611,0.11111363048056425,1.0000436208040415,593,523,0.8819561551433389,0.2941593812100551,ok,1277.287564559673,548.2823051942644,0.2409262651796842
278,-0.7443735644169465,1.3622913577937652,0.2367806741372422,1.0001133298039564,549,479,0.8724954462659381,0.5265663104228913,ok,1278.0320366896608,546.9200676986,0.004145591042441637
279,10.688105033439115,5.470434816688908,0.19552253035095277,0.999277944672124,538,426,0.79182156133829,1.0217843141558307,ok,1267.3257191968908,541.485363287735,-0.19137693930851152
280,0.03684907972797191,6.881179443469819,0.01727533906521638,0.999410523112295,581,513,0.882960413080895,0.4930754096021608,ok,1267.2638114373128,534.6043636643365,-0.20865227837372793
281,-5.624858794839383,6.151650290253201,-0.15866838300842245,0.9995352837666919,566,463,0.8180212014134276,0.5753401633484919,ok,1272.8833014939244,528.4478086813042,-0.049983895365305106
282,-0.37724092669532183,0.17968421127420697,-0.08144769827512631,1.0000092147039865,619,588,0.9499192245557351,0.39633667642554216,ok,1273.2606410367716,528.2683316578192,0.03146380290982139
283,3.1277186589429675,0.10760590234156098,-0.19655327768591183,1.0000198653483412,619,568,0.9176090468497576,0.6265285498011819,ok,1270.1333753781519,528.1482794186117,0.2280170805957337
284,5.3218511862853575,0.08256777830365536,-0.3191293691450976,1.0000898209385338,557,454,0.8150807899461401,0.436365951455425,ok,1264.8125553176312,528.014895122141,0.547146449740832
285,0.8623848976390036,-0.07368847292264036,-0.10209384952386154,0.9999250259829819,588,570,0.9693877551020408,0.43148327107639883,ok,1263.9493908103104,528.0788070617052,0.6492402992646937
286,0.6091495724442666,0.018209243497722127,-0.08482801162724901,0.9999530608269439,604,544,0.9006622516556292,0.34241654418535405,ok,1263.3405245204017,528.0527951573067,0.7340683108919429
287,-0.17361526707281882,0.2436253460265334,0.13318112439882457,1.0000763658454044,587,531,0.9045996592844975,0.4536041680291072,ok,1263.516685204063,527.8110039587089,0.6008871864931181
288,-0.031317477674292604,0.5843878783778109,0.3192856325103871,1.0000932405480771,554,455,0.8212996389891697,0.3681926071822346,ok,1263.5508744848846,527.2267770593969,0.2816015539827304
289,0.16702723662797325,0.418722864218239,0.15275373192213842,0.9999929587580513,599,547,0.9131886477462438,0.4182989555513643,ok,1263.384789301626,526.8076796402964,0.12884782206059167
290,-1.9368788913338904,5.606991550641283,0.261481790560375,0.9994032793282671,541,479,0.8853974121996303,0.8167789100061538,ok,1265.3086833932623,521.1962194370315,-0.1326339684997838
291,7.447986965328482,11.791216828817483,0.1515926314031285,0.9992395100638216,525,461,0.878095238095238,0.701161567823134,ok,1257.8022957380433,509.4420946925228,-0.28422659990291255
292,6.479226473979679,3.024184470005366,0.057134596654546295,0.9998615083801656,564,483,0.8563829787234043,0.35936612924338274,ok,1251.3051666460394,506.4565661008701,-0.34136119655745895
293,9.424554534628896,4.915529941096224,-0.040414211961304576,0.9998389040164389,496,419,0.844758064516129,0.5351358150394223,ok,1241.8549233380193,501.59060636026135,-0.3009469845961544
294,0.644409139116533,0.9131871825300095,-0.059738613909043566,0.9999456444081594,657,627,0.954337899543379,0.3670861941836269,ok,1241.2066755120252,500.68014014726486,-0.2412083706871107
295,0.5183061233269655,2.0313981495785356,-0.18836733779050688,0.9999327427013165,624,546,0.875,0.4265372186465679,ok,1240.6864961524332,498.64922086934087,-0.0528410328966034
296,-0.7334149665712175,1.8432301756392917,-0.37800713091198135,0.9999528098854212,597,501,0.8391959798994975,0.31578849769528605,ok,1241.43035998689,496.81018264533213,0.32516609801537866
297,-0.7542898134036022,1.7162373625586724,-0.22384808951321764,0.9999638556292716,647,541,0.8361669242658424,0.3318907999854642,ok,1242.2010600876647,495.1012516455802,0.5490141875285968
298,-0.3398271886489965,0.8650875625894514,-0.039482046198954984,0.9999838244302802,636,566,0.889937106918239,0.2782763743534066,ok,1242.5497546794857,494.23970008547076,0.5884962337275518
299,-0.057991219123550763,0.5306770302495352,0.023481264613645223,0.9999973853589452,682,639,0.9369501466275659,0.28128474268007175,ok,1242.6129761974478,493.70962072198205,0.5650149691139066
300,2.1270972579588943,-2.0068288786005724,0.467347739191715,0.99997028305141,580,487,0.8396551724137931,0.6036933591963206,ok,1240.4824611614363,495.712820805381,0.09766722992219065
301,2.401860600371265,19.076790227009724,0.4691092217458881,0.9988780517432246,614,514,0.8371335504885994,1.003351389818408,ok,1237.9569792483555,476.65200233356165,-0.37144199182369814
302,-10.439506174793905,6.258205844750819,0.24340566994983778,0.9995014784936753,628,528,0.8407643312101911,0.7779567873567959,ok,1248.3287280940415,470.28213142036003,-0.6148476617735362
303,-6.408101023321706,1.9426917598470936,0.10470639723188156,0.9997002394694318,617,562,0.9108589951377634,0.5099037912471319,ok,1254.7119269640941,468.2591182755125,-0.719554059005418
304,-0.5687861292874459,0.8701718242389234,0.005573225474225203,0.999910252903877,661,576,0.8714069591527988,0.29228773846727596,ok,1255.269655064948,467.3818178537142,-0.7251272844796433
305,0.2638668514632627,0.954530710463473,-0.1120183108840507,0.9999731407719958,640,570,0.890625,0.3554926831867301,ok,1254.995589301663,466.4301653173787,-0.6131089735955924
306,1.39004272909483,0.9361499960543824,-0.2820411843871145,1.000031457362385,592,496,0.8378378378378378,0.28808075335003214,ok,1253.600160524471,465.50206288143363,-0.33106778920847735
307,1.407684209107856,0.7272220212332741,-0.354356081690967,1.000037195768057,654,561,0.8577981651376146,0.2875041441663536,ok,1252.1927720163935,464.7742687566505,0.023288292482490286
308,0.658417330860857,0.09701525071227479,-0.21992286484167706,0.9999960629914626,649,601,0.926040061633282,0.3174313477903985,ok,1251.5347724299531,464.67445951512906,0.24321115732416776
309,0.7964934919762072,0.6149620462826988,-0.3183890861768806,1.0002142196251604,606,541,0.8927392739273927,0.4557066525322133,ok,1250.7443448211968,464.0517200861184,0.5616002435010489
310,-0.21809719986003984,0.19296185624352802,-0.08577304514422729,0.9999819005141294,651,584,0.8970814132104454,0.26513085781984147,ok,1250.9646082898983,463.8612347299687,0.6473732886452764
311,1.5972014161295647,-2.5068100677096936,0.07362072722554025,0.9999561203619947,634,568,0.8958990536277602,0.5255953571254042,ok,1249.342384501054,466.35192520816236,0.5737525614197361
312,-9.290421809080044,19.336833430464367,0.3675839061276716,0.9988876889079044,573,491,0.8568935427574171,1.1506650038544068,ok,1258.7023261644547,447.0486468190935,0.20616865529206382
313,-1.0721520014415091,5.4604318371305,0.24022224839844597,0.999724440925059,659,603,0.9150227617602428,0.42440834429725915,ok,1259.77123258368,441.58757871577507,-0.034053593106382535
314,0.9109867959898565,4.073631782076518,0.19955091418227625,0.9999576985352854,655,596,0.9099236641221374,0.39931419328597323,ok,1258.8436445251682,437.51769502798794,-0.23360450728865909
315,1.6504917497709357,2.241737261467051,0.12938034246334693,1.000104968956656,683,613,0.8975109809663251,0.3029333204311551,ok,1257.1789839572284,435.2864590119963,-0.36298484975200623
316,0.7079495147504531,0.6587134232449898,0.012833590414033825,1.0000593644909512,658,597,0.9072948328267477,0.22935274588274676,ok,1256.4667290241705,434.6324033570764,-0.37581844016604005
317,1.1320200694347022,1.044419776249697,-0.06559435700351617,0.999999800730642,673,611,0.9078751857355126,0.3258003014115656,ok,1255.3290706360021,433.59412810529875,-0.31022408316252376
318,0.7776117370797238,0.5395983255170904,-0.15232356354416118,0.999999598639039,633,552,0.8720379146919431,0.4031750262424879,ok,1254.5499747833744,433.05667483387634,-0.15790051961836232
319,0.4285996060295929,0.5446456055774433,-0.208728175540252,1.000014343512307,618,538,0.8705501618122977,0.23610164182039717,ok,1254.1218585064619,432.51164922768305,0.05082765592189012
320,-0.05989408233722315,0.39528975472080674,-0.1618853306368649,0.9999707517922077,642,579,0.9018691588785047,0.3799256427091202,ok,1254.1832197024771,432.116584555876,0.21271298655875528
321,-0.2541916298769138,0.2635536090099322,-0.05584627653997968,0.999933494260007,656,628,0.9573170731707317,0.30752239317559316,ok,1254.4386438754175,431.85422529570116,0.268559263098735
322,0.9348054291940571,-1.0521611363167267,-0.06903599983029828,1.0000166725992896,673,617,0.9167904903417533,0.29798417942846517,ok,1253.4976552190058,432.9008601870221,0.33759526292903347
323,8.45122643704235,7.072005827446674,0.028703744794808618,0.9993283035396222,657,606,0.9223744292237442,0.7049546750870883,ok,1245.0846778275063,425.7833953206718,0.30889151813422483
324,-1.4538948010215336,10.152274521922891,0.1435916355319916,0.9992729291159365,629,524,0.8330683624801272,0.7387992422287706,ok,1246.5678561254238,415.6353575695837,0.1652998826022329
325,-3.381842286226174,2.313277874838491,0.1904569824518098,0.9996425444301026,666,597,0.8963963963963963,0.3971002988588259,ok,1249.9486823850123,413.32059503800394,-0.025157099849577192
326,3.3501243045984666,0.9891833395045069,0.13963841323154572,1.0000509382554252,636,557,0.8757861635220126,0.32869566654420684,ok,1246.5957268284028,412.34105148572183,-0.16479551308112306
327,2.6800788120206107,0.7154571090098898,0.03401282916298641,1.000126748558883,649,617,0.9506933744221879,0.41489382709666484,ok,1243.9131816192144,411.6348981637489,-0.1988083422441095
328,3.2853895677831133,1.1335889162663761,0.05503777164015256,1.000204626816431,662,603,0.9108761329305136,0.3430370478967265,ok,1240.6228020025274,410.51587608118234,-0.25384611388426215
329,0.3377188064907841,1.1367026950922536,-0.024937250465392254,1.0000342563965472,676,608,0.8994082840236687,0.2838089916017811,ok,1240.280544533616,409.38053171304466,-0.2289088634188699
330,-0.37475260817768685,1.1987734882957284,-0.07242306483258115,0.9999382029907607,648,585,0.9027777777777778,0.3879780411573493,ok,1240.652021667086,408.1807391756092,-0.15648579858628867
331,-0.16000423342393333,1.2956772370196177,-0.26673726302318657,1.0001188851175404,662,609,0.9199395770392749,0.4911282851995188,ok,1240.8145188110402,406.8853722254938,0.11025146443689812
332,-0.18942075348832077,0.6647746629695348,-0.17843605532937815,0.9999113578244697,693,651,0.9393939393939394,0.31467937435154664,ok,1241.0072866448213,406.22156040228055,0.28868751976627643
333,12.788949505416213,5.738685301896112,-0.3031525322826223,0.9997141815527248,657,559,0.8508371385083714,0.7347050954210124,ok,1228.2782964482083,400.3510794151034,0.591840052048899
334,-2.1679768795261225,8.824790835948079,-0.04391113406285639,0.9993921539079854,677,596,0.880354505169867,0.6251143606463474,ok,1230.5440573094177,391.5508871008295,0.6357511861117553
335,-3.7475201971467413,1.4595983181616248,0.07129464483114964,0.9997252273096413,668,646,0.9670658682634731,0.4550220137429758,ok,1234.3057748340261,390.1282781793564,0.5644565412806056
336,-3.878657494490426,-0.43902554314195186,0.37322720314118263,0.9999734661218527,637,559,0.8775510204081632,0.32841510142722724,ok,1238.1829454446354,390.580246589012,0.1912293381394228
337,5.3599641569587675,-0.36272712142204,0.39670532928735147,1.0001133950224803,680,601,0.8838235294117647,0.3629422777730174,ok,1232.824316576093,390.9621934147891,-0.20547599114792894
338,5.89847418578438,-0.7221090261689369,0.16985167392749403,1.0001567931166255,687,610,0.8879184861717613,0.39735778079231615,ok,1226.9306992349982,391.7229258268666,-0.3753276650754231
339,0.8703776326337902,-0.19474407371717462,0.10098905742317235,1.0001442732723678,715,656,0.9174825174825175,0.3343185379385533,ok,1226.061970624775,391.92489879391167,-0.4763167224985956
340,-0.13112458393788984,-0.12289448103547329,0.007322279684928017,1.0000748271036992,758,730,0.9630606860158312,0.3817048833261189,ok,1226.1941278887148,392.0466820750705,-0.48363900218352357
341,-0.6972785178472805,0.16578736656856563,-0.04543462003091265,0.9999826777603723,697,627,0.8995695839311334,0.34812182936875624,ok,1226.8901180659716,391.8755667469229,-0.43820438215261087
342,-0.08532088083006784,0.24223865567046232,-0.04152529552739815,1.0000017940698194,692,625,0.903179190751445,0.2810846693538617,ok,1226.9737598108882,391.6327431947003,-0.3966790866252127
343,-0.4384600880086964,0.5070642556133862,-0.10625925336804086,0.999707520080802,700,663,0.9471428571428572,0.4417410567682212,ok,1227.4096440790092,391.123463003743,-0.2904198332571717
344,6.91841919724834,5.318102712323707,-0.156351435729932,0.9995408723835352,710,607,0.8549295774647887,0.7359388365069719,ok,1220.478799818847,385.82156348667746,-0.1340683975272395
345,-4.9176326475032965,12.080798701314734,-0.10688141362440357,0.9991422328295966,677,590,0.8714918759231906,0.8207527777818231,ok,1225.3906995451869,373.7384327170525,-0.0271869839028358
346,-7.874196679495526,4.585263916665326,-0.022017624524122315,0.9995494433822087,673,589,0.87518573551263,0.5717715367943361,ok,1233.2644824993884,369.15245839058935,-0.005169359378713447
347,-2.5253506659407776,3.098817199744417,0.07967919796823689,0.9996093179964967,683,631,0.9238653001464129,0.42324836529848064,ok,1235.785241400778,366.04990483191165,-0.08484855734695046
348,0.19876376220395287,0.6710276400593784,0.06900036276342268,0.9998699532178618,745,712,0.9557046979865772,0.33631788106958405,ok,1235.5846765338692,365.3794133248431,-0.15384892011037327
349,1.0857933225440775,2.287521594577811,0.1839203861159529,1.000108763916404,731,652,0.8919288645690835,0.29240666114357605,ok,1234.4854167903532,363.0983323965929,-0.33776930622632645
350,1.4589200701182108,1.6919335742960584,0.19778659834147144,1.0001271771027174,727,657,0.9037138927097662,0.3298476409960784,ok,1233.0107458183209,361.42010937355064,-0.5355559045677981
351,1.331757631626033,1.2343214164329765,0.12298931415575297,1.0000986059092372,726,652,0.8980716253443526,0.3099543834791568,ok,1231.664889443668,360.201176082814,-0.6585452187235513
352,0.5836955647257582,1.306982124531487,0.011519654273284264,1.000030289387082,718,655,0.9122562674094707,0.27019272729885013,ok,1231.0659491981799,358.90110940434715,-0.6700648729968355
353,-0.11686941127550199,0.4793195732318054,-0.04916862295136164,1.0000150594776862,767,706,0.9204693611473272,0.2758576765611001,ok,1231.1776176142894,358.4205515229025,-0.6208962500454738
354,1.3920222605938761,-2.589757778928515,-0.1924939285929492,0.9999226420275698,706,656,0.9291784702549575,0.5573936091471543,ok,1229.8049977835635,361.02064500733866,-0.42840232145252444
355,2.900777665000305,16.022257014009597,-0.21649583899890437,0.9991319699584333,666,578,0.8678678678678678,0.8193889621870201,ok,1226.8449823229876,345.0092259772247,-0.21190648245361993
356,-8.52509810902211,7.261738588643766,-0.17669609930620603,0.9994710788612838,656,585,0.8917682926829268,0.6856927238950474,ok,1235.3656162146187,337.7422497709173,-0.03521038314741382
357,-6.288035640770659,3.3442860029153962,-0.11130880909669673,0.999570543439846,721,665,0.9223300970873787,0.5788429463069423,ok,1241.6580880818885,334.40631828353406,0.076098425949283
358,-0.7524307183803103,2.438608285916871,-0.02049793008243425,0.9998635398949035,731,680,0.9302325581395349,0.34820771750811996,ok,1242.4146290383421,331.9689820040452,0.09659635603171726
359,0.5657776220718915,1.8313878617898354,0.05521011457462141,1.0000036921364317,748,684,0.9144385026737968,0.27773533810035234,ok,1241.8501744231492,330.13718594407106,0.04138624145709581
360,0.43459991086274385,1.0976575581953512,0.05438655176195034,1.000033380459926,760,696,0.9157894736842105,0.2599267816576339,ok,1241.4153254669313,329.03962702407574,-0.013000310304854575
361,1.5094796457021857,1.4015366493161991,0.165254509263247,1.0001391081309374,737,677,0.9185888738127544,0.3036863275133297,ok,1239.901492765865,327.64279334272805,-0.1782548195681017
362,0.8298124401476343,1.450675029207673,0.19170425167754032,1.0000946091395508,715,655,0.916083916083916,0.32574866744436054,ok,1239.062330675082,326.19750661976155,-0.36995907124564226
363,-0.18474193130668937,1.1445639222896489,0.09847072230275598,1.0000114397905242,726,666,0.9173553719008265,0.30426248567475,ok,1239.237708991371,325.05147058212333,-0.46842979354839837
364,-0.23702373774904117,0.4128168802376422,0.0073301329728844315,0.9999613758943046,782,749,0.9578005115089514,0.2600959623418078,ok,1239.4712967404157,324.63669981126094,-0.4757599265212828
365,1.5191387030517944,-4.320039812673144,-0.10905278183813384,0.9997608681389756,376,316,0.8404255319148937,0.8765716730175124,ok,1237.9798382849867,328.96637393963596,-0.3667071446831489
366,11.115255111959186,15.45989146776742,-0.18919548710241899,0.9993612406592421,403,329,0.8163771712158809,0.8239644230089497,ok,1226.8167393331685,313.54099348432806,-0.17751165758072968
367,2.361546635595687,4.876918764912261,-0.1406588452467284,0.9999475722826554,497,429,0.8631790744466801,0.5198142823281164,ok,1224.4520563379265,308.6655946818031,-0.036852812334001124
368,0.577037470563937,3.7696456411447343,-0.3504675068726023,0.9998586586383434,509,435,0.8546168958742633,0.4857397040312702,ok,1223.8956609747622,304.8928470488325,0.3136146945386015
369,-0.15403162755865196,2.6539637994389977,-0.22410550107015575,0.9999407515649565,595,515,0.865546218487395,0.335065659659926,ok,1224.0745928714002,302.2404456901792,0.5377201956087576
370,-0.4621386180897389,1.810422349078408,-0.014009747034522799,0.999933062752313,637,590,0.9262166405023547,0.4018707528849775,ok,1224.5541432631846,300.43455737521833,0.5517299426432805
371,-0.5593071543860333,1.3740603296133713,0.1589836193269905,1.000021132063161,651,567,0.8709677419354839,0.3831763026339809,ok,1225.1228559977085,299.06436318899705,0.39274632331628967
372,-0.11342336316693036,1.0055954789600037,0.12354688621189748,1.0000189287042,661,595,0.9001512859304085,0.2439815732464999,ok,1225.2410027979902,298.0593117175787,0.26919943710439204
373,-0.566092750042344,0.9281329748559983,0.37379877379776744,0.9999859527346991,647,550,0.8500772797527048,0.3497127198791167,ok,1225.8054002034528,297.13014682942776,-0.10459933669337595
374,-0.21208047266736685,1.2163251221370501,0.3398929723918377,1.0000791315452615,604,525,0.8692052980132451,0.4212327079696804,ok,1226.008038315774,295.9122130360451,-0.444492309085214
375,-0.044996414578008626,1.1610575777683607,0.20152337490508784,1.0000290507560647,678,602,0.887905604719764,0.33570863402068063,ok,1226.0399411064898,294.750721930542,-0.6460156839903021
376,8.370322925108894,5.479848034504926,0.05709990734426844,0.9996561486592974,602,520,0.8637873754152824,0.7942608896139361,ok,1217.6030031692703,289.374001871307,-0.7031155913345707
377,2.8914002815204185,6.067867587872115,-0.055647407159339066,0.9995298404400869,658,598,0.9088145896656535,0.49348955435279807,ok,1214.6432193172882,283.3391951468566,-0.6474681841752316
378,3.08556489882767,6.122156251627757,-0.23626223873316574,0.9997425153297057,681,599,0.8795888399412628,0.3785481472696067,ok,1211.5137961719076,277.23934115750745,-0.4112059454420655
379,0.4550339193772288,1.290427876477679,-0.3279134054795719,0.9999105215240488,677,590,0.8714918759231906,0.2951189737596726,ok,1211.056886801499,275.9495761403797,-0.0832925399624932
380,-0.001548428026808324,0.3540986931407133,-0.3461973852869508,0.9999977106266069,634,560,0.8832807570977917,0.3046762498962601,ok,1211.0600600089124,275.59548828000027,0.26290484532445807
381,-0.45205901348663247,-0.07978746093181144,-0.19849662693733733,0.9999678000702374,703,645,0.9174964438122333,0.3275836121240535,ok,1211.5114618449004,275.67891353434726,0.46140147226179573
382,-0.15873611227357287,0.14209841185288496,-0.023823027029973638,0.9999951800555921,761,697,0.9159001314060446,0.22307408017099112,ok,1211.6713956486224,275.53816450089454,0.48522449929176936
383,-0.5014862175028156,0.47798914865029474,0.10249970362247023,1.0000016027050374,671,600,0.8941877794336811,0.3536187584539251,ok,1212.176063529957,275.06353582274494,0.3827247956692989
384,-0.7399220854865689,0.7664271609421576,0.5142421632846791,1.000052349102913,685,595,0.8686131386861314,0.33635471953959206,ok,1212.9142244022933,274.29541225705225,-0.13151736761538124
385,-0.11322629380197213,0.5263889143129745,0.18482402471296724,1.0000680282628704,700,636,0.9085714285714286,0.3264449667761361,ok,1213.0245426872193,273.76840622413545,-0.3163413923283488
386,-0.36296729777041037,1.1804319828083862,0.29426907372532896,1.0000428489421422,635,579,0.9118110236220472,0.47989873772614733,ok,1213.3749095551402,272.5841731460841,-0.6106104660536782
387,-3.977219172050127,7.834111863296016,0.25187615335521474,0.9992436230552917,699,640,0.9155937052932761,0.6726756636764029,ok,1217.2337538733216,264.69108113108797,-0.8624866194088932
388,-2.196749229136003,6.737644822240327,0.029849625392051445,0.9996032086412074,710,628,0.8845070422535212,0.4939163044659036,ok,1219.3253074675183,257.920042179127,-0.8923362448009446
389,-1.9554372341660837,7.419943111283828,-0.09677214687307807,0.9995947186887861,674,592,0.8783382789317508,0.518262386807081,ok,1221.1775320220258,250.47366354578236,-0.7955640979278665
390,0.018799582616793487,2.6530281318446214,-0.24618519454954857,0.9998595638900115,673,594,0.8826151560178306,0.29539870399392465,ok,1221.1332952108812,247.82093762756068,-0.5493789033783175
391,0.8171504140016168,0.5868269982688616,-0.36437976450318277,1.0001671959412541,647,602,0.9304482225656878,0.34895018125469723,ok,1220.314254286859,247.23675213494994,-0.18499913887513417
392,0.05986926342393417,0.8132327262367198,-0.22737302023576086,0.9997345495452429,662,603,0.9108761329305136,0.3628196926133675,ok,1220.2549864771947,246.42347535398125,0.04237388136062707
393,0.11315638568635222,0.35991487919704923,-0.07218215101357556,1.0000371027172816,692,616,0.8901734104046243,0.2424689516939922,ok,1220.1425499237919,246.0633349517102,0.1145560323742028
394,0.10269313343019348,0.8889252754729569,-0.0629044227933701,1.0000011084251708,681,629,0.9236417033773862,0.2703509484180157,ok,1220.0426105194383,245.17409587222397,0.17746045516757303
395,-0.143424931382242,0.7421720938685894,0.07567829352557119,1.0000257933519243,698,625,0.8954154727793696,0.2928959616014711,ok,1220.187353643446,244.43217973416546,0.10178216164200161
396,-0.3683265412698802,0.9197942152106862,0.18116569733119844,1.000065719477368,682,604,0.8856304985337243,0.3412332525921572,ok,1220.5544054529712,243.51187608402438,-0.07938353568919732
397,0.067370068575201,0.38000683368841237,0.08747426931039437,1.000090000955817,686,665,0.9693877551020408,0.4747996987258035,ok,1220.4859290088718,243.13206705781096,-0.16685780499959194
398,11.619801187233406,4.167376017539937,0.256214552804371,0.9997722546981684,655,567,0.8656488549618321,0.8605892850854987,ok,1208.8356729482468,239.05060454735332,-0.4230723578039635
399,-2.2756841788045676,9.117559210749391,0.14911303035973886,0.9995181207998649,673,579,0.8603268945022289,0.5207492124841989,ok,1211.0201924859293,229.9107741970314,-0.5721853881637027
400,-5.9045863151222875,2.3357367113396776,0.009572972114044941,0.9998236322292993,658,554,0.8419452887537994,0.4551108757100044,ok,1216.900758709267,227.5152061161025,-0.5817583602777476
401,0.6069598470512574,0.3262784356513748,-0.0974857573929685,1.0000081017645823,718,648,0.9025069637883009,0.28456995799709983,ok,1216.2910628204465,227.19406939030017,-0.48427260288477897
402,6.748919556599276,0.34745441857796777,-0.20694030606892083,0.9999839032014907,692,646,0.9335260115606936,0.49181556286917005,ok,1209.5405405257595,226.87928612617492,-0.27733229681585764
403,3.812007115093138,0.07766001468962713,-0.24952655605325538,1.0002171679958245,682,591,0.8665689149560117,0.3737244427038034,ok,1205.7284961710263,226.8034760941951,-0.027805740762601592
404,0.32091441727766323,-0.15780368946320777,-0.123681899984748,0.9999129925985094,736,692,0.9402173913043478,0.32020370316618285,ok,1205.4073181416325,226.96074255934155,0.09587615922214676
405,-0.028917742258954604,-0.0931456211526438,-0.1619286019816488,1.0001443705447544,675,643,0.9525925925925925,0.42218144337805996,ok,1205.4358164799473,227.0540173537426,0.2578047612037961
406,-0.5774458150513055,0.15891689939087428,-0.012667931022603374,0.999977959299062,741,669,0.902834008097166,0.2572454523556317,ok,1206.0140060475137,226.8978281281548,0.27047269222639947
407,0.27254987455057744,0.058812766262690275,0.032919709553054795,1.0001931544722518,707,676,0.9561527581329562,0.4724479311871724,ok,1205.74170235736,226.8378858565785,0.23755298267334457
408,1.523141972716303,-0.8953161796496261,0.21861560553149115,0.9999778630309186,691,597,0.8639652677279306,0.3608445221032842,ok,1204.2182645483153,227.73269855908427,0.018937377141852695
409,-4.986339579006653,9.32238813205663,0.13353009815455677,0.9993793208981865,669,573,0.8565022421524664,0.6605395130531871,ok,1209.1859492015471,218.40035629854117,-0.11459272101270451
410,9.463824815870112,10.904816412106356,0.44982676935401933,0.9995854338850126,637,540,0.847723704866562,0.6837403864449376,ok,1199.6151622008772,207.58929542020803,-0.5644194903667252
411,2.799125663167615,-0.04589196706945131,0.08753551206975277,0.999988729301296,687,660,0.9606986899563319,0.4790043688497917,ok,1196.8167399283193,207.6670343119979,-0.6519550024364782
412,0.5483240232099433,0.31229323769844086,0.037860491422248496,0.9998963020032843,661,629,0.9515885022692889,0.34587517890997094,ok,1196.2646958649157,207.36136512349157,-0.6898154938587269
413,-1.2898755288499615,-0.19437413779792223,-0.10271054516653576,0.9998555974024333,676,656,0.9704142011834319,0.36625755201361976,ok,1197.556495376672,207.54251204396473,-0.587104948692191
414,-1.994945452966931,0.3069774263653926,-0.22433008118944972,0.9999381141538101,664,615,0.9262048192771084,0.365854655074565,ok,1199.5494571915685,207.22290962692654,-0.3627748675027405
415,-1.1134477489770234,0.060654338776203076,-0.12280570957048913,0.9998818323858281,676,650,0.9615384615384616,0.30552645647367727,ok,1200.6626411399059,207.15759243410565,-0.23996915793225107
416,-2.573739745604371,0.8791114595010185,-0.20428201496485093,0.9998286288501619,667,617,0.9250374812593704,0.5111158687791144,ok,1203.2358328245682,206.27687807047027,-0.03568714296739956
417,-0.0018585770992558537,-0.004819671023255978,0.00025603218055102623,0.999996819374817,940,940,1.0,0.007253402708103793,ok,1203.23769442481,206.28169657461012,-0.0359431751479506
418,0.008812131492732078,0.015761276431362603,-0.0003240316228420993,1.0000076878274984,808,793,0.9814356435643564,0.11436087911533115,ok,1203.2288724966872,206.26594077947357,-0.0356191435251085
419,-0.0007043722825983423,-0.002345955881878581,9.727477899693523e-05,1.000005200788003,871,865,0.9931113662456946,0.013539950434243735,ok,1203.2295783312293,206.26828629581553,-0.03571641830410544
420,-0.02153890533509184,0.008584437934132438,-0.0002084307774313775,0.9999978963713775,799,789,0.9874843554443054,0.10089691244829703,ok,1203.251111912384,206.25968851119706,-0.035507987526674056
421,-0.0036693703550554346,-0.003975179285816921,-3.3047044305536755e-05,0.9999960183329637,895,889,0.9932960893854749,0.021315742453250262,ok,1203.2547837432858,206.26366141781398,-0.03547494048236852
422,-0.00022745911792299012,0.0013613603467774738,-9.795124696834996e-06,1.0000000981141972,930,929,0.9989247311827957,0.00148681096621547,ok,1203.2550103597007,206.26229991693447,-0.03546514535767168
423,-0.0034607675304414443,-0.0003986165494325178,2.0616471197716096e-05,1.000004194461747,890,884,0.9932584269662922,0.0242997351267373,ok,1203.2584713734482,206.26269639000407,-0.035485761828869394
424,-0.006526445310555573,0.007966363262539744,-0.0007033142168438929,0.9999954237033392,886,882,0.9954853273137697,0.020265047405171526,ok,1203.2649929814302,206.25472606621213,-0.0347824476120255
425,0.017694612780815078,-0.005026139836445509,-6.453482023921971e-05,1.0000157563754484,871,858,0.9850746268656716,0.04556517828311861,ok,1203.2473014174468,206.25976292703228,-0.034717912791786286
426,-0.3535627050225685,0.34639572117635,-0.036044761136326646,0.9998882337455413,668,641,0.9595808383233533,0.2742064028069571,ok,1203.6008721441622,205.91337539370863,0.001326848344540415
427,-17.11169918566543,-45.38899778494283,-0.05620270026429812,1.0017290070586553,583,499,0.855917667238422,1.6209924747051934,ok,1220.6669885249476,251.31953181131098,0.05752954860883864
428,-3.9664846609443885,-8.87158090993421,0.2594692266667194,1.0005965016177663,722,640,0.8864265927977839,0.7386552264437822,ok,1224.6647164807687,260.1770777241623,-0.20193967805788132
429,-0.3089035215803051,-13.88535553703548,0.1587289094426452,1.0003562942115187,670,592,0.8835820895522388,0.803501341627286,ok,1225.0610195957893,274.06021366733285,-0.3606685875005269
430,-6.0691680199909115,8.64076816737213,0.08596311873917103,0.9993361729931689,680,595,0.875,0.6860330040653895,ok,1231.0626474396277,265.3723981650781,-0.4466317062396981
431,-0.6228043381020143,13.781520113171496,-0.010748340543420196,0.9991655575422763,539,461,0.8552875695732839,0.9609087795829566,ok,1231.5805904757115,251.5865388561819,-0.43588336569627795
432,4.514068185468204,6.7356968363433225,-0.08171307688839306,0.9997702436929574,590,523,0.8864406779661017,0.3711515493582294,ok,1227.024972506743,244.87887395884263,-0.3541702888078846
433,7.279217073850532,2.851033138215712,-0.11315647548998892,0.9999938352689028,564,518,0.9184397163120568,0.45241178891523737,ok,1219.7338270423165,242.05848586852335,-0.24101381331789545
434,10.650655993712917,1.865697685104351,-0.269689973905316,1.0001965621261364,608,546,0.8980263157894737,0.5984202371253561,ok,1209.084106151939,240.18745783408048,0.02867616058742134
435,1.971162585931097,0.6638282758482319,-0.22240065480796847,1.0001076200213446,658,577,0.8768996960486323,0.31304911373015726,ok,1207.1158714559779,239.5149980943154,0.25107681539539045
436,0.12245064062585698,0.3222586842709916,-0.029023433466235884,1.0000273635793209,706,641,0.9079320113314447,0.2482344410969558,ok,1206.9949976891753,239.19214464230242,0.2801002488616264
437,-0.33327387491999616,-0.02223691211906953,0.01521678874002371,0.99990500176012,680,666,0.9794117647058823,0.3280125798000247,ok,1207.3281651997322,239.21592206592214,0.2648834601216026
438,-1.0107382760979817,0.6802501416663063,0.19376336662508917,0.9999906170300169,652,582,0.8926380368098159,0.3607667014313925,ok,1208.3397470777102,238.53692705699098,0.07112009349651298
439,-0.5618837781830734,0.35966673660072956,0.1569717350006137,1.0000362884750555,663,594,0.8959276018099548,0.3515424061844109,ok,1208.901091302916,238.17641880128753,-0.08585164150410107
440,-0.2851243453319512,0.4720450024665297,0.17718830933381358,1.0000426137576668,667,606,0.9085457271364318,0.30029443850778476,ok,1209.1840455335207,237.70306979681249,-0.26303995083791504
441,2.1588902327303003,-0.6791573757402602,0.3894247407158131,1.0000435997653054,650,566,0.8707692307692307,0.39136237539210617,ok,1207.0330291245255,238.4067673072767,-0.652464691553729
442,8.340741068953548,6.925078213323104,0.08674195181451361,0.9994685865257479,625,568,0.9088,0.7192783296995428,ok,1198.60364016863,231.5898712636075,-0.7392066433682428
443,6.94869903727249,7.951908917502351,-0.034063528906761634,0.9997031228738148,609,524,0.8604269293924466,0.5208123341243314,ok,1191.5576051418002,223.72408051228865,-0.7051431144614811
444,1.7343242263841603,-0.10664648200531701,-0.27698280853895835,0.9999667778907386,575,490,0.8521739130434782,0.2945848326519447,ok,1189.8241262811575,223.8436841662949,-0.42816030592252213
445,0.6222169385403049,-0.25365318747856236,-0.13828325636032657,0.9999985511497305,619,550,0.8885298869143781,0.33343751131383204,ok,1189.2032006102863,224.1004820817405,-0.2898770495621953
446,1.2308264095127015,-0.03000259934162841,-0.33711981995632395,1.0001451535799546,664,578,0.8704819277108434,0.2839647994215021,ok,1187.9723498807766,224.12946980306276,0.04724277039412936
447,0.18813286686850006,-0.23183217442658588,-0.12552210420100846,1.000031010333877,664,600,0.9036144578313253,0.3291590770774172,ok,1187.783518822991,224.36073364440222,0.17276487459513806
448,0.3941904641126257,0.2946674663473914,-0.0750150485196362,1.0000477139122175,667,616,0.9235382308845578,0.29630692777688616,ok,1187.3906063526658,224.06436423237756,0.24777992311477445
449,0.0922954062007193,0.35761822669724097,0.050244525365366347,1.0000787525446624,706,650,0.9206798866855525,0.23381790908008465,ok,1187.2995444325495,223.7064299300588,0.19753539774940795
450,0.3057518576272287,1.2175800607163865,0.2578297475135821,1.0001160238766453,652,587,0.9003067484662577,0.4426967625132842,ok,1186.9925114424343,222.48917229682013,-0.06029434976417476
451,0.05100801775097352,0.7365457482071633,0.18222859674008804,0.9999270942915096,637,576,0.9042386185243328,0.4103628247362336,ok,1186.9383862224754,221.75284905418738,-0.24252294650426315
452,1.5439160144271682,-0.9751201515484809,0.16994529438118977,0.9999698335431058,667,572,0.8575712143928036,0.3801972627898894,ok,1185.4015299742437,222.7390583838084,-0.41246824088545325
453,-7.481251059704391,14.23088547263319,0.23035161022836187,0.9991163326944319,606,522,0.8613861386138614,0.9542533100551909,ok,1192.722652644584,208.42513573488503,-0.6428198511138155
454,-0.010865161843639726,0.0026845811853490886,-7.278455049831951e-05,0.9999991785930147,886,877,0.989841986455982,0.012048717421278235,ok,1192.733487007632,208.42232943921778,-0.6427470665633173
455,0.1522251570231674,2.533171611872376,-0.0015742704420494797,0.9997879936909039,660,633,0.9590909090909091,0.4140006693333045,ok,1192.5529243232936,205.89101989065375,-0.6411727961212679
456,0.539006811283798,-0.5524979731910662,-0.08047683745642427,1.0001143460730053,685,661,0.964963503649635,0.26363327902869405,ok,1192.0193499746279,206.44876604029236,-0.5606959586648433
457,1.1502821490953465,-1.5346755932896485,-0.2450328151168509,1.0001241471056361,606,548,0.9042904290429042,0.38936532267213114,ok,1190.8775403221482,207.98975563035168,-0.315663143547992
458,0.32346535242845675,-0.3613930843256412,-0.17142324384245747,1.0000687047995631,649,637,0.9815100154083205,0.34202125009410883,ok,1190.5549857868114,208.3519618800957,-0.14423989970553422
459,0.5559022654135788,-0.9754724043816623,-0.3513246547758254,1.0001023469356132,627,541,0.8628389154704944,0.3142601248948362,ok,1189.9955614995602,209.32541871387696,0.20708475507029167
460,0.1165905850375566,-0.16786573512877112,-0.07244830343157331,1.0000768891165976,667,637,0.9550224887556222,0.2778000357049665,ok,1189.8781533266492,209.49271363455148,0.2795330585018651
461,-0.1645304802254941,-0.030586652545707693,-0.008462923679861196,0.9999507154434143,760,745,0.9802631578947368,0.21083094673164104,ok,1190.042527985916,209.5241269060815,0.2879959821817263
462,-0.5309778757302865,0.5921843241098941,0.11204186869467112,0.999919209199087,685,650,0.948905109489051,0.4575273260735844,ok,1190.5753219403816,208.9335759935252,0.17595411348705509
463,0.756706263562819,-3.85703563424363,0.21453870621044643,0.9999695265794984,555,466,0.8396396396396396,0.5458885037020872,ok,1189.8212132847086,212.79112034046153,-0.03858459272339155
464,-2.9687317030445683,17.43177164279473,0.35027331590921823,0.9989515309075626,539,454,0.8423005565862709,0.9552053238963059,ok,1192.6715706905472,195.33960197700117,-0.3888579086326101
465,5.150185848941419,3.792687331586876,0.13425196846136458,1.000001574439673,575,479,0.8330434782608696,0.4079518429651156,ok,1187.4869727761688,191.59409320781674,-0.5231098770939747
466,7.534849229957899,2.4997536360673394,0.0995037603516129,1.0000928940235474,550,465,0.8454545454545455,0.48374924451094437,ok,1179.925404982264,189.1763641788707,-0.6226136374455876
467,0.25889226353911,0.06742784268726609,-0.047958307931560695,0.9999143166157177,643,618,0.9611197511664075,0.3083050402201677,ok,1179.6658494752342,189.1115362770032,-0.574655329514027
468,-1.4637623028324924,0.933292406433111,-0.22855947077279443,0.9999686265953825,565,470,0.831858407079646,0.3179228935598044,ok,1181.1239475434813,188.16941907703654,-0.34609585874123233
469,-1.0821977456675995,0.20763257578869343,-0.18444892460594892,1.0000759234066823,598,551,0.9214046822742475,0.3777836545810774,ok,1182.2055551952021,187.95873415826952,-0.1616469341352832
470,-2.6737876185243294,0.9548915759467036,-0.40964453295695535,0.9998309535530311,619,572,0.9240710823909531,0.3866836861191712,ok,1184.8834508828638,187.01542464554745,0.24799759882167252
471,-1.1163890333214113,0.460163985663371,-0.21427047867697782,1.0001424300292052,614,573,0.9332247557003257,0.37246040032077243,ok,1186.0035161899007,186.56428267743286,0.4622680774986505
472,-1.4572082295569544,1.0967296405754041,-0.17599095440749155,0.9997111150421402,565,517,0.9150442477876106,0.48190631275201723,ok,1187.4728510156067,185.48385364284877,0.6382590319061422
473,1.5761970572766586,-1.9716343782617969,0.031513336330839484,1.0000661434174567,574,515,0.8972125435540069,0.4022364037464847,ok,1185.875863690143,187.43868631272608,0.6067456955753027
474,-1.9031031441827508,14.582575002524663,0.3253667079597076,0.9992575367104477,512,426,0.83203125,0.8096816298938081,ok,1187.850558473957,172.86563324233498,0.28137898761559466
475,6.828157654370671,3.6016428551434956,0.250781874969644,1.0000410743165162,580,476,0.8206896551724138,0.4270576773294171,ok,1181.0243251437184,169.26034452572867,0.030597112645950282
476,10.835203769179998,0.6520870095284863,0.40287090214788734,1.000254148668925,586,489,0.8344709897610921,0.5919040682984857,ok,1170.1851132420638,168.67867147436584,-0.37227378950193746
477,0.8221220100383562,0.1396943009926872,0.11681187938452117,1.0001025866799174,583,510,0.8747855917667239,0.3393124860016149,ok,1169.361828746434,168.54599993870454,-0.48908566888645866
478,-0.6933173931117835,-0.3172441449113421,0.09400252965134936,0.9994057401749886,556,515,0.9262589928057554,0.5696964696004734,ok,1170.0583387146094,168.85617201885373,-0.5830881985378081
479,-0.9589004727138217,-0.06395791744216694,-0.03926269355950348,0.9999342310166358,597,533,0.8927973199329984,0.27946785357259196,ok,1171.0178030446211,168.91102574442777,-0.5438255049783047
480,-2.2828854962488094,0.20335266569986743,-0.22705489593825898,0.9999931227713714,576,482,0.8368055555555556,0.33862707056143887,ok,1173.2995293830045,168.6950548844536,-0.3167706090400456
481,-0.7301547514900903,0.1918873134243313,-0.18255320119839144,1.0002404588434108,600,546,0.91,0.460424480863043,ok,1174.0292326286758,168.5014576855242,-0.1342174078416541
482,-0.8929467937784921,0.8279989885461418,-0.22069603204434396,0.9999894441568402,593,507,0.8549747048903878,0.2804074773637766,ok,1174.9234281341517,167.67480739698658,0.08647862420269005
483,0.08907370899578382,0.41651128592297937,-0.08191404318756658,1.0000812116793825,579,564,0.9740932642487047,0.42852927719190587,ok,1174.8355789374612,167.25803612209313,0.16839266739025668
484,12.316100214801054,5.789313848189863,-0.02633304194343861,0.999739880739571,483,405,0.8385093167701864,0.8062190629812439,ok,1162.539225402998,161.42689823233638,0.1947257093336953
485,0.644123653487668,5.614571196911129,0.051550185773556544,0.999760592125988,491,411,0.8370672097759674,0.33310988252680374,ok,1161.9091339097815,155.81073497648788,0.14317552356013868
486,-0.9255428595054127,2.6949349247213377,0.07976752263887017,0.9993577068929042,582,483,0.8298969072164949,0.4306774203821444,ok,1162.8376586281436,153.11682598013044,0.06340800092126851
487,-3.098225684717818,1.0520958157229643,0.2346497603241994,0.9997179080205625,572,490,0.8566433566433567,0.4182711909702909,ok,1165.9327260470916,152.05547510927045,-0.17124175940293088
488,2.4531475800897624,-0.44099487123753534,0.2711581129764949,1.0000512642607287,597,493,0.8257956448911222,0.26328855826998393,ok,1163.483056628775,152.5153982192811,-0.44239987237942563
489,8.45537005702181,-0.17684546895156927,0.4038510313026501,1.0002668660905356,542,445,0.8210332103321033,0.4964610204056348,ok,1155.031220708483,152.81710452934306,-0.8462509036820756
490,2.1638018083870065,-0.10481501185597608,0.09524136541857346,1.000265965221875,555,477,0.8594594594594595,0.44249813821789025,ok,1152.869433280676,152.9574596848089,-0.941492269100649
491,1.027674290472305,0.10566115115807406,-0.0942459393706227,1.000120256991086,539,468,0.8682745825602969,0.3241938890964815,ok,1151.840308965372,152.86700599604114,-0.8472463297300263
492,-0.2503201779934443,0.047970551366347536,-0.15556788318484818,0.9999809722602403,558,492,0.8817204301075269,0.4074173472482848,ok,1152.0900318138,152.8160171317454,-0.6916784465451782
493,-0.015273430799425114,0.21863127049277864,-0.16957027103130856,0.9999974060835044,558,533,0.9551971326164874,0.4755865727663189,ok,1152.1033123591199,152.59725576120286,-0.5221081755138698
494,0.03967696214726857,1.1669431007643425,-0.37305289428723315,1.0000592095477505,524,487,0.9293893129770993,0.4311525908738596,ok,1152.0605997258533,151.43041982898865,-0.1490552812266368
495,1.8342525001221475,-2.6078682207906922,-0.12036932746024093,1.0000848426468183,526,458,0.870722433460076,0.42672859905716465,ok,1150.2276531221953,154.03920606771226,-0.028685953766396
496,-2.2096702805006316,17.107728563041064,-0.08294899720955662,0.999131776713661,500,412,0.824,0.776559232766656,ok,1152.453524604756,136.93357788636956,0.05426304344316053
497,4.599385067095909,3.8922263992719763,0.028604536070833044,0.9996169885916766,500,442,0.884,0.4936293885148937,ok,1147.855883036779,133.0392921558373,0.025658507372327517
498,6.58571707748456,2.1553716458546432,0.17627875372988552,0.9999974858191819,475,394,0.8294736842105264,0.4066465335050381,ok,1141.2645226393265,130.90124059721586,-0.1506202463575579
499,0.3602396486512589,0.7364190299593929,0.11257113287892893,1.0000932908895481,547,477,0.8720292504570384,0.26425369718064134,ok,1140.9009040210806,130.16648411196957,-0.2631913792364868
500,-1.0778791366901714,0.723528817312399,0.4560491111628039,1.000039810203404,462,362,0.7835497835497836,0.4363377674858587,ok,1141.9696159307432,129.42948191594962,-0.7192404903992905
501,-0.9537765192158076,0.3349935227940932,0.15586239780907638,0.9999531673922161,534,463,0.8670411985018727,0.3256299578722923,ok,1142.9181649047027,129.07996059625407,-0.8751028882083668
502,-1.9138280433385262,0.5564882335920629,0.107893321675972,0.9998431197435721,525,448,0.8533333333333334,0.3593790568960828,ok,1144.822164357588,128.4907212416548,-0.9829962098843388
503,-0.7679733386544285,0.3585656786644904,-0.053924104015199294,0.9999376246856343,543,476,0.8766114180478821,0.2980680019507179,ok,1145.5842227143542,128.11975027825883,-0.9290721058691395
504,-0.7430638902521878,0.12915551644539391,-0.15165894292144522,0.9998824646311517,557,473,0.8491921005385996,0.4066294876801638,ok,1146.3254658234432,127.98052475742111,-0.7774131629476941
505,1.8663121820875404,-0.8417632227349259,-0.4448697630023006,0.9999747516239067,281,183,0.6512455516014235,0.4672993747831794,ok,1144.464070622858,128.83310577491716,-0.33254339994539367
506,-6.605093441762165,6.201698224902998,-0.15139381592141274,0.9991498361934846,362,315,0.8701657458563536,0.8336240584540668,ok,1151.049523444197,122.61055554329232,-0.18114958402398096
507,-2.6571978931351623,8.108912104953447,-0.1894581409211961,0.9996009783414361,355,256,0.7211267605633803,0.6304687000285775,ok,1153.7078971963076,114.5020288483106,0.00830855689721506
508,0.7250281765163891,0.6449309365099225,-0.03246677458890875,1.0000726905109478,409,333,0.8141809290953546,0.4396293352697085,ok,1152.9833281773467,113.85658209886321,0.040775331486123806
509,1.5731905717268546,0.5124324310681914,0.03618275327093115,1.0002116981644142,428,361,0.8434579439252337,0.42248199377917117,ok,1151.4101786850083,113.34402356938983,0.004592578215192695
510,0.8557045918939821,0.21977971853493727,0.07207521831918134,1.000082088133271,440,379,0.8613636363636363,0.49782216377647676,ok,1150.5542158314,113.12525184701576,-0.06748264010398858
511,1.4562404791995505,0.7189829649774993,0.23354194575068943,1.0000518395532645,442,351,0.7941176470588235,0.35593040667653986,ok,1149.0942180248055,112.41392966830404,-0.3010245858546779
512,0.6227391141394492,0.1464675059116871,0.10767654856288059,1.0001195209823412,437,375,0.8581235697940504,0.4697283110310655,ok,1148.4704499834968,112.27190796148068,-0.40870113441755845
513,0.23833649233301912,0.32685881368047376,0.06227274906514791,0.9998726690164295,456,394,0.8640350877192983,0.45246555687908474,ok,1148.2294347793284,111.9470193051418,-0.47097388348270625
514,0.17289758298261404,1.2474172919354487,0.07491950494603118,1.0000986234821043,459,393,0.8562091503267973,0.3033217414741602,ok,1148.0446602844243,110.70130591095608,-0.5458933884287374
515,-0.24403357589517327,0.6494456798560577,-0.023261811946238234,0.9999511598366925,491,420,0.8553971486761711,0.33360158838190207,ok,1148.2827597793626,110.04966129327101,-0.5226315764824991
516,1.2375519865215665,-3.311983766262074,-0.19249998660084738,1.0000554477252535,416,364,0.875,0.5083778210729317,ok,1147.06431149377,113.36872067247236,-0.3301315898816519
517,-2.9209481504819905,9.16611688280841,-0.10832618432172408,0.999582229557304,479,381,0.7954070981210856,0.459289246586744,ok,1149.9497536565166,104.19136482601232,-0.2218054055599279
518,10.91711568716346,11.56101902139335,-0.31850751215458245,0.999669910730163,420,320,0.7619047619047619,0.6433392987924089,ok,1139.05216585201,92.6119366975164,0.09670210659465439
519,7.816978921641294,1.5147558547489552,-0.1662306021887029,1.0000311158508735,454,351,0.7731277533039648,0.46300706225232646,ok,1131.2422204933332,91.06132447798211,0.2629327087833572
520,6.708821600156853,0.2888610575050734,-0.11402603929334872,1.0001258850125176,423,335,0.7919621749408984,0.41248721163897356,ok,1124.5354445426526,90.72833150411066,0.37695874807670593
521,0.7268537793577252,-0.20341978986493814,0.029263630363856784,0.9998183119087205,453,437,0.9646799116997793,0.4685766440518186,ok,1123.8073697166517,90.92733671816018,0.34769511771284917
522,0.42290893855351896,0.5650534577087001,0.2264974769495954,1.0001523014059455,461,381,0.8264642082429501,0.6287447715358118,ok,1123.3856569797363,90.36138994689975,0.12119764076325376
523,-1.0578655279182385,0.13638903773630773,0.4400755286508955,1.000040331054359,457,362,0.7921225382932167,0.3381853509350184,ok,1124.442747059247,90.21911553397865,-0.31887788788764165
524,0.000660014252162,0.015367145780714964,9.823207373378613e-05,0.9999978400985337,531,521,0.9811676082862524,0.14873578564271733,ok,1124.4420015039439,90.2037523007399,-0.3189761199613754
525,0.00434910246212894,-0.0027644488808391543,-0.0006379533226734273,0.9999930829895909,596,592,0.9932885906040269,0.030708816540191523,ok,1124.4376678279443,90.20654087065475,-0.31833816663870196
526,0.01145343474809124,0.009614060129365498,0.00015865526240378306,1.0000079846142829,549,541,0.9854280510018215,0.12084582735543066,ok,1124.426161127617,90.1969906262982,-0.3184968219011058
527,-0.6734805825508374,0.26729423933284124,0.22786469383619798,0.9999767285446419,477,407,0.8532494758909853,0.5850408098385729,ok,1125.0970622623138,89.92328645585906,-0.5463615157373037
528,-0.00032182331779040396,0.0005161477232604739,-0.0008613612732918989,1.0000105712353233,608,600,0.9868421052631579,0.10734593925477735,ok,1125.0973791569943,89.92276726756813,-0.5455001544640118
529,0.5834490585584717,0.9100753821287526,0.14062191459721998,0.9999831539218502,498,434,0.8714859437751004,0.44677547708493903,ok,1124.5030739586518,89.01974382583876,-0.6861220690612319
530,0.0016110072212995874,0.0002740108337775382,-0.00014066403860368292,1.0000075110727114,686,683,0.9956268221574344,0.0026334090872184666,ok,1124.5014597863403,89.0194891221829,-0.6859814050226283
531,-2.7360200633452223,-2.0887833942423413,-0.08633456631816887,0.9997753753725553,475,446,0.9389473684210526,0.7726856211763931,ok,1127.2591904230928,91.07952397388021,-0.5996468387044595
532,-2.6463894939172405,-13.49773937902114,-0.6383388993086164,1.0001046267263494,436,343,0.786697247706422,0.5588403512432487,ok,1129.8964642388842,104.57904739206185,0.038692060604157176
533,0.005154134051508663,-0.00045161661205384007,0.00022735753155161563,1.0000055742535467,689,689,1.0,0.007050635862176504,ok,1129.8913098028079,104.57949554841798,0.03846470307260556
534,10.059063367454883,20.22406010154191,-0.35456580500748486,0.9992742621302825,436,342,0.7844036697247706,0.74239651964171,ok,1119.971212520184,84.28690988949984,0.39303050808009055
535,-0.007073183768625313,-0.004284896758008472,-0.0008136645764879294,0.9999908364600357,641,638,0.9953198127925117,0.015635794132273045,ok,1119.978256083225,84.2912433048433,0.3938441726565785
536,2.8598140292467633,1.8800172106548416,0.6656628389982878,1.000090436780568,444,346,0.7792792792792793,0.34769255276343664,ok,1117.1095552226132,82.4248145313403,-0.2718186663417094
537,0.007122308104271724,0.00866590952102797,4.169171641100378e-06,1.0000005382485775,606,597,0.9851485148514851,0.011368273387023231,ok,1117.1023918819774,82.41618250889496,-0.2718228355133505
538,3.6913219455097988,0.7654584347958462,0.27970830005604375,1.0000904274938904,442,342,0.7737556561085973,0.3529405728077136,ok,1113.4038727397678,81.68629178042329,-0.5515311355693941
539,-0.004352508103238506,-0.0009032310260863596,-1.3527853189549354e-05,1.0000039316950937,643,642,0.9984447900466563,0.004493707966046416,ok,1113.408233740415,81.68715307388743,-0.5515176077162046
540,9.513078271969562,9.494797287617985,0.1635730854265383,0.9994515187290256,320,215,0.671875,0.794199035979721,ok,1103.7773978561886,72.31182193772577,-0.7150906931427428
541,-3.7305118048443546,11.02996929332653,-0.1452756027479326,0.9990512729855114,352,252,0.7159090909090909,0.7103176079579202,ok,1107.3980322926868,61.245298219093456,-0.5698150903948103
542,0.004775391337261681,-0.002634651997027504,-5.6285271849795686e-05,1.0000055068989977,542,542,1.0,0.005486873319525584,ok,1107.3932833364463,61.24798022733262,-0.5697588051229605
543,-4.909466081915525,2.5137932551228914,-0.7187630405663546,1.0001292780156197,351,262,0.7464387464387464,0.6054377595159468,ok,1112.3092702163713,58.74696308716989,0.14900423544339378
544,1.6516648149190587,-0.34497205935849706,-0.06988523871884565,0.9996713119027676,447,420,0.9395973154362416,0.7677999201647935,ok,1110.6562995464235,59.085622719945604,0.2188894741622394
545,-0.09955142062426603,0.21881823666535638,-0.017055294944495394,0.9996740526017116,445,423,0.950561797752809,0.5408006374332843,ok,1110.7567512167634,58.86721629153408,0.23594476910673481
546,-1.7808259129856197,1.439258117100735,0.2161454953678848,1.0000208396180514,414,336,0.8115942028985508,0.6010658628757932,ok,1112.5380743770684,57.42857364703775,0.01979927373885018
547,-0.26687825837643686,0.22013805803942432,0.07618257093690826,0.9997229076542927,464,437,0.9418103448275862,0.700332856772808,ok,1112.8047358740785,57.20817306762876,-0.05638329719805803
548,1.0038585131369473,-2.210338465248242,0.2512084156607173,0.9999949267196069,424,320,0.7547169811320755,0.4154050952894697,ok,1111.812757945682,59.42386885787789,-0.30759171285877507
549,-2.3456966346445824,12.324811943744635,0.177783682642933,0.9992503000466506,395,303,0.7670886075949367,0.6695818229398601,ok,1114.0539632640298,47.07962806018338,-0.48537539550170783
550,5.64208860863846,3.703937532701957,0.038759765833541904,0.9999023609523889,451,351,0.7782705099778271,0.33304096155808394,ok,1108.3782280100231,43.42745796004931,-0.5241351613352496
551,7.452843489484394,2.2014893938974183,-0.014117256861441796,1.0000649817100025,434,331,0.7626728110599078,0.4839299386915741,ok,1100.9060835066825,41.292396332978115,-0.5100179044738079
552,6.22240694021184,0.5496865962963966,-0.20653548027596047,1.000066157934694,424,323,0.7617924528301887,0.38043320875876335,ok,1094.680852304904,40.77567593648769,-0.30348242419784766
553,-0.00624423073259095,0.0005331498028908754,7.114133933394042e-05,0.9999809583986068,587,586,0.9982964224872232,0.006336319345396962,ok,1094.6870936233834,40.77510971233016,-0.30355356553718155
554,0.07314955274205204,0.2825943637299133,-0.1478153884171792,0.9997643131390864,453,405,0.8940397350993378,0.3389568032175261,ok,1094.613176209649,40.492715223316736,-0.1557381771200026
555,-3.445074160919148,0.3288093778713801,-0.7292111466064884,0.9997934029052177,403,342,0.8486352357320099,0.5181362574453259,ok,1098.0613688037133,40.19840345758314,0.5734729694864853
556,-0.6069034675815601,-0.17116357053328102,-0.053535413732857334,0.9998143265992818,475,450,0.9473684210526315,0.5461862247746457,ok,1098.6663628638353,40.37619821019791,0.6270083832193425
557,-0.3749976162227995,-0.09297252942610612,0.0036145695923146116,0.9998136374041217,466,442,0.9484978540772532,0.4286787805576814,ok,1099.040326737407,40.473245233149896,0.623393813627028
558,-0.4708231816450734,0.5334799489033912,0.29621317423984833,0.999929547767407,422,314,0.7440758293838863,0.31340298604753214,ok,1099.5141885990276,39.94246254658401,0.3271806393871798
559,0.1007867558646467,-0.4835879928596114,0.13669905384541395,0.9997805077391047,441,359,0.8140589569160998,1.1778056086270434,ok,1099.4117946999045,40.42571279895674,0.19048158554176603
560,0.9954961467328758,-5.978508580089056,0.26558788893130003,1.0000098357722433,372,274,0.7365591397849462,0.44487915777614495,ok,1098.4241363478461,46.40552119053302,-0.0751063033895337
561,10.91115863862774,15.309282088592,0.3209058207274992,0.9992755512237258,334,228,0.6826347305389222,0.7090277997312928,ok,1087.4074257721193,31.1720189997676,-0.3960121241170325
562,2.202761286060877,4.924515033979105,0.08311711885781274,0.9998388811610506,344,251,0.7296511627906976,0.3773436649603506,ok,1085.1635613045253,26.266096267566695,-0.47912924297484516
563,-0.08552536208571837,-0.04939075080449129,-0.13497290530511824,1.0000244245910834,390,345,0.8846153846153846,0.6524567351203122,ok,1085.2493817954628,26.314972408577432,-0.3441563376697271
564,-0.7598089811747286,0.2517013899473568,-0.22437322968453868,0.9992900380031009,399,349,0.87468671679198,0.6789116902445349,ok,1086.0086629072446,26.061683105868838,-0.11978310798518868
565,-0.02846743895088366,0.03380114912783938,-0.3186527350364009,1.00043549725752,385,337,0.8753246753246753,0.6915288795581693,ok,1086.0372474958963,26.027980968630914,0.198869627051212
566,-1.0602176427094037,0.0015606218065613575,-0.25216771056396536,0.9992139260516947,395,340,0.8607594936708861,0.8251232093950246,ok,1087.0974445732888,26.034766434067365,0.4510373376151771
567,0.28109231391135836,-0.19659334573861997,-0.14157705195787937,1.0001241781266241,412,393,0.9538834951456311,0.9221451929564521,ok,1086.8143339518183,26.2284419579197,0.5926143895730563
568,-0.12193897368229045,-0.0946933592026653,-0.01806872891795598,0.9998065591992272,468,455,0.9722222222222222,0.42018717604207306,ok,1086.9352567357657,26.324429592030924,0.6106831184910123
569,-0.018369249629586193,-0.02030017276115359,0.0479955592315803,0.9992722546169426,406,368,0.9064039408866995,0.9336321526540218,ok,1086.9534257398432,26.344909182771858,0.5626875592594321
570,-4.869148766789294,5.093985393672483,0.29948827410869655,0.9992354207780475,416,331,0.7956730769230769,0.46750214924707123,ok,1091.845923260697,21.273344837077957,0.263199285150736
571,3.9490286726395425,9.650934743291259,0.3141929311230335,0.9995283176872037,406,287,0.7068965517241379,0.5280551759959135,ok,1087.8883067535592,11.625928578875573,-0.05099364597229709
572,7.833811013992545,4.1317674138083476,0.2709127576576613,0.9998693838942693,389,281,0.7223650385604113,0.4471402443470494,ok,1080.03140588194,7.538239053201323,-0.32190640362995787
573,2.5933746545947542,1.305506412764771,0.17534126255460514,0.9992453757431613,402,348,0.8656716417910447,0.6575873825113625,ok,1077.4267990535147,6.255288406377758,-0.4972476661845626
574,-1.0726850986995942,1.2711562816216428,-0.005180419867738114,0.9996948387663844,392,366,0.9336734693877551,0.5996417173423276,ok,1078.4885277913738,4.9749666888071715,-0.4920672463168247
575,-0.8017994409246967,0.22863714393974988,-0.07661036922114094,1.0001506708581591,418,398,0.9521531100478469,0.5434915035353728,ok,1079.2886482996873,4.740521686233137,-0.41545687709568396
576,-3.815859190903211,1.3623906880654886,-0.3882420695748594,0.9999504361027668,416,361,0.8677884615384616,0.38780420394669785,ok,1083.1038599409367,3.376318664610494,-0.02721480752082536
577,-0.9007011505605078,0.2247529168868141,-0.13352581394509458,1.0001430568321361,411,393,0.9562043795620438,0.7089848327094855,ok,1084.0049765646825,3.1532373640063724,0.10631100642426898
578,-2.1612901397891164,0.30436717724796836,-0.17087923686610407,0.9993672142900586,414,387,0.9347826086956522,0.9050553067279559,ok,1086.1677138987743,2.859329775365268,0.27719024329037273
579,-0.5920178501012288,0.2312287510405895,-0.15052953361775684,1.0000268191297408,405,380,0.9382716049382716,0.7748715566058928,ok,1086.7614413869364,2.632526909539365,0.4277197769081293
580,-0.575437742401391,0.4650259865445605,-0.03734843375283987,0.9995861706441501,402,375,0.9328358208955224,0.5560960694973219,ok,1087.3406347342604,2.172187002560463,0.4650682106609692
581,6.201247077509379,4.912110130215751,0.1298485913418032,0.9996715708599294,259,163,0.6293436293436293,1.0046102736155347,ok,1081.1682328428028,-2.7761203987658973,0.33521961931916616
582,2.81160688386899,9.39073026517599,0.18415163514634178,0.999499597951249,308,213,0.6915584415584416,0.7073866879284196,ok,1078.3813956192128,-12.174231191469175,0.1510679841728248
583,-0.11507328303287068,2.3680578143826096,0.25604813074175026,0.9998755118832255,348,309,0.8879310344827587,1.2337169816451725,ok,1078.492129839463,-14.542495873719076,-0.10498014656892493
584,-1.5984627846387411,-0.055997157790670826,0.33897263768899255,0.9993796653967767,374,303,0.8101604278074866,0.6792646464551321,ok,1080.0909785260098,-14.49888586244856,-0.44395278425791673
585,-1.2060105954249138,0.09671496848079641,0.10369029217942106,0.9992309148474162,412,395,0.9587378640776699,0.7251391641427823,ok,1081.2960096275706,-14.607123497660723,-0.5476430764373376
586,-1.9984392957123873,0.5626902806877752,0.02140189835396005,0.9996017245188905,349,283,0.8108882521489972,0.5570626913313639,ok,1083.288761978319,-15.189633617070513,-0.5690449747912976
587,-1.5121811385349702,-0.11091220213688757,-0.06299279646122531,0.9989604661488973,379,357,0.941952506596306,0.9719407350453444,ok,1084.801863729806,-15.09208156957311,-0.5060521783300724
588,-1.1620054199472634,0.4603960558296194,-0.3216252048764574,0.9999676115800675,397,291,0.7329974811083123,0.31146379609743685,ok,1085.9623811830327,-15.556215564198169,-0.18442697345361583
589,-1.1331847198146079,0.5649555329264331,-0.39988048507978324,0.9998111538311918,368,255,0.6929347826086957,0.4320053125897048,ok,1087.0976823296282,-16.11690591541253,0.21545351162616633
590,-0.7772204720874925,0.9067988437869872,-0.30530290235643925,1.0000558482000301,392,288,0.7346938775510204,0.27569915962898295,ok,1087.8831124027388,-17.016603312084726,0.5207564139826046
591,0.5901359193428561,-2.168722218283392,-0.15714181928984744,0.9999176168696802,359,284,0.7910863509749304,0.4778425559662831,ok,1087.2673590281386,-14.855014950475834,0.6778982332724516
592,9.940279122962693,13.822026982064244,-0.014430280001667385,0.9993988599318618,299,191,0.6387959866220736,0.8846588134054009,ok,1077.494818763948,-28.79614244146785,0.692328513274119
593,2.286856754932842,3.276580928440808,0.03683723564492997,0.9994293824900161,415,370,0.891566265060241,0.7223310486166793,ok,1075.2455965087427,-32.0986711158165,0.6554912776291891
594,3.5720389242401325,3.1368673601111823,0.3463021359080222,0.9997198505218841,331,254,0.7673716012084593,0.5868916874274519,ok,1071.6905372048411,-35.25476874690446,0.30918914172116757
595,1.0621624902032636,-0.04250229903550462,0.25714650813027135,0.9999259142872585,355,264,0.7436619718309859,0.34727072624335975,ok,1070.628336547316,-35.21323124371827,0.05204263359089669
596,0.008570010937546613,0.0018946958214201004,-8.15877029732803e-05,0.9999994675062083,535,534,0.9981308411214953,0.008898027116233779,ok,1070.6197682636039,-35.21513373522998,0.052124221293869975
597,0.8325000834047387,-1.039804206147437,0.12334644249854494,0.9988595589446522,345,278,0.8057971014492754,1.9915860004834864,ok,1069.7885613644244,-34.174295483268,-0.07122222120467471
598,0.5484574715824238,-0.5208167043819003,-0.006947660894986041,0.9996892369486284,342,320,0.935672514619883,0.8099545382162039,ok,1069.240688491407,-33.65286384564979,-0.0642745603096887
599,-0.16077281436719204,-0.5369570928173744,-0.06643997186856904,0.9993602119943215,390,356,0.9128205128205128,0.7340957135908576,ok,1069.401441012138,-33.11590067703855,0.0021654115588801972
600,0.14433197783637297,-0.32562151091713076,-0.1466263235464629,0.9998130304557964,387,360,0.9302325581395349,0.6316831253680077,ok,1069.2562639135833,-32.79065508021472,0.14879173510534283
601,-0.3275936768131942,-0.07717806730261145,-0.08445243803412626,0.9995901167806014,368,351,0.9538043478260869,0.6533468022548329,ok,1069.5835406942613,-32.712144061946105,0.2332441731394689
602,8.79707222059551,3.5333974307169456,-0.47682463670098113,0.999813341147802,285,197,0.6912280701754386,0.52164288766616,ok,1060.8309324347786,-36.354289818751,0.7100688098404491
603,3.067411129562288,4.740119050014982,-0.12136694145221869,0.9991571279857825,320,287,0.896875,0.8115382966416047,ok,1057.832627098177,-41.138420330618715,0.8314357512926674
604,3.6735614792128217,4.577930892761856,-0.04345519929246045,0.9997392454325552,321,238,0.7414330218068536,0.43355179936328087,ok,1054.229394924464,-45.77190963165083,0.8748909505851278
605,1.0027606992193796,1.0623644695134544,0.1450115406443789,1.0003313403252418,348,273,0.7844827586206896,0.5215452020057252,ok,1053.2402484679,-46.846961525026586,0.7298794099407491
606,1.1247424329978912,0.9941099988639053,0.31737692528353034,0.9999736993345476,356,262,0.7359550561797753,0.35878669282550996,ok,1052.122692243747,-47.84914330309118,0.4125024846572195
607,0.4722485174929716,0.4989861632374186,0.38405495112141674,0.9998930435853093,366,266,0.726775956284153,0.3454531093836407,ok,1051.650691532641,-48.34836387767939,0.028447533535803468
608,0.2904512741263261,0.4378351822811055,0.1554634309131999,1.0000755985343497,394,317,0.8045685279187818,0.3839673282960792,ok,1051.3592703600048,-48.785554099006504,-0.12701589737739605
609,0.354653529952202,0.6337733808616122,0.3384277980097454,1.0000335490708288,341,258,0.7565982404692082,0.3324463159345987,ok,1050.9994801148187,-49.416425562987115,-0.4654436953871405
610,-0.13076954649250183,0.1685131869255656,0.016506525024840634,0.9998137666772856,413,338,0.8184019370460048,0.2634407797106491,ok,1051.128827583147,-49.58603275886844,-0.48195022041198105
611,0.8549946819414345,-0.3115164566712565,-0.18734639599983546,1.00008104749446,403,342,0.8486352357320099,1.2035776964661657,ok,1050.275445953785,-49.27012422211749,-0.2946038244121461
612,0.5314344995892952,0.1628754416033189,-0.15360077050878138,1.0003637422432508,378,348,0.9206349206349206,0.6893635385438731,ok,1049.7436122327033,-49.43169132876881,-0.14100305390336518
613,0.2327801338478821,-2.7375609894048694,-0.3711969704690868,0.9997414745706578,276,198,0.717391304347826,0.5931943910274396,ok,1049.4998354677884,-46.69508765810065,0.23019391656572066
614,3.0088156435517703,14.732060633103401,-0.36422125249962095,0.9991736129773713,283,197,0.696113074204947,0.7505755113757947,ok,1046.6440167908927,-61.45756989378913,0.5944151690653405
615,-8.169503410465268,5.193602116538159,-0.209466273130068,0.9996961641374671,335,249,0.7432835820895523,0.5412681434858455,ok,1054.8855819350254,-66.53604337442675,0.803881442195408
616,-2.638847439790652,0.13119422879935883,-0.017362829465227315,0.9996484042849564,364,349,0.9587912087912088,0.4379844922569211,ok,1057.5260387051737,-66.62940172240712,0.8212442716606353
617,-1.0845793160790436,-0.46623255657721074,0.06309296982708588,0.9999565513538973,366,292,0.7978142076502732,0.4276692597807928,ok,1058.6043539526172,-66.14885899089393,0.7581513018335497
618,0.6108078497138649,-0.827180324120036,0.2610647478885128,1.0000352967621913,361,276,0.7645429362880887,0.32628710425277374,ok,1057.986392731771,-65.3270089757367,0.4970865539450377
619,0.9567219169266536,-0.6801316718216412,0.22979143631333968,1.0001708523710253,348,253,0.7270114942528736,0.352138595647965,ok,1057.0265083007469,-64.65134796870677,0.2672951176316987
620,0.8866509202043744,-0.38967140075305906,0.10592548113556229,1.0002226029594465,381,303,0.7952755905511811,0.4556813678369101,ok,1056.1387634157793,-64.26417530169829,0.1613696364961367
621,0.60611656446099,-0.38173163639646646,0.04958806712029854,1.0001343288589215,359,305,0.8495821727019499,0.44597822082849486,ok,1055.5319032635105,-63.883626898038756,0.11178156937583827
622,-0.6892273106170705,-0.1919437498285106,0.010017984553036357,0.9993853166478341,391,373,0.9539641943734015,0.6338230079898376,ok,1056.2207885740613,-63.690459308350796,0.10176358482280193
623,-0.4967292958001508,0.09339839950848727,-0.08544428953273674,1.0002024056071412,394,380,0.9644670050761421,0.5421673914890697,ok,1056.7178203871654,-63.78223420197514,0.18720787435553843
624,-4.78589728430461,6.603894556440309,-0.16528027471283496,0.9994641793147329,316,219,0.6930379746835443,0.6063622372247892,ok,1061.544254526517,-70.35656075509053,0.3524881490683729
625,1.0040589041013845,5.234213205164679,-0.09087215105138421,0.9989927147294188,360,290,0.8055555555555556,0.5790724105434257,ok,1060.5807281282046,-75.59838668121427,0.44336030011975686
626,14.003735862032045,4.783861378108213,-0.518327682389151,0.9995618503960307,315,217,0.6888888888888889,0.7928283294472872,ok,1046.65925634401,-80.61661058418974,0.9616879825089065
627,1.2515759094076202,-0.01813313375623693,-0.07448655742384185,1.000553291128181,343,321,0.9358600583090378,0.5016512226168705,ok,1045.4075571823628,-80.62111350332566,1.0361745399327484
628,-0.47062071597974864,-0.045350346163104405,-0.030565785453725177,0.9999651755513366,369,300,0.8130081300813008,0.30216767944068135,ok,1045.8772520440352,-80.56700944502381,1.0667403253864733
629,-1.4997771901691976,0.2632134701702853,0.09682120248263752,0.9998926266421444,356,290,0.8146067415730337,0.5065002275352368,ok,1047.3812698852942,-80.80479776308391,0.9699191229038363
630,-3.502388956450204,0.2396801930321999,0.3816231181781313,1.0000518347585017,383,284,0.741514360313316,0.4434411424976539,ok,1050.885935144064,-81.0085044668748,0.5882960047257061
631,-0.8814942741782943,0.02176056654570857,0.0939560180237062,0.9995356629653943,378,352,0.9312169312169312,0.7129506901668032,ok,1051.767584354041,-81.02265890832075,0.49433998670200024
632,-1.5308285681999223,0.8786604137183076,0.20209707154920645,0.9999558312377018,361,284,0.7867036011080333,0.6362804638822859,ok,1053.3028746859925,-81.89349978039183,0.2922429151527944
633,-0.5494203197097249,0.9242751588315059,0.11782206219761045,1.0000510605313482,391,326,0.8337595907928389,0.37287234567985394,ok,1053.8551061507774,-82.8160981037397,0.17442085295518428
634,1.2402858162517987,-1.3913615462629423,0.003501700554249227,1.000159949902747,373,311,0.8337801608579088,0.48685829180865403,ok,1052.610675285904,-81.428442641831,0.17091915240093505
635,-2.5069231646969,11.378035940116547,-0.10842530057577503,0.9991635970440412,338,254,0.7514792899408284,0.7616839427002933,ok,1055.1730418275242,-92.79412094603526,0.2793444529767098
636,6.777941347961132,4.405203233970383,-0.22782461044740016,0.9997863943728026,348,261,0.75,0.4468513445688837,ok,1048.434359353375,-97.25914759338923,0.5071690634241094
637,2.9217230535762155,0.7291622801692483,-0.09203810423286965,1.0000738779545069,390,357,0.9153846153846154,0.830614608900818,ok,1045.520421617367,-98.01882522455048,0.5992071676569788
638,3.65532339798051,-0.33076250568240084,-0.5364727265799067,1.000034062848417,354,268,0.7570621468926554,0.4673687403576127,ok,1041.8592605274418,-97.76057640536987,1.1356798942368842
639,-0.48450611491307427,-0.23084528081653843,-0.11648529356030503,0.9998802048819329,369,313,0.8482384823848238,0.4717851163897324,ok,1042.3386063585126,-97.51919849979708,1.252165187797189
640,-0.6002220463096819,-0.1996693323717409,0.0046471739038351275,0.99954972521408,442,428,0.9683257918552036,0.3767782230693174,ok,1042.9343390187303,-97.30650871462615,1.247518013893354
641,-1.1672262681752272,0.1627342536546621,0.13592062088552626,0.9999683082142081,374,286,0.7647058823529411,0.5017351786842967,ok,1044.1045026365362,-97.44656836618185,1.1115973930078282
642,-1.3778739838830916,0.05394014382295609,0.34336818718595286,1.0000435392812244,378,269,0.7116402116402116,0.4082043100348876,ok,1045.4829759813515,-97.48202950281359,0.7682292058218765
643,-0.7757879452919951,0.24388836484342846,0.3611298367351963,0.9999595965172638,366,261,0.7131147540983607,0.33097706353060036,ok,1046.2604772111774,-97.72039961038877,0.40709936908668115
644,-0.21543249582873614,0.49260613112733154,0.31079853553722137,0.9999979361931958,359,262,0.7298050139275766,0.3924863468648366,ok,1046.4767373582613,-98.2126429541388,0.09630083354946076
645,-0.41351375639965227,0.11286606924636544,0.09565395177054101,0.9995290047681591,371,337,0.9083557951482479,0.5757613896048329,ok,1046.8902523889171,-98.32550435471808,0.000646881778920041
646,10.435594699647254,6.336385021283945,0.10296885642111055,0.9995483323848724,342,249,0.7280701754385965,0.5755063339506137,ok,1036.4433584691742,-104.64324281898655,-0.1023219746421902
647,0.6489708827605227,8.818843066819227,-0.10022280695008046,0.9994922069366652,330,258,0.7818181818181819,0.5667817821229574,ok,1035.794064487476,-113.46206210328921,-0.002099167692110046
648,-2.989473000043972,2.0261549498068234,-0.22169853202936235,0.9996935698173025,361,304,0.8421052631578947,0.5686637459986656,ok,1038.7912812199004,-115.4767443505666,0.21959936433725155
649,0.7511390745885365,-0.7637040031793276,-0.2480759032040812,1.000423547413781,385,359,0.9324675324675324,0.742349584002249,ok,1038.0339335235824,-114.71919687302614,0.4676752675413319
650,6.361832858004618,-1.0673840922075897,-0.16034874760625542,1.0000551042622392,371,279,0.7520215633423181,0.47503893369592987,ok,1031.6607833788503,-113.72160810695618,0.6280240151475869
651,4.405259774605838,-0.8817648978189254,-0.08426151554617581,0.9996394988902615,405,350,0.8641975308641975,0.5911973434091629,ok,1027.244902432809,-112.89467492514723,0.7122855306937623
652,1.2241288461850672,-0.5007676929194531,-0.0016289596573235855,1.0001858878000875,382,315,0.824607329842932,0.33898974062932197,ok,1026.0146291284548,-112.40919854989568,0.713914490351086
653,0.0023393259987187776,-0.33959364683755666,0.02596321675928787,0.9993671850103764,402,380,0.945273631840796,0.7454312732299417,ok,1026.008212563107,-112.06965746974845,0.6879512735917982
654,-0.31396049594104625,-0.006018851078351872,0.13753325729529245,1.00010153789337,395,316,0.8,0.44819374181586924,ok,1026.322100752095,-112.06062284780205,0.5504180162965062
655,0.005404850916647774,0.7822383111133604,0.18737206732996828,1.0001590073046904,406,323,0.7955665024630542,0.4964556993393398,ok,1026.321652510001,-112.84287970259209,0.3630459489665386
656,1.7078015499628236,-4.217275349237866,0.161448948069804,0.9999532292210752,376,282,0.75,0.5844153380684914,ok,1024.5990229461345,-108.63163939942297,0.20159700089673507
657,8.452012853908627,16.675359034994244,0.1922350901750855,0.9991700093672347,353,252,0.7138810198300283,0.8109728970341396,ok,1016.14973489478,-125.30837923830768,0.009361910721650085
658,-8.123991272945204,7.087337922087272,0.0919351504972142,0.9994510432430064,359,274,0.7632311977715878,0.6108914255753133,ok,1024.2635036409788,-132.4074178885719,-0.08257323977556388
659,-4.641824016395276,0.8792397163565511,-0.10457577430427771,0.9998981037319092,389,275,0.7069408740359897,0.4444105210451828,ok,1028.9056649578129,-133.28487500233427,0.022002534528713587
660,4.106729703780957,0.5908884202815443,-0.25426813828923683,0.9999945492666641,374,291,0.7780748663101604,0.452207150826706,ok,1024.8018321489863,-133.8955584410603,0.27627067281794987
661,1.9418510673181117,0.06626013482809867,-0.11076831478471008,0.9998553774744131,413,389,0.9418886198547215,0.7299284041179687,ok,1022.8604729769706,-133.97493437156857,0.38703898760265976
662,2.0929071320210824,0.5132563497289766,-0.36068685469741085,1.0000710460786593,386,293,0.7590673575129534,0.31767089677808663,ok,1020.774442011515,-134.51545925995254,0.7477258423000699
663,-0.7648549192199425,0.11704159148882809,-0.23669770771694204,0.9998907187608137,368,334,0.907608695652174,0.48299399295410583,ok,1021.5411948835388,-134.6193429200555,0.9844235500170114
664,-1.2890150291514146,0.16480758775162485,-0.050830242627688975,0.9995268939657821,399,374,0.9373433583959899,0.5887583270922698,ok,1022.8329771818219,-134.76083419258111,1.0352537926447005
665,-0.7451962923119027,0.9128857050088754,0.13187886040507643,0.9999921421721343,377,296,0.7851458885941645,0.3965639380537272,ok,1023.5924736014605,-135.6618575069524,0.9033749322396245
666,-0.15813231865740818,0.12126420286051598,0.09903188672120358,0.999745999404994,395,372,0.9417721518987342,0.7710646270992552,ok,1023.7522926418501,-135.78088990350204,0.8043430455184213
667,-3.7783163224191867,3.3423202000635683,0.5324928939034467,0.999235222821957,368,277,0.7527173913043478,0.7492710862048113,ok,1027.5464246166732,-139.10524564704644,0.27185015161497594
668,-1.7462034389780001,5.311236817754434,0.13874223892777826,0.9997021563325944,384,307,0.7994791666666666,0.5055449929436681,ok,1029.3049622454532,-144.4124114059739,0.13310791268719802
669,-1.2810008649594238,4.9467996014511755,0.17547574726310117,0.9996978402698853,366,291,0.7950819672131147,0.5564702148901405,ok,1030.5823048089414,-149.36015690149452,-0.04236783457590271
670,0.7446146095733184,0.7306870846182392,0.0215809384113202,1.000118765861331,369,312,0.8455284552845529,0.33928464250639917,ok,1029.836875131312,-150.0900124544139,-0.06394877298722285
671,0.41545850867350964,-0.23825970819711983,-0.05390913549213826,1.0000239416553889,423,347,0.8203309692671394,0.2834666657055517,ok,1029.421458378009,-149.85167995126983,-0.010039637495084724
672,0.992113421844806,-0.1673942580334824,-0.3272694866057465,1.0000876067643414,376,294,0.7819148936170213,0.4046184695869825,ok,1028.4284333548471,-149.68978127060234,0.31722984911066116
673,0.16782985392478622,-0.11825586800239307,-0.1242439498070446,0.9999538119714823,395,327,0.8278481012658228,0.4087865476710955,ok,1028.2596973101886,-149.57282205797515,0.44147379891770555
674,0.38311955085282534,-0.10569258834038919,-0.3250061466551288,1.000068422044619,391,297,0.7595907928388747,0.3249649113607271,ok,1027.8751981695298,-149.47226399361284,0.7664799455728336
675,0.7158906980275788,-0.009494840482830114,-0.23619691008567484,1.0006782504544263,411,359,0.8734793187347932,0.7776907053695904,ok,1027.1592509382779,-149.47529806368527,1.002676855658508
676,-0.4923958534168378,0.1830686072098615,-0.04974014148611946,0.9997601634537532,408,346,0.8480392156862745,0.37994900826808886,ok,1027.6549261706855,-149.64929190089083,1.052416997144627
677,-0.01827362433414237,0.2881729039149832,0.048736636688501096,1.0000075694265511,392,370,0.9438775510204082,0.6853665005111358,ok,1027.678244809764,-149.93710049869276,1.0036803604561264
678,8.321839046607693,5.8215298850474255,0.26498721884222765,0.9995569997976961,332,228,0.6867469879518072,0.7986103545451235,ok,1019.432150117908,-155.86543396207753,0.7386931416138994
679,3.422124231017733,4.63982219339448,0.1091761477090381,0.9990376629403062,406,344,0.8472906403940886,1.019103547932863,ok,1016.0612098097113,-160.5425747208543,0.6295169939048616
680,4.87767478782871,5.633138979290834,0.36273514340592894,0.9996707859201098,349,245,0.7020057306590258,0.5440452956729881,ok,1011.2098169458,-166.19836408891013,0.2667818504989338
681,1.552703539111235,1.0426568703153407,0.1905703925573643,1.0004289672603421,358,274,0.7653631284916201,0.7461478999704333,ok,1009.6585016603747,-167.24308535067803,0.07621145794157021
682,1.1484305813153242,0.3436483175281637,0.03338810751535015,1.000202868101315,398,325,0.8165829145728644,0.3680320130358202,ok,1008.5103282454633,-167.58759191887611,0.04282335042622018
683,0.3355536980930083,-0.105319359837722,-0.05698625003105299,1.0000350102521642,417,344,0.8249400479616307,0.3170630732226296,ok,1008.1745915896231,-167.4828572551496,0.09980960045727294
684,0.46545576664084365,0.032332950538148,-0.2482882627169436,1.0000678914747387,363,267,0.7355371900826446,0.37778490650012236,ok,1007.709340849347,-167.518017446591,0.34809786317421576
685,0.8947408141677897,0.21132762546972117,-0.42922227004699887,1.0003066282715982,396,344,0.8686868686868687,0.7049550069168115,ok,1006.8175493267579,-167.74146401752603,0.7773201332212133
686,0.10375175238709744,0.1797891219345047,-0.05694365661279772,0.9999445697805189,416,334,0.8028846153846154,0.3320861999989748,ok,1006.716426326482,-167.92274472059307,0.8342637898340108
687,0.4539030458831803,-0.013325960757583744,-0.12222934831361462,1.0001599850276541,400,377,0.9425,0.9452294500421283,ok,1006.2623640751726,-167.91699770154423,0.9564931381476253
688,1.6233825544559295,-2.387603483252178,-0.02169292163977476,1.000097891696665,379,303,0.7994722955145118,0.7143364063207137,ok,1004.5984575593791,-165.5574561320758,0.9781860597873998
689,9.308054798344756,14.252874100703139,0.04302783987626927,0.9985984513599796,308,189,0.6136363636363636,1.1605984918917458,ok,995.5242617783715,-179.96034734139312,0.9351582199111306
690,-3.096287443418987,5.641313108988925,0.17850410193475036,0.9994711918721516,342,259,0.7573099415204678,0.7890946984176223,ok,998.694776839058,-185.56027982097578,0.7566541179763808
691,-1.8502332133120944,1.1794457986457019,0.143954041933203,0.9998668613691396,348,272,0.7816091954022989,0.5446536884303599,ok,1000.5575165836831,-186.71987284414422,0.6127000760431783
692,1.2660889444694021,0.05067451624915975,0.049793000006441046,1.0002488595578827,386,313,0.810880829015544,0.43094050676401724,ok,999.2919865896233,-186.78298350917373,0.5629070760367374
693,8.143744299203263,0.10402886849908555,0.07896701343348282,0.9999150990375855,381,257,0.6745406824146981,0.6551267495017099,ok,991.1494114327744,-186.95579274318243,0.48394006260325473
694,0.31038895604842764,-0.11856334762387633,0.023455207550869564,0.9981613284992528,420,350,0.8333333333333334,1.2009815173837879,ok,990.8380796205238,-186.83972778672603,0.46048485505238534
695,0.917027984271499,-0.7111266724125471,-0.07261559700353198,0.9998370561409426,432,410,0.9490740740740741,0.7374569514765235,ok,989.9144748482468,-186.1371641292676,0.5331004520559172
696,-0.6781237190364209,-0.4710687241795313,-0.07803113546855694,0.9991938645766455,413,367,0.8886198547215496,0.8984508452250877,ok,990.5875355474495,-185.65888929571656,0.6111315875244738
697,0.08689867638940996,-0.12398977296038538,-0.2037154236797257,0.9999199490401729,411,382,0.9294403892944039,0.7914159419868771,ok,990.4988823651578,-185.53614787228264,0.8148470112041991
698,0.17253564027419088,0.234134622176839,-0.18030062358169555,1.0003028599386523,423,381,0.900709219858156,0.4953712172158546,ok,990.3304391352916,-185.77324373217675,0.9951476347858943
699,1.115092044732819,-2.2821750178140974,-0.25428820617177955,0.9996889787675106,301,213,0.707641196013289,1.016674260188865,ok,989.1658492930976,-183.5159259478096,1.2494358409576736
700,-3.981122173614949,16.44776861304058,-0.05062111449306325,0.9989147335447688,324,206,0.6358024691358025,0.878519507404684,ok,993.5191190321084,-199.86913568439616,1.3000569554507366
701,7.943039075553315,5.566060582577961,0.21632550075992596,0.999826789221037,366,253,0.6912568306010929,0.6352454242143774,ok,985.6827747746031,-205.5844317259465,1.083731454690811
702,2.616943383267426,0.5332055794191319,0.15156770649866028,0.999999718311639,374,258,0.6898395721925134,0.46174390407730653,ok,983.0748522373732,-206.16014076787565,0.9321637481921509
703,1.1193951289019424,0.5641913015033424,0.3862204159532024,1.0000066224793012,381,283,0.7427821522309711,0.34647908051637893,ok,981.9608837447789,-206.7349724622078,0.5459433322389492
704,-1.1407233221625575,0.46843884065560815,0.3472263582067648,0.9999733475597178,384,273,0.7109375,0.42503536735014236,ok,983.1032248731464,-207.1994521620877,0.19871697403218488
705,-1.7517997917411776,0.5889529790888446,0.20804350946069408,0.9999539355234272,372,289,0.7768817204301075,0.7943194805650315,ok,984.8549287726491,-207.7886902891546,-0.009326535428508824
706,-2.167241520616699,0.30974015053379844,0.04906185196034933,0.9996585999756034,389,316,0.8123393316195373,0.3577296728834908,ok,987.0218535212043,-208.10063884843316,-0.058388387388858085
707,-1.8494563017222845,0.27212220873195747,-0.121334911908965,0.9995779721436836,409,317,0.7750611246943765,0.6448104846900922,ok,988.8716076667608,-208.37072903607634,0.0629465245201068
708,-1.7270753476595928,0.753080593792447,-0.28694644527683927,0.9995755468156019,400,335,0.8375,0.8030743704396693,ok,990.6032496829713,-209.1132487765094,0.34989296979694584
709,-0.4729008817942031,1.1885996127032286,-0.3270127355467372,1.0001790479450587,399,334,0.8370927318295739,0.5208745153712628,ok,991.0901596287611,-210.29617860875283,0.6769057053436827
710,1.1706128235261986,-3.356202551065053,-0.08996074554893246,1.0000533027790466,416,333,0.8004807692307693,0.5985529715622084,ok,989.8747324259027,-206.95594408690692,0.7668664508926151
711,9.711267552246909,15.325614757664425,-0.17975647739639194,0.9992013596112814,345,242,0.7014492753623188,0.8678652647769536,ok,980.4179837560301,-222.43990642755261,0.9466229282890068
712,-2.1433258606116397,2.060397463748359,-0.03288847837474811,0.9995060195513866,375,332,0.8853333333333333,1.293543776254165,ok,982.5962186362551,-224.46336294054151,0.9795114066637549
713,-3.396744017587025,1.8119054984706509,0.11766615049519244,0.9993476045306653,358,288,0.8044692737430168,0.6323328030587033,ok,986.0198321049604,-226.22397143572277,0.8618452561685627
714,1.6644243533326062,-0.025532941331903203,0.041370185203412534,0.999827662762884,410,378,0.9219512195121952,0.8036349879187907,ok,984.3552127849284,-226.22227484013786,0.8204750709651502
715,5.575085456415991,0.30780982272426627,0.15075353785639103,0.9999583274318324,406,288,0.7093596059113301,0.42373242986182724,ok,978.7841060433077,-226.59522846564062,0.6697215331087591
716,2.708425654166831,0.1868094289933424,0.369416597777811,1.000154753075768,355,259,0.7295774647887324,0.4471767940038444,ok,976.0766967127055,-226.79623096183707,0.30030493533094843
717,0.08660078297339169,-0.23804443798849206,0.03672574520629388,0.999757247984684,392,370,0.9438775510204082,0.7780237574709836,ok,975.9890017682493,-226.55858743302645,0.26357919012465464
718,-0.5544773485651149,0.29423339625816425,0.041870145701633436,1.0000134169727022,434,339,0.7811059907834101,0.2819581451825213,ok,976.5446135144264,-226.85067305241853,0.22170904442302125
719,-0.3833857078004712,0.03600165810917133,-0.10390204756482077,0.9996693510570344,381,354,0.9291338582677166,0.726681075107424,ok,976.9281976270736,-226.88449536542578,0.3256110919878419
720,-0.11260777766801766,0.10058781630959857,-0.08458008328387685,0.9998199534142435,405,366,0.9037037037037037,0.4687670456786288,ok,977.0415226397488,-226.98427443078185,0.41019117527171867
721,0.00019457001371847582,-0.01064242234519952,0.000756007754425078,1.0000015421174566,533,532,0.99812382739212,0.017136895775176835,ok,977.041252024688,-226.97363367054777,0.4094351675172936
722,11.232918604276847,12.248466094996274,-0.5757823263124967,0.9991377471355971,334,235,0.7035928143712575,0.864170707361584,ok,966.0205995795639,-239.4134327740046,0.98521749382979
723,-4.260107449631278,5.105119061767255,-0.14131198001216497,0.9996942646315328,377,263,0.6976127320954907,0.591980319374271,ok,970.3802522078462,-244.43380975964396,1.1265294738419547
724,-3.0651164401087954,0.07063636343741564,-0.010921889621447165,0.9990443100571108,375,350,0.9333333333333333,0.6694162179984124,ok,973.4461668673139,-244.44358667768358,1.1374513634634018
725,4.545453363172328,-1.0000756135819984,0.0785515817497566,0.9996980964205503,394,332,0.8426395939086294,0.9552677318238951,ok,968.8830081170677,-243.52768290014478,1.0588997817136454
726,-0.0078080512369069766,0.0031398529672514996,8.495475241966576e-05,0.9999893061032087,565,557,0.9858407079646018,0.009131589156836473,ok,968.8908728556735,-243.5306779339412,1.0588148269612256
727,5.940810472175826,-0.6917064112658409,0.33009204704879197,1.000110510101974,390,266,0.6820512820512821,0.5502781646665731,ok,962.9417455707714,-242.91458429354725,0.7287227799124341
728,0.31726534823155816,-0.3076330996557317,0.2497726406073417,1.0000506463878698,388,274,0.7061855670103093,0.35829202183968584,ok,962.6219197531218,-242.60961401375437,0.4789501393050926
729,-0.3356104540391698,0.36041402994919736,0.14741521460595824,1.0001490698137558,379,295,0.7783641160949868,0.570373983330791,ok,962.9596100681601,-242.9680800525556,0.3315349246991344
730,-0.3504249187849382,0.31328096098786773,0.03584046176943231,1.000046878274773,412,340,0.8252427184466019,0.24226945180984633,ok,963.311647106647,-243.27954836194863,0.29569446292970214
731,0.35140877451135566,0.12309205744236351,-0.05818662538765881,1.0001785325186525,417,402,0.9640287769784173,0.5788282415763119,ok,962.9610052945868,-243.40480849544792,0.35388108831736087
732,10.435462386460586,5.276620020742143,-0.22341399000317957,0.9994026661649821,345,222,0.6434782608695652,0.910214420070675,ok,952.5792373464091,-248.7863034859431,0.5772950783205402
733,-3.816516716055503,9.582860493010458,-0.29110508831490567,0.9991273425842933,382,316,0.8272251308900523,1.011644710145914,ok,956.5405522198739,-258.31022072338806,0.8684001666354453
734,-8.125448071817573,3.254871102028119,-0.2644965249465819,0.999815868494755,383,255,0.6657963446475196,0.6127294403880145,ok,964.7287656178928,-261.4038033725395,1.1328966915820269
735,-1.0669208314870957,0.8996913572399308,-0.09081262211388502,1.0003072722138888,403,371,0.9205955334987593,0.996704139075566,ok,965.8146570468557,-262.28050423569516,1.2237093136959116
736,6.193783238937385,1.8853446509380092,-0.11367931820303624,1.0001155656062652,388,287,0.7396907216494846,0.46962168112592545,ok,959.6665644533509,-264.3098964416157,1.3373886318989479
737,2.0414444758109767,1.0537097160726034,0.13140389758536405,1.0003075893753783,411,325,0.7907542579075426,0.6762187659154592,ok,957.6477494473797,-265.4063387270238,1.2059847343135837
738,-0.008217666025757353,0.2230051285735044,0.08191229350409962,0.9997404003695467,396,361,0.9116161616161617,0.7895603702305353,ok,957.6603403365687,-265.62913972997137,1.1240724408094842
739,-1.1539872663713595,1.1801576193613528,0.31560852460910965,0.999966278911051,403,295,0.7320099255583127,0.3349925210441363,ok,958.8308646171574,-266.79289723307727,0.8084639162003746
740,-1.1454895250274149,1.2980932416779751,0.36681930572151633,1.000104640998635,398,302,0.7587939698492462,0.4005361898352034,ok,959.986325914052,-268.08212239084355,0.4416446104788585
741,-0.5664631968513731,1.5706501451006716,0.23320288574779688,1.0001377923476036,408,313,0.7671568627450981,0.6070460550429,ok,960.5584993661569,-269.6507013567865,0.20844172473106184
742,1.922468674016045,-2.757796226749292,0.0013144191261729634,1.0001417197973927,327,226,0.691131498470948,1.2361263993345624,ok,958.6260736950662,-266.8998729621833,0.2071273056048889
743,7.64109412824223,8.397494055111906,-0.11776124797223082,0.9995284540896339,358,260,0.7262569832402235,0.5600052153161901,ok,951.0327190939875,-275.34055965134394,0.32488855357711954
744,-3.9659545495696875,9.866498851939696,-0.35244222481899024,0.999156667220043,329,258,0.78419452887538,1.2679261136279634,ok,955.1150321240423,-285.15948603915353,0.6773307783961093
745,-7.386365392108019,3.508091266557585,-0.3806900770082646,0.9999773139371388,437,308,0.7048054919908466,0.5840488224643765,ok,962.5649147566455,-288.5305907246634,1.0580208554043735
746,-1.8668387201039423,1.0508828765525777,-0.18614740097804638,0.9996586442324656,393,333,0.8473282442748091,0.6375826473561056,ok,964.4541313074516,-289.5406909430924,1.24416825638242
747,1.1322926616510358,0.4918210626465225,-0.05307030038848615,0.9996800699580589,415,375,0.9036144578313253,0.960807288551943,ok,963.3332632612414,-290.0580200958343,1.297238556770906
748,3.7680825148390795,0.60956617863269,-0.08594059939748139,1.0004157562533216,405,330,0.8148148148148148,0.6742689767413306,ok,959.5809928186159,-290.75836521801796,1.3831791561683873
749,-0.17880830960643834,0.48292719838650555,0.06192937626787231,1.0001546648434132,417,339,0.8129496402877698,0.3848460219641759,ok,959.770888978757,-291.2370410361765,1.321249779900515
750,-0.03462323655912769,0.07766409118141837,0.02354603319346249,0.9999217200559675,365,337,0.9232876712328767,0.8430020019178832,ok,959.8072622144562,-291.313901086226,1.2977037467070525
751,-1.1888277731559356,1.0541032899502625,0.22375235327682685,1.0000564589005132,408,323,0.7916666666666666,0.6657543067175055,ok,961.0156380963788,-292.3455371403162,1.0739513934302258
752,-0.3754845719518016,0.8896082508327936,0.3649687019492314,1.0000745825251207,389,269,0.6915167095115681,0.38025996249706234,ok,961.4021017267859,-293.2304311261113,0.708982691480995
753,1.298620023309013,-1.2270688430585324,0.28469353152435,0.9998818184674477,368,266,0.7228260869565217,0.5168064241055306,ok,960.094430650238,-292.01301243638136,0.42428915995664557
754,10.683132403417176,8.753366951173803,-0.007481793167607076,0.9994188822841105,376,274,0.7287234042553191,0.6975742879467386,ok,949.4775648006978,-300.84663629432987,0.43177095312425257
755,-1.0492362817124103,9.696963683233207,-0.12014024431650862,0.9994457068699378,401,293,0.7306733167082294,0.544323082314015,ok,950.6201585874912,-310.5330433107208,0.5519111974407609
756,-5.254811881956584,1.69901957807906,-0.28476363259619514,0.9996932794599258,413,348,0.8426150121065376,0.7528169963901163,ok,955.8992196553991,-312.1551498678707,0.8366748300369554
757,2.082725512064144,0.36522616456056767,-0.40354100798464737,1.000510057306237,427,354,0.8290398126463701,0.6877637884427106,ok,953.8248870606844,-312.5653693169311,1.2402158380216017
758,3.0119220613948983,-0.05140592832049151,-0.21025280728040333,0.9995565912623618,432,353,0.8171296296296297,0.9048802013355025,ok,950.812628850895,-312.59021988914844,1.4504686453020044
759,6.617351697090953,-0.13717267823631119,-0.3467206579591244,1.0000782869219471,423,306,0.723404255319149,0.5323524235347228,ok,944.1942302566634,-312.6606462657444,1.797189303261128
760,1.4179254947962363,0.21480428821905662,-0.022991471563795832,1.0002348266768726,399,335,0.8395989974937343,0.47731948347736763,ok,942.7838429842402,-312.9203794611907,1.820180774824924
761,0.04037699628270275,0.4633902866196422,0.0847041522529178,1.0000964814899074,417,327,0.7841726618705036,0.44287438668361734,ok,942.757518353101,-313.38478001390115,1.7354766225720064
762,-0.02454804550393419,0.8742645889174128,0.3001407796190853,1.0000619628759555,427,307,0.7189695550351288,0.3757791961770023,ok,942.8039579017525,-314.2581553892661,1.435335842952922
763,0.19915414128195152,1.6577496455226992,0.2672238083002908,1.0002120728747157,410,321,0.7829268292682927,0.7396786886445518,ok,942.6386400134711,-315.9196204821991,1.168112034652632
764,10.207545062502732,6.155036805376994,0.10674500893447038,0.9995347274300035,392,291,0.7423469387755102,0.7416707943862477,ok,932.5468577982922,-322.26267857746893,1.0613670257181618
765,0.6538376477851671,8.193039629977193,0.07141569439314945,0.9993880826906273,414,302,0.7294685990338164,0.49925884049040237,ok,932.0346693015681,-330.4657917055357,0.9899513313250128
766,-2.4777407329238486,1.7494370390772929,0.02652803851066508,0.9999091849795139,430,391,0.9093023255813953,0.7269244605854319,ok,934.5414750007442,-332.1733204109646,0.9634232928143477
767,-0.23422725379441545,-0.10197737894941383,-0.015251953895585996,0.9999000739305544,440,375,0.8522727272727273,0.30736619880490534,ok,934.7739262841578,-332.06735724247324,0.9786752467099338
768,3.598838363122468,-0.26302167710014146,-0.08133408488504179,1.0004828404801542,430,337,0.7837209302325582,0.5329009252903316,ok,931.1708380029762,-331.87095763830155,1.0600093315949755
769,6.0095853622628965,-0.31492255072862463,-0.14284155900974457,1.0007992993940202,403,371,0.9205955334987593,0.7979471262056634,ok,925.1559660051848,-331.68225869959826,1.2028508906047193
770,2.4068848286010507,-0.1295073803677269,-0.10423326127077542,1.0004244388145351,411,341,0.829683698296837,0.5317514183392051,ok,922.746753270734,-331.6076883309686,1.3070841518754943
771,0.5897737872603557,0.3561379971737324,-0.0548135772556268,1.0000860553917799,418,347,0.8301435406698564,0.3730239381548868,ok,922.1656105453407,-331.97774309163594,1.361897729131121
772,-0.3447859705797782,0.10370128985186966,-0.004445282506003147,0.9995294458265032,440,416,0.9454545454545454,0.5369760306024187,ok,922.5127712320918,-332.0731935007499,1.366343011637124
773,-0.14606499000888107,1.0654951388543168,0.04278638303749311,1.0000424911452672,426,335,0.7863849765258216,0.3756699859869683,ok,922.6834084488177,-333.1350304997741,1.323556628599631
774,0.002150885463152008,1.4237226210454992,0.08215727028403366,1.0001422305743621,418,340,0.8133971291866029,0.37236238696103957,ok,922.7121027496839,-334.55846555803396,1.2413993583155978
775,-5.0735021133878035,2.513938411527988,0.19649770068268024,0.9989100158678799,388,297,0.7654639175257731,0.8440394256087056,ok,927.8306052843191,-336.9794657303678,1.0449016576329184
776,-2.7411157078474844,7.918716039592937,0.12368279015208838,0.9995589472661179,406,275,0.6773399014778325,0.6055570185577016,ok,930.6986807197422,-344.8530876628863,0.9212188674808309
777,-0.37466631355550817,1.1463337185413138,0.03845826415035715,0.9994969150286027,461,425,0.9219088937093276,0.5832543694004494,ok,931.0909635208535,-345.99351304173854,0.882760603330474
778,0.014220450436141618,-0.0017880199909541261,0.0005364261744469043,1.0000025930722745,585,583,0.9965811965811966,0.019335606527400694,ok,931.076717225808,-345.991944187518,0.8822241771560271
779,-0.20410109385079522,2.4287451709492416,0.03918116115889505,0.999946850111296,431,347,0.8051044083526682,0.525834854249458,ok,931.3165311930114,-348.41742344388274,0.8430430159971323
780,3.6050798879357444,-1.5724178483649212,-0.18826620428059945,1.0003948270798881,418,325,0.777511961722488,0.593687070446136,ok,927.6837337089742,-346.91014731515554,1.0313092202777308
781,0.7114061648767347,-0.2390254751876455,-0.20164215269345745,1.0001010493019131,415,331,0.7975903614457831,0.6509550653569657,ok,926.9673490463531,-346.6864847917544,1.2329513729711872
782,0.45507922699584924,0.2373383683383281,-0.20994324919341478,1.0003668838158917,416,361,0.8677884615384616,0.4844202426203666,ok,926.5183904391504,-346.93520707251594,1.4428946221646006
783,0.14315383698362893,0.4775590444386353,-0.4965942612267436,1.000147025269947,408,291,0.7132352941176471,0.42144687531457153,ok,926.3914811205711,-347.4173374354117,1.9394888833913422
784,-0.40854858029069874,0.42270098585595406,-0.04660246870394127,1.0000586874269066,436,355,0.8142201834862385,0.36338666779032186,ok,926.8144337756164,-347.8256254679226,1.986091352095283
785,-0.6591203853558909,0.3521345089404804,0.05673154340881568,0.9995905228487083,426,392,0.92018779342723,0.5746174783761099,ok,927.4850359268004,-348.1553695347469,1.9293598086864676
786,2.089300023161968,-3.794409292033606,0.19534040360742452,0.9998175392329965,402,279,0.6940298507462687,0.6118057860191605,ok,925.2818748641447,-344.4259194688185,1.7340194050790445
787,7.261228423702278,16.124587195470212,0.3690995547500775,0.9992786483022604,361,258,0.7146814404432132,0.7229137644790201,ok,918.4067958863307,-360.71889462666877,1.364919850328969
788,-5.8440486915301335,5.673974222721881,0.3035919505700645,0.999264756056622,383,299,0.7806788511749347,0.6116531513001712,ok,924.3549387779594,-366.28364841545874,1.0613278997589057
789,-4.384121997714601,0.8598299244993086,0.19025318733801447,0.9989009101820657,410,371,0.9048780487804878,0.7075031953565054,ok,928.7516257190817,-367.0767292005462,0.8710747124208922
790,5.300044974622324,0.8578113063422279,6.457009411209151e-06,0.999923853660417,420,309,0.7357142857142858,0.4800946180825986,ok,923.4652340469912,-368.0150149030695,0.8710682554114809
791,2.25893187620386,0.07917130708722198,-0.15500791801277802,1.0002953092102522,409,334,0.8166259168704156,0.5968702946162538,ok,921.2080821495812,-368.13462522542477,1.0260761734242583
792,-0.26712566059518394,0.3654556685596617,-0.22997515658257567,1.00000188504896,388,289,0.7448453608247423,0.4040521498313739,ok,921.4831545865542,-368.4941375599118,1.2560513300068328
793,-0.6574293501453212,-0.06310972132087045,-0.09958117597689002,0.9995833877343635,444,401,0.9031531531531531,0.6002803289901164,ok,922.138906875842,-368.41549201044177,1.3556325059837224
794,-0.007688613104164688,-0.0007718092022059864,-0.00040605537228123503,1.000006188388802,597,592,0.9916247906197655,0.01171433269295151,ok,922.1465750707221,-368.4145384653765,1.3560385613560038
795,-1.3560090282196597,1.4670385567087578,-0.21919803138283067,1.0000232281560058,399,289,0.7243107769423559,0.5604541739402125,ok,923.5423999544075,-369.84374646478295,1.5752365927388334
796,-0.021003629762617493,0.43630205682131873,-0.023307136552887048,1.0000094437049287,442,370,0.8371040723981901,0.33896545722037497,ok,923.5755665934278,-370.27929280136016,1.5985437292917202
797,-1.1524326057499366,1.7147452380627328,0.10420656391200621,0.9995140953888557,388,270,0.6958762886597938,0.7381062121804443,ok,924.7723246435369,-371.9634015602452,1.494337165379715
798,2.259955135211385,4.864009785245571,0.056868236220443666,0.9996823710687627,393,280,0.712468193384224,0.4287878551605081,ok,922.6350989474445,-376.88257371906377,1.4374689291592715
799,11.388252360484557,3.7175325262255683,0.28510213250713373,0.9997944314950987,386,276,0.7150259067357513,0.6330077255944953,ok,911.3239140616649,-380.82838623226553,1.1523667966521394
800,2.1560262621947004,0.5443310529278733,0.37797425092024245,0.9999406388223591,368,256,0.6956521739130435,0.373043990173728,ok,909.1754415126114,-381.40180688450755,0.7743925457318989
801,0.04070459306740304,0.019215595577293243,0.10110414878191534,0.9996644983670303,402,352,0.8756218905472637,0.7565222175081814,ok,909.1349655291024,-381.4214994660838,0.6732883969499841
802,-0.6667925964734422,1.031547675093634,0.08245277510672573,0.9999379060329937,406,319,0.7857142857142857,0.34980401610307527,ok,909.812359832118,-382.4461164340014,0.590835621843259
803,-1.307597579458161,0.49374236641244806,-0.2416249556249407,0.9999200178885526,392,282,0.7193877551020408,0.3697917991093221,ok,911.1269928173581,-382.92080903802423,0.8324605774681985
804,-0.774138966348346,0.8749249784841595,-0.36667795555834903,0.999994370265851,388,273,0.7036082474226805,0.4302495077633844,ok,911.9192721401816,-383.77934170008234,1.1991385330265456
805,-0.3889898488869221,1.103236038742466,-0.2575644150143786,0.9999508400314578,376,279,0.7420212765957447,0.3312432792487387,ok,912.336182216811,-384.87233248125233,1.4567029480409228
806,-0.04656289145759729,0.37500844984583637,-0.07214009070648372,0.9998303390679574,416,375,0.9014423076923077,0.5200270368992428,ok,912.392733825207,-385.2459651295908,1.5288430387474061
807,0.6695671886241144,-2.705740235704525,-0.08826284008576461,1.0000365001270695,355,275,0.7746478873239436,0.5612963658646337,ok,911.6470771098483,-382.5601977334761,1.6171058788331705
808,0.7667963423041328,11.390230041367658,-0.005089817070053426,0.999409338547798,351,245,0.698005698005698,0.5698674241800774,ok,911.203032663484,-393.96756997933085,1.622195695903224
809,10.404147225254292,4.655123241959245,0.05098781895657277,0.9997398309609904,353,245,0.6940509915014165,0.5846577171318471,ok,900.9304374751168,-398.9062175653132,1.5712078769466513
810,8.897565321813545,1.065203635997932,0.1277550517672071,0.9997389892690497,359,255,0.7103064066852368,0.6065863363427091,ok,892.0625284318427,-400.1952158749697,1.4434528251794447
811,3.1317382621425622,0.045763464673427734,0.22985025259991135,0.9999755783633298,356,259,0.7275280898876404,0.4044474981110323,ok,888.9324619306572,-400.30729859184237,1.2136025725795343
812,1.4160107770994728,0.2573686427354005,0.2592627377855407,1.0000609605146284,359,276,0.7688022284122563,0.3410529615668606,ok,887.5209342040214,-400.58821604602394,0.9543398347939945
813,0.2276767750322506,0.4163900559665308,0.13248823722487194,1.000110799343988,352,272,0.7727272727272727,0.5606779468400019,ok,887.2992533518816,-401.0078289538228,0.8218515975691232
814,-0.23568451685696346,0.26964000130226395,0.00226744488978123,1.0000626896168123,387,304,0.7855297157622739,0.3113230262832312,ok,887.5387706748272,-401.2740701486017,0.8195841526793418
815,-0.5626956891589998,-0.24402761155226926,-0.14270668205374837,0.9993284945154706,372,333,0.8951612903225806,0.8859030024646657,ok,888.0972887180822,-401.0206268429946,0.9622908347330896
816,0.05353508099119608,0.013830376149485346,-0.1113506023974354,0.9999447622788403,367,339,0.9237057220708447,0.5977949394232333,ok,888.0440221822344,-401.03545790364274,1.0736414371305245
817,0.5717016926028009,0.5323693907041616,-0.302941856830163,1.0002896538010329,351,294,0.8376068376068376,0.6946298184302577,ok,887.4852749165236,-401.58140798061345,1.3765832939606863
818,8.482029602487046,2.556260135467369,-0.3082271797547101,0.9996099713580673,348,240,0.6896551724137931,0.9076051840035598,ok,879.0820694322022,-404.38594531249544,1.684810473715395
819,-0.15418323073527063,6.30340367353574,-0.1383826732295145,0.9995091160448764,333,230,0.6906906906906907,0.5110753088718345,ok,879.4367196260675,-410.6812525790373,1.8231931469449085
820,-6.933903653373591,6.717316202943721,-0.05207083577526305,0.9997577695349603,334,234,0.7005988023952096,0.5745473375498045,ok,886.5867250929928,-417.1680683362131,1.8752639827201718
821,-0.17830693235441686,0.4898861247822879,0.05306429106951438,0.9998045168092117,366,335,0.9153005464480874,0.5118943490477215,ok,886.7805192685848,-417.65203692495265,1.8221996916506578
822,3.910607463946917,2.2988602234131577,0.2764509814124987,0.999737318851682,324,221,0.6820987654320988,0.4602598941547056,ok,882.9333469131691,-420.0555497565373,1.5457487102381602
823,4.007089984899949,0.8877931053666543,0.3200550975991043,1.0000452499930492,344,235,0.6831395348837209,0.40643045266867556,ok,878.9461643513123,-421.02885441770445,1.2256936126390574
824,0.13484376951328159,0.5622389627428674,0.0640028280730533,1.0000799694715083,349,267,0.7650429799426934,0.34842384536645343,ok,878.8227470962099,-421.593711633774,1.1616907845660045
825,-0.43162534161660915,1.0276936619046637,0.08905740547669859,1.0000645799331234,359,277,0.7715877437325905,0.43163388471181063,ok,879.2735351159688,-422.61314523116334,1.0726333790893061
826,-0.7077544901871988,1.1502590490483726,0.038012723299541286,0.9999629861255729,359,284,0.7910863509749304,0.4236137226311812,ok,880.0019439353899,-423.7504371418388,1.034620655789765
827,-0.8378820688919859,1.4589075751553082,-0.09787746178182272,0.9999402751356644,341,253,0.7419354838709677,0.716399121621902,ok,880.8684969627454,-425.1924993891073,1.1324981175715871
828,-0.49658854826634524,0.41132476701716314,-0.05293513052339399,0.9997246876830393,326,293,0.8987730061349694,0.6015768144628311,ok,881.3734888132452,-425.5934625808836,1.185433248094981
829,7.050050515936846,3.05589196165306,-0.1744823892835165,0.9993623115017886,249,140,0.5622489959839357,1.2309037625521635,ok,874.3979488311131,-428.8158110903147,1.359915637378497
830,-4.078757383588027,9.5112592391705,-0.31726343512707356,0.9997428939065454,296,154,0.5202702702702703,0.8454581893180722,ok,878.753335508057,-438.20361812940416,1.6771790725055697
831,-7.187926437797387,1.5289679227956867,-0.1467146074050749,1.00049823672481,299,196,0.6555183946488294,0.7018235048276221,ok,885.9862836981727,-439.503037177759,1.8238936799106438
832,-0.8188050476944682,-0.27699279944306454,-0.009561395652589445,1.0001583734255746,345,313,0.9072463768115943,0.8959257785405254,ok,886.7958073487443,-439.19998903597536,1.833455075563233
833,1.0559042823206255,-0.2805718843312661,0.020404324249312343,1.0005471171038383,345,303,0.8782608695652174,0.9237208041288586,ok,885.731554821137,-438.9529647594733,1.8130507513139205
834,1.8127192954145812,-0.18107594874436472,0.24919899824334088,0.9999854410876573,331,201,0.6072507552870091,0.5030512532068008,ok,883.9145689667357,-438.8214271295427,1.5638517530705809
835,2.0327653290889884,-0.0019749630632759363,0.2719656720493041,0.9999377708152383,352,237,0.6732954545454546,0.47468412669650023,ok,881.8822758148501,-438.86528289796877,1.2918860810212782
836,1.8210498968753654,0.31737827892641235,0.20329155106752345,1.000156397942767,304,203,0.6677631578947368,0.4647053547891486,ok,880.0675842768045,-439.21720095745195,1.0885945299537554
837,0.7752930792155439,0.7388903201870107,0.10302318728292477,1.0002250501161714,358,261,0.729050279329609,0.6303216045808843,ok,879.3051152648032,-439.9693174841175,0.9855713426708311
838,-0.38652891534275113,0.164488828216804,0.009317548330391182,0.9994518708183757,379,337,0.8891820580474934,0.5207414119393617,ok,879.694390636261,-440.12719674868606,0.97625379434044
839,-0.5372581190940764,0.6228040508334516,-0.10595307744400624,0.9998560921897365,322,278,0.8633540372670807,1.1245147310406558,ok,880.243315791279,-440.73974253999916,1.0822068717844457
840,-1.441999371668544,5.657316733863695,-0.24287436346950186,0.9994316341481092,326,207,0.6349693251533742,0.8906667409149535,ok,881.8157548198122,-446.3622002158463,1.3250812352539465
841,2.6645923089736243,5.403106914540558,-0.17066798319298374,0.9990652484237914,350,297,0.8485714285714285,0.8451750063108651,ok,879.2931065627289,-451.83301937517115,1.4957492184469297
842,14.075138070460298,5.5084192009003345,-0.20916938202829138,0.9997999826012921,314,219,0.697452229299363,0.79741217763259,ok,865.3880861934651,-457.75776429168207,1.7049186004752204
843,6.816763696309863,0.11110479605326873,-0.0815754418935937,0.9991477381305525,339,258,0.7610619469026548,0.8292328813692107,ok,858.5780995836051,-458.08132872198996,1.7864940423688136
844,1.2327972144357773,-0.7404324827455184,-0.023240085140237753,0.9994645594465082,371,334,0.9002695417789758,0.8695730165684267,ok,857.3225339988226,-457.38019799542315,1.8097341275090515
845,0.026375235221166804,-0.23289191180174384,0.013332025657162296,0.9997217911213195,392,355,0.9056122448979592,0.46925550333861427,ok,857.2888710317686,-457.14824735355137,1.7964021018518892
846,0.023333860433922382,0.06609612534725784,0.06224728195760831,1.000063916682576,333,274,0.8228228228228228,0.47072842138967097,ok,857.2675480652128,-457.21501933814034,1.734154819894281
847,-1.5238543843886418,-0.0009942168506995586,0.36534802815480416,1.0002034084163245,341,241,0.7067448680351907,0.4273781387727319,ok,858.790943857465,-457.1776237042103,1.3688067917394784
848,0.22659576439718876,-0.38964903135354234,0.07380085147431963,1.0000641318794632,365,317,0.8684931506849315,1.3139560110639366,ok,858.5555998261104,-456.7931953038765,1.295005940265159
849,-0.6129271594950296,-0.1501842408824814,0.07862272956082902,0.9991457676688904,352,322,0.9147727272727273,1.0817627159827983,ok,859.1652007093978,-456.6300335064127,1.2163832107043304
850,2.579966183620172,-0.8266531942997517,0.1292646221650619,0.9997991187525175,337,232,0.6884272997032641,0.48594605588685935,ok,856.5700151020112,-455.8524779293099,1.0871185885392691
851,-3.0766053236009157,7.28938724771092,-0.0011199039387047053,0.9997850421308135,325,216,0.6646153846153846,0.48013359037369185,ok,859.7845070248655,-463.082118891502,1.088238492477974
852,9.152876889983418,8.770786443484099,-0.25360064043701014,0.9994824821123336,315,192,0.6095238095238096,0.6439448509221601,ok,850.839528827807,-472.0648364788781,1.3418391329149832
853,11.411501943191524,0.17648380643038308,-0.4580593316383359,0.9998110495337647,342,234,0.6842105263157895,0.5962523380829521,ok,839.4392003144978,-472.5996569366217,1.7998984645533167
854,2.835150273796444,-0.6724434279039997,-0.36066221029991696,0.9999675915001277,335,234,0.6985074626865672,0.41673549037780144,ok,836.5807144471066,-472.0345766019228,2.160560674853232
855,0.9973327617108225,-0.4661780372199473,-0.20435145124140278,1.0005554470554001,334,276,0.8263473053892215,0.7492312493346693,ok,835.5649948564136,-471.60994933825464,2.3649121260946346
856,-0.71520302209683,-0.29927774082716496,-0.01663922057955836,0.9998829421642689,362,276,0.7624309392265194,0.40320038598012764,ok,836.2671439598045,-471.28121058851843,2.3815513466741924
857,-0.31461907861421423,0.17694744303003063,0.06514733169855175,1.0001235968752042,368,290,0.7880434782608695,0.3962200554103871,ok,836.5886577896692,-471.44529721024185,2.316404014975641
858,-0.9599506406152614,0.9134930948065403,0.2226029625397075,0.999941576733251,329,252,0.7659574468085106,0.7181479275750802,ok,837.5813425299935,-472.3231080514852,2.0938010524359347
859,-0.4789446847198633,1.147656674522409,0.4099800401505583,1.000169300955981,347,231,0.6657060518731989,0.49018854485225927,ok,838.0938031380359,-473.45619585867496,1.683821012285378
860,-0.18519469378520625,1.4195699033118672,0.36666892226349973,1.0001201429401916,338,230,0.6804733727810651,0.4733279783200316,ok,838.3115800065248,-474.8711336737558,1.3171520900218798
861,1.672438137761901,-2.7925493262765713,0.18799393921703686,0.9997848043503387,291,189,0.6494845360824743,0.778696048856416,ok,836.5844359542614,-472.1120841114864,1.1291581508048438
862,6.209164971883865,12.512233341974138,0.09175374974506374,0.9992860594094246,306,191,0.6241830065359477,0.8526371816717705,ok,830.6028243862729,-484.73468431516017,1.0374044010597807
863,-5.507466342880889,4.794894415716044,-0.12015902190898221,0.9999865733576089,309,201,0.6504854368932039,0.5102584327372167,ok,836.2060328346554,-489.4173388037816,1.1575634229687621
864,-2.8079296920118395,1.281061518856177,-0.33718096483489995,1.0006081834319873,362,292,0.8066298342541437,0.9163168238270698,ok,839.04642386216,-490.62471885217076,1.4947443878036608
865,0.5123861669103462,0.2918245140134559,-0.15304734365278083,0.9998717037476619,380,352,0.9263157894736842,0.7904889914633303,ok,838.5426411170467,-490.93115657299927,1.647791731456441
866,2.8364204272318148,1.130803140452599,-0.40472540487937103,0.9992224574614356,335,259,0.7731343283582089,0.9778899229587905,ok,835.7485407879263,-492.1628220849317,2.05251713633581
867,1.1185977025866123,0.7155682841727184,-0.3024778590747125,0.9994803575575127,331,257,0.7764350453172205,0.7904356519447435,ok,834.6602911416495,-492.9237501347002,2.354994995410521
868,-0.5705468346450289,0.1463870411531616,-0.11191489822399292,0.999748679164057,334,305,0.9131736526946108,0.7518188088012412,ok,835.236610069396,-493.04544380693585,2.4669098936345133
869,-0.8055531948264161,0.24725797979408526,0.08146568878168513,0.9998400554716985,356,315,0.8848314606741573,0.8275428754416807,ok,836.0517565302757,-493.2589589248598,2.3854442048528286
870,-0.8249798011840994,0.8960305523628449,0.3138992402205617,1.0000812505583978,355,236,0.6647887323943662,0.4853401459119854,ok,836.9085863597272,-494.12458301561287,2.0715449646322686
871,-0.5619353198294448,0.9609629833691997,0.4626854859868334,1.0000366235489069,343,236,0.6880466472303207,0.438146539624285,ok,837.4972803504756,-495.06939016224896,1.6088594786454373
872,1.2799669303869905,-3.3563942957856625,0.2663487827893994,0.999784552588262,342,231,0.6754385964912281,0.7160934359677846,ok,836.1390275124385,-491.74390565023714,1.3425106958560393
873,8.730488498497834,14.197280115724197,0.23493047675546705,0.9991930743507939,300,204,0.68,0.8572280555180911,ok,827.6845996031523,-506.10729107406473,1.1075802191005732
874,-0.6018205783111625,3.7312298898766585,0.07310902702071398,0.9999384826743564,347,256,0.7377521613832853,0.5882397550485452,ok,828.3536855214641,-509.82704758941713,1.0344711920798597
875,0.020019813441649603,-0.011838003265779662,-0.000652302953317048,0.9999945429952719,473,471,0.9957716701902748,0.025580870792435383,ok,828.3334551176438,-509.8155731825557,1.0351234950331765
876,-2.7900154555079553,1.2964047836544523,-0.43644384043389484,0.9999424012505271,300,193,0.6433333333333333,0.43742699172935884,ok,831.1558432085412,-511.03990037306346,1.4715673354670693
877,2.4600399002306403,-0.347173865305308,-0.1929453938928138,1.0001702702121762,332,252,0.7590361445783133,0.6961543188507766,ok,828.6867569316104,-510.7643301269376,1.6645127293598818
878,4.854142644357353,-0.846058162633426,-0.5535917570709277,1.0000340395756921,353,251,0.7110481586402266,0.4533705050836148,ok,823.8035058580542,-510.10677847197826,2.218104486430806
879,0.563887306774177,-0.3979285633328118,-0.1613689266716146,1.0001595686177152,346,310,0.8959537572254336,0.6303613788880575,ok,823.2235836706373,-509.73260432428924,2.3794734131024207
880,-0.3093983088144796,-0.5884700255023745,-0.1679359497851436,0.9997376527182255,350,282,0.8057142857142857,0.6652792014136837,ok,823.5065210690199,-509.1309643048352,2.5474093628875636
881,0.0023430789719895984,0.0020010376646268924,-1.7803014075211163e-05,0.9999921020274398,513,512,0.9980506822612085,0.003239290746062438,ok,823.5042692443517,-509.1330675063159,2.547427165901639
882,-0.43649926203761424,0.3123797535109816,0.27613347562617624,1.0001319072410546,363,239,0.6584022038567493,0.4582707712051777,ok,823.9528055579108,-509.42790286983575,2.271293690275464
883,-2.547884881099435,4.842023294861065,0.5722830478182884,0.9994492012943307,305,188,0.6163934426229508,0.9874901427354508,ok,826.6431313899175,-514.1922552783956,1.6990106424571783
884,9.250658593432945,8.123541003649166,0.13939117387590025,0.9993545281617328,337,218,0.6468842729970327,0.7274400439543053,ok,817.6169992464899,-522.564563286323,1.5596194685812785
885,9.370727188340425,1.2221914439263628,0.0445164595655705,0.9995058609680523,348,221,0.6350574712643678,0.6845575260570003,ok,808.2818634544034,-524.0340937239848,1.515103009015708
886,3.023159220955904,-0.2539406677515217,-0.025287165523092073,1.00018225514737,394,350,0.8883248730964467,0.6691144482311434,ok,805.2529703904835,-523.8615123074669,1.5403901745387998
887,-0.5523674180442413,-0.45313080727976285,-0.06725461396169609,0.9994915190240413,327,290,0.8868501529051988,0.7561346710676117,ok,805.7924077952514,-523.393063186046,1.6076447885004954
888,-0.2746692747623456,-0.2571328884066588,-0.058458462097572626,1.0001369712456571,357,327,0.9159663865546218,0.6498281368579573,ok,806.0594848394419,-523.128053025363,1.6661032505980677
889,-0.9967519176489077,-0.26743911903963635,-0.13724442826111377,1.0000016906115063,363,326,0.8980716253443526,0.9071988429789123,ok,807.0473270052319,-522.8293794188686,1.8033476788591813
890,-1.8071652556825484,0.4439670533892013,-0.31377287633138407,0.9999017561858333,337,260,0.771513353115727,0.6026797723110415,ok,808.8696598606656,-523.2062825494573,2.117120555190564
891,-0.7797986325508646,0.5473845702613289,-0.21950091511906514,1.0000565057533355,309,248,0.8025889967637541,0.6423628350285561,ok,809.6711272288054,-523.721419262278,2.336621470309628
892,-0.1773587992074681,0.5079462727319424,-0.0634995406605052,0.9995313931669619,363,322,0.8870523415977961,0.8420244991007275,ok,809.8696020926177,-524.2214925449808,2.4001210109701328
893,-0.015558188047407384,0.21415238870383746,0.015573198230273436,0.9999989656344084,387,355,0.917312661498708,0.5198656353570718,ok,809.8940568751538,-524.4348121793656,2.3845478127398594
894,10.661480497520643,3.203765226395717,0.27128512402154864,0.9991878613812327,281,165,0.5871886120996441,1.164667280829311,ok,799.3579663508281,-528.0295408879182,2.1132626887183124
895,-4.067527835806914,8.77770098542419,0.40232924456128927,0.999419606852053,288,208,0.7222222222222222,1.0923754969871147,ok,803.6857564841443,-536.6818844921996,1.7109334441570256
896,-5.40036341236987,1.0865833617989438,0.2897374468411724,1.0001366679917192,286,190,0.6643356643356644,0.4773916938208995,ok,809.1114080996142,-537.6341937567507,1.4211959973158548
897,-2.313168982508614,2.193425158699938,0.31156637231448714,0.9998196509011492,287,195,0.6794425087108014,0.9072980141823809,ok,811.4666200276822,-539.7824119585042,1.1096296250013693
898,1.8652866133988937,0.3436540177439156,-0.004076871277985704,0.9998859693970903,332,294,0.8855421686746988,0.7687999915222268,ok,809.6083652566335,-540.1622559263523,1.113706496279355
899,3.437614532927455,0.4190509486516021,-0.15896517391060652,0.9992348919965847,318,262,0.8238993710691824,0.9318199789225203,ok,806.1809060501589,-540.6575545862657,1.2726716701899605
900,-0.015026600645569488,0.9142883731495886,-0.288153547826852,1.0000241493793263,327,219,0.6697247706422018,0.4418145525628531,ok,806.2208306175608,-541.571094435928,1.5608252180168107
901,-0.5803792301855992,1.1140491126875531,-0.38743844764563384,1.0006168084056717,341,285,0.8357771260997068,0.7143833499272692,ok,806.8387487477148,-542.6647683639055,1.9482636656624426
902,-1.1283190713556905,1.213067865164703,-0.4252426779637513,0.9999978886823013,343,233,0.6793002915451894,0.45635539126936875,ok,808.0163373911216,-543.8300677070783,2.373506343626192
903,0.16039410901657902,1.2972189892190045,-0.27818459847658633,1.0006997379222713,331,265,0.8006042296072508,0.8314243603946275,ok,807.9161298481008,-545.1333181912598,2.6516909421027766
904,1.515487529318989,-3.79012614112537,-0.0266202038651342,0.9997346036807223,311,240,0.7717041800643086,1.069693246619,ok,806.2251915354642,-541.4181484454714,2.67831114596791
905,-2.8461592849826047,16.943347439304034,0.18089648508578188,0.9994225787667071,311,199,0.639871382636656,0.6463463159478186,ok,809.8069421393362,-558.2213834832885,2.497414660882129
906,8.040097579319081,5.502573800649884,0.30295466321610615,0.999507463471768,304,197,0.6480263157894737,0.7869779537151751,ok,801.9834410714097,-564.0277867208117,2.1944599976660246
907,3.4716950754045683,0.00949169655393689,0.17414824995402578,0.9994994215329375,327,259,0.7920489296636085,0.7687922243381473,ok,798.5142386472942,-564.159662910486,2.0203117477119994
908,0.8406371734054119,0.2673535419505697,0.3431294553884016,0.9998962601117953,338,217,0.6420118343195266,0.4589579026329185,ok,797.6817865565281,-564.4515058310494,1.6771822923235993
909,-0.2740323494278982,-0.2171136748556819,0.03807666452200803,1.0002186403480953,333,302,0.9069069069069069,0.7861789168413926,ok,797.9494964835483,-564.226642603026,1.6391056278015916
910,-1.7584437277778306,-0.09273912666947126,0.02617363739333238,0.9996580629518086,328,302,0.9207317073170732,0.6275433293964265,ok,799.7046331420222,-564.0844448553021,1.6129319904082593
911,-2.091721906446992,-0.6172124292548915,-0.15039816817351584,1.0007337343658942,315,251,0.7968253968253968,0.8458400158459897,ok,801.7763722519644,-563.4031602032863,1.7633301585817747
912,-2.06077128640527,0.26239697510197857,-0.22575279695377343,0.999818698042669,320,267,0.834375,0.6014310732646589,ok,803.8450093942599,-563.5938716107362,1.9890829555355471
913,-0.516267722616476,0.08950860022503093,-0.13032549645072078,1.0000615492635414,338,317,0.9378698224852071,0.5275476071250612,ok,804.3642341771538,-563.6642262535015,2.119408451986267
914,-0.7324114369580457,0.7194642027718601,-0.3024330172555656,0.9999789527899208,352,285,0.8096590909090909,0.650734457161539,ok,805.1263934748242,-564.3520986668395,2.4218414692418317
915,1.4176433590637316,-4.360786149030218,-0.09941198138701483,0.9998177849453388,276,221,0.8007246376811594,1.1415869794892282,ok,803.5182915641599,-560.0578959729754,2.521253450628846
916,13.226913488468654,15.381117639598187,-0.18538630348676344,0.9990718687325877,283,187,0.6607773851590106,1.2455406962821731,ok,791.0324642233468,-576.0464586316389,2.7066397541156086
917,4.419191134836183,5.531843064919485,0.05699183160600389,0.9994622711138884,308,207,0.672077922077922,0.5525890084780575,ok,786.8737270569793,-581.776680543763,2.6496479225096055
918,1.113102604650976,0.8726221882454865,0.19256604966800503,1.0001315925274064,313,240,0.7667731629392971,0.768810759975149,ok,785.7990580303149,-582.696220306377,2.4570818728416013
919,0.7430905202916165,-0.05457613424277952,0.2981882759043956,1.000002069196352,318,233,0.7327044025157232,0.34638838776980474,ok,785.0544390241455,-582.6696757885426,2.158893596937207
920,0.4277583961629716,-0.08364875386405402,0.2703194747025378,0.9999711513602484,289,197,0.6816608996539792,0.4298847092432556,ok,784.6241562656809,-582.6001696213424,1.8885741222346704
921,0.08035313930577104,0.002758756884986724,0.06624661163069245,1.0000499775294913,328,253,0.7713414634146342,0.44112084645307414,ok,784.5439314946192,-582.6054822331265,1.8223275106039782
922,0.10351497656802167,0.1745005960482331,0.05389644339569679,0.9999608139730372,316,262,0.8291139240506329,0.4051323309583425,ok,784.445850916781,-582.783094194002,1.7684310672082815
923,0.004052904753962139,-0.11438107308617873,-0.13521112321136491,1.00011665199379,332,260,0.7831325301204819,0.5983704060844939,ok,784.4380006569215,-582.6689108793828,1.903642190419646
924,-0.14887261087505976,0.08770672905200172,-0.10057000589133507,0.999647824505565,331,268,0.8096676737160121,0.682999545482232,ok,784.5898495609345,-582.7513574374661,2.0042121963109807
925,-0.02842520418539607,0.7563553002433991,-0.2741664579895988,1.000340709586238,335,271,0.808955223880597,0.4593357927804537,ok,784.6483209948528,-583.5059847785126,2.2783786543005786
926,1.9983547423062191,-5.504748969271645,-0.2291657083365201,0.9995707284422392,151,87,0.5761589403973509,1.5194093161201485,ok,782.4110418205796,-578.0939366646136,2.5075443626370975
927,-0.20614853651636622,13.998850593857355,-0.32122184832823353,0.9995805849112329,203,105,0.5172413793103449,0.8733009725134391,ok,783.3077996479685,-592.0655557750554,2.828766210965329
928,13.288108663727598,5.143565137337305,-0.15232908152212715,0.99933165844718,222,117,0.527027027027027,0.8766285222781468,ok,770.3051717307244,-597.8932278168554,2.9810952924874554
929,4.534621422515102,0.6591841870020971,0.007098843203250882,1.0011760603891735,275,173,0.6290909090909091,1.2869711397232593,ok,765.8108578789197,-598.7867927218305,2.973996449284205
930,3.3555895175263686,0.04773561427589357,0.26507419912633984,0.999827294940031,276,188,0.6811594202898551,0.794238299246574,ok,762.4612742216365,-598.9930668643303,2.7089222501578667
931,0.6632966265774485,0.7182649590894243,0.38260351294644607,0.9998968728254151,331,226,0.6827794561933535,0.44539941923175996,ok,761.8276791730041,-599.737663587821,2.3263187372114222
932,-0.9801371075523093,0.5178163679926229,0.1011508739551262,0.9997744735988884,299,218,0.7290969899665551,0.6304474655927378,ok,762.8271823391069,-600.2170339681246,2.2251678632562966
933,-0.6249269294944497,-0.23953052518879758,0.014477470694064038,0.999571829092704,320,290,0.90625,0.7254571307720414,ok,763.442404447126,-599.953575626998,2.2106903925622325
934,-1.1570012627075812,0.512436559646062,0.032689454849710836,1.0000032322039,335,268,0.8,0.5520527006832971,ok,764.618044578551,-600.421671163135,2.1780009377125222
935,-0.4362047939362128,0.18451442221783054,-0.07253344892559788,0.9996454760104463,351,304,0.8660968660968661,0.8473887434332079,ok,765.0611586364805,-600.5889138787453,2.2505343866381198
936,0.19083239807878272,0.22306879620794007,-0.05253786737594715,1.0000675113888386,319,293,0.9184952978056427,0.7484406509235466,ok,764.8794444870025,-600.8194711598658,2.3030722540140665
937,-7.249074348634167,0.42128509644476253,0.015044582637263864,1.0003077194553371,322,229,0.7111801242236024,1.1774300167311527,ok,772.1395585434454,-600.9510155704387,2.288027671376803
938,4.996402889635419,8.475372115321306,-0.34853073477040525,0.999894855817148,315,243,0.7714285714285715,0.9093417057337735,ok,767.5383151299575,-609.6472523070138,2.636558406147206
939,7.836906300822875,1.3110552367758146,-0.2496741881472825,0.9995513477568042,319,220,0.6896551724137931,0.5783757549501078,ok,759.7773655727179,-611.3512558785305,2.886232594294487
940,1.0024224184840023,0.13093683430815872,-0.03030167300581058,1.0002506860967344,389,350,0.8997429305912596,0.45112054041986327,ok,758.7829037924926,-611.5330275136357,2.9165342673002974
941,-2.958100644006663,0.33123309497170794,0.07378802339803336,0.9997664625269161,348,279,0.8017241379310345,0.5488379203782214,ok,761.7537917219287,-611.7171462090719,2.8427462439022646
942,-4.288794621692205,0.1339124977150732,0.1992777689743118,0.9994081268654215,329,284,0.8632218844984803,0.8917211004478172,ok,766.0441986549358,-611.6531133011052,2.6434684749279542
943,-0.8807829049446809,0.33118832994227887,0.26104722445007644,1.0000169136910066,343,266,0.7755102040816326,0.4057610440765192,ok,766.93798744367,-611.9474019972298,2.382421250477879
944,-0.28259436256803383,0.17324784475817978,0.046860323417504054,0.9995711139256337,356,292,0.8202247191011236,0.4868005973977006,ok,767.2274072393693,-612.1089896555635,2.3355609270603743
945,0.09252652221539392,0.6634964201724642,0.06563159682745408,1.000078732304323,347,287,0.8270893371757925,0.4982709137543456,ok,767.1612326741467,-612.7756301762435,2.269929330232921
946,-0.49259184270431433,0.8945262138282715,-0.003030798552438721,1.0000353600617755,357,278,0.7787114845938375,0.5583551998540278,ok,767.6889140756361,-613.6499162903084,2.27296012878536
947,0.35277197864888876,-3.321770669650732,-0.07665915979749514,1.0000041290813684,325,265,0.8153846153846154,0.771135644752405,ok,767.20025572136,-610.3454009758534,2.3496192885828546
948,-5.851543373265486,9.626695546298379,-0.02583603555289279,0.9996392712265318,302,194,0.6423841059602649,0.6163428573964512,ok,773.4457745446995,-619.7212914198403,2.3754553241357472
949,6.421841267061154,11.33309062392425,-0.20796505724234182,0.9991418623296925,304,213,0.7006578947368421,0.7637451835725138,ok,767.5412868520039,-631.3323212379148,2.5834203813780876
950,10.77327556771229,3.29156450398375,-0.48336512547132704,0.9992039164853498,275,196,0.7127272727272728,0.686906771554328,ok,756.959538743954,-635.1955414386722,3.066785506849412
951,2.3247870025072643,0.8339210632827871,-0.2669081172880663,0.9997950881441946,324,236,0.7283950617283951,0.4254886591157524,ok,754.6871791957551,-636.1632402712244,3.3336936241374766
952,-0.36717334472518814,-0.002461828838136171,-0.04837440034929393,0.9998863906710824,328,306,0.9329268292682927,0.3772362435263644,ok,755.0535678164451,-636.1391217242808,3.3820680244867707
953,-2.8110906675947263,0.8796510938426536,0.17560399637369448,0.9998115474397542,316,263,0.8322784810126582,0.6276325840767636,ok,757.9094601433646,-636.860159729784,3.206464028113077
954,-1.1806161841795983,-0.04710799594170112,0.12141341806542952,0.9998840421935103,329,281,0.8541033434650456,0.7201977624618033,ok,759.0858300440838,-636.7495812765904,3.0850506100476482
955,-2.9099186018252112,0.37352641371717255,0.36285754937105497,1.0001193128105585,346,246,0.7109826589595376,0.38543470214626674,ok,762.0102049832143,-636.9844843765686,2.722193060676595
956,-1.8077729156095756,0.4539743199497934,0.1299471929443279,0.999859218965941,318,266,0.8364779874213837,0.5978848621697122,ok,763.8366602605931,-637.3562325673099,2.5922458677322684
957,-0.12825497457947677,0.17133437687300557,0.031247230684077094,1.0004056066623763,332,267,0.8042168674698795,0.41238235413083985,ok,763.9724428661748,-637.5216650043479,2.560998637048192
958,2.0163260462736616,-2.328118933606902,0.116184081446242,0.9994260168348105,232,148,0.6379310344827587,0.6478322752265605,ok,761.8586412983201,-635.2816758468662,2.4448145556019507
959,-0.008007222111245937,0.0013930312813954515,-7.286223008468695e-05,0.9999930916507752,518,516,0.9961389961389961,0.00856312057595424,ok,761.8667006560586,-635.2827260349162,2.444887417832035
960,6.523128803640702,14.148154182637654,-0.14597931621286692,0.9993800614586811,234,127,0.5427350427350427,0.694028383966012,ok,755.9897894408673,-649.7112876657004,2.590866734044901
961,-4.264925842619505,2.0652293432339093,-0.12385564535111619,1.0001178996310969,256,166,0.6484375,0.4358428473871383,ok,760.3477446192719,-651.572199094602,2.714722379396016
962,0.9808248609258499,0.3597090014005744,-0.1561603234930315,1.000127844434679,309,240,0.7766990291262136,0.8050726720934667,ok,759.3861669194229,-651.9805816366527,2.8708827028890465
963,4.797427086430162,-0.017608621781050715,-0.14459657193756414,1.0003131885833383,330,269,0.8151515151515152,0.6480087317583986,ok,754.5944562324908,-652.2153696387214,3.01547927482661
964,1.8257950404081384,0.3617210624894369,-0.024147402178103714,1.000123582074515,315,263,0.834920634920635,0.5580617395219338,ok,752.7904107463419,-652.6733975205516,3.0396266770047133
965,0.4940740728450237,-0.19693769839170727,-0.00939014757594187,1.000200668734315,349,325,0.9312320916905444,0.5581064578663125,ok,752.2865609176487,-652.503018541123,3.049016824580655
966,-0.32162327619334974,0.5394107546052282,0.09627247111368267,1.0000854907493195,337,274,0.8130563798219584,0.5102717259583884,ok,752.6355434837467,-653.0251455970521,2.952744353466973
967,-0.5784077241157775,0.920676468554916,0.16781150972831668,0.9999138726410961,334,262,0.7844311377245509,0.567889417344437,ok,753.258001088167,-653.9166315396037,2.784932843738658
968,-0.15936640429822546,1.0891576585096345,0.3135307176895722,0.9999095178254402,303,223,0.735973597359736,0.4324805417742112,ok,753.4641845340598,-654.9979041428581,2.471402126049088
969,2.2970765651016336,-4.302229204910532,0.20920857307006083,0.9999320953747071,336,240,0.7142857142857143,0.9790882621500787,ok,750.9990785696968,-650.7896991262282,2.2621935529790282
970,-1.6373269079053898,8.288345503364553,0.12275208696178017,0.9998577546346785,327,229,0.7003058103975535,0.3966990653360941,ok,752.9446815233473,-659.0111430221167,2.1394414660172494
971,11.00975322352815,10.288018739532731,-0.09112498144922723,0.9991942591142322,291,215,0.738831615120275,0.9377467133317126,ok,742.3436893486505,-669.7198759322226,2.2305664474664755
972,9.689525198538604,1.1914925751177634,-0.29572527309357116,0.9997110825434126,337,249,0.7388724035608308,0.6106514266607398,ok,732.7160997941318,-671.3373036738542,2.5262917205600446
973,2.9921113189129755,-0.05786192240168475,-0.35708821954802483,0.9997305862548608,327,249,0.7614678899082569,0.3379028053860813,ok,729.7248658735119,-671.4300278829991,2.8833799401080666
974,0.8398904247931114,0.13523282488029054,-0.32394206084048854,0.9997524745437939,339,285,0.8407079646017699,0.5861877632713642,ok,728.8938571888541,-671.6120399941555,3.2073220009485524
975,-0.3029500291934255,-0.5691344832482628,-0.1713531598073462,0.9996140018798556,354,310,0.8757062146892656,0.6460175246502597,ok,729.1627387925881,-671.0260404520191,3.3786751607558974
976,-0.32471838297010436,-0.30256655832499746,-0.012348208314780925,1.0000727020811748,339,307,0.9056047197640118,0.4472677326154155,ok,729.4689918235929,-670.704796570434,3.391023369070678
977,-0.24831545431402446,-0.20167520566928943,0.04409408138796129,0.9998045014628519,340,294,0.8647058823529412,0.5194443444647292,ok,729.7051095889819,-670.4889682722417,3.3469292876827175
978,-0.1190689614004441,0.544107228829148,0.24459397102959712,1.000114307065681,322,248,0.7701863354037267,0.4330308298709935,ok,729.8534508685298,-671.0258341389302,3.1023353166531225
979,0.15948508323731403,-0.4205805947024146,0.10001892273907044,0.9998385636954426,339,302,0.8908554572271387,1.0581452448875097,ok,729.6721562238297,-670.6141840688241,3.002316393914053
980,7.12541075117997,5.081240792175436,0.6323375153632577,0.9976578050432072,198,113,0.5707070707070707,2.4643850019010185,ok,722.7629604853336,-675.9857295269068,2.3699788785507994
981,-0.010322428146309903,-0.00634708646089166,-0.00028996258486776126,1.0000071571540117,437,436,0.9977116704805492,0.01337629944373611,ok,722.773011584167,-675.9789609641625,2.370268841135667
982,3.939892471404164,11.916553220693345,0.3510679803328157,0.9996334610993513,222,126,0.5675675675675675,0.7759910206843549,ok,719.2554381967918,-688.0269346864227,2.0192008608028535
983,-0.0035677962698628107,0.5607438118129267,-0.1049283599594293,1.000189127332379,257,223,0.867704280155642,1.3191826210716708,ok,719.2797872624842,-688.5871609573675,2.124129220762283
984,-1.3805056973380943,1.0045071623833337,-0.30613785753348643,0.9992420320196105,284,229,0.8063380281690141,0.8387654656710324,ok,720.7016458546974,-689.5322264383854,2.4302670782957674
985,-0.9885934491837816,0.5702681354997594,-0.20497364452182357,0.9994392130904747,294,246,0.8367346938775511,0.7420925022626528,ok,721.7154132996928,-690.0564385343948,2.6352407228175894
986,-1.2983349053952224,1.3928942445629673,-0.5554264014805571,0.9999395545295927,289,237,0.8200692041522492,0.7219963948156746,ok,723.0892625010613,-691.3749097229323,3.1906671242981433
987,-0.06633594706045187,0.19630368774357976,-0.10828809288827863,1.0001257521338796,305,285,0.9344262295081968,0.7564447339435715,ok,723.1667849777057,-691.5670707525637,3.298955217186421
988,-0.39124553877900325,1.3253746496801568,-0.06280897806979789,1.0000689867582202,304,244,0.8026315789473685,0.7033202443866712,ok,723.6350774816563,-692.8672219608363,3.3617641952562187
989,-0.46694243213255504,1.7825091139246751,0.09440562794601164,1.0001186636165937,341,263,0.7712609970674487,0.3674936489372609,ok,724.2028554486708,-694.6202200088452,3.267358567310208
990,1.4352872793435836,-3.7562196101669088,0.36461406815206077,0.9998172985103972,265,178,0.6716981132075471,0.8472947086641524,ok,722.5791918516451,-690.9415039478068,2.902744499158149
991,-5.363366799238975,6.2721654144994545,0.2575367186679715,0.999609330251817,299,245,0.8193979933110368,0.7560914326886157,ok,728.2263116774624,-696.9594604184774,2.645207780490179
992,-1.8420436189476277,6.95471417370436,0.2266823182229496,0.9997732872436395,311,258,0.8295819935691319,0.7313999814559566,ok,730.36019435903,-703.8302477556997,2.418525462267231
993,0.29953317026297555,1.207529032750017,0.05475575207850419,0.9998675881685019,368,340,0.9239130434782609,0.6341135448695331,ok,730.1107192196283,-705.0491032187645,2.363769710188727
994,1.8976965180072511,0.8043710973807947,0.0494293492793327,0.9996716080947516,320,285,0.890625,0.8185391079552599,ok,728.2470526299463,-705.9294507519926,2.3143403609093944
995,1.6696232627755307,0.13600935524004854,-0.08649139772230087,0.9995742387562834,338,311,0.9201183431952663,0.8635579910982379,ok,726.5845923789622,-706.1352815033655,2.400831758631695
996,0.9752939695767964,0.3141021663639094,-0.16194900887028793,0.9995775499609421,364,328,0.9010989010989011,0.5604176181463645,ok,725.6243186520542,-706.4926788556472,2.562780767501982
997,0.491550516733696,0.27697436432708855,-0.24041338915850177,0.9997501406291117,317,276,0.8706624605678234,0.5727545712101296,ok,725.146901874932,-706.7933612959692,2.8031941566604823
998,0.02762725750244499,0.4485173844171868,-0.25243687239631846,0.9997051987925701,328,283,0.8628048780487805,0.515447664063851,ok,725.1432223603155,-707.2427136862531,3.055631029056799
999,-0.5167032593242311,0.2308710671644576,-0.14860754845164018,0.9998398508770424,362,346,0.9558011049723757,0.61927269732863,ok,725.6720224452073,-707.4443424988474,3.2042385775084385
1000,-0.2585352176447486,0.12128870496655964,-0.032635243206693344,1.0000585005177347,297,260,0.8754208754208754,0.5947911955369269,ok,725.9369936567937,-707.5508397558335,3.2368738207151315
1001,2.19971096465315,-2.6552197159037405,0.0770762650439241,0.9998870117442561,324,252,0.7777777777777778,0.5971489540794637,ok,723.59426878818,-705.0209068994677,3.159797555671208
1002,0.5036361759141528,11.312328788056675,0.23538320786645894,0.9995383780205445,305,218,0.7147540983606557,0.6060688738630193,ok,723.668426545725,-716.3441984983704,2.9244143478047504
1003,6.355647362442824,2.815660884181625,0.07330209356977038,0.9998207714329174,305,225,0.7377049180327869,0.44534200445704686,ok,717.4606995629794,-719.4725087959799,2.8511122542349803
1004,12.513481654732004,1.6800516588828032,0.3296749860850252,0.999821789020432,298,209,0.7013422818791947,0.7383706005883087,ok,705.033243881539,-721.7014417213188,2.5214372681499566
1005,4.132826765497157,0.6125877967530187,0.23983872818830465,0.9998465732497759,316,229,0.7246835443037974,0.4525200409473404,ok,700.9280811477577,-722.4780753617919,2.281598539961653
1006,1.193875348869824,0.7611222266988307,0.03208138059875542,1.0001237015733726,371,315,0.8490566037735849,0.37394062091229663,ok,699.7650009478015,-723.2854723156404,2.2495171593628984
1007,-1.0276616558146543,0.44746217278111544,-0.2134445720837442,0.9999737537811458,351,266,0.7578347578347578,0.39656535526606296,ok,700.810942299969,-723.6883588539209,2.462961731446641
1008,-0.052507568466353405,0.07239470666581838,-0.14465336995009254,1.0003526438857662,364,303,0.8324175824175825,0.7471953059235723,ok,700.8666891506831,-723.7582897264659,2.6076151013967332
1009,-1.5162526378378516,0.6306484210793997,-0.377455673540149,0.99960508420926,350,292,0.8342857142857143,0.5142568923121966,ok,702.4137259304144,-724.3091224550855,2.9850707749368794
1010,-0.2897361064603956,0.813616756390843,-0.3211970660274246,1.0000863807306262,343,301,0.8775510204081632,0.42349684078791916,ok,702.7499036892233,-725.1046749374202,3.3062678409643027
1011,0.3253363637165876,0.26851733387729837,-0.11017936666354765,1.0003526635117925,345,320,0.927536231884058,0.6154076699300952,ok,702.4411472585272,-725.3921027973307,3.4164472076278494
1012,3.0410790957989775,-3.7151511403483255,-0.08967143328932686,1.0000346053020703,177,128,0.7231638418079096,1.6634226292628833,ok,699.1785596790178,-721.8698829932058,3.5061186409171756
1013,10.367612363485023,11.341758948487268,0.07516488961311704,0.999272116984978,214,129,0.602803738317757,0.9248005390133557,ok,689.5082848222914,-733.8117700451104,3.430953751304059
1014,3.4347547988252245,3.608936822339956,0.28747290423161287,0.9999318398276814,274,174,0.635036496350365,0.6253357033422675,ok,686.2765998699557,-737.6036268309796,3.1434808470724485
1015,1.2759487614553109,-0.8860642393372018,0.25006213646864067,1.0000581646488997,289,218,0.754325259515571,0.9583816688819002,ok,684.9575507894239,-736.7830998044658,2.893418710603809
1016,0.4522477514133243,-0.23806206208496405,0.2552316014315976,1.0001079479450166,325,242,0.7446153846153846,0.3945474022158795,ok,684.4948246621933,-736.5661064745206,2.638187109172213
1017,0.21032254038595966,0.07179522497835933,0.08468912457113119,1.000100169599585,360,307,0.8527777777777777,0.3575562772848036,ok,684.2879095947964,-736.6472007419399,2.553497984601082
1018,0.4862372689617587,0.6686432286223862,0.07518724911870024,1.0000663394780207,326,264,0.8098159509202454,0.49198826290561715,ok,683.8310400545369,-737.3362440439847,2.478310735482382
1019,-0.2721883208987492,0.46106011157667126,-0.1045130270980353,0.9999418741417128,325,258,0.7938461538461539,0.7314496745694659,ok,684.1237288540683,-737.7845700137315,2.5828237625804173
1020,-0.1399843017229614,1.4471858928907295,-0.2588871877452939,0.9998609653269499,328,233,0.7103658536585366,0.4596347089723164,ok,684.3352879814587,-739.2230363320473,2.84171095032571
1021,0.09308274008526496,0.48167543155057047,-0.14588365534594078,1.0000520280744944,355,337,0.9492957746478873,0.6336059001031519,ok,684.2674365521437,-739.7089085389094,2.9875946056716502
1022,0.23873438691543925,1.8464622239333721,-0.32815253799823696,1.0001230871032782,289,230,0.7958477508650519,0.9489630362066659,ok,684.1358982530938,-741.5660877246079,3.3157471436698853
1023,-3.2533457365136655,3.357422251339244,-0.12568285199012244,0.9998780524486109,276,173,0.6268115942028986,1.0312443531248845,ok,687.5849171070515,-744.722163072271,3.441429995660007
1024,5.03910549893817,9.18195329505511,-0.05418338757862895,0.9993855522864016,327,238,0.72782874617737,0.6304803777028898,ok,683.1150301875861,-754.1942780139931,3.4956133832386356
1025,7.979566184694249,3.208094693232624,0.061581871031153486,0.9996639446582679,309,201,0.6504854368932039,0.6191901449301144,ok,675.3419544643948,-757.8745826016861,3.434031512207482
1026,2.106954735450927,1.8074347388044316,0.19609877798108974,0.9999277360877099,318,244,0.7672955974842768,0.46867773015980263,ok,673.3404517487946,-759.7981380263418,3.2379327342263933
1027,-0.9309596221942229,0.9141559607605814,0.18781999350691458,0.9996232302506539,311,271,0.8713826366559485,0.8692108121969088,ok,674.3187342157321,-760.661463198935,3.05011274071948
1028,-0.9571594776011807,0.3141025625753855,0.06695323999396185,0.9992476412822064,348,310,0.8908045977011494,0.8396874184940393,ok,675.2909432840232,-760.9253272035104,2.9831595007255185
1029,-2.2463581850352057,0.9431259092643813,0.1590310486164713,0.9998992146067843,338,283,0.8372781065088757,0.48712231400203987,ok,677.5810413909916,-761.7566287352423,2.8241284521090484
1030,-2.313966826914111,1.1771588103973727,0.05134683217225988,0.9998147724366793,337,275,0.8160237388724035,0.575506613377828,ok,679.9492444850225,-762.820470568588,2.772781619936789
1031,-1.944025748560307,0.9154720857538905,-0.08780900610551168,0.9997758723286189,326,254,0.7791411042944786,0.6076549387518229,ok,681.9365353586671,-763.6377833816455,2.8605906260423004
1032,-1.025440001041261,1.152707498156019,-0.2061672542406891,0.9998478422075603,356,253,0.7106741573033708,0.4054536778293761,ok,683.0221760429324,-764.7339795669646,3.0667578802829887
1033,0.18691681224390777,0.3879562309912217,-0.11998649086149211,1.0006530832284728,342,324,0.9473684210526315,0.7703240843131007,ok,682.8571149538136,-765.1317266835138,3.1867443711444796
1034,-2.039784646227872,0.2825986409491179,-0.19077648008383558,0.9998975374512835,244,151,0.6188524590163934,1.1889722018241549,ok,684.9100057540696,-765.2936611056637,3.3775208512283146
1035,7.477904045695368,8.6072454198993,-0.14316963646277747,0.9993358796513574,272,184,0.6764705882352942,0.8863131589495552,ok,677.9747770032088,-774.3438724185689,3.5206904876910916
1036,9.753431450081962,2.2737671459416333,-0.06791755038751857,0.9993654722447185,302,232,0.7682119205298014,0.9099376805951647,ok,668.3827899709581,-777.2236687409758,3.58860803807861
1037,4.329450205125795,0.7096736014838143,0.04876008892484794,0.9999499424439001,393,288,0.732824427480916,0.4507047567142416,ok,664.1054170958067,-778.1993003242217,3.539847949153762
1038,0.30615950536707714,0.7053794062542238,0.13573623405520677,1.0000171094023054,355,295,0.8309859154929577,0.49785464473474506,ok,663.8416818131449,-778.9216142796272,3.4041117150985563
1039,-1.0743483273734,1.051423266040274,0.300641045698433,0.9998467811538094,331,241,0.7280966767371602,0.5702367642185897,ok,664.9713778118305,-779.9133310554528,3.103470669400125
1040,-1.470803636996834,1.0691365790000873,0.3444295271790689,1.0000454283977043,357,257,0.7198879551820728,0.42109206950709976,ok,666.4919401825363,-780.9104300675639,2.7590411422210575
1041,-1.5660975780822355,1.3698999180967348,0.1780792723357729,0.9998945899720634,344,269,0.7819767441860465,0.6197586003776104,ok,668.1181371232851,-782.2084173246568,2.5809618698852854
1042,-1.1440992202315101,1.4245130560345842,-0.014991999385237759,0.999966108305627,337,279,0.827893175074184,0.6141486145198666,ok,669.3255819109926,-783.5796494556931,2.5959538692705233
1043,0.3410176526010673,0.3590842562009584,-0.1264917587967336,1.0004342015060097,353,329,0.9320113314447592,0.9197341574453356,ok,669.0020048485386,-783.9545260048271,2.7224456280672564
1044,2.9396331635489332,-4.605222889249831,-0.32976457736844367,1.000247705910454,327,257,0.7859327217125383,0.9246029511017565,ok,665.8213324066559,-779.5123594373341,3.052210205435698
1045,0.006143340670860198,0.0017490763183332092,-0.0011299874861575997,1.0000044905937218,496,490,0.9879032258064516,0.024717995517197614,ok,665.8152909528329,-779.5144332594745,3.0533401929218553
1046,10.670213596186386,16.014776399540096,-0.5227069732978714,0.9988760495260348,250,161,0.644,1.1004517001170473,ok,656.1647476072952,-796.163563400458,3.576047166219724
1047,0.5882350294102707,2.507276872415673,-0.15899429608741014,0.9993205061193728,283,218,0.7703180212014135,0.9311492647367838,ok,655.741092570125,-798.7038338927985,3.7350414623071337
1048,0.08283504424070998,0.06433100068511521,-0.01710508465635698,1.0000352760610471,329,268,0.8145896656534954,0.36587993735683877,ok,655.6626449388045,-798.7734477660117,3.75214654696349
1049,-0.01871678371253438,0.42406269062689717,0.09229662875959178,1.0000181955408478,352,289,0.8210227272727273,0.3673827467884581,ok,655.7083927459713,-799.1954508722962,3.6598499182038986
1050,-0.3575261318255798,0.15811521077569068,0.2100731526621079,0.9999970368846206,366,277,0.7568306010928961,0.374520439456301,ok,656.0747853745219,-799.3317659358823,3.4497767655417917
1051,-0.4847147564032639,0.4352528152658124,0.29407248206185654,1.000020068285268,352,263,0.7471590909090909,0.39997488162791445,ok,656.582725608053,-799.739675395729,3.155704283479936
1052,-0.41380374113623475,0.594428034138673,0.2657582420700592,1.0000217063016998,350,272,0.7771428571428571,0.696794755705699,ok,657.0259727696565,-800.3124844194696,2.8899460414098783
1053,-0.3807351974528501,0.6536861304659851,0.1508945619490673,0.999868327267142,377,313,0.830238726790451,0.4939561255948778,ok,657.4375108600176,-800.9472294453856,2.739051479460812
1054,-0.3717493286737863,0.2856603639871764,0.014998393259891135,0.999467521165112,379,349,0.920844327176781,0.39836310303820865,ok,657.8224163495296,-801.2148993373534,2.724053086200921
1055,10.307505573565322,2.614809326392333,-0.3012981381182332,0.9996484513912627,333,226,0.6786786786786787,0.8245206462663838,ok,647.6672804515264,-804.370071892944,3.0253512243191527
1056,-0.6665382299338489,5.962899009499324,-0.1858615768737416,0.9996247306643602,324,275,0.8487654320987654,0.7605164860137659,ok,648.6667952090153,-810.2862706775534,3.2112128011928935
1057,-5.707633963610988,6.35288840548742,-0.29483187244241627,1.0002991790209894,307,252,0.8208469055374593,0.7721268550748486,ok,654.7522500255228,-816.2782249690504,3.506044673635308
1058,-5.608173391417495,1.6669593967034189,-0.2325258370781916,0.9999275832070988,352,262,0.7443181818181818,0.4441368255872649,ok,660.4571814862588,-817.5759612468684,3.7385705107134988
1059,2.265359427574822,0.838288586775775,-0.15184069776730638,0.9999600418773218,339,279,0.8230088495575221,0.7425783538494062,ok,658.2539187184111,-818.5660189556091,3.8904112084808045
1060,3.888796893475046,0.5080539658453063,-0.06859206971241397,0.999109430980057,365,319,0.873972602739726,0.8026762571656205,ok,654.4094790343663,-819.3413534812521,3.9590032781932174
1061,0.6470159570098986,0.02342396167557581,0.021949168333591916,0.9995502382356644,381,360,0.9448818897637795,0.5560110007202209,ok,653.7655982817215,-819.4091466002183,3.9370541098596252
1062,-0.6204845395932352,0.9764655079909517,0.16742725944542566,0.9999017958777389,357,295,0.8263305322128851,0.513309282682518,ok,654.4489380498237,-820.3427057646531,3.7696268504142005
1063,-1.6323022142350965,1.0589141588058055,0.24890680618755273,0.9998468574501713,331,262,0.7915407854984894,0.7741692215215383,ok,656.1431869309424,-821.2993825351165,3.52072004422665
1064,-1.0787279695423422,0.8122042723941831,0.11857610747599111,0.9999382624442638,398,340,0.8542713567839196,0.5365650563508989,ok,657.2682129871429,-822.0461396477297,3.4021439367506594
1065,-0.18299892522645678,0.18643180835567819,0.020071460695533037,0.99998157411108,412,397,0.9635922330097088,0.36781705802778997,ok,657.4618915528272,-822.2214509109025,3.3820724760551264
1066,2.9730582023694296,-3.113936550058611,0.06108433430755011,1.0000310126186092,324,232,0.7160493827160493,0.573246145367188,ok,654.3134366195192,-819.284972161551,3.3209881417475766
1067,6.705362049619453,11.494483759215882,-0.09679205114197471,0.9992452826925303,303,209,0.6897689768976898,0.8307216371420666,ok,648.3052577276549,-831.1587594053374,3.417780192889551
1068,1.1648079289088855,2.54100398780497,-0.07608950503358441,1.0006708641177557,353,321,0.9093484419263456,0.8391386608116687,ok,647.2974680152158,-833.7660259189091,3.4938696979231354
1069,0.0021487843421255093,-0.004159947512675899,0.00017971291939218207,1.0000021784951088,467,465,0.9957173447537473,0.0077137425299280415,ok,647.29506972292,-833.7620046465333,3.4936899850037433
1070,-1.8612430542707443,2.8654804931526314,-0.2742529971881542,1.0012087941705556,331,257,0.7764350453172205,1.1574160515770677,ok,649.3405963261847,-836.4989783546727,3.7679429821918955
1071,-1.5523286764948807,0.27787904549086306,-0.11665429576412872,0.9994477792835461,343,301,0.8775510204081632,0.894701093958552,ok,650.9081840644177,-836.6710532416607,3.884597277956023
1072,-1.106451753809779,0.44862279465655774,-0.07159659121993787,1.0001276972587938,393,371,0.9440203562340967,0.7772770952537291,ok,652.0429514162768,-837.0422687485424,3.9561938691759604
1073,-1.5287879341849475,1.0484914213527645,0.05530686352337539,0.9997201196227848,372,312,0.8387096774193549,0.44940873067335285,ok,653.6395271370166,-837.984326483665,3.900887005652585
1074,-0.29991178451859923,0.34472597225180834,0.029047658234405773,0.9999629424551386,381,362,0.9501312335958005,0.5244679952935497,ok,653.962031994413,-838.3080141284609,3.8718393474181787
1075,-0.4296863449540069,0.7135335375378418,0.055817559042473305,0.9999986281535813,359,325,0.9052924791086351,0.37965730278105025,ok,654.4382534180203,-838.9913688093761,3.8160217883757066
1076,-1.1120041410204067,2.560055911193558,0.21623946100608973,0.9998461286475687,358,276,0.770949720670391,0.5565171004691176,ok,655.7088010720994,-841.4765545442453,3.599782327369618
1077,8.6989170062634,4.8243651951614765,0.12804294339218844,0.9995812012768385,319,230,0.7210031347962382,0.8430698939849641,ok,647.3179936954541,-846.8188394660909,3.4717393839774306
1078,3.7639974078538216,4.618841541624988,-0.029868647868663414,0.9994483655581695,318,255,0.8018867924528302,0.8183676424569843,ok,643.8431262704776,-851.6589500073705,3.5016080318460934
1079,4.1280422794513925,3.9095133889786666,-0.08547673299705572,0.9997090408962687,332,266,0.8012048192771084,0.46024086356517224,ok,639.9677722695062,-855.81907733315,3.5870847648431488
1080,-0.005793726400952437,0.000681427559925396,-0.00013557671874968687,1.0000040913655053,545,545,1.0,0.006932913248519651,ok,639.9735972798093,-855.8193949242369,3.587220341561898
1081,2.249298582160236,0.49846571096838943,-0.35871964632177955,0.9997601962416761,304,237,0.7796052631578947,0.6292994152588813,ok,637.7639328582447,-856.4714649517575,3.945939987883676
1082,0.25835932978111487,-0.07280141621743041,-0.08109816354031707,0.999978006261929,349,326,0.9340974212034384,0.443756368211489,ok,637.5010987711227,-856.4169871385234,4.027038151423992
1083,0.1607753077369125,0.32968154939749184,-0.09163354186972163,1.0000916889978002,328,287,0.875,0.47321381632793336,ok,637.3644172263122,-856.7573645450874,4.118671693293713
1084,-0.045529690240528,0.874704449355022,-0.02150269553148564,0.9999661041653014,343,287,0.8367346938775511,0.4365573060808123,ok,637.4729789713597,-857.6264992722311,4.140174388825199
1085,-0.14137366078739433,1.1348409336189889,0.05487448879025856,1.0000135540167572,338,287,0.849112426035503,0.3128180484145717,ok,637.6948412232691,-858.7483850051647,4.08529990003494
1086,-0.21441011946512845,0.7164100676397993,0.05654463131711858,0.9996875738608817,371,328,0.8840970350404312,0.3036793248176708,ok,637.9590544228399,-859.4479609263606,4.028755268717822
1087,-0.39640202007262815,1.5811611817734956,0.14491632323996045,1.0001181254435807,321,263,0.8193146417445483,0.4575553967622094,ok,638.4616442533063,-860.998641005093,3.8838389454778626
1088,14.058450225760225,-2.248478264950336,0.21990299864351967,0.9997493612653414,299,214,0.7157190635451505,0.8149843641312688,ok,624.288241803842,-859.6531521483389,3.663935946834345
1089,-0.9492911588199604,10.65623463097836,0.19499578367498427,0.9993364229623467,291,218,0.7491408934707904,0.6469414662434381,ok,625.880575154052,-870.2324226674477,3.4689401631593615
1090,-2.6907592658913018,1.2971876930902226,0.04225397557850419,0.999262566666211,302,270,0.8940397350993378,0.7185440174988116,ok,628.6440582100088,-871.3664609108615,3.4266861875808576
1091,-1.8909142293323384,0.6265866303814391,-0.05885624812758049,0.9994809197641246,338,315,0.9319526627218935,0.6475566744185568,ok,630.5695689560941,-871.8769271631983,3.485542435708438
1092,5.176951015751456,0.9201778390878417,-0.2246270983259368,0.9991646584516536,325,262,0.8061538461538461,0.7703303031747613,ok,625.4630122430679,-873.1301739911165,3.710169534034374
1093,6.903604478237867,0.6123772271198504,-0.39525230856850896,0.9997824148289458,296,221,0.7466216216216216,0.5353562160629577,ok,618.6209635328721,-874.2352215500697,4.105421842602881
1094,1.2570234226045613,0.6339390901424622,-0.3869624937918841,0.9995960030780738,310,263,0.8483870967741935,0.5527764682067587,ok,617.4174562808711,-874.965671376799,4.492384336394763
1095,-0.35346990096491027,0.4617896320218051,-0.22744856310344205,0.9995234289815906,323,275,0.8513931888544891,0.6274683183985228,ok,617.8077252149014,-875.3968103268624,4.719832899498205
1096,-0.016489666676534398,0.020016304296746057,-0.00023312964259035828,1.000022521437391,411,404,0.9829683698296837,0.12527562849491114,ok,617.8258060515315,-875.4154018542758,4.720066029140796
1097,-0.9113154913425205,1.8766145723591308,0.08692635866377729,0.9998972654169221,330,268,0.8121212121212121,0.42080648262521003,ok,618.8857280355885,-877.2122723464549,4.633139670477018
1098,3.6221578388526723,-5.372231558285648,0.3558093599291221,1.0002266391679016,304,233,0.7664473684210527,0.6425115181670025,ok,614.8729754615,-872.1251595990755,4.277330310547899
1099,-7.1095416335197115,12.838231150411502,0.4262186450533823,0.9993130399327934,262,190,0.7251908396946565,0.5369135141621476,ok,622.8287300924376,-884.4568962797897,3.851111665494518
1100,2.824713279988373,2.7226034443710887,0.05245551199246393,1.0001153646086138,341,292,0.8563049853372434,0.5017278983730389,ok,620.1905964765494,-887.3606568853087,3.798656153502055
1101,5.184379544721423,1.5628798523705427,0.04804606642946125,0.9992292258927679,342,283,0.827485380116959,0.8432030607958241,ok,615.119554536071,-889.2593191339929,3.7506100870725945
1102,-0.2799035304424251,0.2191015251396493,0.016127127450428116,1.000038415997508,386,325,0.8419689119170984,0.25053458147786917,ok,615.4131344332292,-889.4597244948427,3.7344829596221656
1103,-5.123922453495197,0.08174661668044791,-0.0331115013908239,1.0000423575846977,371,277,0.7466307277628033,0.3994560691945059,ok,620.5313545585018,-889.2046038017859,3.767594461012989
1104,-1.4752915235317232,0.023967369111801418,-0.04991006259860601,0.9999786365226877,353,332,0.9405099150141643,0.5582202514160255,ok,622.0049683844302,-889.1302949448495,3.817504523611595
1105,-1.225239002539638,0.3778475281943656,-0.37993463077385436,0.9993966199342884,305,249,0.8163934426229508,0.6931249303220578,ok,623.254577018307,-889.4174493110838,4.197439154385447
1106,-0.0038926125425859937,0.6208936512450691,-0.3535453214007431,0.99987592300432,329,238,0.723404255319149,0.2983766383235136,ok,623.3077228901393,-890.036076496791,4.550984475786187
1107,-0.18045181371826402,0.2706243775145367,-0.10686084171284829,0.9998151731076871,345,327,0.9478260869565217,0.534126571279022,ok,623.5095548569149,-890.2911534811839,4.657845317499036
1108,0.2101981128321313,0.5013461935728856,-0.1338619630833925,1.001088509790397,328,261,0.7957317073170732,1.0627338578408232,ok,623.3419706547245,-890.8083060579197,4.791707280582428
1109,9.04357992913674,3.5704423365344837,0.0966841656397187,0.9995186893411115,324,237,0.7314814814814815,0.8756357151857836,ok,614.6209840761892,-895.1070023149508,4.6950231149427095
1110,-0.57366375855554,5.815050673020323,0.17933561063811174,0.9998402451077926,331,282,0.851963746223565,0.669532360952747,ok,615.6506979209142,-900.8588362690613,4.515687504304599
1111,-5.163923251712276,5.4382434010301495,0.4087247630388254,0.9994030347222649,342,273,0.7982456140350878,0.6942635216379777,ok,621.1908403479707,-905.9132814934504,4.106962741265775
1112,-2.357170601950884,0.3848191787590167,0.08689388612610965,0.9997650363146997,361,302,0.8365650969529086,0.3823418497690792,ok,623.5691893514323,-906.131902317658,4.020068855139667
1113,0.3343171156147946,0.4787922204172901,0.07415865363068619,1.000051132618791,351,303,0.8632478632478633,0.4047604809395157,ok,623.268612690005,-906.6325654726138,3.94591020150898
1114,3.3062696159281586,0.40297112067366925,-0.012746333952348563,1.0001992076687423,366,297,0.8114754098360656,0.5180235859116271,ok,619.9980511884693,-907.262828879436,3.9586565354613286
1115,1.031007139970825,0.7997502282755704,-0.05555417597423574,1.0001170942539375,364,316,0.8681318681318682,0.4365733140728394,ok,619.0255590273376,-908.1327916067032,4.014210711435564
1116,-0.8969351028422352,1.0882779388757626,-0.09452739834988964,0.9999406628212844,330,273,0.8272727272727273,0.7055289792758217,ok,619.9981635256172,-909.1540075196617,4.108738109785453
1117,-1.3145495352187027,1.9402350598703606,-0.24115959920793748,0.9999132257357342,348,256,0.735632183908046,0.3736486035286638,ok,621.4560876990564,-910.9889488464065,4.34989770899339
1118,-0.42791442823045145,0.7421426261607849,-0.1613174795550502,0.9999999727326951,360,299,0.8305555555555556,0.7117951786392408,ok,621.94104908882,-911.6951350016737,4.511215188548439
1119,-1.1178210117634535,2.0061691871089806,-0.24711582631912454,0.999301600137559,378,323,0.8544973544973545,0.6486131854801361,ok,623.2214354511196,-913.6016630987349,4.758331014867561
1120,8.871711351750037,2.482121306914223,-0.13032204829396274,0.9994537920140055,331,222,0.6706948640483383,0.9132443856161931,ok,614.5935230697879,-916.8307986535037,4.888653063161523
1121,4.619263550624055,9.069869814258254,0.16326126777296326,0.9994061127339493,323,232,0.718266253869969,0.6593482465859652,ok,610.7371380208446,-926.2503755310499,4.7253917953885605
1122,0.5616666110586266,0.9896512763643841,0.11170929206607078,0.999682095781308,328,311,0.948170731707317,0.6982625789746035,ok,610.2568959168535,-927.2819987919075,4.61368250332249
1123,0.5464408953912425,0.505041342818231,0.376167879958139,0.9999335638026217,307,239,0.7785016286644951,0.3677993325584702,ok,609.7492669203294,-927.8260366692651,4.237514623364355
1124,-0.14169358684557665,0.37065304886186823,0.15646870874225513,0.9999945981291972,371,313,0.8436657681940701,0.46823835149059884,ok,609.916979668057,-928.1856659081119,4.0810459146221
1125,-0.24777910059810893,0.1489868044367313,0.06443201383741602,0.9999530803903341,367,311,0.8474114441416893,0.36261285265719484,ok,610.1745860587122,-928.3169308999536,4.016613900784684
1126,-0.38916410047249883,0.7830113565067904,0.062146614934879656,0.9998931839586643,341,298,0.873900293255132,0.32308527868617976,ok,610.6168229796986,-929.0712398467593,3.9544672858498044
1127,-0.9454001942663126,0.6593048825984624,-0.03211789195432503,1.0000153929616837,318,265,0.8333333333333334,0.5268547716900713,ok,611.6057724348875,-929.6632224737156,3.98658517780413
1128,-0.7330139552320816,1.0994628794319397,-0.10351395010382967,0.9998945760502962,327,271,0.8287461773700305,0.6557006308462007,ok,612.4153387745243,-930.7076028754569,4.090099127907959
1129,-0.6809348777346713,1.448983801792565,-0.11727555925156159,0.9997933605426386,311,270,0.8681672025723473,0.7796288387062368,ok,613.2007455235643,-932.1027238752756,4.20737468715952
1130,-0.40122847211023327,0.9456985548213197,-0.06685184983491645,1.000147521397919,345,287,0.8318840579710145,0.5562408987888215,ok,613.6713411418075,-933.0158885961847,4.274226536994437
1131,-0.6364894773203105,-0.5679035970388213,-0.03097351401990542,0.9997831750553552,324,280,0.8641975308641975,0.8900798322391434,ok,614.2634025671542,-932.4018066644477,4.305200051014341
1132,3.599062422708357,5.004717122063084,-0.05508138623232514,0.9995477415103963,307,247,0.8045602605863192,0.7332669666483749,ok,611.0552547242397,-937.6656675300508,4.360281437246666
1133,16.282638824599417,4.974469147115542,-0.0568314341453125,0.99934334899738,298,217,0.7281879194630873,1.0054321063556328,ok,595.2040964940381,-943.8793985468453,4.4171128713919785
1134,5.0927845519486254,0.5914991736996171,0.06481463351935482,0.9999183102157916,324,245,0.7561728395061729,0.3995271533809748,ok,590.1708863334259,-944.8556778327896,4.352298237872624
1135,1.5623954662257802,0.2982967507346075,0.2656691711170175,0.9999507310871961,328,249,0.7591463414634146,0.4214022451796974,ok,588.6337213703522,-945.2645597481147,4.086629066755608
1136,0.3010821826233041,0.7708898276166565,0.305571822348272,1.0000298677069979,329,269,0.817629179331307,0.2918717407769704,ok,588.3841301124985,-946.0536261654836,3.7810572444073385
1137,-0.8247235302537774,0.932138899204574,0.15692875496806225,1.0000179318238749,321,274,0.8535825545171339,0.43724805557984325,ok,589.2661256083331,-946.9317695331017,3.6241284894392773
1138,-0.8309833587072717,0.8973347546225341,-0.016816134027602653,0.9998783081928366,332,276,0.8313253012048193,0.5649206114822962,ok,590.1524157998018,-947.774522581633,3.64094462346688
1139,-0.5989704445510142,0.25639643665658696,-0.0760145460164264,0.9995590659115515,355,334,0.9408450704225352,0.5964995370351315,ok,590.7667478807158,-947.9915498161815,3.7169591694833057
1140,-0.5885903028674875,1.6510525757651067,-0.2733678701035901,0.9999467880497089,352,263,0.7471590909090909,0.4142796575149307,ok,591.4688048744769,-949.5976410745109,3.990327039586894
1141,-0.8826207155307202,0.9413786576103575,-0.15256686176598577,0.9992095237840615,335,282,0.8417910447761194,0.7145668176468496,ok,592.4171283814592,-950.4727957069006,4.1428939013528785
1142,-3.7189501447296607,0.048863606132954374,-0.4307364734641484,0.999777482201062,296,231,0.7804054054054054,1.0160769104160177,ok,596.1281326032883,-950.224954030511,4.573630374817023
1143,7.6601436128751175,10.823699848620322,-0.31392879467027135,0.9991817351453341,298,223,0.7483221476510067,0.8021372294495288,ok,589.4180281728306,-961.6619456417366,4.887559169487292
1144,9.177926408571238,3.526562139343696,-0.0891283865994787,0.9996953806118982,304,217,0.7138157894736842,0.6611855851496435,ok,580.5806325294943,-965.9714017474349,4.9766875560867705
1145,2.7119409331178304,1.4047488039409473,0.16361167822997996,0.9992353330746977,343,256,0.7463556851311953,0.7077789970348513,ok,577.9961204251334,-967.598743140415,4.813075877856792
1146,0.08306030231506156,0.31891388043322877,0.10535757900512104,0.9999423823065271,327,310,0.9480122324159022,0.8887221277763273,ok,577.9395144838979,-967.9233981024447,4.707718298851672
1147,-1.2698874252273527,1.4867287749131037,0.38327198776412436,0.9998958975156719,305,236,0.7737704918032787,0.36696172775073244,ok,579.317892180707,-969.3101394077513,4.32444631108755
1148,-3.5501520842049104,2.1969631594454313,0.5293112436448174,1.000063389000955,306,237,0.7745098039215687,0.43093623419745747,ok,583.0056742928952,-971.2673031816777,3.795135067442737
1149,-0.9577842303565376,0.08375716958323665,0.06661861296079384,0.9998951544718826,310,288,0.9290322580645162,0.9440779489073001,ok,583.966877897069,-971.2885993479895,3.7285164544819436
1150,-2.0097464448526807,1.429008989219028,0.08254094989080171,0.9998073105300865,352,292,0.8295454545454546,0.45147844518707525,ok,586.063429256511,-972.5869135861802,3.6459755045911426
1151,-1.23301607658982,0.91043396065254,-0.19792434775889303,0.9998995187181522,352,303,0.8607954545454546,0.6889768044667619,ok,587.3547055658371,-973.4126400147334,3.843899852350034
1152,2.4876930091240865,-4.007745631879743,-0.16744233915181317,1.0000826210382705,339,303,0.8938053097345132,0.6020179907975103,ok,584.5927492202477,-969.5887364199033,4.011342191501846
1153,-7.287889967217097,11.543847104660472,-0.31737373757478565,0.9982620222359881,197,147,0.7461928934010152,1.4138835761982436,ok,592.7311621661811,-980.549574931236,4.32871592907663
1154,7.9089551873623805,4.32841201983058,-0.3470080140270579,1.000369587365299,217,170,0.783410138248848,0.7990568662524705,ok,585.201363692205,-985.5082902598695,4.675723943103684
1155,3.4624459799624674,-0.22811850002199208,-0.17982951432919828,1.0003457415616674,297,232,0.7811447811447811,0.8183610863137294,ok,581.7320346779846,-985.5740656754805,4.85555345743288
1156,-0.9138655955825925,0.18214219944002252,-0.015298226502556493,0.9999095627481939,330,265,0.803030303030303,0.38625873063481714,ok,582.658065660185,-985.6779537287441,4.870851683935436
1157,-5.1819119226029215,-0.313276005436137,0.07627931077218497,0.9997019020452385,272,229,0.8419117647058824,1.0018025245848892,ok,587.7956602532798,-984.932651893111,4.794572373163252
1158,-2.0323360598670206,0.5058283120638407,0.17588019212582914,0.9998075074460036,279,230,0.8243727598566308,0.6289480405202948,ok,589.8621280039087,-985.2731855583064,4.6186921810374235
1159,-0.46312232241757556,-0.007697673417851547,0.09332197021121337,0.9994103862059057,311,291,0.9356913183279743,0.6300419418598322,ok,590.3231991896716,-985.2289712918692,4.525370210826212
1160,0.002851595702850318,0.7722881428971959,0.4003997176581551,1.0001462477945633,281,200,0.7117437722419929,0.4049038660725792,ok,590.375907319375,-985.9994639656313,4.1249704931680595
1161,-0.5884019504233038,1.3308039670896505,0.24203253663127006,0.9999446169858028,299,247,0.8260869565217391,0.6439875645283736,ok,591.0530782203127,-987.2873675431584,3.8829379565367903
1162,-0.25547738735326675,0.39756733049193826,0.015953427684374535,1.0000352151043623,324,295,0.9104938271604939,0.4289940103587821,ok,591.3347860575956,-987.6668002409282,3.866984528852415
1163,1.6566828229651946,-5.525579477485849,-0.16195308120800544,0.9998295531947721,189,131,0.6931216931216931,1.0904867525066573,ok,589.2939685854147,-982.2712751892616,4.02893761006042
1164,-1.1319592910401752,6.441019835946463,-0.2308593978327826,1.0039239375557647,257,168,0.6536964980544747,0.7175283878234231,ok,590.9012334075865,-988.6104208852554,4.259797007893201
1165,9.70792307671718,8.83176785910075,-0.5261583766792831,0.9992664215788892,241,162,0.6721991701244814,0.9024451850263726,ok,581.9640245224098,-998.2213621150842,4.78595538457248
1166,5.717788569021877,1.8666272124529542,-0.12507076237230857,0.9995034354718099,309,255,0.8252427184466019,0.6646225390963784,ok,576.4270263265768,-1000.5706288623161,4.911026146944787
1167,6.550246172888819,0.6350116630942466,-0.2071095789098941,1.0000492790353475,255,166,0.6509803921568628,0.6288832896661793,ok,569.9595459002841,-1001.7874532840113,5.118135725854679
1168,1.3103755480990458,0.44633690632974776,-0.04900204650393975,1.0002075609024443,306,250,0.8169934640522876,0.5754928658817469,ok,568.6946931474702,-1002.3499905936243,5.167137772358619
1169,-0.09179651877684591,1.0787281331222403,0.06209713162925953,0.9999673585147626,357,295,0.8263305322128851,0.2874621210270769,ok,568.8821128363485,-1003.41627144137,5.10504064072936
1170,0.3256993410359428,-0.0895551308293534,0.003827790065538514,1.0003604853848265,337,328,0.973293768545994,0.7501746602860048,ok,568.549740702049,-1003.3560307030758,5.101212850663821
1171,-0.8342013154394863,1.7436915911174538,0.15149521939349012,0.9998337987685191,296,237,0.8006756756756757,0.5560526221464849,ok,569.5312793645256,-1005.0212436184947,4.949717631270331
1172,-0.6406104209399928,1.94171209728529,0.27536836346729304,1.0000085622395862,326,274,0.8404907975460123,0.595956140704269,ok,570.3279937119916,-1006.9042926961088,4.6743492678030405
1173,-0.49268481861599867,2.1723498743290293,0.1945711202469979,0.9999781698015108,289,239,0.8269896193771626,0.5134661640728164,ok,570.9888496151973,-1009.0315237089961,4.479778147556044
1174,-2.2541470314047274,1.6861959908203517,0.10571271708414451,0.99908157535095,149,84,0.5637583892617449,1.4700189915495567,ok,573.3650334729281,-1010.5408898120038,4.3740654304719
1175,2.8853451530601433,2.4915441332310593,0.12019946680884666,1.0031873036337262,156,81,0.5192307692307693,3.340908026207531,ok,570.6724491445419,-1013.2395929180633,4.253865963663055
1176,6.316167949528335,-1.5199596559465363,-0.10430173938863485,1.0045123865576782,172,87,0.5058139534883721,3.727749074172885,ok,564.25904106768,-1012.2040004489924,4.358167703051689
1177,2.548953761799339,-0.12759812193519338,-0.11893227804762521,1.00063182938299,228,206,0.9035087719298246,1.1293763832819135,ok,561.7079047598647,-1012.2757646424272,4.477099981099313
1178,2.95561786623648,0.7961283713977991,-0.42465888272899266,0.999835584319987,205,103,0.5024390243902439,0.7865283673818272,ok,558.8311237389682,-1013.3215314963527,4.901758863828301
1179,0.5321886627777985,0.5225962485005766,-0.35014958676466434,1.0002715244494522,239,182,0.7615062761506276,1.1197935395728416,ok,558.3490050050966,-1013.8906475989063,5.251908450592964
1180,-1.1588635831687952,0.8959238833209611,0.004730194420460803,0.9995497007348578,266,167,0.6278195488721805,0.8489848161735621,ok,559.5849468398524,-1014.6768359924865,5.2471782561725036
1181,-1.7446138379787044,1.7154166073961505,0.22432697518304265,0.9997536800906682,282,216,0.7659574468085106,0.7022255543041585,ok,561.4730510668404,-1016.2329188979339,5.022851280989462
1182,-1.4024872306993075,1.669678641561518,0.3990122810280427,0.9999488086765562,284,187,0.6584507042253521,0.43317630766536463,ok,563.0055726793923,-1017.7841038338532,4.623838999961422
1183,-0.3521541449279084,1.070300420524859,0.14894090240927124,0.9999345673109542,256,208,0.8125,0.5902837629733696,ok,563.4401606521718,-1018.8236656770741,4.474898097552152
1184,1.4205733377825709,-7.279421333322034,0.23147980499389137,0.9999470191155662,226,129,0.5707964601769911,0.8086077626689393,ok,561.484848528805,-1011.6693132915499,4.243418292558262
1185,-3.847917198042751,12.18242648626915,0.18629015159898815,0.9993637912576984,285,194,0.6807017543859649,0.5029400129476544,ok,566.1850427366967,-1023.5489663279161,4.057128140959276
1186,6.079092067904639,6.194822997647748,-0.0363146746603134,0.9994675814140972,293,192,0.6552901023890785,0.6861174224619797,ok,560.5636655433606,-1030.161931683374,4.093442815619588
1187,2.8957728020072864,1.086844573182134,-0.06252389283476066,1.0001843442924374,299,238,0.7959866220735786,0.9696215608335238,ok,557.754272756752,-1031.455779981148,4.155966708454348
1188,1.5363952001198413,2.8682865523835517,-0.26988158549603114,0.9992114902394735,297,231,0.7777777777777778,0.5435976829011283,ok,556.4438013389242,-1034.4340752352477,4.425848293950378
1189,-1.514674311158842,1.5197857651663753,-0.31518283250739093,0.9998283706292858,279,234,0.8387096774193549,0.565739279317072,ok,558.0789067692073,-1035.8234698058236,4.7410311264577665
1190,-0.9281425196027158,0.7985476758775576,-0.1864911000054438,1.0001583765066127,289,244,0.8442906574394463,0.46659679944118426,ok,559.0722106749656,-1036.539342893842,4.92752222646321
1191,-2.6928365280123217,1.1291815530033773,-0.33886370345803635,1.0002656971410173,312,263,0.842948717948718,1.0275868518735216,ok,561.8573234955846,-1037.416592073188,5.266385929921244
1192,-2.001440726763576,1.5433969447524305,-0.013131671469722153,0.9998579403568146,275,215,0.7818181818181819,0.9199314372969918,ok,563.9922885121645,-1038.7692795795251,5.279517601390967
1193,-1.5404968068132803,1.3605578459703338,0.14629279247828844,0.9999049926161592,287,241,0.8397212543554007,0.5754800804754698,ok,565.6483385776795,-1039.9865495760919,5.133224808912679
1194,-0.947945016585436,1.9320866201533136,0.28352387550375285,0.9999123944215582,301,252,0.8372093023255814,0.6568340737126834,ok,566.7562327361377,-1041.831577759047,4.849700933408928
1195,11.494075477713523,2.4045813944817382,0.28114473198581647,0.9994795840789138,268,193,0.7201492537313433,1.027259395385547,ok,555.4902063432241,-1045.144043922533,4.568556201423113
1196,-1.2254898858327579,10.195222957235046,0.19125137210712911,0.9994863108164099,284,199,0.7007042253521126,0.4950320123594255,ok,557.4902626063321,-1055.215993661904,4.377304829315986
1197,-2.0241229908056084,1.8998078377788943,0.08041947056978474,0.9998327754492368,298,215,0.7214765100671141,0.4460605578725293,ok,559.6510383967462,-1056.9588050934576,4.2968853587462
1198,-2.4699620487067477,1.3551809753937505,0.05175839733028059,0.9995534336630166,271,241,0.8892988929889298,0.7703670684850193,ok,562.2145395398876,-1058.1274324451972,4.245126961415921
1199,1.9803271433979717,-0.022455653236306716,-0.07142841569877305,1.0005364912444097,290,273,0.9413793103448276,0.48110593906093524,ok,560.2381395723611,-1058.2540934873655,4.316555377114694
1200,4.5011652383482215,0.008663953530572144,-0.21967284056590175,0.9999232572483634,276,206,0.7463768115942029,0.4255547844586818,ok,555.7517593504177,-1058.6187249055974,4.536228217680595
1201,1.644324754248828,-0.25042755338506595,-0.19962475676464547,1.0002197457017057,305,248,0.8131147540983606,0.7800023281429356,ok,554.0923726200036,-1058.5049113042337,4.735852974445239
1202,-0.018704877078562276,0.06113856845092869,-0.1437036264424171,0.9999895746463215,302,245,0.8112582781456954,0.6698154201672325,ok,554.1162102384534,-1058.564237225427,4.879556600887655
1203,-0.5158257577827499,0.26946121897742614,-0.09730189836401294,0.9999807285328489,286,243,0.8496503496503497,0.5891989324798602,ok,554.653467910352,-1058.787932900198,4.976858499251667
1204,-0.4413219951125029,0.591424654382422,0.0035600462946349895,1.000090582941627,298,249,0.8355704697986577,0.4177988380935822,ok,555.1443998962368,-1059.3388721077486,4.9732984529570325
1205,0.18992661065567518,0.048002287408053235,-0.0014770211059495324,1.0001184668794154,346,321,0.9277456647398844,0.46427291585850183,ok,554.9593513664191,-1059.4031634652074,4.974775474062982
1206,2.3119177769390262,-2.8869079188158366,0.1616254804734887,0.9999606490258798,130,60,0.46153846153846156,0.7571066530605539,ok,552.4133557968477,-1056.720420894857,4.813149993589494
1207,-2.701438627394964,11.02281772471747,0.5102539874455847,1.00274147236973,121,65,0.5371900826446281,2.2316366189303456,ok,555.9342124101689,-1067.5094824832602,4.3028960061439125
1208,8.425327297744843,2.9884765991324684,0.26805543681859717,0.9997811552382185,177,92,0.519774011299435,0.7371960136547451,ok,547.740046087985,-1071.0833838168273,4.0348405693253175
1209,6.771076278644841,-0.6615947148465011,0.1179745008495002,0.9999890816315657,205,151,0.7365853658536585,1.0316105933468656,ok,540.9395927376561,-1070.8858597222402,3.916866068475817
1210,0.895877469422885,-0.40196074628113365,0.004752046596097084,1.000197159603704,241,189,0.7842323651452282,0.5447264017500572,ok,540.018378507778,-1070.545957935777,3.9121140218797206
1211,0.03942337362059334,0.006879203736616546,-0.054366245866773924,1.0000066268574646,259,209,0.806949806949807,0.37143067744410607,ok,539.97952541957,-1070.5555476890784,3.966480267746493
1212,-1.9195136104710855,0.38675283518909964,-0.38776519012263966,1.0001194112870577,226,130,0.5752212389380531,0.46803640750430886,ok,541.9228620914347,-1070.7954494108212,4.354245457869129
1213,-1.6495985870224104,0.9872611928885817,-0.2580996443738975,1.000066300598448,243,166,0.6831275720164609,0.3846744375823114,ok,543.6465078944996,-1071.6468631215794,4.612345102243026
1214,-1.0366009296799348,0.4476996968128333,-0.07578975302863014,0.9994657364960338,290,258,0.8896551724137931,0.6660734059778519,ok,544.7162321476092,-1072.0083413757643,4.688134855271655
1215,-1.2924863964844917,1.0284774471904257,-0.16836361687550974,1.0000027566082061,245,198,0.8081632653061225,1.0063448200270213,ok,546.0911496801557,-1072.9237039941695,4.856498472147163
1216,-0.5808090028208426,1.0823071620225164,-0.06229190464226032,0.9998548367912151,257,224,0.8715953307392996,1.077184982561529,ok,546.7626206892527,-1073.9522245698827,4.918790376789424
1217,10.205548760727652,-0.052944123944257626,0.0461846085630321,0.9993750006975841,263,182,0.6920152091254753,0.8616106616396253,ok,536.5894574566408,-1074.7663366202069,4.872605768226392
1218,2.6226134646608443,10.808375712422958,0.14464039612630164,0.9991812406943373,254,171,0.6732283464566929,0.7757880647389725,ok,534.8666478027718,-1085.7541031731714,4.7279653721000905
1219,-0.3022510372109082,2.5913426999678677,0.11798399177780175,1.0001398617635913,286,249,0.8706293706293706,0.7991504586015726,ok,535.3761938975775,-1088.312769907125,4.6099813803222895
1220,-1.4913987923564491,0.7141064703615712,0.10835783113592995,0.9997742249653752,309,289,0.9352750809061489,0.917408070870474,ok,536.9190402094911,-1088.907617506657,4.50162354918636
1221,-1.7133782482983406,1.2462114239888251,0.08794030885099959,0.9998471450356228,288,238,0.8263888888888888,0.4437094057657407,ok,538.7232421332052,-1090.0182764792887,4.41368324033536
1222,-1.0280999074520878,0.71788270153138,0.020405143721750747,0.9997313239020691,290,244,0.8413793103448276,0.4474791886778905,ok,539.8033125114678,-1090.655295294444,4.393278096613611
1223,-3.028890928316514,1.113505084101348,-0.10130771215677178,1.0000312690624333,275,202,0.7345454545454545,0.4616413168133001,ok,542.910148527476,-1091.5280173564954,4.494585808770381
1224,-1.6263002037931074,0.6357426049783044,-0.16371081333237367,0.999770968581106,287,237,0.8257839721254355,0.6330672112999354,ok,544.582707286487,-1092.0295831151939,4.658296622102753
1225,-0.7998703872196984,0.9049956308952005,-0.27590587224866714,1.0004052686168416,302,247,0.8178807947019867,0.6881336415749091,ok,545.4574536452234,-1092.862426759684,4.934202494351419
1226,-0.7084667409021677,0.6072427822155078,-0.10704878302252716,0.9994408315062536,331,315,0.9516616314199395,0.6063882964686083,ok,546.2165400326296,-1093.4050654755638,5.041251277373945
1227,-0.4109245522981837,0.5044600142246054,-0.09816481243473635,0.9998997566282976,329,307,0.9331306990881459,0.5005753632666801,ok,546.6710018071944,-1093.8706869839716,5.13941608980868
1228,-1.4623301123008332,2.402248824941921,-0.001823827424308009,0.9992585168223799,247,181,0.7327935222672065,1.5307865759926715,ok,548.3427170994158,-1096.132229987328,5.141239917232988
1229,4.097768752438242,2.682136403991535,-0.02661751508599419,1.001143878871346,280,208,0.7428571428571429,1.206369627306903,ok,544.503195859405,-1099.17256567366,5.16785743231898
1230,7.439254232642952,3.4171238450850296,0.11573657329210675,0.9998975746024208,289,198,0.6851211072664359,0.5473275094348983,ok,537.3937616200016,-1103.2315290519307,5.052120859026875
1231,2.133889636487311,1.8117846427220456,0.2203638957824264,1.0002799974624113,303,228,0.7524752475247525,0.8912639419001691,ok,535.4200620228171,-1105.2166130482353,4.831756963244451
1232,-1.1486224783409398,1.7836068770458269,0.13163161339200247,0.999967705103164,312,249,0.7980769230769231,0.42609204490336544,ok,536.7109718986469,-1106.900103108224,4.700125349852449
1233,-2.027515346535438,1.5378461834394557,0.09453539453472486,0.9997415998318093,282,239,0.8475177304964538,0.4914064244518371,ok,538.855423660893,-1108.2701819394433,4.6055899553177255
1234,-2.4628455232621036,1.546935315851215,0.039251908717234475,0.9997935117260219,275,216,0.7854545454545454,0.6470070436114748,ok,541.4336082911504,-1109.6161317732726,4.5663380466004915
1235,-2.9293874002248685,1.6163354416962648,-0.06249153889347778,1.000037033756037,275,193,0.7018181818181818,0.411878638052058,ok,544.483880218042,-1110.9907924487475,4.628829585493969
1236,-1.5790120616632066,1.297034815708571,-0.15255789684231782,0.9999814665703711,295,236,0.8,0.6536059081929313,ok,546.1655105076827,-1112.151696395248,4.781387482336286
1237,-0.8115429595354726,1.4879160199074022,-0.2880394406478617,0.9999194220556922,275,219,0.7963636363636364,0.6221052389362923,ok,547.1053554209735,-1113.5620820150098,5.069426922984145
1238,2.0885913072888798,-3.141064289613041,-0.1888329570492501,1.000022818640361,290,247,0.8517241379310345,0.554277250676536,ok,544.737690091197,-1110.6256455000246,5.258259880033394
1239,1.6939881825619523,12.795537205920482,-0.3486625998163292,0.9989915142500032,273,191,0.6996336996336996,0.7957103342301423,ok,544.3019708158668,-1123.5254717416396,5.60692247984972
1240,9.48827854031424,3.371697793834528,-0.12647666000885827,0.9996139274517483,266,176,0.6616541353383458,0.7198622986934142,ok,535.1979891949195,-1127.8281795305784,5.7333991398585775
1241,6.285956642674591,-0.09923380169959728,0.12083887289370075,0.9995596015172468,284,229,0.8063380281690141,0.5390475309198136,ok,528.9324623561859,-1128.3441947378096,5.612560266964877
1242,1.9928859495328197,0.0789755788656521,0.33596529019508364,1.000061859629686,296,208,0.7027027027027027,0.34141578332124467,ok,526.9552844606015,-1128.6061090732624,5.276594976769795
1243,0.31345004281911315,0.3474867960173924,0.18779184950237104,0.9999843537440464,306,258,0.8431372549019608,0.6403849421895983,ok,526.6738918627127,-1128.980029129696,5.088803127267426
1244,-0.18832281226650593,0.4613347353606514,0.13477717038156137,1.0000603039907652,324,266,0.8209876543209876,0.5111637551375006,ok,526.9013503524965,-1129.423377587566,4.954025956885865
1245,-0.845717640717794,0.7511310768388739,0.09605935962435953,0.9999642708357719,304,261,0.8585526315789473,0.3624573609731318,ok,527.8076401711606,-1130.1001899596458,4.857966597261507
1246,-0.9070479492843333,1.1897340802037206,0.03243324976659128,0.9999583460820525,309,243,0.7864077669902912,0.48215232269655317,ok,528.8115557686659,-1131.2094043830034,4.8255333474949165
1247,-0.8881045992425243,1.2518695554824717,-0.05371287309132762,1.0001167764144958,323,267,0.826625386996904,0.5902164616077107,ok,529.8029210698513,-1132.381198734733,4.879246220586244
1248,-0.6613788923980337,1.1648759537944215,-0.12645646379617798,0.9997664205899395,327,283,0.8654434250764526,0.9237853203256572,ok,530.5634186034778,-1133.4839233279054,5.005702684382421
1249,3.2537651849272606,-2.578248467319213,-0.06970528613267425,0.9999180099671313,315,258,0.819047619047619,0.6239813298049715,ok,527.0943216851605,-1131.2036339582855,5.075407970515094
1250,12.043018088895451,15.64887677094464,-0.30637965077091056,0.9987299540416742,164,88,0.5365853658536586,1.1697948404661302,ok,516.5721284440983,-1147.9130647768206,5.381787621286003
1251,1.2522223582459446,0.619424556967715,-0.033344573496710675,1.0001292508665653,190,165,0.868421052631579,1.3365269633833454,ok,515.3839505263438,-1148.6478986709938,5.415132194782714
1252,0.9863823364291875,-0.8785596562989895,0.002462916750638817,1.0003137710825323,255,228,0.8941176470588236,0.6068075570500064,ok,514.3190931686933,-1147.8663003143208,5.412669278032075
1253,0.6002865178788852,-0.08358913565905368,0.01923556940773761,0.999971831472225,301,257,0.8538205980066446,0.33840958694408974,ok,513.7136073779515,-1147.8395047110016,5.393433708624338
1254,0.09833040251373859,-0.5216832236634446,0.10478544039480966,1.0000479386066445,301,240,0.7973421926910299,0.8084206080238088,ok,513.5676103017336,-1147.3291057419133,5.2886482682295295
1255,0.0610671322874623,0.13337680758388615,0.13705709063680055,1.0000246000860007,309,260,0.8414239482200647,0.7318564934736946,ok,513.5187658974362,-1147.467427076551,5.15159117759273
1256,-0.19365649318910982,0.5670877482994001,0.1697928845809537,0.99990014042294,302,257,0.8509933774834437,0.6684131809387575,ok,513.7609363060271,-1148.015555569542,4.981798293011776
1257,-0.20523936424115163,0.8242281302577794,0.1051675682382996,1.000056727140814,291,234,0.8041237113402062,0.5446615309128693,ok,514.0355007895731,-1148.8193525288034,4.876630724773476
1258,-0.455029082625515,1.1024678148364728,0.01798658964247103,0.9999642544505297,274,221,0.8065693430656934,0.5348735149018804,ok,514.582271347282,-1149.8793188990282,4.858644135131005
1259,-0.4473815715368801,1.1241827786975591,-0.09482716704367992,1.0002953805403776,272,226,0.8308823529411765,0.9117569771199765,ok,515.1250515160046,-1150.9606730865694,4.953471302174685
1260,-2.0820777734079456,-0.7464618680628519,-0.07854899051975779,0.9990651598317659,200,154,0.77,1.2890495526758365,ok,517.1336306092774,-1150.0344640383194,5.032020292694443
1261,-2.4703713976537074,5.590998687392471,-0.22962271912400656,0.9997505452435077,264,196,0.7424242424242424,0.8574383934010762,ok,520.1063094289873,-1155.375361135214,5.261643011818448
1262,-0.26618789016310984,1.6892036614444805,-0.24250172131698738,0.9997325466724436,246,162,0.6585365853658537,0.6333731460826119,ok,520.5332946254356,-1157.0312441759875,5.5041447331354325
1263,0.9841789928780145,0.048111751519172685,-0.13032329935060524,1.0004426333713246,281,249,0.8861209964412812,0.7486144137751228,ok,519.5585943660386,-1157.1757517362996,5.634468032486037
1264,0.5004558719642773,0.05176984863328471,-0.020678586050974297,1.0000094752256343,291,237,0.8144329896907216,0.47539519659698326,ok,519.0656756443332,-1157.2765849193445,5.655146618537012
1265,0.2859126061080133,0.15009954295726402,0.04152126115144876,1.0000488790816553,298,253,0.8489932885906041,0.46762953737666335,ok,518.7958169003055,-1157.4539324578084,5.613625357385565
1266,0.2470502137712174,0.5366459533081525,0.14689198968385248,1.0000209472838597,280,227,0.8107142857142857,0.7061516735195699,ok,518.6010154278356,-1158.0116735031422,5.466733367701713
1267,-0.38678205990004244,1.1413995395932943,0.46890249738364354,1.0000849478994922,279,176,0.6308243727598566,0.5250496552131431,ok,519.085763418552,-1159.115037747778,4.997830870318073
1268,-0.8817809619013133,0.13515676823988088,0.11594836412906065,0.9989612036687482,310,279,0.9,0.9971315147505041,ok,519.9758475979014,-1159.1746629978384,4.881882506189013
1269,-0.882071397009895,1.2373454029661843,0.1866723690134564,1.0000070503688387,322,255,0.7919254658385093,0.5064166437487302,ok,520.9562421128625,-1160.335654036003,4.6952101371755575
1270,-0.15371915540254122,0.3045040107657542,0.004082422283377236,1.0002334442560201,306,281,0.9183006535947712,0.5670205387019138,ok,521.1343499289399,-1160.6265661828143,4.69112771489218
1271,7.14862019802149,4.461258143407576,-0.18876581985814425,0.9993090241822754,266,193,0.7255639097744361,0.746353786104108,ok,514.3911490596586,-1165.679766851124,4.879893534750323
1272,3.8219461368962584,6.803351376280034,-0.39137273395419114,0.9994719654542855,318,218,0.6855345911949685,0.7395561067224611,ok,511.21039853048376,-1172.805473012174,5.271266268704511
1273,0.17006667262626252,0.8359350720483008,-0.37260157696259294,0.999862547621985,283,194,0.6855123674911661,0.5179110219168139,ok,511.1233661876312,-1173.6540809835697,5.643867845667101
1274,-0.6117434516700087,-0.5110594623602083,-0.24251924190407836,0.9999303276780069,292,236,0.8082191780821918,0.9169681099323942,ok,511.6794717278749,-1173.0829781444595,5.886387087571178
1275,-1.1329045719867281,0.16696465716029252,-0.13342456233473846,0.9999460090952598,321,268,0.8348909657320872,0.5743101250735926,ok,512.8236390898779,-1173.1302117521527,6.0198116499059156
1276,-1.32918205141641,0.8123178643196525,0.013594271039497072,1.0000346927589518,277,224,0.8086642599277978,0.5005691610287886,ok,514.2305226608514,-1173.7989896347312,6.006217378866419
1277,-0.5920964523716066,0.4772822059427426,0.03785429678161947,0.9998477478243939,296,278,0.9391891891891891,0.41618898341258354,ok,514.8690371028486,-1174.2121189369868,5.968363082084798
1278,-2.23873180427222,3.3356065167416773,0.3248210850109038,0.9999357797016319,322,263,0.8167701863354038,0.7276235749143212,ok,517.4249385341765,-1177.3114025315172,5.643541997073896
1279,-1.498534990344524,2.9910622153745408,0.27485993619117277,0.9998948389734743,311,255,0.819935691318328,0.6153874698822319,ok,519.1967559504493,-1180.1491346078274,5.368682060882727
1280,-0.6259920215716193,1.393634746754742,0.11228197046744468,1.0000359463203943,327,282,0.8623853211009175,0.376051866877922,ok,519.9477903420102,-1181.479559788409,5.256400090415283
1281,2.776648902035049,-4.3992645905243535,0.21104786715424045,0.9998414764162451,283,207,0.7314487632508834,0.5277990058459233,ok,516.795009828434,-1177.3415308982453,5.045352223261045
1282,8.73917797351919,11.851048577094389,-0.03204656789599508,0.9989194092473694,274,188,0.6861313868613139,0.8522671827012942,ok,509.13895814640443,-1189.9195059606943,5.07739879115704
1283,-5.266133494909809,2.8537612730858655,-0.08533038059066803,1.0001096990391862,318,247,0.7767295597484277,0.5340768235778391,ok,514.6405226625483,-1192.2878182848362,5.162729171747707
1284,-3.0750223215609367,-0.03940089900527255,-0.1961720957283584,0.9999966827575864,349,290,0.830945558739255,0.48049961893567883,ok,517.6984249029078,-1191.9614004585073,5.358901267476065
1285,1.2391005804704491,-0.174360449652454,-0.14556476790034342,1.0004082132728935,319,296,0.9278996865203761,0.46978491491429336,ok,516.4483129198812,-1191.9067026997009,5.5044660353764066
1286,6.735588773770132,-0.06133220235187764,-0.5071077104522568,0.999838846180878,318,249,0.7830188679245284,0.5473691081590383,ok,509.7433414811218,-1192.5511216424734,6.0115737458286596
1287,0.8857017922705381,0.4064499287954959,-0.1435128659492638,1.000092507922255,359,308,0.8579387186629527,0.4139199280234574,ok,508.90632504817825,-1193.050193481422,6.155086611777922
1288,-0.4443396439846765,0.15516566984524616,-0.011865524531963757,0.9996274635289987,351,330,0.9401709401709402,0.5234923388234605,ok,509.3647621539501,-1193.156727627903,6.166952136309886
1289,-1.0121138857007281,1.4384823542487766,0.12363245702776547,1.000024624159536,352,288,0.8181818181818182,0.40180363088228954,ok,510.52269524160954,-1194.4806600150046,6.043319679282122
1290,-1.2639303157529866,1.8098333171338936,0.2624732216067799,0.9999413815364473,353,286,0.8101983002832861,0.5410718046154609,ok,511.96249088542834,-1196.1539815570068,5.780846457675344
1291,-0.8780883944946254,2.694108077433498,0.2760923865397849,1.0000334608863124,333,279,0.8378378378378378,0.4595054605227647,ok,513.0949710764046,-1198.7514314946347,5.504754071135562
1292,-0.24289840865526457,1.976874019176421,0.16601428423306358,0.9997107618710048,136,83,0.6102941176470589,1.3535431294991311,ok,513.5207516909394,-1200.6971296708452,5.338739786902499
1293,0.5592021733830279,3.3795156531946304,0.16497468123589132,1.001503064265526,154,89,0.577922077922078,1.7992926307966786,ok,513.268580952195,-1204.1133034134155,5.173765105666609
1294,6.2619653338049375,3.2892089262488753,0.1566162768546723,1.008470868099988,110,57,0.5181818181818182,7.320292126589729,ok,507.31826207597567,-1207.9375432690726,5.017148828811939
1295,3.8019755691843784,-0.3981331407678681,-0.10989640184523744,1.0008290416283352,215,145,0.6744186046511628,1.117987346469775,ok,503.4959192867582,-1207.8807645039533,5.127045230657175
1296,0.5415333149812795,-0.029947463071039238,-0.05090616209920817,1.0001004910044395,234,199,0.8504273504273504,0.6670028224714706,ok,502.9538931210785,-1207.8998122727796,5.177951392756382
1297,0.30103181897925424,-0.02287525702149651,-0.12159310246953933,0.9999507424200943,263,220,0.8365019011406845,0.7784963624004015,ok,502.65203526308073,-1207.904838900558,5.299544495225921
1298,-0.873969031213619,-0.06568733659150894,-0.2913643776934449,1.0000702206656935,281,182,0.6476868327402135,0.4388049745910476,ok,503.5154471229921,-1207.7543176267359,5.590908872919362
1299,-1.3568743270830055,0.20073031542096942,-0.1796214564970523,1.0001133667905089,280,217,0.775,0.6031956554910173,ok,504.8856279078665,-1207.8176044009233,5.770530329416413
1300,-0.9736408188255155,0.3127939349811868,-0.028367679134621522,1.00001829133566,320,269,0.840625,0.4573454268682589,ok,505.8858900796446,-1208.030423755199,5.798898008551035
1301,-0.5316232163258974,0.8027908737011558,0.11451244135006165,0.99993855892808,314,285,0.9076433121019108,0.3729954874083799,ok,506.4944143802053,-1208.7766104655216,5.684385567200973
1302,-0.7150457382508648,1.38501827386483,0.24222976173084398,1.00015796481362,287,237,0.8257839721254355,0.7158950981602061,ok,507.3375932305655,-1210.087570210531,5.442155805470132
1303,-1.0920669033696413,3.358604962423783,0.38709301713946886,0.9992560362564838,235,173,0.7361702127659574,1.4127901823820959,ok,508.721349518749,-1213.3368864385961,5.055062788330667
1304,1.1029760767873995,2.9939642396071804,-0.005847667447718649,0.9994252889793784,237,186,0.7848101265822784,1.3141297699324754,ok,507.88678517998085,-1216.416477394952,5.0609104557783855
1305,6.916974333364578,4.908241438080495,0.034015574720351556,0.9970387494098284,232,180,0.7758620689655172,0.7042117322847132,ok,501.4264923265731,-1221.9119286222056,5.026894881058034
1306,0.013877951743324957,0.007709617987188722,-0.0004239779331572694,0.9999805408137891,474,468,0.9873417721518988,0.020029537906157052,ok,501.41334336230693,-1221.920824716451,5.027318858991192
1307,5.948329851467179,1.6206210786029942,-0.13601633570850824,0.9994751065967837,241,171,0.7095435684647303,0.7852341002399734,ok,495.63499892628556,-1224.070191200085,5.163335194699698
1308,-0.6654845560522062,0.2767713833968628,-0.05097628941802638,1.0000586017543476,303,283,0.933993399339934,0.4381818208481985,ok,496.3228828789246,-1224.2853371057238,5.214311484117724
1309,-1.9432193289439965,0.6526375193391232,-0.22158877048450637,1.000122812580835,309,262,0.8478964401294499,0.4059023789164846,ok,498.3191888850705,-1224.7509543539618,5.435900254602228
1310,-2.478599506767523,1.3069988705472042,-0.3778374756176898,1.0002601598087206,268,219,0.8171641791044776,0.4580219338335585,ok,500.91743182713014,-1225.8001612814069,5.813737730219914
1311,-1.8778812784589718,1.1171932523639043,-0.2548552914909909,1.0002156096015584,305,254,0.8327868852459016,0.49502517396169365,ok,502.90289809923684,-1226.7125660936695,6.068593021710902
1312,-1.0700760657098272,1.6028596286583934,-0.040962936051970295,1.0002833625209844,326,284,0.8711656441717791,0.6121931892097783,ok,504.13748855822473,-1228.192433714156,6.109555957762872
1313,-0.9837041617524847,1.901202113438103,0.14407390388571553,1.0000367898685645,326,288,0.8834355828220859,0.41872070371603626,ok,505.31345624642165,-1229.9811045475706,5.965482053877157
1314,3.568704040992543,-6.2700713391054705,0.2046026559030531,1.00002517116112,286,219,0.7657342657342657,0.8246414978334025,ok,501.1334051677801,-1224.100916105895,5.760879397974105
1315,-6.31842668205536,19.06858576694856,0.6798917878395759,0.9995994667956484,229,157,0.6855895196506551,0.872241806726676,ok,509.11578961938244,-1242.5349882917903,5.080987610134537
1316,1.0109434362898355,1.7661903546102167,0.1682446284782319,1.0000753517171979,286,265,0.9265734265734266,0.768897222778364,ok,508.259814031538,-1244.3812658421898,4.912742981656308
1317,0.9201851443172018,-0.15284283790947484,0.04621778136035434,1.0004744442063707,293,262,0.89419795221843,0.562518959600883,ok,507.32997973518104,-1244.307037719212,4.866525200295954
1318,1.268732582397206,-0.02490372501733873,-0.0390095584082138,0.9995213273847995,274,232,0.8467153284671532,0.5530281350600221,ok,506.0637648726613,-1244.3907185598514,4.905534758704167
1319,0.45964057066908026,-0.08142122247988937,-0.07950695117311084,1.00037083592599,325,308,0.9476923076923077,0.4058081454024396,ok,505.59878777912047,-1244.34954609141,4.985041709877279
1320,0.06142732665693984,-0.10189638182691851,-0.10278463392514266,0.9997711582929333,318,270,0.8490566037735849,0.5282881218637363,ok,505.5285660376512,-1244.2534987274971,5.08782634380242
1321,-0.13651169783179284,0.21433609313100987,-0.5045478465017197,1.0003591291986915,290,236,0.8137931034482758,0.3993804150291502,ok,505.6853151378283,-1244.45351153723,5.592374190304135
1322,-0.723113418531284,0.360767299610643,-0.3860634339926968,0.9999335749543655,308,230,0.7467532467532467,0.367075345299423,ok,506.44207108340913,-1244.7370013948198,5.978437624296828
1323,-0.1906221163239934,0.2574331427379093,-0.15164762564413248,1.000678179073448,328,303,0.9237804878048781,0.7093518117855748,ok,506.6590935236387,-1244.9726067314493,6.130085249940959
1324,-1.275125525880867,0.6790403538648206,-0.12873753740628405,1.0001028010709947,324,281,0.8672839506172839,0.41238015306445647,ok,508.00064768540835,-1245.5085855929433,6.258822787347241
1325,-0.509677525754114,0.9222991337749136,0.23641817694905728,0.9994302799663933,255,218,0.8549019607843137,1.1641468427612027,ok,508.604277451518,-1246.3723204931805,6.022404610398187
1326,8.797876400492896,8.170029726931716,0.2875244035339098,0.9991573734359604,271,201,0.7416974169741697,0.7603566254571866,ok,500.6668293768822,-1255.3805907466617,5.73488020686428
1327,10.448573904076056,1.9294919262497388,0.31864955053780514,0.9991416568725259,247,187,0.757085020242915,0.8140616757015993,ok,490.447030959053,-1258.2877123508151,5.416230656326478
1328,4.654995226537267,0.5243710067115899,0.27241035737174374,0.9997049336678423,274,213,0.7773722627737226,0.34895140418855164,ok,485.85779542378987,-1259.2273200953791,5.143820298954737
1329,0.7695866830099476,0.21207788062179134,0.08346659147394807,0.9993529723908052,303,272,0.8976897689768977,0.5262596776569146,ok,485.10991467096153,-1259.5064528051494,5.06035370748079
1330,0.4783154756305521,0.9668057971515509,0.030344850996680977,1.0001473725557584,307,260,0.8469055374592834,0.4219351574899626,ok,484.7182083363325,-1260.5114728502454,5.030008856484109
1331,-1.044548518458214,0.0530070841715542,-0.10578961757246982,0.9992682782183908,335,307,0.9164179104477612,0.5621017002546586,ok,485.763308351241,-1260.4707626890586,5.135798474056578
1332,-1.3877259971250169,0.9154803359997459,-0.3274715719961063,0.9999371840430687,290,198,0.6827586206896552,0.3429709009302277,ok,487.23189122403596,-1261.2499623004755,5.463270046052681
1333,-1.2623012555400237,1.0646278301792336,-0.3675171167220832,1.0000006582110164,274,203,0.7408759124087592,0.4101775113353042,ok,488.595818132555,-1262.1808437455302,5.83078716277476
1334,-0.7422276661416163,1.3529481604588227,-0.31002748027107696,1.0002991808702235,311,245,0.7877813504823151,0.33501123471289007,ok,489.4785149512179,-1263.4466308364729,6.140814643045835
1335,-0.9177542856214131,0.7305539506554624,-0.09272959709126523,0.9988655996697036,303,258,0.8514851485148515,0.8033495573178108,ok,490.47016762288183,-1264.0732144161946,6.233544240137099
1336,1.3006845512991276,-1.5027633218758183,0.011081529778287288,0.9993810247314067,283,213,0.7526501766784452,1.450489096880728,ok,489.01426282619013,-1262.7202845855925,6.222462710358812
1337,6.602452112297669,9.36764894434998,0.04692714536972242,0.9993137679256185,299,218,0.7290969899665551,0.6615469265790366,ok,483.45784833497305,-1272.743830796468,6.17553556498909
1338,9.246135698171202,2.2417038204215487,0.17144533142955323,0.9994056126820635,277,208,0.7509025270758123,0.7414625846961436,ok,474.4969139634885,-1275.940378396213,6.0040902335595385
1339,3.9235133614756705,-0.40338207487252475,0.2287853749043243,0.9999954750702099,307,256,0.8338762214983714,0.6109122967162608,ok,470.552724354887,-1275.9338570921595,5.775304858655217
1340,0.32304284738688693,0.10615627725360355,0.1376182861996707,0.9997882716912733,360,311,0.8638888888888889,0.5155739524219072,ok,470.2416725927185,-1276.0712348112406,5.637686572455548
1341,-0.5696235219443224,0.3051464989670194,0.09112018179021894,1.0000730958929596,310,275,0.8870967741935484,0.4749172566254152,ok,470.8381229697035,-1276.319895806129,5.54656639066533
1342,-1.141050467362902,0.20007667880759072,-0.008938658979380839,1.0000147759166413,339,304,0.8967551622418879,0.5136128964174773,ok,471.9931832093305,-1276.4085676128366,5.555505049644711
1343,-1.0383169085698682,0.12767121400906944,-0.12442634877355709,1.0004770252723902,358,344,0.9608938547486033,0.682824168113151,ok,473.0390380650616,-1276.4328485158696,5.679931398418266
1344,0.017844618143953994,0.1341903269735667,-0.10184132760567813,1.0008045963851986,352,337,0.9573863636363636,0.6854488806608965,ok,473.0348025319232,-1276.5681538539352,5.781772726023943
1345,-0.5707575298870324,1.3925947679580304,-0.20995003576135937,1.0000336059235946,337,264,0.7833827893175074,0.3694854723390864,ok,473.74780771559983,-1277.8935624527144,5.991722761785301
1346,0.7881160474114495,-2.1826760333003676,-0.13594107452690438,1.0003441454624362,132,94,0.7121212121212122,0.689116305862125,ok,472.7312066541672,-1275.8074838701998,6.1276638363122045
1347,-2.0236048123279033,14.228464531094232,0.013614867541088453,1.0001648429457355,151,84,0.5562913907284768,0.5630413716355949,ok,476.25874451623383,-1289.7394850179448,6.114048968771116
1348,6.847111306467923,3.622702050950352,-0.04653470660073604,0.9995018193947715,177,104,0.5875706214689266,0.7143366000304818,ok,469.8399468511501,-1294.0760666126848,6.160583675371852
1349,2.8860753802200634,-0.2814180432375224,-0.0004923830277129339,0.9996820637615512,235,214,0.9106382978723404,0.9489858890926397,ok,466.9403382451418,-1294.1060190305384,6.161076058399564
1350,1.3945349731377519,-0.464863347221808,0.09545885762695486,0.9990309386252121,253,203,0.8023715415019763,0.8991437456994608,ok,465.50448964819816,-1293.7911150300095,6.065617200772611
1351,-1.07333083156891,-0.3681672880007909,0.24744221741746172,1.0001266148293824,258,184,0.7131782945736435,0.4486988106831711,ok,466.53496951518196,-1293.316038752248,5.818174983355152
1352,-1.9163448941030765,0.42721022347711823,0.29155262930435405,1.0000022930119914,300,222,0.74,0.4211598184166462,ok,468.48355025746,-1293.5567032885251,5.526622354050802
1353,-2.1779126138690117,1.042707334953775,0.17478849940091487,1.000182272268451,330,280,0.8484848484848485,0.5180331881108377,ok,470.74922347697316,-1294.391728319525,5.351833854649889
1354,-2.124591099564668,0.8851833155509894,-0.019174975356002284,0.9999543373804921,291,239,0.8213058419243986,0.9160284793189267,ok,472.94734365484214,-1295.074153792471,5.3710088300058905
1355,-1.555504059282157,1.368691363115886,-0.2212782951315052,1.0004859554960919,323,270,0.8359133126934984,0.7352465772528058,ok,474.62882183843817,-1296.284748705727,5.592287125137393
1356,-0.442638118638115,1.014428057250484,-0.15401382092883123,1.0002130996894252,343,292,0.8513119533527697,0.3777545687813204,ok,475.1708041114749,-1297.2497606243696,5.746300946066222
1357,3.390189621159834,-8.757518808863551,-0.3241687901427962,0.9996569496482374,261,217,0.8314176245210728,1.142000093241028,ok,470.87350329701917,-1288.8998667888113,6.0704697362090165
1358,9.382678034079163,14.339143810199516,-0.5188544794739463,0.999019076760718,299,235,0.7859531772575251,0.8761048742404255,ok,463.19825192218616,-1304.2209701640222,6.589324215682957
1359,-5.189635488623708,4.36879981003392,-0.17043343778729564,0.9999643745816863,338,257,0.7603550295857988,0.41369118920951636,ok,468.8660474889283,-1307.9485460114797,6.759757653470252
1360,-2.372838605414472,0.2252588696718476,0.01762557086022025,1.0003541438637988,358,303,0.8463687150837989,0.4517917105199307,ok,471.24892256033365,-1307.8936734337535,6.7421320826100315
1361,1.1246843814737986,-0.0983539970828815,0.050976187512621424,1.0000806100951405,325,275,0.8461538461538461,0.46443335907140065,ok,470.1204388462769,-1307.9270346954395,6.691155895097411
1362,4.929583577989206,0.14387103642229704,0.18451702400297518,0.9995511503152088,340,276,0.8117647058823529,0.519646963177127,ok,465.23891126337116,-1308.628591239728,6.506638871094438
1363,2.7884948770974916,0.47591345297746557,0.34156903264966887,0.9999258410290923,374,306,0.8181818181818182,0.36674148572091936,ok,462.51765320491904,-1309.401217846591,6.165069838444772
1364,-0.2835244573818727,0.9683223549700415,0.18872201896524007,1.000036626358561,359,311,0.8662952646239555,0.4201988845171261,ok,462.9004563930224,-1310.3347573584738,5.9763478194795345
1365,-0.9229663479950432,1.5627547923967313,0.12443747402693581,0.9998888425264979,364,319,0.8763736263736264,0.40488053482042824,ok,463.97794769144605,-1311.795264778007,5.8519103454526
1366,-0.6789243970042662,1.8677011179539704,0.010257020447392691,1.000103986728294,364,311,0.8543956043956044,0.3868142041591523,ok,464.84344017392345,-1313.5841662749121,5.8416533250052085
1367,1.2085598512007891,-5.437990125821216,-0.06904404892644754,0.9998221960229876,332,273,0.822289156626506,0.596509018634552,ok,463.08131079193254,-1308.2995420154605,5.910697373931654
1368,-1.7974653250412302,13.434686332373872,-0.12916332585875254,0.999559148289584,316,233,0.7373417721518988,0.6602044919910698,ok,466.2824003610717,-1321.4705216302937,6.039860699790406
1369,9.41738024354163,4.757958002026498,-0.29032214792417593,0.9995600958219628,330,278,0.8424242424242424,0.6780757962039555,ok,457.4470402645734,-1327.2378110252957,6.330182847714578
1370,8.237349826728405,-0.5013132852352555,-0.27038385881827376,0.9994591484145239,313,240,0.7667731629392971,0.5926603196674031,ok,449.2066662047723,-1327.6866790821018,6.600566706532849
1371,1.3094491902957088,-0.5003487878581154,-0.08791580628137823,0.9999242215189754,374,337,0.9010695187165776,0.3638655389284218,ok,447.84785284932013,-1327.3422486006957,6.688482512814226
1372,-0.509750492824196,-0.2058539976061411,0.014701265783055258,1.0000090743906254,390,347,0.8897435897435897,0.26441428551867324,ok,448.3302256604917,-1327.0785481943494,6.6737812470311715
1373,-0.5488655810429464,-0.31560245677053445,0.026283616523063713,1.0001695663923973,368,352,0.9565217391304348,0.44285334043071567,ok,448.83886696448235,-1326.7015304750744,6.6474976305081075
1374,-1.649365282748704,0.6019694483126159,0.15555440383303348,0.9999741455813866,346,306,0.884393063583815,0.456976687999754,ok,450.5457169003955,-1327.1131569427753,6.491943226675077
1375,-2.5228952553673025,0.7205101113876253,0.3235110541203137,1.0002760677892104,355,274,0.7718309859154929,0.35497120962809875,ok,453.1314253550355,-1327.5584063984406,6.168432172554766
1376,-1.2706373692142279,1.3641805483268854,0.33137660303406014,1.000053251255171,356,305,0.8567415730337079,0.3879951263641769,ok,454.534211413598,-1328.786290418363,5.837055569520709
1377,-0.4560395174853511,0.7707436114588972,0.10922755861666283,0.9999900300458074,335,304,0.9074626865671642,0.3732301896391247,ok,455.0648965687768,-1329.5076717476095,5.727828010904047
1378,3.0706457213636895,-0.7059221945063427,0.06828718092092796,0.9997080740521839,281,237,0.8434163701067615,0.7328409913748565,ok,451.9396028657977,-1329.1080086883412,5.65954082998312
1379,-4.551753327518327,6.414331510190323,-0.01293070427582062,0.999989587231293,302,225,0.7450331125827815,0.4509488487594289,ok,457.103070171626,-1335.0410275201702,5.67247153425894
1380,3.4767188994553635,7.019650251923508,-0.3156347202643795,0.9985312388126342,291,245,0.8419243986254296,0.8539263831228096,ok,454.3776257828746,-1342.3850738741212,5.988106254523317
1381,7.537257231407466,2.010375027205896,-0.5057295741552625,0.9994415539059746,326,236,0.7239263803680982,0.5252365709384195,ok,447.116093392601,-1345.2349864460125,6.493835828678575
1382,1.695128461551576,1.3608411424266933,-0.34758407521764534,0.9995423032993509,310,262,0.8451612903225807,0.5962787793416048,ok,445.5951406339318,-1346.7880646224028,6.841419903896218
1383,-1.1740913803878357,0.3952550848124474,-0.1941073515381848,1.000196929621046,361,337,0.9335180055401662,0.6504900725551676,ok,446.8088042947842,-1347.0365352844483,7.035527255434401
1384,-0.9471671740623151,0.11150648934653873,-0.03276899497421109,1.000159349718813,376,365,0.9707446808510638,0.43960350260063646,ok,447.76249430517726,-1347.0306431826311,7.068296250408611
1385,-2.3622294208071253,1.66489900678107,0.134873012382465,1.0000347713433737,348,298,0.8563218390804598,0.3879292520858427,ok,450.30842880575767,-1348.398208193174,6.933423238026148
1386,-2.657576081951447,2.4293387631003043,0.3100364116701398,0.9996725859904534,331,274,0.8277945619335347,0.6397485349641809,ok,453.2284738893966,-1350.504801216702,6.623386826356011
1387,-2.32380759420721,2.6290616345557964,0.37006788711964916,0.9998064221426372,338,288,0.8520710059171598,0.5771106589354553,ok,455.824824009214,-1352.86510053427,6.253318939236365
1388,-1.206965606250833,2.6398441882897714,0.258784652687048,0.999950009952278,378,319,0.843915343915344,0.4139653070039503,ok,457.3008781687506,-1355.364461938956,5.994534286549319
1389,0.46474304727735216,-6.497247932742766,0.2214489956988594,1.0002367726714838,342,283,0.827485380116959,0.6298717834623033,ok,456.18494097951964,-1348.9469156018256,5.773085290850461
1390,9.508432209668172,12.005710326654594,-0.08901224401052789,0.9987224201066128,370,296,0.8,0.7950391440526616,ok,447.9524293442722,-1361.860982184777,5.862097534860987
1391,1.6467794347836389,3.304545832778558,-0.18880622493634566,0.9997545829183127,348,279,0.8017241379310345,0.39851275673267506,ok,446.663163480167,-1365.3207074917073,6.050903759797331
1392,-0.17617187108317012,0.49521634669167724,-0.10903980803247232,1.0002580657627855,347,300,0.8645533141210374,0.4387140411002475,ok,446.8914570189045,-1365.7941605710746,6.159943567829802
1393,-1.5401382084351098,1.4678742048631648,-0.30389659461028934,0.9992031463669359,328,275,0.8384146341463414,0.3728309442961586,ok,448.587052336576,-1367.0793208338725,6.463840162440089
1394,-1.3140263370632965,1.0123618263135086,-0.07531725168376323,1.0001105003907151,357,302,0.84593837535014,0.541787201795344,ok,450.00781996899514,-1367.93545225868,6.539157414123851
1395,-0.8687616003130643,0.6175316925464358,-0.020842255048435145,1.0000095154951778,336,284,0.8452380952380952,0.4468996638550227,ok,450.94144263428507,-1368.4496903633894,6.559999669172287
1396,-1.569462448643435,1.46770015150787,-0.022594128540520817,1.0000206424631084,358,325,0.9078212290502793,0.391755923970164,ok,452.6688089566037,-1369.727799005469,6.582593797712808
1397,-1.5842753856190939,1.940972853584526,0.021440107263939478,1.0000951242547638,352,320,0.9090909090909091,0.4947468114557681,ok,454.4644906610946,-1371.4750343450803,6.561153690448869
1398,-1.4076373338002668,2.379785237429928,0.061938596894594224,1.0004423613688567,357,307,0.8599439775910365,0.5157597027333614,ok,456.1324486271179,-1373.680195759439,6.499215093554275
1399,0.0018907188875800784,-0.0010513974150399008,-0.00020563849090400452,1.0000100604153102,533,531,0.9962476547842402,0.0033337565026153,ok,456.1304510488759,-1373.6793651358166,6.49942073204518
1400,1.3323597984126536,-2.9386760105348912,0.2942025243654286,0.9999207276993408,314,232,0.7388535031847133,0.4971582365250516,ok,454.4882561928972,-1370.9019210981596,6.205218207679754
1401,10.89813616264064,11.593125493014782,0.07697807783869266,0.9990489267193703,326,256,0.7852760736196319,0.7957233421849887,ok,444.89001226923915,-1383.592218340471,6.128240129841062
1402,4.705404025127791,4.390363690289178,-0.0018893335209244336,0.999194609477285,348,280,0.8045977011494253,0.518924972253606,ok,440.6803475818043,-1388.459953295464,6.130129463361987
1403,0.3636322504594318,0.15763988729543144,-0.03998242472209332,0.9996495294874246,342,321,0.9385964912280702,0.5198186846711141,ok,440.3357650452766,-1388.6557634667042,6.17011188808408
1404,0.5701792168774773,0.2839079783246916,-0.16783301224767172,1.0003381133742828,348,325,0.9339080459770115,0.5786716001810887,ok,439.80041205298835,-1389.0008797560372,6.337944900331751
1405,-0.16561567938288135,0.7487153137552696,-0.22966181840249353,0.9992794192854948,327,283,0.8654434250764526,0.4142430527946823,ok,440.0505755897168,-1389.7257393142968,6.5676067187342415
1406,-0.05805062326953703,0.8015143974467946,-0.2639783404636223,1.0004336885063994,335,300,0.8955223880597015,0.49434884727169415,ok,440.2035552666888,-1390.5146578288532,6.831585059197862
1407,-0.5549332421280724,1.5451494960386754,-0.1416768554404038,1.0000084096452817,349,287,0.8223495702005731,0.33842129975421914,ok,440.94197425860796,-1391.9810054208997,6.973261914638264
1408,-0.6604789487721519,2.009558704624169,-0.015561434320274027,1.0000751388976876,358,317,0.8854748603351955,0.48957781349542523,ok,441.8420603003409,-1393.8952686594798,6.988823348958538
1409,-0.7300718964743282,2.5028964340658604,0.09267391577960994,1.0000690391696299,383,324,0.8459530026109661,0.39461012549086966,ok,442.86737350430394,-1396.2923978523818,6.896149433178929
1410,-0.2112765318267975,0.6631627378941403,0.028895906077083446,1.0001435880842648,401,375,0.9351620947630923,0.4059505912113597,ok,443.1564282921021,-1396.9255407426385,6.867253527101845
1411,1.4641733477910748,-1.752099158853639,0.3815452882973182,0.999740806420388,316,255,0.8069620253164557,0.8782570917733946,ok,441.5037165447833,-1395.3500411599312,6.48570823880453
1412,3.0013856087953172,5.185330977572221,0.09628080715230364,0.9994123734017925,338,276,0.8165680473372781,0.434430416655558,ok,439.09802656058,-1400.8371741653864,6.389427431652227
1413,10.147492527575196,4.114372858938395,0.044272162753318384,0.9991109329063861,292,237,0.8116438356164384,0.7830372212960244,ok,429.4674066245052,-1406.0478198323308,6.3451552688989095
1414,6.801404160347374,0.21696836949047338,-0.02540584749621956,0.9994770778612102,371,313,0.8436657681940701,0.47463283575804094,ok,422.7320751622385,-1407.0181207748976,6.3705611163951295
1415,1.3875479247340081,0.07415151965847144,-0.11721188423006164,1.0003493680694455,378,352,0.9312169312169312,0.4499147123444051,ok,421.36179157503386,-1407.2485781070413,6.48777300062519
1416,-0.07657596480339635,0.1478537833010023,-0.08389831280405594,0.9999025458726888,371,330,0.889487870619946,0.42621437904526305,ok,421.4547856671122,-1407.3866966013154,6.571671313429246
1417,-1.6546707340514786,1.3597457899450092,-0.2996445865291513,1.000191490155043,368,311,0.845108695652174,0.3795295379034011,ok,423.2602512384965,-1408.5387113242873,6.871315899958395
1418,-1.7361446187082947,1.4435107021456588,-0.15415480307805385,1.0002988718003296,367,297,0.8092643051771117,0.3915185590501948,ok,425.1599172797088,-1409.7590351403887,7.025470703036446
1419,-0.1027832667241455,0.134628404357386,-0.07890567587661707,1.0008734281311584,340,311,0.9147058823529411,0.7787400291762584,ok,425.2785619011951,-1409.8799179802406,7.104376378913064
1420,-0.8407153779726286,1.8558955907707286,-0.025117917499761215,1.00023438472152,340,301,0.8852941176470588,0.5044011168882688,ok,426.34311646262563,-1411.6171210128018,7.129494296412824
1421,2.80763684558724,-1.6358183593730473,0.07650035945978523,0.9999022753817972,329,280,0.851063829787234,0.4479582766465475,ok,423.35586723773724,-1410.338423069593,7.0529939369530394
1422,-7.103701846361673,9.046784105077336,0.31152177873735504,1.0001504477504595,350,286,0.8171428571428572,0.5985633155094201,ok,431.4724519311462,-1418.4887565278386,6.741472158215688
1423,6.562259922943213,2.5436662414516604,0.23803553245043793,0.9994141966355434,350,302,0.8628571428571429,0.4332206458635657,ok,425.24052251363514,-1421.759314428156,6.503436625765251
1424,3.058991122825546,-0.2790325258621351,0.11535935987377526,1.0002086777626702,367,312,0.8501362397820164,0.4155253368782125,ok,422.169478626471,-1421.8223642745227,6.388077265891478
1425,1.1466259907258518,-0.7163812788568293,0.2170732189172311,0.9998471081839706,390,333,0.8538461538461538,0.34866349934299395,ok,420.95248848409847,-1421.2333920403107,6.171004046974248
1426,-5.087684296187263,-0.3870672481418751,0.10165651340781603,1.0002600718583776,377,316,0.8381962864721485,0.38217690839404206,ok,425.97072910511054,-1420.3105629001768,6.069347533566433
1427,-4.307621741452749,0.1546121248821919,-0.16091614127065326,0.9994387340362888,372,325,0.8736559139784946,0.4987077982296071,ok,430.2696882807795,-1419.996779563256,6.230263674837086
1428,-0.5417503502333147,0.7329267280246086,-0.3880073481542558,1.0004453709542518,323,268,0.8297213622291022,0.36677860270897744,ok,430.892301119785,-1420.6623832616656,6.618271022991339
1429,-0.1884034882564265,0.8307008036239267,-0.1851509417393049,0.9998946533884016,353,318,0.9008498583569405,0.39969761531701326,ok,431.1777854882564,-1421.4649157375736,6.803421964730641
1430,-1.0282477034033946,3.2986673381279843,-0.5983152930645748,0.9992557547296802,348,282,0.8103448275862069,0.5461703364313589,ok,432.6224180804835,-1424.6036314336288,7.401737257795211
1431,-0.5123058600834156,0.9489431346829633,-0.09636384188708268,0.9999589152212051,369,345,0.9349593495934959,0.5280458705291254,ok,433.25417406188467,-1425.4776078332536,7.498101099682292
1432,2.496247923453211,-4.021829797894043,-0.05914680533674544,0.999755357570818,363,327,0.9008264462809917,0.6131786446460681,ok,430.2506707169732,-1421.8190102500698,7.557247905019037
1433,8.277002633675693,12.493356356637037,0.09479969826507889,0.9990070238343705,323,246,0.7616099071207431,0.6945336356511761,ok,423.66636443498055,-1435.281537369326,7.462448206753957
1434,-4.694791448975138,4.9802724650337495,0.3940225962656742,0.9997137161204773,334,295,0.8832335329341318,0.551277095941033,ok,428.93832047395256,-1439.6462435562862,7.068425610488285
1435,-2.3653223716025877,0.9939157060537127,0.2164154117151331,0.9999213283206106,351,321,0.9145299145299145,0.51393654976706,ok,431.40532820404917,-1440.350864881529,6.8520101987731525
1436,-0.5467937087464634,1.567554769756157,0.4360306959417097,1.0000384715902577,356,291,0.8174157303370787,0.3592580187219697,ok,432.12386533836604,-1441.8474996742284,6.415979502831447
1437,1.7377627125340496,0.15910814711833154,0.09220967286704247,0.9993981283178363,374,348,0.93048128342246,0.6247931797178721,ok,430.4142015424811,-1442.1970484585108,6.323769829964405
1438,3.728495950896331,1.5221291047720342,0.08358206015507219,0.9997522133224793,374,329,0.8796791443850267,0.3617589221026482,ok,426.8732473628089,-1444.1154338642382,6.240187769809334
1439,-0.41171058803229243,0.6236015995183379,-0.1853693064953046,0.9999805337083912,329,302,0.9179331306990881,0.3730527877611291,ok,427.35216025035857,-1444.689042624072,6.425557076304638
1440,-1.844846762488487,1.299924609455843,-0.41964299781210557,1.000159096540792,333,278,0.8348348348348348,0.4625227077521455,ok,429.3387910283884,-1445.7598188467805,6.845200074116739
1441,-1.5447893359280442,1.460157916232788,-0.3521524083711157,1.0001216790138843,346,303,0.8757225433526011,0.366234997854509,ok,431.0543475579914,-1447.0149288126681,7.197352482487851
1442,-1.2157884646931052,1.5903561650441134,-0.22403893845446637,1.0002158441252038,361,318,0.8808864265927978,0.4017756898557945,ok,432.46537104369213,-1448.4349242511735,7.421391420942316
1443,5.129027891231999,-2.3565100511800665,-0.025152874840734463,0.9992824687183308,350,298,0.8514285714285714,0.5211751768754169,ok,427.0741939199212,-1446.7630163737833,7.44654429578305
1444,-2.0156866538879967,10.496863178621538,0.020398760944678393,0.999911700489912,305,224,0.7344262295081967,0.5394855153667819,ok,430.42967327887084,-1456.911311183702,7.426145534838371
1445,8.527635232452212,2.4375478935226056,-0.014520633247693173,0.9995503551707816,326,249,0.7638036809815951,0.6990357057265798,ok,422.2895060256503,-1460.4326574433837,7.440666168086065
1446,5.533979202178216,-0.8655269322447339,0.10489112069230891,0.99878175019524,374,309,0.8262032085561497,0.5674989082996289,ok,416.6903090680328,-1460.2808150567266,7.3357750473937555
1447,0.23468696363624986,-0.7907710039892208,0.0703409477444763,0.9998955091178555,393,374,0.9516539440203562,0.4659477235067839,ok,416.3575006316439,-1459.5260731827598,7.265434099649281
1448,-0.4768215601061456,-0.05772208213147678,0.11056113857738016,0.999888546281169,351,325,0.9259259259259259,0.47234006990717237,ok,416.8234198450941,-1459.4094115974558,7.154872961071901
1449,-1.82572817989967,0.32536746470123035,0.11785636633375006,0.9998735225850939,370,335,0.9054054054054054,0.47260268936937166,ok,418.67525614848023,-1459.5086571486304,7.037016594738152
1450,-2.036721939504787,1.0056934576848562,0.04148087536724832,1.0001612292410047,381,338,0.8871391076115486,0.4239648305470459,ok,420.8193014303579,-1460.2588074128776,6.9955357193709045
1451,-1.7162400738020551,1.6254305100849251,-0.02259585430091449,1.0001308705871415,364,328,0.9010989010989011,0.5613233176219758,ok,422.72128331836143,-1461.66236333686,7.018131573671819
1452,-0.8460806083521675,1.383048936145883,-0.15523274848467286,1.0002222669851413,364,311,0.8543956043956044,0.5223741426222889,ok,423.73344562887644,-1462.9289351716866,7.173364322156489
1453,-0.24898724896593194,0.9402499953246206,-0.06723801221500243,0.9999938557316993,371,354,0.954177897574124,0.42321440760818163,ok,424.09895295430954,-1463.830305849549,7.240602334371492
1454,1.3801274172385547,-6.039186042015899,-0.10233686080222948,1.0000134794104327,308,238,0.7727272727272727,0.5440672490475635,ok,421.95828818895905,-1458.0170387732587,7.342939195173719
1455,8.810793902464638,8.46039186768985,-0.15896675873148633,0.999129257783807,364,285,0.782967032967033,0.6175397808622797,ok,414.32749187404966,-1467.555344039235,7.501905953905204
1456,7.177773650130348,9.327772509132501,-0.11468641025672686,0.9991830526883546,302,245,0.8112582781456954,0.7244837603912226,ok,408.4493812799619,-1477.7521862170029,7.616592364161933
1457,1.9974149475742706,1.2794430831937689,0.03645446892778482,1.0000835264470145,338,293,0.8668639053254438,0.5161820786324262,ok,406.63819596443227,-1479.2839332028775,7.580137895234149
1458,1.1289474704537952,-0.18199886913623686,0.09068371576218824,0.9997082622769012,382,351,0.918848167539267,0.49144615684704235,ok,405.49515728560846,-1479.2506381863805,7.48945417947196
1459,0.3583946457993079,-0.06763193420920288,0.13784538833944923,0.999828865806108,377,344,0.9124668435013262,0.4824444591513727,ok,405.1310547446046,-1479.2294216763735,7.351608791132511
1460,0.1715670997291454,0.16093405659853488,0.1545346175499515,0.9998050480253166,386,346,0.8963730569948186,0.46736824805777477,ok,404.981001637197,-1479.4105821169776,7.197074173582561
1461,-0.4456089106724903,0.34563125947568096,0.1104571523390593,0.9998429999404703,410,366,0.8926829268292683,0.35229505033412,ok,405.4658468643795,-1479.6985983916493,7.086617021243504
1462,-0.668067821210343,0.44146073032663935,0.01011956743820421,1.0002096804941933,404,361,0.8935643564356436,0.3318674605963921,ok,406.1832112123243,-1480.0543940949053,7.076497453805299
1463,-0.7232891694916361,0.5717095925654121,-0.09428972086241326,0.9994437842149374,392,376,0.9591836734693877,0.4474810934641841,ok,406.97220816657045,-1480.5313457561097,7.170787174667711
1464,-0.39421117854499244,0.3514044880438405,-0.07866131673547415,0.9999398007287053,393,375,0.9541984732824428,0.3681821423529317,ok,407.40761161444277,-1480.8301958942852,7.249448491403184
1465,10.851401512499706,4.862044260116932,-0.28829605601368624,0.9988236171778474,296,220,0.7432432432432432,1.161970011535362,ok,397.28778028896795,-1487.073704772853,7.537744547416867
1466,-0.47927489293851977,6.2571360489477,-0.21214280667279933,0.9994420560128411,360,311,0.8638888888888889,0.40599360791303557,ok,398.60644599054194,-1493.2090594264598,7.7498873540896644
1467,-4.900928341624876,5.2463927952255744,-0.1950588481443365,1.000379658570595,338,267,0.7899408284023669,0.5183861878826074,ok,404.1854963575339,-1497.7276801202227,7.9449462022339965
1468,-1.9262182181944354,0.9601257062271316,-0.031272973026675345,0.9996869559004486,366,325,0.8879781420765027,0.6551132323913226,ok,406.2263088896435,-1498.4112312921516,7.976219175260671
1469,2.9556107877319846,-0.05244550341217291,0.04118749777264421,0.9999995686880828,345,314,0.9101449275362319,0.7056844393956885,ok,403.29175725103323,-1498.7673104121752,7.935031677488028
1470,2.970217503956519,1.1795613351704333,0.28002760734745674,0.9996320392671918,330,267,0.8090909090909091,0.4798807103318667,ok,400.5051368639039,-1500.3320160657322,7.655004070140573
1471,-0.2930281576100242,0.9123527632899595,0.25005581571930785,1.00002294108025,343,285,0.8309037900874635,0.4142007854523743,ok,400.9133063326352,-1501.1989940069923,7.404948254421266
1472,-1.1122535289937332,0.9827164945721734,0.1458767266596897,1.0000527398859267,368,323,0.8777173913043478,0.3870067473075698,ok,402.14081725572805,-1502.0332940460376,7.259071527761579
1473,-1.2018376711512246,1.2729091581354623,0.07863933695398671,1.0000560215332557,399,348,0.8721804511278195,0.34201560584594565,ok,403.49233596407817,-1503.1459973729147,7.180432190807592
1474,-0.46010064628103464,0.45199975247203383,-0.006426077882180577,0.9994848604086913,387,361,0.9328165374677002,0.44441677367558174,ok,404.00536952691823,-1503.5368847535537,7.186858268689773
1475,4.31723894681636,-5.380495525487618,-0.017593849415937807,0.9993555897506784,347,275,0.792507204610951,0.6942319888546745,ok,399.04744566653903,-1498.7402947962626,7.204452118105709
1476,-6.077981943426494,11.319236269852922,-0.03976203841136455,1.0000181382723925,327,256,0.7828746177370031,0.6050857126694366,ok,406.50425330519477,-1509.2027512036966,7.2442141565170735
1477,6.6005946268371645,4.146168633433717,-0.2980770024654863,0.9994077851194825,348,265,0.7614942528735632,0.535636715123348,ok,400.5049830349503,-1514.1794288092146,7.542291158982558
1478,2.931167771590026,0.8638652898847567,-0.15399882338510773,1.0002149576822719,417,374,0.8968824940047961,0.3703590301468198,ok,397.71591017541107,-1515.4280601913515,7.696289982367664
1479,0.40450703280453126,0.13470185113101252,-0.19982757010060742,1.0000172594725092,386,340,0.8808290155440415,0.44774964542512186,ok,397.3337433588007,-1515.617055039345,7.896117552468271
1480,-4.981548743224039,0.5834970182735333,-0.00824604279655238,1.0006030498236151,392,318,0.8112244897959183,0.4918726660023885,ok,402.34820487053287,-1515.5099457549325,7.904363595264823
1481,-1.651135327524571,0.07062608180297048,0.030253581280208934,1.0000017819739655,423,409,0.966903073286052,0.3777108227953783,ok,403.9934479748624,-1515.353705424393,7.874110013984614
1482,-1.028933204515397,1.6422237655233403,0.24213059760151864,0.9999105245796438,398,353,0.8869346733668342,0.4838497726763722,ok,405.23136954631434,-1516.8447294410803,7.631979416383099
1483,-0.2675783797067197,1.4880783223361504,0.17357735995625997,0.9999451067566495,409,361,0.882640586797066,0.42419151918517495,ok,405.6898460555568,-1518.2854843033542,7.45840205642684
1484,-0.11297889225852487,0.24125660448214603,0.026919901993283625,1.0003440630606566,455,446,0.9802197802197802,0.27345804194461626,ok,405.8330801947724,-1518.5101016683673,7.431482154433555
1485,-1.1506469170221862,2.1975445517622347,0.09835412176945783,1.0001557429083954,386,319,0.8264248704663213,0.40002877444835805,ok,407.2548061488268,-1520.5428057039321,7.3331280326640975
1486,4.869622464667373,-3.1448237923984834,0.04312055636543929,0.9993670750696202,396,322,0.8131313131313131,0.5194966214574488,ok,402.0254950704958,-1518.0413170911909,7.290007476298658
1487,11.137122036773235,12.935326619559419,-0.26854572035856444,0.9986258527030499,318,257,0.8081761006289309,0.8654085837825483,ok,392.68664817000274,-1532.3292175872689,7.558553196657219
1488,1.3217677668335455,0.9004217159069867,-0.08499080014974857,1.0000600502525372,352,313,0.8892045454545454,0.4319207800918185,ok,391.4963894402539,-1533.3974467069677,7.64354399680697
1489,1.48708441539452,0.3817110540669546,-0.2337815199171748,0.9999832689811575,404,344,0.8514851485148515,0.32521868068499654,ok,390.0756519547432,-1533.9793645573304,7.8773255167241425
1490,0.9404535908859089,0.22394159896498422,-0.39454699635185314,0.9999264776756094,421,369,0.8764845605700713,0.2436966365977609,ok,389.1772009074888,-1534.3362798302514,8.27187251307599
1491,0.775150261011504,0.7961907417795828,-0.22893146834057912,1.0000148752070737,416,369,0.8870192307692307,0.30329423773586495,ok,388.5282621448647,-1535.2383087138278,8.500803981416569
1492,0.10835669102630163,1.0414881331146262,-0.03331230312985409,1.0000324413577255,443,409,0.9232505643340858,0.32225995532022916,ok,388.5756602680267,-1536.2843451003027,8.534116284546421
1493,0.18035080958907201,0.3457504054624678,0.03193959834603859,1.000305450925532,453,435,0.9602649006622517,0.278753689905973,ok,388.4484096239207,-1536.6529601175923,8.502176686200384
1494,-0.19712054613751206,1.9717992648277232,0.26501187448432467,0.9999857793232515,390,353,0.9051282051282051,0.4738032302764848,ok,388.9259980726864,-1538.5761756863963,8.237164811716061
1495,-0.3343236892501409,2.4915353457830633,0.31278500362702066,0.9999564800860791,431,385,0.8932714617169374,0.4817629285832722,ok,389.6006272881624,-1540.99782721585,7.924379808089041
1496,-0.027902788933943157,0.4937351221975632,0.024704208990344464,1.0001993757061602,475,457,0.9621052631578947,0.3362373938733006,ok,389.69612371716687,-1541.4830419812577,7.899675599098697
1497,1.7742480549457014,3.477314976982825,0.26393426201781917,0.9993711196932743,379,316,0.8337730870712401,0.5511582436719547,ok,388.3996553392692,-1545.1652757265188,7.635741337080881
1498,2.154425156316165,3.9084707155361684,-0.02423056764941095,0.9990265574835774,354,304,0.8587570621468926,0.5517377227717617,ok,386.78543009020586,-1549.3260410327644,7.659971904730289
1499,8.111697351318526,2.8182419441786806,-0.15977447093135522,0.9998211375577428,428,378,0.883177570093458,0.6677592669580388,ok,379.13260492825907,-1553.221729497721,7.819746375661643
1500,6.630926963132879,-0.3939392497202334,-0.21800276583769693,0.9995640895130223,340,278,0.8176470588235294,0.6883266242961366,ok,372.51173637542365,-1553.7588329597738,8.037749141499338
1501,1.6021849488574844,-0.3998824875405944,-0.25862880264479315,1.0001186264621056,416,368,0.8846153846153846,0.3303568536261574,ok,370.8686179295985,-1553.5943203852542,8.29637794414413
1502,0.06834550751386814,-0.246119421942808,-0.16370369585350586,1.0001643683969725,410,370,0.9024390243902439,0.4377007753928027,ok,370.76480694826046,-1553.360934099435,8.460081639997634
1503,-0.19975641715132042,0.07609289735614766,-0.24465906330385634,1.000804135185627,409,373,0.9119804400977995,0.4846292006582271,ok,370.97377854232786,-1553.405918853453,8.704740703301487
1504,-1.2308313274234024,0.8540056592905785,-0.06720259304445875,1.0002194756029703,375,347,0.9253333333333333,0.4386014288401977,ok,372.32045054004084,-1554.0622312434343,8.771943296345947
1505,-1.3746845371470044,1.4818020918038428,0.10702098994174615,1.0002115088247967,385,351,0.9116883116883117,0.3900739940951911,ok,373.9026866548297,-1555.320016556198,8.6649223064042
1506,-0.9829515704154801,2.0754803250190434,0.2305152675039547,0.9998229682748657,397,359,0.9042821158690176,0.38267407349980687,ok,375.1794324288296,-1557.2288729148322,8.434407038900245
1507,-0.9899041965929882,2.2826073312801327,0.34839872687894446,1.0002768073173232,370,314,0.8486486486486486,0.3930712348624286,ok,376.4805653552943,-1559.3495472544973,8.086008312021306
1508,3.513795042893207,-5.495904140028529,0.2833000800377305,0.99951275469876,378,324,0.8571428571428571,0.5823399198770636,ok,372.2531658993047,-1554.381568615318,7.802708231983577
1509,7.54086025413153,10.6912708090681,0.2601907604419416,0.9992241573689813,406,343,0.8448275862068966,0.6302921041768881,ok,366.18090749282044,-1565.9701631258724,7.542517471541641
1510,0.38523378443142064,3.1611317053216226,0.08348702196738413,0.9999740600214485,417,375,0.8992805755395683,0.389688129168512,ok,366.20930291807383,-1569.1545551285758,7.459030449574258
1511,-1.4194652176961426,0.4109163932737374,-0.1342509972190961,1.0001033953956038,390,340,0.8717948717948718,0.4056008392483049,ok,367.6706194621603,-1569.374299854311,7.593281446793352
1512,-1.6297546681134918,0.8697574858882717,-0.3059583189852533,1.0003407002431637,408,340,0.8333333333333334,0.24780532233006045,ok,369.4044418475871,-1570.0118249897296,7.899239765778603
1513,-0.9543632712907311,0.592556767632118,-0.20596328514696788,1.0001557330034727,430,375,0.872093023255814,0.2875420091454981,ok,370.43281710064457,-1570.4639058623115,8.105203050925569
1514,-1.6376050117851264,1.5112437762190893,-0.165685501579712,1.0000657834365276,390,336,0.8615384615384616,0.3590501820469515,ok,372.2707869708054,-1571.723856132031,8.270888552505278
1515,-1.4863012826463091,1.8716566743312342,-0.1306669326578089,1.0002375109391046,406,349,0.8596059113300493,0.28142967740405145,ok,374.0146053556773,-1573.358263562859,8.401555485163087
1516,-1.3415107764367349,2.296566462139822,-0.0505832163882573,1.0003139421596254,400,353,0.8825,0.5236835075791533,ok,375.679102651534,-1575.4327074474718,8.452138701551343
1517,-1.025387879869868,2.7329067459402268,0.02360308058389327,1.0002122355128575,419,372,0.8878281622911695,0.42380931684577783,ok,377.09399352506694,-1577.9858003565103,8.42853562096745
1518,-0.45418435084638986,1.1774549033611947,0.0191037808462024,0.9998165056701558,424,403,0.9504716981132075,0.37430696786411016,ok,377.7154925345634,-1579.0841729960084,8.409431840121247
1519,4.757624690689681,-7.315562968931658,0.2367290399975352,0.9994940124322917,350,286,0.8171428571428572,0.5498144602606041,ok,371.9662248077534,-1572.5192377445894,8.172702800123714
1520,6.866120287992999,12.71458046712155,0.1688378838738581,0.999161849985722,340,277,0.8147058823529412,0.5798910008892808,ok,366.9373665137506,-1586.0659992957108,8.003864916249857
1521,-0.7466646638224574,2.649135687272519,0.06339023796025861,1.000231311595209,394,370,0.9390862944162437,0.4731418061807534,ok,368.0428350419279,-1588.58658798548,7.940474678289598
1522,-3.7166857803767925,1.7089421180019144,0.13347896292479056,1.0001699962759454,409,383,0.9364303178484108,0.449498830060068,ok,371.95720862164956,-1589.7748286307683,7.806995715364809
1523,1.3798771990682326,0.3965321655260823,-0.10673704952285724,0.9998167301614871,407,390,0.9582309582309583,0.3947057828041582,ok,370.6450680159147,-1590.3575686015845,7.913732764887666
1524,3.662063563891934,0.34509999301337757,-0.26561933977361163,0.9996830998215718,403,322,0.7990074441687345,0.42276651936665555,ok,367.0693546979388,-1591.2201680560324,8.179352104661275
1525,1.2388949214559943,1.3140515489292284,-0.335045635808354,0.9999095485608654,387,328,0.8475452196382429,0.2628236554388276,ok,366.038669780041,-1592.7031652575374,8.514397740469626
1526,-0.10677742836651305,0.6755041062253895,-0.1374683411228913,0.9999020281878565,402,387,0.9626865671641791,0.38755926161384735,ok,366.2458484574789,-1593.354919975473,8.651866081592516
1527,-0.750482679560946,1.6150382691893128,-0.2751312081243024,0.9998127333312471,377,333,0.883289124668435,0.37113389718188466,ok,367.23785543042766,-1594.8339382407044,8.926997289716816
1528,-0.5265995351692254,1.5394255477301613,-0.09926753009771361,1.000249340674087,389,371,0.9537275064267352,0.5181456915747592,ok,367.9994500168864,-1596.271683619178,9.026264819814527
1529,1.749209587473615,-6.156325784710134,0.18538044214547578,0.9996599984677078,405,339,0.837037037037037,0.4194192646172176,ok,365.32485120385047,-1590.4573390699015,8.840884377669052
1530,8.538951201572672,15.524352110965424,0.1834983960105215,0.9990597616801057,177,123,0.6949152542372882,0.7882476061243446,ok,359.22000396110855,-1607.0901390816514,8.657385981658534
1531,2.603263014793356,5.608203265698307,0.31052731146067103,0.9996689022406207,228,176,0.7719298245614035,0.6707059874176964,ok,357.4584334826882,-1613.0168406637404,8.346858670197864
1532,0.8373587653218237,0.8253538263637665,0.2924096347108732,1.0001870040160008,269,205,0.7620817843866171,0.41859792158317716,ok,356.7449786696418,-1613.9513784480462,8.054449035486996
1533,0.1512637358948723,0.2674459496200825,0.06707375569951037,0.9984577845731525,296,270,0.9121621621621622,0.5258596570955045,ok,356.63234531195815,-1614.2372486642319,7.987375279787486
1534,-0.04838152086063019,0.5527678885334808,0.049676624697572676,0.9999851784954019,316,279,0.8829113924050633,0.399648416922123,ok,356.7565984461073,-1614.7780390753978,7.937698655089915
1535,-0.4512991907934065,0.4466035173053342,-0.1431440399744119,1.0004530734763446,306,260,0.8496732026143791,0.6151250401479903,ok,357.2661957045933,-1615.1567689203055,8.080842695064325
1536,-0.6480437636364513,0.7892501945913182,-0.27714668571806794,1.0000663572641562,341,269,0.7888563049853372,0.36650230058718236,ok,358.0220802500846,-1615.843438522908,8.357989380782387
1537,-0.9891878832904695,0.6514508251342477,-0.24652049493507677,1.0003621509623482,346,287,0.8294797687861272,0.3130276010840614,ok,359.09760005886653,-1616.339561478368,8.60450987571746
1538,-0.7614916688594349,1.175326827445815,-0.11593539018122387,1.0004907951971063,362,323,0.8922651933701657,0.5392283691736298,ok,360.0284842319064,-1617.3858489003699,8.720445265898682
1539,-0.5072220018041662,0.4379328529864779,-0.049125423209856925,0.9999738107948848,363,340,0.9366391184573003,0.3578454959619002,ok,360.5965442203228,-1617.741330534775,8.769570689108539
1540,3.606808081310419,-6.81260460968997,0.019451427188047293,0.9998007182400199,250,181,0.724,0.6389223260140618,ok,355.99534458172025,-1611.5567037886326,8.750119261920492
1541,4.701406283275901,8.592201973985993,-0.022119971981679816,0.9995134807612672,270,186,0.6888888888888889,0.5337583626522513,ok,352.65930450768644,-1620.7653949240023,8.772239233902171
1542,2.2534436023445323,10.468902946147296,0.10151724040050347,0.9993384017379909,257,195,0.7587548638132295,0.5171098028323771,ok,352.0098620045742,-1631.4543687475252,8.670721993501667
1543,-0.8200412570156459,3.422056843889777,0.21233883970347478,0.9998176291961871,346,302,0.8728323699421965,0.3398768172660076,ok,353.3243374049745,-1634.7185830676585,8.458383153798195
1544,-1.420564191688527,1.8269596699343538,0.3478201487309922,1.000147477675075,375,319,0.8506666666666667,0.3108981845214607,ok,354.9884469574213,-1636.3268503513307,8.110563005067206
1545,-0.6758268106807463,0.1980903506010918,0.08792388788078419,1.0001485115685393,333,309,0.9279279279279279,0.48735362168612023,ok,355.6853058067121,-1636.4286806474183,8.022639117186424
1546,-1.3615980397410112,1.362763858387325,0.09932032834711085,0.9999036859354848,365,324,0.8876712328767123,0.37613830391370895,ok,357.22175908412225,-1637.5907416965417,7.923318788839315
1547,-1.5908259238226492,0.3518455068226558,-0.18116536217663093,1.0010046103397185,380,341,0.8973684210526316,0.4381897827101912,ok,358.8462995636006,-1637.7148005983372,8.104484151015942
1548,-1.1499896578852713,1.2012400274356878,-0.278974394413065,1.0001252054143401,329,282,0.8571428571428571,0.37740618616810034,ok,360.1591386611519,-1638.7355392136042,8.383458545429006
1549,-1.046668488094383,1.1916310300932764,-0.37206635981469655,1.0001105600331557,344,301,0.875,0.28020402934528155,ok,361.3749986662475,-1639.753961465845,8.755524905243696
1550,-0.7501560663845339,1.416677666407054,-0.28959835802120437,1.0002328972419916,359,312,0.8690807799442897,0.34824226334189057,ok,362.3385455294159,-1641.03508877291,9.045123263264898
1551,4.781852629326977,-9.826543822669578,-0.012527811308468443,0.9994225595657928,321,254,0.7912772585669782,0.742556677165177,ok,356.06934542307124,-1632.0838761123791,9.057651074573368
1552,6.314548059865956,15.375449208282703,-0.15200994199130438,0.9992692299148682,237,172,0.7257383966244726,0.8387230828407541,ok,352.29700060669234,-1648.271753371093,9.209661016564668
1553,-5.356434862271044,5.9223658252585665,0.2563515174255207,1.000246347928128,281,240,0.8540925266903915,0.9682769209097366,ok,358.5098650301179,-1653.288338570018,8.953309499139152
1554,-3.138845144548668,2.17742024707195,0.2767279250365353,0.9999844764569207,314,277,0.8821656050955414,0.5686391082162713,ok,361.941266677144,-1654.9673235343944,8.67658157410262
1555,0.3459966949767477,0.7204765618427018,0.11508149740394977,0.9997879532585696,346,325,0.9393063583815029,0.42986072203347214,ok,361.70638355314884,-1655.7312804095923,8.561500076698673
1556,2.9027651533342578,0.1718427880625768,0.04138469003638365,1.0000242009473215,328,309,0.9420731707317073,0.6443987220404412,ok,358.86111322626266,-1656.3312906146407,8.52011538666229
1557,1.227860062099353,0.8676575664287611,0.0435601493806721,0.999789097464835,318,277,0.8710691823899371,0.49628317205994116,ok,357.7745627928964,-1657.370462467816,8.476555237281618
1558,-0.7322885970836523,1.3924972818485912,0.003974638024436729,1.0004741885068074,325,284,0.8738461538461538,0.4670192617058625,ok,358.7040246554011,-1658.6398701704568,8.47258059925718
1559,-1.770202364694569,1.0777572744717645,-0.12282173269733121,1.0001308323558455,352,305,0.8664772727272727,0.31234960770950937,ok,360.6154220669615,-1659.440955115845,8.59540233195451
1560,-0.3232120076272622,0.46575717687608176,-0.07706259071985233,1.0006794973352784,354,338,0.9548022598870056,0.5155076809898831,ok,361.00516816625134,-1659.8526512753783,8.672464922674362
1561,-0.8585410073624189,1.3128832153720396,-0.25053990217631067,1.0001722277054095,337,274,0.8130563798219584,0.4024719942348153,ok,362.05695626753584,-1661.0164797801522,8.92300482485067
1562,-0.6164665576620791,3.1939252901386226,-0.3458943192409959,0.9998707825090574,302,243,0.804635761589404,0.533041732931745,ok,363.17981334256694,-1664.0694098096085,9.26889914409166
1563,7.446966975675878,7.727163031726718,-0.28681835337549083,0.9991867089164791,348,282,0.8103448275862069,0.6757684048709344,ok,357.1189361679013,-1672.9256016282914,9.555717497467148
1564,8.836326325894788,0.8989226975015754,-0.10272419754598307,0.9985369562724488,365,316,0.8657534246575342,0.5600420916001043,ok,348.5586772502737,-1675.2942916073655,9.658441695013131
1565,4.2787652992483345,-0.9468677660927369,0.15170053692528976,0.9993818399919391,389,333,0.8560411311053985,0.3970076807987134,ok,344.1822876276718,-1675.0671244361051,9.506741158087841
1566,0.5859414694054976,-0.3879344401104845,0.12291633436080292,0.9991557457753406,391,378,0.9667519181585678,0.522550812277716,ok,343.5409353757632,-1674.779917499621,9.38382482372704
1567,0.6608384452626979,0.6381006109744476,0.39645262500924505,1.000072987299387,374,317,0.8475935828877005,0.24537448077753618,ok,342.9878922015366,-1675.5134180707896,8.987372198717802
1568,-1.3121293937138034,1.8232345357471331,0.16769704270054941,0.9999943268655512,362,337,0.930939226519337,0.38098180846734114,ok,344.56405446520534,-1677.1139118185988,8.819675156017253
1569,-0.4992063218592193,0.9166873231838508,0.029034687328058126,1.0003692182202406,362,336,0.9281767955801105,0.3343810413934941,ok,345.19748898221485,-1677.9435402371887,8.790640468689194
1570,-1.1070553428714902,2.4253995494427727,0.00042285794232030946,1.000188901681558,359,326,0.9080779944289693,0.43801180625010183,ok,346.6621839395035,-1680.1712752278709,8.790217610746874
1571,-0.6822793048743279,1.5757589898488504,-0.04729420873667693,1.0005780974248029,369,343,0.9295392953929539,0.47017640589846543,ok,347.5784514984239,-1681.623506340477,8.83751181948355
1572,-1.0679578689873779,2.61244920681645,-0.16876791663319482,0.9994779502513851,383,335,0.8746736292428199,0.32607837947935847,ok,349.0422026131249,-1684.0365661288658,9.006279736116744
1573,0.0015686250908402144,0.012000851294260428,0.0007647870915115686,0.9999847766597264,568,568,1.0,0.005008077437016095,ok,349.04253181169065,-1684.0486645851627,9.00551494902523
1574,15.679357387122309,9.943613712511706,-0.45124575824675356,0.9979507518665267,293,240,0.8191126279863481,1.057301266949905,ok,335.2100267803411,-1696.4333125936628,9.456760707271979
1575,2.879269839292192,3.9040597255003604,-0.25288247336857067,0.9989817893864399,342,293,0.8567251461988304,0.4316809777390377,ok,333.03044247232094,-1700.767051094307,9.709643180640548
1576,0.6801833711820109,0.06540205379769759,-0.05780186890414491,0.999789707956097,359,343,0.9554317548746518,0.33192832229358377,ok,332.3712141629899,-1700.9468979270569,9.76744504954469
1577,-0.1664998951778216,-0.6145072218301948,0.04393651285507234,0.9997288971780011,378,360,0.9523809523809523,0.39883156154948274,ok,332.43153570273455,-1700.313097759324,9.723508536689618
1578,0.04597304152321158,-1.215351778627678,0.13905928956167868,0.999530978012036,357,321,0.8991596638655462,0.5861238858924175,ok,332.18384694279405,-1699.1223653189495,9.58444924712794
1579,-0.37186222176978845,-0.0232879539453279,0.35888252282952776,0.9999275589462724,370,313,0.845945945945946,0.2169158179579601,ok,332.5471654979747,-1699.0397610318942,9.22556672429842
1580,-0.1691368623392009,0.9221141646340811,0.30895513490106913,0.9999223932922332,350,296,0.8457142857142858,0.30625921332374395,ok,332.8571830956531,-1699.9245157436364,8.916611589397352
1581,-0.2378438952819124,-0.1326492212346011,0.08655053748906479,0.9999065438184958,404,391,0.9678217821782178,0.39402460355778723,ok,333.07184583384594,-1699.7569286222679,8.830061051908288
1582,-0.06310589161284952,-0.9740145392572686,-0.0579264007370105,0.9999705853064619,446,410,0.9192825112107623,0.6454320526477668,ok,332.9837055569973,-1698.7848597112136,8.8879874526453
1583,-0.11859291564996965,0.5552816659027258,-0.053086708979430554,1.0001514822108617,389,362,0.9305912596401028,0.3419848170442992,ok,333.1871585110114,-1699.3149624405341,8.94107416162473
1584,0.8169648962200426,2.250612381525457,-0.3724089983690637,0.9971806733577584,349,303,0.8681948424068768,0.8179014478434025,ok,332.74519333977116,-1701.6681208544414,9.313483159993789
1585,0.44940485882398207,0.5590328678559899,-0.16019043949711356,0.9978625886778065,412,356,0.8640776699029126,0.7071212527062353,ok,332.3939314474858,-1702.2934987861804,9.4736735994909
