frame,step_center_dx,step_center_dy_down,step_rotation_deg,ransac_scale_diagnostic,good_matches,inliers,inlier_ratio,median_reprojection_error_px,status,center_x_in_reference,center_y_in_reference,rotation_to_reference_deg
198,0.0,0.0,0.0,nan,0,0,0.0,nan,reference,1280.0,720.0,0.0
199,0.16143558810904324,-0.10503022265902473,-0.0008673060753825455,1.0000272281554234,814,801,0.984029484029484,0.15793894304374212,ok,1279.8385628220306,720.1050277789406,0.0008673060753825456
200,0.007535166499792467,-0.014411925418016835,-0.0002314013325597522,1.000012310695665,949,935,0.9852476290832455,0.05472756830524232,ok,1279.8310273791683,720.119439559861,0.0010987074079422978
201,0.03312295281602928,-0.01037311540153496,-6.978222769467443e-05,0.9999778484372902,922,912,0.9891540130151844,0.07750726977740986,ok,1279.7979042148102,720.1298119997513,0.001168489635636972
202,0.1810096738277025,-0.15173845283834453,-0.0012716472581582737,1.0000303228747478,824,798,0.9684466019417476,0.1690817491415746,ok,1279.6168880788452,720.2815427435354,0.002440136893795246
203,0.005766876139659871,-0.022878227190176403,0.0004444230815407084,0.9999942414017617,939,930,0.9904153354632588,0.054684090492032794,ok,1279.6111204058197,720.3044207698413,0.001995713812254538
204,0.00533475185034149,-0.009586936440314275,0.0005585062795713067,1.0000026332458198,930,919,0.9881720430107527,0.08240207621014704,ok,1279.6057854134922,720.3140075724616,0.0014372075326832309
205,0.18946531423625856,-0.12812662520786944,-0.000804616747392061,1.0000076331100787,839,820,0.9773539928486293,0.16995746660984073,ok,1279.416315086163,720.4421267843212,0.0022418242800752923
206,0.01542125946161832,-0.018813314043995888,-9.349975773150555e-05,0.9999994751626917,944,934,0.989406779661017,0.06182536812338701,ok,1279.4008930599007,720.4609394697933,0.002335324037806798
207,0.012413593367909925,-0.014595360617249753,0.00026616868195626886,0.9999843324345891,992,977,0.9848790322580645,0.02202331827793929,ok,1279.3884789394504,720.4755343821017,0.0020691553558505288
208,0.1227795368029092,-0.06791322233277697,-0.0010728076767080432,1.0000371283723046,842,826,0.9809976247030879,0.13689697904555165,ok,1279.265695678634,720.5434408713973,0.003141963032558572
209,0.03130533253329304,-0.023709934051112214,0.0004510655758970018,1.000021267644345,895,880,0.9832402234636871,0.0925322435633745,ok,1279.2343892325976,720.5671493351666,0.0026908974566615704
210,0.7087575329248921,-3.740167941139134,-0.6425176546250185,0.9999462668696215,683,610,0.8931185944363104,0.5995132950583726,ok,1278.4835594462477,724.299098973135,0.6452085520816799
211,4.070251390588737,9.138239407557876,-0.4890430515209047,0.9995117784193867,646,584,0.9040247678018576,0.5143553870154041,ok,1274.594998247735,715.0820789743581,1.1342516036025845
212,-2.7343449400495956,8.375250039899129,-0.265467409130678,0.9995050299665682,660,600,0.9090909090909091,0.5246940750884934,ok,1277.5331118252711,706.776120625829,1.3997190127332622
213,0.00027280648828309495,0.0007096584259898009,-3.146472141846289e-05,1.0000012251255104,997,995,0.9979939819458375,0.0009677250448263084,ok,1277.532856435601,706.7754045150987,1.3997504774546807
214,-6.075548608144572,3.736484964255851,-0.003857141538688036,0.9997630573520885,697,649,0.9311334289813487,0.4309111443396429,ok,1283.6981077349717,703.188862002644,1.4036076189933688
215,-5.671259418400268,3.89472098270312,0.6388996363890215,0.9997328397336088,680,627,0.9220588235294118,0.4965358235852589,ok,1289.4208420604443,699.3701780979516,0.7647079826043474
216,0.4360769863499172,2.439489620041627,0.8750536998872637,0.9999659450551012,646,599,0.9272445820433437,0.30427336040671565,ok,1288.980067682218,696.9315328404747,-0.1103457172829158
217,1.503716060926763,0.13085130128160927,0.24967556489776516,1.0000140559784825,703,643,0.914651493598862,0.28952896194988603,ok,1287.4755591007015,696.8101327454207,-0.3600212821806808
218,0.7367607879955358,0.38781309556145516,0.061790048388941365,1.000026280081615,679,653,0.9617083946980854,0.2556223920731843,ok,1286.7359632255846,696.427754140728,-0.4218113305696221
219,0.10310496660986246,1.0046826987552322,-0.09325873687903888,1.0000221334577555,697,674,0.9670014347202296,0.34115253591756245,ok,1286.6270988090769,695.4236791942542,-0.3285525936905833
220,-0.4490804954205032,0.38092602233109574,-0.1371286754442247,0.9998951238233904,695,653,0.939568345323741,0.3561636301026477,ok,1287.074904135196,695.0412549327913,-0.19142391824635868
221,-4.770890647488159,3.5549733923201075,-0.5636363901358706,0.9994230704661589,649,600,0.9244992295839753,0.8474175887099249,ok,1291.8687882407157,691.5173496313907,0.3722124718895117
222,0.8823457413034248,6.096271377568655,-0.441965936430647,0.9996909974639662,690,629,0.9115942028985508,0.40462775011389596,ok,1291.0731572559773,685.4091559497626,0.8141784083201585
223,2.408717125467774,4.026422222480164,-0.30535872546710013,0.9997643356655967,689,636,0.9230769230769231,0.3650665505792679,ok,1288.7435696455905,681.3364399432463,1.1195371337872586
224,3.117588474926606,3.669772585241958,-0.2171421582164689,0.9998531983465337,690,638,0.9246376811594202,0.33989030922227736,ok,1285.7124355543044,677.594940932551,1.3366792920037271
225,-1.9794718907160131,1.513905731282307,0.16505005580145934,0.9998828202548354,760,724,0.9526315789473684,0.29642696101065646,ok,1287.7224489780365,676.1218266919842,1.1716292362022684
226,-3.983967933286067,2.104180358159283,0.6887302664999633,0.9998953880812679,722,670,0.9279778393351801,0.4211497091250796,ok,1291.7240096077282,674.0512982570151,0.48289896970230534
227,-0.5532846690402948,1.2159485312191691,0.31668783273615086,1.0000137041302886,733,702,0.9577080491132333,0.37634653938958246,ok,1292.2808193272758,672.8369598808672,0.1662111369661547
228,-0.3677059370807001,1.5197683292722104,0.41570208756800553,0.9999691659847593,729,674,0.9245541838134431,0.3333466156456062,ok,1292.6419040614267,671.315604811994,-0.24949095060185064
229,-0.18991037507885267,0.8286579023356353,0.101367652378289,0.9999554176731978,775,753,0.9716129032258064,0.2946664029153814,ok,1292.8267365066322,670.4857995114173,-0.35085860298013954
230,-0.39251909723816425,0.6890354475401637,0.054386315945488026,0.9999689947094127,801,788,0.9837702871410736,0.22156074922467578,ok,1293.2143723766421,669.7940050896811,-0.40524491892562753
231,-0.004091269511491191,-0.000437330353975085,-1.2740481418521364e-05,0.9999989434768395,1044,1043,0.9990421455938697,0.004235885786362546,ok,1293.2184666368796,669.7944134732794,-0.405232178444209
232,1.4242123870376417,11.84377305609189,-0.41634823323955034,0.9990812023759764,702,639,0.9102564102564102,1.0555320778403245,ok,1291.79655210784,657.9503643261461,0.011116054795340948
233,-8.84387804646667,4.074053314322327,-0.6467225915369944,0.9996617144052778,743,695,0.9353970390309556,0.6483114269003973,ok,1300.6866222573997,653.9781178528484,0.6578386463323348
234,-0.004896678268778487,-0.0005721577543909007,0.00010835748864325922,1.000003864367361,1095,1090,0.9954337899543378,0.004697346018132407,ok,1300.6915120450549,653.9787461833766,0.6577302888436914
235,-2.259924140256544,2.6666902105407644,-0.7838895768429919,0.9998322671210595,718,658,0.9164345403899722,0.36711531919652285,ok,1303.01781041883,651.3697560195627,1.4416198656866825
236,0.8259386880024522,1.2391850482218842,-0.011814637680732489,1.0000019342652007,720,697,0.9680555555555556,0.33964510571590667,ok,1302.223568766045,650.1100201357136,1.453434503367415
237,0.32544463185990935,0.9978070347905259,0.13465529260353218,1.0000198181827367,767,741,0.9661016949152542,0.2757522295948672,ok,1301.9211748740101,649.1049872899102,1.318779210763883
238,0.9261675217153424,1.6065719174407604,0.5655206843861309,1.0000509414114975,725,674,0.9296551724137931,0.3567010595271761,ok,1301.0162081280537,647.4863783831935,0.7532585263777526
239,0.25787565594578155,1.9111391508772613,0.7429131951175408,1.0000043756081456,762,706,0.926509186351706,0.3508250635910914,ok,1300.758677551772,645.5751927014176,0.010345331260212882
240,-0.26329674821658955,0.9577519086346911,0.27274533799542655,1.0000209465616556,762,727,0.9540682414698163,0.26202185923648524,ok,1301.0175852954972,644.6162450092291,-0.2624000067352132
241,1.4306999922091563,-0.6395693161837244,0.33748987405482356,1.0001035440166866,631,583,0.9239302694136292,0.37101448503072015,ok,1299.593659923343,645.2707585021731,-0.599889880790036
242,-6.421699850488494,7.893025315266641,0.010423635553519805,0.9994513237065659,716,665,0.9287709497206704,0.586927937981475,ok,1305.9309206987423,637.3097784455598,-0.6103135163435559
243,0.7420656039287223,7.400585961812794,-0.09792075861098326,0.9995183264341426,722,665,0.9210526315789473,0.46321306677792556,ok,1305.1227026492818,629.9161245773264,-0.5123927577325728
244,4.416656036984705,3.4178819342273528,-0.2937360580715755,0.999798342955014,696,630,0.9051724137931034,0.3748077295157407,ok,1300.6930352137674,626.5151226843401,-0.2186566996609979
245,2.713434082588492,2.3840606668198916,-0.30042682608764604,0.9998701195647152,694,645,0.9293948126801153,0.30370524028831103,ok,1297.9830063244576,624.1271919477532,0.08177012642664773
246,0.3566660353824318,1.545359752203126,-0.5039376346052723,0.999892184325228,704,650,0.9232954545454546,0.24530360644498,ok,1297.642156134296,622.5782669746213,0.5857077610319196
247,-5.398685944208637,0.20425304136870182,-0.6912180868116271,0.9999916349619964,688,624,0.9069767441860465,0.42979470748459453,ok,1303.0440531161646,622.4943728366483,1.276925847843546
248,-0.5227864853929987,0.9385608041100113,0.0009546840669237481,0.9999298446160294,747,717,0.9598393574297188,0.31454465398176096,ok,1303.5876098950641,621.5676862011376,1.2759711637766218
249,0.11770702409489786,0.47858991141606566,0.1576831647008565,1.0000489026144392,771,739,0.9584954604409858,0.3035251378750005,ok,1303.4792657229355,621.086890207814,1.118287999075766
250,0.05765000055407654,1.0359957490970828,0.5333518284695815,0.9999855515027513,654,598,0.9143730886850153,0.3907280504003836,ok,1303.432195087846,620.0503599043385,0.5849361706061847
251,-0.22993981890499526,0.49814081885574524,0.2568855903518894,1.0000029486606492,764,723,0.9463350785340314,0.21749842169750208,ok,1303.6649832587375,619.5535437781699,0.3280505802542957
252,1.7639323664573112,-3.93745215382728,0.549345843646975,0.9999616364660728,715,653,0.9132867132867133,0.6621930874373166,ok,1301.9162717546506,623.4977794370258,-0.22129526339267896
253,-5.319709017838704,5.692837443451253,0.1874471804681107,0.9995948150788201,773,731,0.9456662354463131,0.5340889533524302,ok,1307.1952336095362,617.7671368965512,-0.4087424438607895
254,-2.436131928584018,8.715230986817346,0.06792229920001867,0.9994936194667682,686,626,0.9125364431486881,0.6403302715562071,ok,1309.5587768461148,609.0319406597242,-0.4766647430608081
255,1.2657286432752244,3.2840161148723155,-0.26020582955181576,0.9997610215170595,727,677,0.9312242090784044,0.3479520822228861,ok,1308.2806505124372,605.7527297918007,-0.21645891350899266
256,1.5301556630056439,2.0537776347175623,-0.47770877204776124,0.999925905518691,762,707,0.9278215223097113,0.28169194242623397,ok,1306.7598752720585,603.691996525668,0.26124985853876814
257,0.5605132362290988,1.243297677053306,-0.1104228827984789,0.9999488826666186,771,747,0.9688715953307393,0.3084439007669967,ok,1306.2074389363934,602.4450890323906,0.3716727413372469
258,1.0810663046836453,1.7193196224883422,-0.13417094870723212,1.0000251572949035,782,748,0.9565217391304348,0.36256039332294765,ok,1305.141593816387,600.7162921965668,0.5058436900444788
259,0.39201633717812,0.9503713414454751,-0.041415388787461954,1.0000079477683028,829,811,0.9782870928829915,0.22997597550029145,ok,1304.7586726690047,599.7622199298371,0.5472590788319408
260,0.5362880832913106,1.983008599575328,-0.005006723708319018,1.0000130132312306,760,730,0.9605263157894737,0.34673662104489433,ok,1304.2415231376872,597.7741343239015,0.5522658025402597
261,-0.010581633857555062,1.730885299829879,0.09666315870186379,1.0000347088532362,767,735,0.9582790091264668,0.3513517258537064,ok,1304.2658678872092,596.0433878880211,0.45560264383839605
262,-0.09237526779998007,0.9061429135981598,0.06766471162734644,0.9999940192222008,854,833,0.9754098360655737,0.21963938146016038,ok,1304.3643762979236,595.1378911939444,0.3879379322110496
263,-4.926180816953092,5.145485171977953,0.24087718400557032,0.9994327263443525,464,417,0.8987068965517241,0.9440358865783833,ok,1309.3037477609819,590.005066957105,0.14706074820547954
264,1.4725067619858692,6.663633335346958,0.16181905704886682,0.9996097318230887,674,614,0.9109792284866469,0.48528880304391536,ok,1307.8295246219836,583.3418131326972,-0.014758308843387098
265,6.453815060813213,5.593075409737821,0.20781099739939948,0.9997220260676429,663,604,0.9110105580693816,0.5206593996378983,ok,1301.3540316320143,577.7738501375748,-0.22256930624278634
266,2.019551615453338,1.07384938530231,0.040706875469954364,1.0000289666553555,785,748,0.9528662420382166,0.28837140766675484,ok,1299.3295669778424,576.7092919692229,-0.26327618171274064
267,-1.9907915709545705,1.515263021944179,-0.08101456244449481,0.9998494738843804,712,683,0.9592696629213483,0.4497065480566751,ok,1301.3155283336444,575.1877037864623,-0.18226161926824597
268,-2.9895663184775003,1.3800259895629097,-0.23634226638224273,1.0000000527304576,669,608,0.9088191330343797,0.44457481514227865,ok,1304.3063959065162,573.8105002190883,0.05408064711399648
269,-0.008138124921742929,0.5609315801550565,-0.2913896383968782,0.9999627310574987,730,673,0.9219178082191781,0.36203215328235644,ok,1304.317916052672,573.2496279048091,0.34547028551087433
270,0.07259559692056428,0.3667685170466939,-0.07887788805235625,0.9999899553509466,804,781,0.9713930348258707,0.3357892092433478,ok,1304.2480388096403,572.8823317889907,0.4243481735632305
271,0.033677488362855,0.832827344739826,-0.1032310506257877,0.9999764206322744,766,727,0.9490861618798956,0.4180694494127844,ok,1304.222031310242,572.0492296527889,0.527579224189018
272,-0.247025860618578,0.4908960006008556,-0.0016699475016354604,0.9999750498353467,839,817,0.9737783075089392,0.2407347392713868,ok,1304.4735810431223,571.5606363749922,0.5292491716906536
273,1.1121271633621745,-1.694692405115802,0.10347553150052653,1.0000897872235963,623,580,0.9309791332263242,0.6428630201548982,ok,1303.3488911858103,573.2470176783469,0.42577364019012715
274,-4.145710921127829,7.605521757183169,0.11522917193683317,0.9995656581419339,765,713,0.9320261437908497,0.6281616827843491,ok,1307.5357631179359,565.6640773736547,0.3105444682532941
275,5.039044321638357,9.26028236341017,0.3626486296100469,0.9995735303667402,747,672,0.8995983935742972,0.5927569117930941,ok,1302.4882996805848,556.4083812910187,-0.0521041613567524
276,6.973569606324872,2.4253171379067453,0.473060100740675,0.9999461545280824,761,695,0.9132720105124835,0.41547719367175595,ok,1295.49279323562,554.0470837976619,-0.525164262097427
277,0.2979542708651479,0.8225338351389837,0.1118169459297077,1.0000501246980373,773,748,0.9676584734799483,0.28584013092610727,ok,1295.1857131124862,553.2279132077043,-0.6369812080271346
278,-0.8609983522881066,1.3213819295893927,0.03972709382643531,0.9998808369252637,789,760,0.9632446134347274,0.298863529020353,ok,1296.0310452141882,551.8964546074014,-0.6767083018535698
279,-1.869404636737272,1.0735503787161633,-0.2378119253215655,0.9999817464334368,784,739,0.9426020408163265,0.26382300411518356,ok,1297.8921714882342,550.8086158769119,-0.4388963765320044
280,-2.1772626888521245,0.8053275507811577,-0.4325420124835456,0.999968435728109,734,688,0.9373297002724795,0.34558406110625706,ok,1300.069344849187,550.0030468626918,-0.006354364048459076
281,-0.9412602227832849,0.4951516362851862,-0.11699864410666584,0.9999071268477655,800,774,0.9675,0.3512752723243852,ok,1301.0115595070986,549.5097138227213,0.11064428005820671
282,-1.1064866774256643,0.6755546505839902,-0.14023702712152844,0.9999007566817323,803,779,0.9701120797011208,0.388633455233433,ok,1302.1209936221426,548.8390106114407,0.2508813071797351
283,-0.17481655051165035,0.4760017139652746,-0.037296817337220824,0.9999671212677547,836,804,0.9617224880382775,0.20913635520730112,ok,1302.2982020767608,548.3638941818758,0.28817812451695596
284,-3.1275115154614923,3.160516754537184,-0.014218980937807926,0.9993116198609807,631,579,0.9175911251980983,0.9338267266496842,ok,1305.4423506105586,545.2199278282912,0.3023971054547639
285,5.627621471183602,8.411644947449076,0.11979520118258578,0.999630289191067,726,659,0.9077134986225895,0.5400010565557112,ok,1299.8415656237169,536.790390375024,0.18260190427217818
286,4.312945940565442,1.4802343534606734,0.09396656891640795,0.9999743516282243,784,742,0.9464285714285714,0.32367304891474535,ok,1295.530914733608,535.3034857610658,0.08863533535577031
287,4.889710109200678,2.0339187306121858,0.20964284219876847,0.9999676046651415,718,669,0.9317548746518106,0.3869669007523466,ok,1290.6369199382789,533.2798985259695,-0.12100750684299796
288,0.24059580515836387,1.6908309817329155,0.2560129964221052,1.00000393945829,749,725,0.9679572763684913,0.34998744094021117,ok,1290.385203333159,531.5906873192358,-0.37702050326510284
289,-1.239774455224051,1.531099901038715,0.15696995064427693,0.9999248237277285,751,726,0.966711051930759,0.3192257166197706,ok,1291.6106544666118,530.0480995174217,-0.5339904539093796
290,-0.8076077995658579,0.8096599486877949,0.013542930419550615,0.9999723785386231,762,727,0.9540682414698163,0.3020028254807307,ok,1292.4104881867568,529.2307589454764,-0.5475333843289302
291,-2.1498325193283563,1.661979304172064,-0.11388642343319659,0.9999502604842682,775,723,0.9329032258064516,0.33756995609535195,ok,1294.5476804496705,527.5525562461576,-0.4336469608957336
292,-1.4125090266663847,1.8376828161858612,-0.25923805665741395,0.9999689876261921,734,677,0.9223433242506812,0.391703286107641,ok,1295.9545890166523,525.7105822595137,-0.17440890423832003
293,-0.28542587421770804,0.630067994878118,-0.17073028162907664,0.9999597306249878,777,754,0.9703989703989704,0.4301617366489626,ok,1296.239974437348,525.0804959404296,-0.003678622609243508
294,-0.3280622013928678,0.5920267030617197,-0.16714984334532965,0.9999421911016809,746,716,0.9597855227882037,0.3632423072690852,ok,1296.569724419116,524.4894076436035,0.16347122073608597
295,-2.6257529124470693,4.29611215958289,-0.30233981633392837,0.9996029509399935,707,652,0.9222065063649222,0.6501586488733865,ok,1299.23031728973,520.2147844295905,0.46581103707001403
296,7.660405943327078,7.816951180387832,0.02324093997456996,0.9996084820310701,732,674,0.9207650273224044,0.5502589846027437,ok,1291.6305197914298,512.3388957205016,0.4425700970954441
297,5.595489251390973,0.727492250700152,0.1381059049409846,1.0000491343637912,797,735,0.9222082810539524,0.40288415238776804,ok,1286.0389753461118,511.5816799960927,0.30446419215445963
298,3.868746807940852,1.4919879977226174,0.34096965404470736,0.9999344478283246,768,717,0.93359375,0.2932413123374748,ok,1282.1692787175043,510.0921572363329,-0.036505461890247275
299,0.14670728151259027,1.0158727594329093,0.19061593263365492,1.000029089350132,732,712,0.9726775956284153,0.3237578771683755,ok,1282.0185456631623,509.0768740068173,-0.22712139452390193
300,-1.311980042047253,1.637158524654751,0.3545295049300168,0.9998897070542643,685,629,0.9182481751824818,0.3296228743311002,ok,1283.3138384062465,507.42648121257315,-0.5816508994539182
301,-1.7314706354541158,1.9158605313461976,0.16645344497246156,0.9999073420400756,776,759,0.9780927835051546,0.2986236899995014,ok,1285.0201469934484,505.4881770201793,-0.7481043444263796
302,-1.2565708285226265,0.8413090044527962,0.025494153693052503,0.9999227180376985,755,728,0.9642384105960264,0.28820319698803953,ok,1286.2652444122814,504.62997919585086,-0.7735984981194323
303,-1.3697417436744672,1.8157337199647827,-0.08447422884295758,0.9997932475962202,727,692,0.951856946354883,0.45796103464557003,ok,1287.6130488954104,502.7979026522977,-0.6891242692764746
304,-0.3967735935816563,1.0065231339901857,-0.1315346191385278,0.9999750196974653,751,726,0.966711051930759,0.36946578753301157,ok,1288.000008598102,501.7875659300539,-0.557589650137947
305,8.867256887497206,7.049659796048218,-0.2612339305389691,0.9996433825821079,650,596,0.916923076923077,0.5604310956803029,ok,1279.0964069472764,494.7838650803388,-0.2963557195989782
306,-1.9701557544449315,8.682136448897268,-0.10608398254881615,0.9995619639060059,670,621,0.926865671641791,0.5703245742018156,ok,1281.037719659544,486.0952338896833,-0.1902717370501622
307,-4.454199372359426,2.881656386956138,-0.045619033361081314,0.9997673245904047,733,678,0.9249658935879945,0.42000662964401686,ok,1285.4846296244807,483.2023413329227,-0.1446527036890809
308,2.096548304707767,1.3551949296545445,0.04236296866892206,1.000096013249217,700,682,0.9742857142857143,0.29471384715942656,ok,1283.3836690864578,481.85399682612706,-0.18701567235800293
309,2.7199339592441447,0.24394074844667557,0.053043714470577805,1.000207681624,679,656,0.9661266568483063,0.3922288133528702,ok,1280.6627369344492,481.621454237408,-0.2400593868285807
310,3.3076523815313976,1.1341516443058026,0.11645399472712262,1.000221200152761,732,704,0.9617486338797814,0.3931236807282421,ok,1277.3480915616824,480.5079057283033,-0.3565133815557033
311,0.3712375710192646,0.511810205680149,0.1270211015242744,1.0000312355005456,743,721,0.9703903095558546,0.2696137871696301,ok,1276.9725479579706,479.99924668485113,-0.4835344830799776
312,-0.4193039927740756,1.1854903167311477,0.4780888219830728,0.9999912171564861,690,634,0.9188405797101449,0.33973965394584626,ok,1277.371897162024,478.8068862768195,-0.96162330506305
313,-0.7833256531478128,1.203371599745651,0.2394665021089374,1.0000209614727085,693,672,0.9696969696969697,0.3793454687161724,ok,1278.1298263094484,477.58735944503655,-1.2010898071719875
314,-0.18755741230393141,0.5892936574343821,0.02849803690058899,1.0000018512102928,776,763,0.9832474226804123,0.1842808856218905,ok,1278.304695052743,476.99417674112397,-1.2295878440725765
315,-0.45921131206455357,1.1775848997015146,-0.15439106167413436,1.0000110004615639,691,641,0.9276410998552822,0.31866863784657173,ok,1278.7417285748,475.80818225305416,-1.075196782398442
316,8.67357566352075,3.119742787562018,-0.5217241852010398,0.9996445915411039,648,592,0.9135802469135802,0.8195566480744456,ok,1270.0384215969386,472.77236975876565,-0.5534725971974027
317,-0.3292583330667185,6.237427594734072,-0.24338735094105632,0.9997283989220019,672,630,0.9375,0.3731609411036998,ok,1270.3339182616282,466.53325157022306,-0.31008524625634654
318,-1.3612517322530948,3.5981454334264527,-0.15270689807433077,0.9998281365230017,673,615,0.9138187221396731,0.3481658662969688,ok,1271.685281591981,462.9313806691457,-0.1573783481820159
319,-3.585005419554818,3.3284077198057958,-0.2546882819343009,0.9998675443387851,689,633,0.918722786647315,0.3517670912784243,ok,1275.2759347352685,459.60906644377485,0.09730993375228472
320,2.604291277423954,1.6749060214425526,-0.011279764794539212,1.0000888527522964,679,657,0.96759941089838,0.33778304949276955,ok,1272.674822495111,457.92922765614276,0.10858969854682393
321,4.576528072896508,1.222350623673492,0.22662783767069064,1.0000073143433248,653,602,0.9218989280245024,0.3784747376133595,ok,1268.0957859051875,456.7163079731669,-0.11803813912386649
322,0.6231066239474785,0.6264476206902145,0.15361654153718005,1.0000714586965667,712,692,0.9719101123595506,0.27402390064423404,ok,1267.46971613952,456.0928216984239,-0.2716546806610465
323,0.0857151447198703,1.164895804151456,0.31632032351679906,0.9999881607684397,692,645,0.9320809248554913,0.267547861345211,ok,1267.3720514410074,454.92886683365094,-0.5879750041778455
324,-0.42808513213435617,0.45695958522685487,0.10634622322136669,0.9999949174648205,708,686,0.9689265536723164,0.2947713539286401,ok,1267.7945677530306,454.4667533097637,-0.6943212273992122
325,-0.5350367437404202,1.025591441904794,0.1305781134994423,0.9999990213039344,675,650,0.9629629629629629,0.27998169314062915,ok,1268.3147839018682,453.4335653881592,-0.8248993408986545
326,0.7895962688455711,-0.7884478845421654,0.012989182991305434,1.0000744732975597,426,398,0.9342723004694836,0.4098116180997532,ok,1267.5368018452912,454.2334755419006,-0.8378885238899598
327,-3.9420346404824613,6.3913687241146135,-0.021625878912825473,0.9995657081073164,551,491,0.8911070780399274,0.6205702763168128,ok,1271.3873850837685,447.78659722771533,-0.8162626449771344
328,7.47222795503626,7.802746669313592,-0.1534624557718558,0.999626129962623,507,452,0.8915187376725838,0.5875571157888622,ok,1263.8253965727108,440.07080977884505,-0.6628001892052787
329,5.579601179300425,-0.31006670897136246,-0.14119143191627967,1.0001356030276398,593,545,0.9190556492411467,0.3944709062066025,ok,1258.2488493509684,440.43165845591056,-0.5216087572889989
330,2.0875777441692662,-0.32180470274192885,-0.3546495030676048,1.0000404828293423,551,495,0.8983666061705989,0.37570130255575396,ok,1256.16221820389,440.7595449617321,-0.16695925422139377
331,-0.3095142412535097,-0.14150387410586518,-0.11003558859962007,0.999890998856065,577,533,0.9237435008665511,0.39942793223455725,ok,1256.471872877228,440.9007412619864,-0.05692366562177365
332,-1.7151519700039444,-0.0498279442635976,-0.034742201117937896,0.9999140267214005,624,591,0.9471153846153846,0.34730216848711915,ok,1258.1870440090702,440.9499051993047,-0.02218146450383573
333,-0.9239439252930879,0.3588408223463375,0.08171942674386566,0.9999602314310431,620,595,0.9596774193548387,0.3284527034041889,ok,1259.1103356890555,440.589389476294,-0.1039008912477014
334,-1.1415885548553888,0.5096576265036674,0.15775420652997427,1.0000048611561771,592,563,0.9510135135135135,0.4254384573067153,ok,1260.2495848726478,440.0745238408957,-0.26165509777767565
335,-0.9096560945213241,0.6052475405491577,0.20985399948691316,1.0000602952442503,651,616,0.946236559139785,0.3545050443964972,ok,1261.1542294055766,439.4618109679422,-0.4715090972645889
336,-0.6516983436304145,1.6435488570230063,0.23153855602114176,1.0000327779932632,501,447,0.8922155688622755,0.7062015466165275,ok,1261.785712034142,437.81038937842254,-0.7030476532857306
337,2.2355814759130226,-4.767141900699926,0.09921666286036197,0.9999431283013992,590,524,0.888135593220339,0.6927722286826801,ok,1259.6170977819127,442.60836589586006,-0.8022643161460927
338,6.278155410785303,6.5080608572965275,0.0468019649437338,0.9997721555948158,609,551,0.9047619047619048,0.4812426438077724,ok,1253.2431922706808,436.1940522133113,-0.8490662810898265
339,-4.354508849167587,8.603262554431353,-0.055763999647575606,0.9995807272407156,644,587,0.9114906832298136,0.5600927020836063,ok,1257.4781690343596,427.5313248304912,-0.7933022814422508
340,-2.7028835819344295,0.660189025354498,-0.0749990663053941,0.9997835539097756,655,618,0.9435114503816794,0.4593430008403006,ok,1260.1725638006194,426.83730318079876,-0.7183032151368566
341,-0.562918851617269,0.4298335131084059,-0.08827151579439073,0.9999688742308005,656,634,0.9664634146341463,0.349095481965288,ok,1260.7307222110803,426.40130585130095,-0.630031699342466
342,4.219136482650356,0.1669747505407031,-0.40594716331466524,1.0000859964276665,677,617,0.9113737075332349,0.36213899400574434,ok,1256.5109649576434,426.2508334331655,-0.2240845360278004
343,1.379091603860843,0.4913052650940699,-0.21684981428353353,1.0000580102943868,696,657,0.9439655172413793,0.3690480302259185,ok,1255.1318113278014,425.75970230949144,-0.007234721744266731
344,-0.2657314116343059,0.17236035468499722,-0.0092691200808414,1.000001992306689,733,723,0.9863574351978172,0.21834288439751642,ok,1255.3975488592584,425.5873513902269,0.002034398336574675
345,-0.005254579773236401,-0.00036836517779192945,-0.0001303294858963982,1.0000020875122517,963,962,0.9989615784008308,0.006289244550391246,ok,1255.4028034251107,425.58771995393084,0.002164727822471074
346,-0.7835808202432872,1.0734834472923467,0.1743625447953774,0.9999881098140049,712,686,0.9634831460674157,0.34025553803249475,ok,1256.1831544439399,424.51188636973853,-0.17219781697290648
347,-0.5244747364085924,0.669340739817244,0.33923508106723965,1.0000210381917167,720,664,0.9222222222222223,0.32262267215285606,ok,1256.7016337043224,423.8378907973025,-0.5114328980401465
348,7.537335940872708,1.7855004013536018,0.5963114356540742,0.999732871377482,451,372,0.8248337028824834,0.7245779820431624,ok,1249.1311880979438,422.19844025225126,-1.107744333694221
349,2.112040458435331,4.037355179689484,0.1418773195666811,1.000008301859527,563,524,0.9307282415630551,0.4959818252785032,ok,1246.9316021585707,418.20810524872763,-1.2496216532609021
350,0.8551159537632884,3.389049447146135,0.04149701228256114,0.9999118336677936,553,509,0.9204339963833634,0.5134525800195707,ok,1246.0003400087114,414.8391840181525,-1.2911186655434632
351,-0.916948784295073,1.063104485746294,-0.22873466367207979,0.9999359773798374,595,528,0.8873949579831932,0.313987565768471,ok,1246.8974201108651,413.7592610991653,-1.062384001871383
352,-0.6114672808018895,0.33231291589891043,-0.2083310368688131,0.9999799597855407,668,636,0.9520958083832335,0.2869932428593801,ok,1247.5038661770634,413.4178708849571,-0.8540529650025698
353,-0.45028750354163094,0.559175873011668,-0.22070653972290183,0.9999509344310163,632,556,0.879746835443038,0.3452792819181266,ok,1247.9479451771842,412.853751806698,-0.6333464252796679
354,-1.3459201491943986,0.7490750862716595,-0.48773056691666006,1.0000419512008003,580,516,0.8896551724137931,0.3155760443852991,ok,1249.2919572252308,412.10125851929536,-0.14561585836300725
355,-0.8768399107793812,0.8344340675357671,-0.24932560528753883,0.9999443632042976,617,559,0.9059967585089141,0.3792760312095618,ok,1250.170306088295,411.2684129652138,0.10370974692453185
356,-0.33054786879529274,0.42150157419814605,-0.00458690281146547,1.0000151766844712,621,578,0.9307568438003221,0.3967821927931134,ok,1250.5016500602383,410.84753692304264,0.10829664973599731
357,-0.40312356536105654,1.0267267342879904,0.19289188591450948,1.0000961563647335,508,467,0.9192913385826772,0.5502116748545655,ok,1250.903257260254,409.82021611008,-0.08459523617851224
358,1.7110577629948693,-2.65643013950546,0.19392222489263877,0.9999437211769646,591,537,0.9086294416243654,0.4343556734384815,ok,1249.2051326933356,412.4849323631935,-0.27851746107115105
359,-4.607473097203865,6.017652922702155,0.283862922821911,0.9996490834253986,600,563,0.9383333333333334,0.5956161372377727,ok,1253.7533191880545,406.422345897928,-0.5623803838930623
360,7.5321223205069145,8.003561663492292,0.39266422871639833,0.9996435645841238,593,545,0.9190556492411467,0.512351083022501,ok,1246.088840648881,398.54544075219025,-0.9550446126094608
361,-0.003350726397457038,0.0019266983283614536,-0.00018225812910377105,0.9999951669141369,905,904,0.9988950276243094,0.005669013593924262,ok,1246.092158802087,398.54345848249596,-0.9548623544803568
362,6.897140535027802,0.6795015785580745,0.18143588243350667,1.0000432515999795,615,549,0.8926829268292683,0.47625844662004935,ok,1239.1828995027329,398.00086665664685,-1.1362982369138637
363,-0.002003963536935771,-0.006616802141024891,0.0008173945717656763,1.0000073110795424,867,860,0.9919261822376009,0.03595365850345071,ok,1239.1850343827814,398.00744238684285,-1.1371156314856294
364,-1.0764101630629739,0.481288551438638,-0.13544333249742976,0.9998892648565079,629,606,0.9634340222575517,0.4335783403128891,ok,1240.252866365898,397.5074100231659,-1.0016722989881996
365,-3.2580726394157864,0.02514207280592018,-0.3969618347874118,1.000019550127817,659,594,0.9013657056145675,0.3531313914378875,ok,1243.5104921979278,397.4478836758503,-0.6047104642007876
366,-2.38967806665255,0.5939387956261726,-0.23279484725881963,1.0000115413295183,702,637,0.9074074074074074,0.26353341180550416,ok,1245.8962646001892,396.8384457382398,-0.3719156169419678
367,-0.5235307924201607,0.2961768313373341,-0.062218624114392926,0.9999563151148128,671,651,0.970193740685544,0.2670365828235285,ok,1246.4181868479973,396.53944344180053,-0.3096969928275748
368,-0.2561416318312695,0.47824405156779903,-0.03445620650397051,0.9999803583370286,707,681,0.9632248939179632,0.28759420560159965,ok,1246.6720281166813,396.0599744451697,-0.27524078632360427
369,0.6350656264103236,-0.4309864053387855,0.04312911075619566,1.0000472471897726,473,430,0.9090909090909091,0.4168644150528884,ok,1246.0393671023417,396.4944829863626,-0.3183698970797999
370,6.654902635776807,9.551467885131842,0.1794396294467212,0.9996280016780917,492,423,0.8597560975609756,0.6835385120355453,ok,1239.3017295740121,387.00119544256495,-0.49780952652652133
371,0.9102803247481006,2.0723201323867215,0.11350897603999452,1.0000251388627832,581,542,0.9328743545611016,0.3286273203277099,ok,1238.3693908183875,384.9387053345939,-0.611318502566516
372,-0.24929085718804345,0.7836964497723784,0.20450013807922682,1.0000106137489118,520,475,0.9134615384615384,0.5440653523195416,ok,1238.6074979469024,384.1515388641356,-0.8158186406457428
373,-0.60734460480694,0.18611095911535358,0.09729821673200055,0.9999530538960008,597,561,0.9396984924623115,0.31906413527699806,ok,1239.2117995198646,383.95577276133497,-0.9131168573777435
374,-0.3886569902863357,0.036503857155821606,0.002471878636899343,0.9999619937712579,637,611,0.9591836734693877,0.29430678878607386,ok,1239.599823578969,383.91306307576144,-0.915588736014643
375,-0.7094460774310392,0.3953363875357354,-0.07681895844510916,0.9999674308036832,579,546,0.9430051813471503,0.4055259853411211,ok,1240.3034063984362,383.50738363058025,-0.8387697775695336
376,-0.36570084364689137,0.2589958413666409,-0.08187566796530472,0.9999574743079886,625,597,0.9552,0.3203072309762448,ok,1240.6656540212016,383.24357951254945,-0.756894109604229
377,-0.7685358636319961,0.9520587259742115,-0.19879088286903723,1.000022497737199,659,593,0.8998482549317147,0.31070994033096655,ok,1241.4248798162248,382.28407996405355,-0.5581032267351915
378,-0.31679488305712766,0.504981530418263,-0.0799586803484898,1.0000080471170263,645,608,0.9426356589147287,0.4356668041027352,ok,1241.737449546928,381.77647233266623,-0.47814454638670173
379,1.269162174803796,-2.4904374742798154,-0.11540107820574354,1.000047292899202,421,375,0.8907363420427553,0.44191019357338657,ok,1240.4840798309049,384.2748949939078,-0.3627434681809581
380,8.38321649285831,11.32467594609318,-0.0021323375157713408,0.9995918425483977,500,426,0.852,0.6138373975871518,ok,1232.029754019181,373.0032057185874,-0.36061113066518674
381,0.7703570106045845,2.5249629673464824,0.043936566504785085,0.9999743535236302,582,537,0.9226804123711341,0.36622452136133277,ok,1231.2415883800606,370.48374489619556,-0.4045476971699718
382,-0.8733041619652795,1.611318505382087,0.13946260275689357,0.9999523255399112,541,504,0.9316081330868762,0.42193917275808945,ok,1232.0995543076585,368.86420732263514,-0.5440102999268653
383,-0.5332932997678199,0.6586124713473964,0.10509623357135035,1.000019125341169,593,568,0.9578414839797639,0.30148857256556755,ok,1232.6253520929072,368.1995955412022,-0.6491065334982157
384,-1.6280566783730137,0.4425776833245436,0.39427002765126584,0.9999287677727139,540,486,0.9,0.35540905665531297,ok,1234.245079781161,367.7274453853451,-1.0433765611494814
385,-0.6251113178329888,0.32521204733711784,0.09904103282688193,1.0000138278327315,625,593,0.9488,0.33832575408916277,ok,1234.8635828863644,367.38983474530346,-1.1424175939763632
386,-1.1661096023606206,0.5595373440667117,0.0467096688775933,0.999936956556343,612,576,0.9411764705882353,0.29885986849013474,ok,1236.0178294464722,366.80621798526033,-1.1891272628539562
387,-0.8732558108033572,0.5675495495754603,-0.17711687066844864,1.000054992494865,594,537,0.9040404040404041,0.30675027673480354,ok,1236.880924984979,366.2233335252382,-1.012010392185508
388,-0.3197833360518416,0.21170973314474395,-0.13518103631917708,0.9999140058749956,581,545,0.9380378657487092,0.48100341882317116,ok,1237.197431089325,366.00675495049813,-0.8768293558663309
389,-0.3855542211847478,0.9523748437438826,-0.3953818884662221,0.9999423459898661,478,392,0.8200836820083682,0.4815073961221087,ok,1237.5749691364533,365.0511740154434,-0.48144746740010913
390,6.920980173004182,4.393677452878592,-0.46287585316953567,0.9998521459772995,536,472,0.8805970149253731,0.5995131317237642,ok,1230.6525651788218,360.65974013088805,-0.018571614230573765
391,-0.32398820249659366,4.125662446718707,-0.1542058878707819,0.9997183325495557,604,556,0.9205298013245033,0.4166086709019554,ok,1230.9863189992743,356.53485620925414,0.13563427364020803
392,-4.220317644624856,2.3783828950272436,-0.0206171575209513,0.9998108388096147,631,584,0.9255150554675119,0.3679553019002049,ok,1235.2131070350333,354.16799138048725,0.15625143116115933
393,-1.1451339180212017,-0.032450703731228714,0.10958393751432302,0.9999567356366925,639,617,0.9655712050078247,0.2711988463794746,ok,1236.3582141420652,354.20137478655084,0.04666749364683638
394,2.4026921767108433,0.10923201151899775,0.374860999100314,1.0000439751237444,607,558,0.9192751235584844,0.3951571618576385,ok,1233.9549356983857,354.1059072501039,-0.32819350545347736
395,3.5833341269890298,0.2975427372774675,0.34957207515327005,1.0000480929778806,629,579,0.9205087440381559,0.3194265151368059,ok,1230.3683326554885,353.8507724644905,-0.6777655806067472
396,-0.07751136946103543,-0.0016541566496925952,0.0006508361970675407,1.000028672549855,812,809,0.9963054187192119,0.07864782278675908,ok,1230.4458581772235,353.85150874549595,-0.6784164168038148
397,-0.2846969277113658,1.196561263230933,0.16010160637073995,0.9999983384898994,615,591,0.9609756097560975,0.4217970218643224,ok,1230.7130136874996,352.6509092574724,-0.8385180231745546
398,-0.910589757874277,1.1401752185768146,0.008862709878945118,0.9999506379401637,643,606,0.942457231726283,0.3264086361447903,ok,1231.6066417575012,351.49739198031216,-0.8473807330534996
399,-0.31005634846565044,0.6535810609261716,-0.02575363458068913,0.9999976232815753,660,637,0.9651515151515152,0.23923915412812774,ok,1231.907294131459,350.83943203285423,-0.8216270984728105
400,1.0667824100951293,-1.8412478435016055,-0.14419782379190757,0.9999644350572265,408,364,0.8921568627450981,0.5163426942910505,ok,1230.8623555340685,352.69316385255513,-0.677429274680903
401,4.6681882027753545,4.9442039999258895,-0.07730808713375198,0.9997251501003799,591,531,0.8984771573604061,0.5026812639903836,ok,1226.142638300487,347.79812518831045,-0.6001211875471509
402,3.1116140716517293,7.094276806835069,-0.13314600223158193,0.9996716111233493,572,492,0.8601398601398601,0.4784633806758155,ok,1222.9733080539095,340.72944417053725,-0.466975185315569
403,-0.017902216281981964,1.7511088484482116,-0.05150136294068655,0.9999399266298614,606,558,0.9207920792079208,0.49102787597879227,ok,1222.9785119443409,338.9782515460709,-0.4154738223748824
404,-0.6874750119050077,0.7152813179170607,0.02705816514116353,0.9999230850113561,623,585,0.9390048154093098,0.32321883528825224,ok,1223.6604419301843,338.2576818060996,-0.442531987516046
405,-0.24704595929620154,0.5297642337241086,0.03421612612405767,0.9999346363469692,741,708,0.9554655870445344,0.19729001203618443,ok,1223.903071313043,337.7258803093816,-0.4767481136401036
406,-0.6688689397342387,0.7413775427544351,0.10918919743783291,0.9999885372092071,617,581,0.9416531604538088,0.35512622067085997,ok,1224.5643236857968,336.97770144108193,-0.5859373110779366
407,-0.7057810473190784,0.7669128102943432,0.2674713838329289,0.999963178833135,598,544,0.9096989966555183,0.3923390893335356,ok,1225.258603859993,336.2003616279587,-0.8534086949108655
408,-0.41243934927433656,0.3797754370059465,0.16092157701226872,0.99995756133679,678,647,0.9542772861356932,0.30331250294844103,ok,1225.6642556131455,335.8133445035996,-1.0143302719231342
409,-0.4643965711186411,0.8368663859972685,0.17808957294878916,0.9999959073029847,653,627,0.9601837672281777,0.35205655592871654,ok,1226.1111363019759,334.9669951825569,-1.1924198448719232
410,-0.17208228312665597,0.3371448637726644,0.01914114617273065,1.0000052253300369,702,673,0.9586894586894587,0.24621422220314917,ok,1226.2760514715078,334.6262871577137,-1.2115609910446539
411,2.074783456358773,-3.1522101737500634,-0.13938017545048342,1.0000327772249649,473,422,0.8921775898520085,0.5222097221878976,ok,1224.2606154134935,337.8167687618497,-1.0721808155941706
412,5.148870568467828,11.24970139864729,-0.33142426071630526,0.999488779175409,513,453,0.8830409356725146,0.6335143028471737,ok,1218.9667358581037,326.63457358636714,-0.7407565548778653
413,-1.786335251657647,2.676260041355931,-0.13272554428033784,0.999863669986117,578,530,0.916955017301038,0.3193528625462627,ok,1220.724570202895,323.93950775107743,-0.6080310105975274
414,-4.602242420938865,2.3109946108695567,-0.13589149964597963,0.9997719732895912,545,497,0.9119266055045872,0.4734600153920113,ok,1225.3076130903205,321.5906677640683,-0.47213951095154777
415,1.3101001086185988,0.5025190977552256,-0.05841785367187693,1.00009511724416,612,587,0.9591503267973857,0.31367314514992745,ok,1223.9939185749458,321.0976216622826,-0.4137216572796708
416,1.8961924449949947,0.27536910039111717,0.0016721529028290369,1.0001006106351487,650,616,0.9476923076923077,0.2997873826156484,ok,1222.0957795582517,320.83600705410913,-0.4153938101824998
417,1.821723066626646,0.30553812892458154,0.0624970640516673,1.000176617115599,549,515,0.9380692167577414,0.44520983537991765,ok,1220.2715714649923,320.5456739485332,-0.47789087423416704
418,-0.29178278740710084,0.34092959400527434,0.1156170452760145,1.0000315679956369,604,577,0.9552980132450332,0.3109150374301,ok,1220.559807085012,320.201740218801,-0.5935079195101817
419,-0.27567273772979206,0.2891512494722974,0.1002033071741079,1.000031790188709,613,590,0.9624796084828712,0.2814397413357197,ok,1220.8319587909705,319.90927252427264,-0.6937112266842895
420,-0.6786020798990648,0.7276399589939047,0.3757987259572824,1.0000150364379092,563,504,0.8952042628774423,0.36659336851109825,ok,1221.4968609684831,319.16909296017553,-1.0695099526415721
421,-0.10769636946815808,0.42011930322996704,0.1029905285947222,1.0000285747551774,498,462,0.927710843373494,0.42221619978803393,ok,1221.5959380696572,318.7468578775901,-1.1725004812362945
422,6.543132780516771,4.369328955925084,0.0429901133796902,0.9995559131051198,389,326,0.8380462724935732,0.5958342641244363,ok,1214.9615922336436,314.51730974135586,-1.2154905946159846
423,-0.44729747386804775,4.038744608713955,-0.0752862518900322,0.9998030915971564,569,493,0.8664323374340949,0.3732698944979512,ok,1215.3284341354088,310.4704640482691,-1.1402043427259525
424,-5.091780904773032,3.322746416777136,-0.3379044837106632,0.9998545862794086,509,461,0.9056974459724951,0.46788536193519925,ok,1220.3731897089688,307.07674665646255,-0.8022998590152886
425,-1.288311478842843,0.519044035902084,-0.17720355841169824,0.9999446826088567,620,556,0.896774193548387,0.2889445607387177,ok,1221.6557618639279,306.54367832590117,-0.6250963006035901
426,2.7744113930211824,0.5461376839598415,-0.20216275674066822,1.0001944431990657,572,533,0.9318181818181818,0.5609580767686714,ok,1218.8773947323466,306.0180348823829,-0.4229335438629215
427,2.018510118761924,0.13676552100207573,-0.06884184605170415,1.0000275190663397,589,560,0.9507640067911715,0.40426615110694775,ok,1216.8580779455945,305.89374641944,-0.35409169781121724
428,0.887016102262578,0.4901165155773697,-0.03048229168291999,1.0000491366868807,593,562,0.9477234401349073,0.32244408011794035,ok,1215.9683078037217,305.4086476056435,-0.32360940612829725
429,-0.6864635732949864,0.6194452466882012,0.07124336636684755,0.9999611014130233,572,542,0.9475524475524476,0.39032799045453737,ok,1216.650486214821,304.78448635521585,-0.39485277249514494
430,-0.5255528914201477,0.586611265802162,0.07529252204737356,1.00001109321221,621,597,0.961352657004831,0.3241071059349565,ok,1217.171207979562,304.19358241837733,-0.47014529454251863
431,-0.008456749153538112,-0.006340320690696899,0.0009177474456709753,1.0000183408868053,818,812,0.9926650366748166,0.0203959572070019,ok,1217.1797165699015,304.1998529975484,-0.4710630419881896
432,-0.5530656174200885,0.5577711070228588,0.11570490819725605,1.000003925935161,611,590,0.9656301145662848,0.2907972522508754,ok,1217.7270411328736,303.6364472753828,-0.5867679501854459
433,-2.697377124828108,4.79794204645043,0.6763097173728052,0.9996474573734161,467,405,0.867237687366167,0.5937523020817249,ok,1220.3180014407415,298.78021252841114,-1.2630776675582518
434,1.6089306851190486,6.310168437330731,0.0614915435507482,0.9997075257761282,553,490,0.8860759493670886,0.4500799203477735,ok,1218.5636346072258,292.50892233655577,-1.324569211109
435,9.331418425621223,4.467455734038822,-0.21220950090265528,0.9997956835190454,533,460,0.8630393996247655,0.5393673326286688,ok,1209.1472474559814,288.2234604492552,-1.1123597102063447
436,1.154079897467227,0.031684762407167,-0.199195424281087,1.000080258668938,627,602,0.960127591706539,0.3624742248560099,ok,1207.992809168321,288.21017233841303,-0.9131642859252572
437,-0.4206088389753404,0.2262497592876116,-0.49749234993586894,1.0000717456416928,535,458,0.8560747663551402,0.3666017109517591,ok,1208.4117655461573,287.9808771084754,-0.4156719359893875
438,-0.015162798324126925,0.011805301882077401,0.0012388655733441257,0.999995953546225,713,702,0.9845722300140253,0.1491936355173721,ok,1208.4268420429494,287.96896178850386,-0.41691080156273164
439,-1.7363223164070405,0.42181075906933074,-0.3736295215990976,1.000015682089952,575,504,0.8765217391304347,0.2972686765496373,ok,1210.1628452277862,287.5458395305724,-0.043281279963633366
440,-2.2691349623923998,-0.07486338371609236,-0.052513001506774196,0.9998128609113757,571,531,0.9299474605954466,0.4713853603869132,ok,1212.4319680984408,287.62106852527285,0.009231721543140914
441,-0.6539629276896903,0.23694062824222328,0.09747959786079274,0.9999890587223559,594,568,0.9562289562289562,0.3178486765163626,ok,1213.085565310842,287.38312093430744,-0.08824787631765202
442,-0.2877413159749267,0.371195003498201,0.14264913009539873,1.0000113154034749,592,568,0.9594594594594594,0.28375812780989634,ok,1213.3718084108127,287.01076937561567,-0.23089700641305103
443,-0.38881504710866466,0.4889419543603708,0.2668255228042492,1.0000088446533772,479,426,0.8893528183716075,0.3417311921584445,ok,1213.7563614526719,286.51846831570543,-0.4977225292173006
444,5.809790878171725,3.197145002413322,0.5111078518537839,0.9997848059124854,524,461,0.8797709923664122,0.45981532049346213,ok,1207.8911805898567,283.4241089860525,-1.008830381071085
445,1.6545720073170287,4.59828542037485,0.17503014160155245,1.0000283867411144,538,514,0.9553903345724907,0.47922356286267054,ok,1206.141957535511,278.8609898729047,-1.1838605226726375
446,0.2285825584142458,3.1493997656164083,0.08937274412041737,0.9999497024389704,583,560,0.9605488850771869,0.40769167795445677,ok,1205.843450857971,275.7174468664963,-1.2732332667930553
447,-0.44311290711812035,0.3140957666341819,-0.10325706222963955,0.999935632803669,609,591,0.9704433497536946,0.2900225776090346,ok,1206.2800580150329,275.39436887362973,-1.1699762045634152
448,-0.3647112825808563,0.43160364379036764,-0.15315191281465557,0.999942432672105,577,553,0.9584055459272097,0.440946063162453,ok,1206.6370526271899,274.95636102910436,-1.0168242917487593
449,-1.0819303393889186,0.857943644510442,-0.43987060285098395,1.000000196879539,534,478,0.8951310861423221,0.38459143720684896,ok,1207.7102889886178,274.0875663071161,-0.5769536888977752
450,-0.4371166584828643,0.41408116015577434,-0.15174573008027945,0.9999484327618857,574,558,0.9721254355400697,0.38917535354051985,ok,1208.1443206264094,273.6702526148947,-0.4252079588174957
451,-0.5239806763877368,0.27014873276652906,-0.13592732846242273,0.9999367305575938,579,552,0.9533678756476683,0.41117672718503123,ok,1208.6669306763179,273.39746181083814,-0.28928063035507284
452,-0.741096203809775,0.9020992869545807,-0.08130433718399471,0.9999148015460932,571,552,0.9667250437828371,0.3967502317191457,ok,1209.4047475008806,272.4926783891192,-0.20797629317107805
453,0.9927082869623973,-2.33933167125042,0.17905795955065512,0.9999870907877857,555,499,0.8990990990990991,0.2746421945954596,ok,1208.4278639794254,274.83866240369133,-0.38703425272173336
454,8.154400079126617,5.600157419064544,0.1546448149357868,0.9997013189403653,538,478,0.8884758364312267,0.504251682781862,ok,1200.2208847508625,269.3158464814733,-0.5416790676575204
455,-0.8595451290862002,5.046443196672385,0.17706913567882437,0.999877510673597,560,541,0.9660714285714286,0.45103214660305907,ok,1201.0170586890433,264.2590180459478,-0.7187482033363449
456,-5.224108716710134,2.8909454858070376,0.358690413077073,0.9998334637481484,597,548,0.9179229480737019,0.3601785788253936,ok,1206.1858831558334,261.27035089863455,-1.0774386164134184
457,-4.407139970578555,0.5894372762622879,0.2636782577461001,0.9999611874026382,544,490,0.9007352941176471,0.36772820040206844,ok,1210.5780202399644,260.5779269987561,-1.3411168741595187
458,2.5284931688472625,0.7468229152041204,0.13397211519924232,1.0002532391492636,546,515,0.9432234432234432,0.41219475983734843,ok,1208.0311400329738,259.8964408412876,-1.475088989358761
459,2.832167648351515,0.3743497530111881,-0.09948195938263237,1.0001936538838114,549,526,0.9581056466302368,0.3363298677484686,ok,1205.1908017610206,259.5901895934117,-1.375607029976129
460,0.9687391758347985,0.30490574117902725,-0.2174545715144774,1.0000361477926119,569,514,0.9033391915641477,0.23579271185593595,ok,1204.2160976713626,259.30492648783184,-1.1581524584616512
461,-0.8439907100007531,0.8621654432869263,-0.5501971139120005,1.0000508637844785,531,480,0.903954802259887,0.3322219506546234,ok,1205.0508927567503,258.4338543119597,-0.6079553445496498
462,-1.1835162127963486,1.1340633303271943,-0.40224846848855245,0.9999571369493767,539,492,0.9128014842300557,0.2562951143712276,ok,1206.2303297657504,257.29554916616377,-0.20570687606109692
463,-0.23138502214146683,0.5124171522027154,-0.11622732118369672,0.9999576902316574,580,552,0.9517241379310345,0.32083633625782826,ok,1206.4609142576003,256.78277128202575,-0.0894795548774
464,-0.1895684259668542,0.5462594911939505,-0.052837776475631745,1.0000003876872112,568,549,0.9665492957746479,0.31144602237882146,ok,1206.6501333011324,256.23639066980763,-0.036641778401768195
465,1.1061763204954786,-3.961521790335155,0.008060957055325248,0.9998271099399918,354,293,0.827683615819209,0.5373426168071324,ok,1205.5470481355962,260.19877430404836,-0.044702735457093454
466,6.386054078543566,12.362525675835968,0.3384945774345365,0.9992131655830513,457,386,0.8446389496717724,0.7833596109249271,ok,1199.0784562481322,247.87923507673855,-0.3831973128916302
467,0.6520159799986232,2.910186680630545,0.2601649464778827,0.9999219544518784,530,483,0.9113207547169812,0.37004119961921084,ok,1198.3938041851002,244.97655305714352,-0.6433622593695131
468,-0.9039865970989922,1.401108661411513,0.23281931591889257,0.9999421370016269,501,464,0.9261477045908184,0.49124442241655736,ok,1199.2762598107497,243.56178476601696,-0.8761815752884058
469,-0.4932015684837552,0.18028044239190422,0.052889058811637746,1.0000777728215795,574,554,0.9651567944250871,0.24632436220099452,ok,1199.7664733592674,243.37353094291296,-0.9290706341000436
470,-1.0207103985239883,0.32676080774194816,0.016410136447093014,0.999915816811526,509,484,0.9508840864440079,0.3802898008262133,ok,1200.7816529059792,243.0299718780214,-0.9454807705471366
471,-0.44798364303028393,0.08733166523325053,-0.028626415807082004,1.000097650622006,532,492,0.924812030075188,0.392331068046335,ok,1201.2281817602995,242.9354830086545,-0.9168543547400545
472,-0.9431642939534868,0.25681524256242483,-0.13273760018154362,0.9999197688002656,543,517,0.9521178637200737,0.4743701762904477,ok,1202.1677432181689,242.66578461954708,-0.7841167545585107
473,-0.009179580960108069,-0.000644605763909567,8.679269043524022e-05,1.0000002243726889,756,755,0.9986772486772487,0.009202999853259643,ok,1202.176930761728,242.66630352853917,-0.7842035472489461
474,-0.2865924155250923,0.197993593621959,-0.11790376292517572,0.9999442381595989,528,499,0.9450757575757576,0.4106779058063022,ok,1202.461201358226,242.46499057883472,-0.6662997843237702
475,0.5008282455764856,-1.6036452869814184,-0.4511842361371599,1.0000066907149845,417,354,0.8489208633093526,0.5537044270384882,ok,1201.966397473836,244.0705049057771,-0.21511554818661002
476,3.1044244906297536e-05,4.769444842622761e-05,-0.0004479509517893655,0.9999909654315329,707,706,0.9985855728429985,0.0066386809592063065,ok,1201.9663662511148,244.07045732797536,-0.21466759723482065
477,7.0502253008755815,11.738990471228135,-0.06564838474012939,0.999544837572154,480,422,0.8791666666666667,0.703262697239545,ok,1194.8856331729817,232.34984330169988,-0.14901921249469122
478,0.36655542324501766,1.5050831606308748,0.13419261924581902,0.9999865667451516,561,536,0.9554367201426025,0.2806427752648786,ok,1194.5116426636819,230.84659039627167,-0.2832118317405103
479,-0.7717852640109868,0.12496966554772371,0.42321610293049494,1.0000005513550771,490,442,0.9020408163265307,0.3850667299109509,ok,1195.2818284927973,230.71211474910285,-0.7064279346710055
480,-0.6744594019655779,0.03813645495574747,0.29927420999870297,0.999974726570517,537,485,0.9031657355679702,0.31849920267889203,ok,1195.955514628815,230.6621461166062,-1.0057021446697088
481,-1.3156279262730095,0.13739338435595982,0.39213074437874473,1.0000051420043352,530,479,0.9037735849056604,0.29255087105350386,ok,1197.2673994170118,230.4926997092897,-1.397832889048454
482,-0.5074310529291779,0.3473764493894578,0.05079587757278323,0.9999477710587376,574,561,0.9773519163763066,0.27623025155577013,ok,1197.7658863898641,230.1326060978999,-1.4486287666212372
483,-0.005564404389133415,-0.0009565140583163156,1.4574659328161852e-05,1.000000017274629,760,759,0.9986842105263158,0.005630010735473794,ok,1197.7714731973354,230.13342163308016,-1.4486433412805655
484,-1.6027800894648863,1.9824569813146127,-0.35628518578986795,0.9999492938327378,537,476,0.8864059590316573,0.2985202461631699,ok,1199.3361682622585,228.12076938995568,-1.0923581554906976
485,-0.3929818611486553,0.9669291698622828,-0.27620288694719874,1.0000111345154903,521,457,0.8771593090211133,0.2636250994997405,ok,1199.7153372041764,227.14834063873155,-0.8161552685434986
486,0.70416887692204,-4.9075776507384035,-0.18817590662159106,1.0000232361025025,486,451,0.9279835390946503,0.47185093101928566,ok,1199.0649981053677,232.06334127574218,-0.6279793619219075
487,6.668512472439943,5.803504738164293,-0.07565272432147019,0.9997648570781766,513,456,0.8888888888888888,0.40822699183267364,ok,1192.3408510309055,226.32438910988577,-0.5523266376004373
488,-0.48766255042733064,5.233828715041113,-0.04308402721928993,0.9998076509724954,488,436,0.8934426229508197,0.3570843584054374,ok,1192.7819768707213,221.08643285053,-0.5092426103811473
489,-0.01713333349198365,0.006490001299994219,-0.0005480149950935749,0.9999927844598532,620,612,0.9870967741935484,0.11511863746096668,ok,1192.7990519089008,221.07979099050453,-0.5086945953860537
490,-6.405403353623569,4.006957169624343,0.02300523342399637,0.9998773731760473,510,455,0.8921568627450981,0.4133344684415662,ok,1199.1669957793408,217.0135656223356,-0.53169982881005
491,3.8826860870976816,1.2703581583050436,0.17467458503247413,1.0000830591338303,488,437,0.8954918032786885,0.3546793772629747,ok,1195.2689434706738,215.79117071879176,-0.7063744138425241
492,1.6361038667168941,0.7875957087785537,0.10250831969352535,1.0001297244759617,526,501,0.9524714828897338,0.38015937046926257,ok,1193.6218840014,215.0267506982214,-0.8088827335360496
493,-0.09688191093118803,0.5772285315656518,0.10839888964944432,1.0000808600492281,546,521,0.9542124542124543,0.282415704925102,ok,1193.709512702661,214.44804516599055,-0.9172816231854938
494,-0.6749585495024348,0.6500342196578686,0.057886968996622976,0.9999320123257526,527,507,0.9620493358633776,0.2731642555306326,ok,1194.3733105094764,213.78661791984774,-0.9751685921821168
495,-0.7039830473690927,0.5924811898164535,0.018147355020619624,0.999932989940368,516,493,0.9554263565891473,0.30380582135652284,ok,1195.0669166504347,213.18202168061492,-0.9933159472027363
496,-0.6212729325325199,0.6369560368316343,-0.01902979938629616,0.9999857467083573,512,492,0.9609375,0.29793943122586114,ok,1195.6772691659626,212.53459380328638,-0.9742861478164402
497,0.10775421052017009,-1.5950538942990988,-0.20896949513745353,0.9998728036573316,353,319,0.9036827195467422,0.5662576494374465,ok,1195.5908295404274,214.13094466908655,-0.7653166526789867
498,0.0046607216220309056,-0.012031609436007784,-0.0001727367351661696,1.0000207530539207,777,770,0.990990990990991,0.014777881010046828,ok,1195.5863299031012,214.1430374444334,-0.7651439159438205
499,8.150579134038253,5.720990284982349,-0.2869001184266354,0.9997836176536573,511,449,0.8786692759295499,0.5100742750515525,ok,1187.3882825532032,208.49027796698255,-0.47824379751718515
500,-1.657651601816724,5.485990286463448,-0.2655063600019729,0.9995905869887106,444,382,0.8603603603603603,0.604556400622808,ok,1189.0255534651596,202.998170701366,-0.2127374375152124
501,-5.681741363824813,2.1655520657682246,-0.1536717973108823,0.9997559891511845,509,448,0.8801571709233792,0.4196293751173731,ok,1194.7050593645458,200.8267625375721,-0.05906564020433021
502,-0.0009664128435815655,0.0014592219336009293,0.0003856887710193727,1.0000013852169232,781,781,1.0,0.005110317485638157,ok,1194.7060242627497,200.82530231365354,-0.05945132897534956
503,-0.004709175384732589,0.0014852548401904642,-0.0005102845054740502,0.9999880026289067,769,767,0.9973992197659298,0.011195296655671877,ok,1194.7107319077386,200.82381221519938,-0.058941044469875525
504,1.5885445391011217,0.45441255805394576,0.3032292950138509,1.0000311848990102,507,441,0.8698224852071006,0.3419382621148999,ok,1193.1193467522323,200.3794499615616,-0.36217033948372623
505,2.4524158926185464,0.3759105311451094,0.3320751917242958,1.0000498382965939,520,457,0.8788461538461538,0.3550412045163824,ok,1190.6625561397711,200.03328190365244,-0.6942455312080217
506,-0.208568716784157,1.1946411852724168,0.13480211128355568,1.000038461602052,493,467,0.947261663286004,0.38892301477770164,ok,1190.8538176328886,198.83574797410347,-0.8290476424915773
507,-0.01509691031606053,0.0011681483871370801,0.00018964973494134326,0.999997125638411,712,710,0.9971910112359551,0.014816353581093848,ok,1190.8688960561626,198.8343614592946,-0.8292372922265187
508,-1.9882143119186821,0.8010997529445376,0.12305430714311794,0.999932520493044,380,351,0.9236842105263158,0.4722372066102878,ok,1192.8435215924924,198.00032851296635,-0.9522915993696363
509,-0.0051887760541831085,-0.0029956702710478567,0.00017717994361229178,0.9999817671064031,652,650,0.9969325153374233,0.007080675766639797,ok,1192.8487594484882,198.00323751655543,-0.9524687793132486
510,1.1294006597120188,-3.8998862934437284,-0.04677969725510979,1.0001897693688528,406,378,0.9310344827586207,0.5242697905271796,ok,1191.781143822805,201.92048857153583,-0.9056890820581389
511,8.81930880411528,9.332930130286968,-0.15468552778470626,0.9996709517970214,478,419,0.8765690376569037,0.5203972782984888,ok,1182.8402648774193,192.70395580247754,-0.7510035542734327
512,-8.187247841653061,8.012523737913398,-0.39167673820844945,0.9995207665831991,435,375,0.8620689655172413,0.6735808648171537,ok,1190.9771020129729,184.64024416944198,-0.3593268160649835
513,-4.032752094915622,1.143288023624791,-0.19842914594697988,0.999885529993697,486,416,0.8559670781893004,0.35929243207884376,ok,1195.0066276363846,183.48563591800814,-0.1608976701180037
514,-0.0024824290640026447,0.002874983812944265,2.1158820031214322e-05,0.9999979220630179,724,724,1.0,0.0038306310557103605,ok,1195.009101981094,183.4827539734839,-0.16091882893803494
515,4.708017462142834,0.39551548131885284,0.03355613669467823,1.0001272999330302,469,413,0.8805970149253731,0.4292224538753761,ok,1190.2997691716316,183.10322082667813,-0.1944749656327131
516,1.9550388694281082,-0.0534438794579728,0.28973329524824526,0.9999179177253925,450,391,0.8688888888888889,0.40367685827913974,ok,1188.345251766478,183.173184690046,-0.484208260880958
517,-0.7608636463005496,0.5271371947667376,0.2514203268581905,0.9999721502328911,483,437,0.9047619047619048,0.3128035075431566,ok,1189.0992848991214,182.63632237506738,-0.7356285877391482
518,-1.4125547097282833,0.47786515168718324,0.1118991007389453,0.9998499930384782,454,418,0.920704845814978,0.5306342290532836,ok,1190.504616678181,182.13761554541952,-0.8475276884780932
519,1.605220326423705,-4.694232293540836,0.045922825328902246,1.0000480033286812,512,446,0.87109375,0.4115571409485947,ok,1188.9727887758434,186.8563073556254,-0.8934505138069956
520,-3.5738189717653768,6.4917847031724705,-0.0194933195016171,0.9996400267088782,501,440,0.8782435129740519,0.5219865735177731,ok,1192.4471738531654,180.31076696465857,-0.8739571943053784
521,5.195781902658609,5.424591009122423,-0.12088130569433268,0.9998412351941458,528,464,0.8787878787878788,0.4629464726647546,ok,1187.1805438511228,174.95493410525864,-0.7530758886110459
522,4.873243365006374,1.0616267930870436,-0.20786031540742805,0.9999467994014809,552,498,0.9021739130434783,0.34434920848403655,ok,1182.2974190388722,173.93972752019306,-0.545215573203618
523,1.4523400173773098,0.7438268222282431,-0.32711965949057303,0.9999970398103541,495,441,0.8909090909090909,0.3680528081086175,ok,1180.8422581793884,173.20143439373976,-0.2180959137130454
524,-0.7348870046719185,0.487521324516365,-0.24924451311235624,0.9999591947443082,488,434,0.889344262295082,0.31540840858818203,ok,1181.5774101142804,172.7143126593461,0.031148599399310507
525,-1.361027505699667,0.5266770402556631,-0.050206081986220785,0.999904701393,502,485,0.9661354581673307,0.31564617647563054,ok,1182.9391840801645,172.18956868192072,0.08135468138553122
526,0.02398220243912874,0.0006433877576910163,0.0007251827082569558,1.0000224475261488,716,715,0.9986033519553073,0.028187224945557116,ok,1182.9152028068795,172.18889154585145,0.08062949867727426
527,-1.5707053660714791,1.048224443349227,0.12823435641154704,0.9999667517886263,513,489,0.9532163742690059,0.33230165683514795,ok,1184.4850367015572,171.1393624258352,-0.04760485773427251
528,-2.4880914155201026,0.8617016668479209,0.4633916416387405,0.9999774381862847,442,390,0.8823529411764706,0.3669210512396094,ok,1186.9653441192547,170.25550510231062,-0.5109964993730121
529,0.707927203012332,-3.0084342481528665,0.2704331923685432,1.0000862780293804,458,410,0.8951965065502183,0.41860808805993527,ok,1186.2985120773794,173.27331433719473,-0.7814296917415545
530,4.941669009049974,8.208333167625597,0.07864714647796864,0.9996450422124947,453,403,0.8896247240618101,0.4636667442585569,ok,1181.234187745256,165.1400834266151,-0.860076838219523
531,2.2073965867864445,8.0849549693462,0.045442922181352846,0.99967474304373,472,425,0.9004237288135594,0.37559875983404795,ok,1178.899295085198,157.09102305824172,-0.9055197604008758
532,-0.0014039518059689726,-0.02013747276396316,-0.0015332463609320029,0.9999896587374563,663,663,1.0,0.018753313424054046,ok,1178.9010165688862,157.1111358746507,-0.9039865140399437
533,-0.7739320453131313,1.2317235085072298,-0.02006938029570942,0.9998747492296646,483,453,0.937888198757764,0.40405876851730105,ok,1179.65585514756,155.8676197580212,-0.8839171337442341
534,-1.1435648174756352,-0.13283496121744065,-0.0795117379836806,0.999885663225205,510,496,0.9725490196078431,0.31741890374192794,ok,1180.8011721420723,155.9843870512634,-0.8044053957605536
535,-1.1544699203841446,-0.4958637588013062,-0.12574436370262174,0.9998536378167557,487,477,0.9794661190965093,0.35604343450388604,ok,1181.9614343809787,156.4665417995883,-0.678661032057932
536,-0.9744923270702657,-0.2736731105794661,-0.1079559065080664,0.9999907012249276,510,479,0.9392156862745098,0.3716081549046017,ok,1182.9386042923759,156.73049488487618,-0.5707051255498659
537,-0.911658621623701,-0.08983136742426723,-0.06149422886992469,0.9999198745654194,488,468,0.9590163934426229,0.3101230845297752,ok,1183.851025267493,156.81222053030115,-0.5092108966799412
538,-0.6561552655630294,0.08766715865681363,0.010316199991797316,0.9999711404117392,517,498,0.9632495164410058,0.29038284319437835,ok,1184.5063586516706,156.71860739652448,-0.5195270966717386
539,-0.6003250720671076,0.24883754123766266,0.08529479556810803,1.0000365511712617,497,481,0.9678068410462777,0.34860858079539586,ok,1185.1040235628523,156.46344672552777,-0.6048218922398465
540,1.6435310198992283,-4.39408072105914,0.13412156026241695,1.000106635662882,469,415,0.8848614072494669,0.3213392030120104,ok,1183.5172980988734,160.87835803817234,-0.7389434525022633
541,-1.696397663588641,13.123140440759471,0.44949601153665936,0.9994615506620571,422,385,0.9123222748815166,0.6152558185047918,ok,1184.941147804035,147.7228560683485,-1.1884394640389222
542,5.653864859766827,2.1007199648099686,0.059119537523694,1.0000188490491282,479,422,0.8810020876826722,0.38303908982727186,ok,1179.2428856736449,145.7457316624441,-1.2475590015626161
543,3.9067967142568705,-0.4120324897131695,-0.0364823839756206,1.0002989911870062,555,537,0.9675675675675676,0.2661048222992509,ok,1175.3456702700678,146.2402449961636,-1.2110766175869954
544,-0.6794861048720122,0.07504155812966928,-0.2503868354611183,0.999971455895318,466,420,0.9012875536480687,0.33111630937720815,ok,1176.0238026843176,146.15382144089915,-0.9606897821258774
545,-2.7760622666469317,-0.17259014916692195,-0.47674127519529413,0.9999836938794757,465,421,0.9053763440860215,0.32430546994577186,ok,1178.8012236893394,146.3029577166826,-0.4839485069305838
546,-1.526461496495358,0.03580532494652289,-0.2417901886486879,1.0000198780956944,456,421,0.9232456140350878,0.2581428172178983,ok,1180.3275202229697,146.2607012023343,-0.24215831828189616
547,-2.2761637561018233,0.4928656038068766,-0.2440625290875704,0.9999747012341145,456,417,0.9144736842105263,0.30009838910311903,ok,1182.6037003580784,145.76791124652914,0.0019042108056740697
548,-0.5350615312408991,0.4108619902669943,0.002431226642396601,1.0000120366163554,470,455,0.9680851063829787,0.3083233092339353,ok,1183.1387581101221,145.35704433469698,-0.0005270158367225289
549,7.9328606089566165,1.066991542558526,0.2155362135365654,0.9998662582516217,446,404,0.905829596412556,0.4796759059843534,ok,1175.2019302746244,144.31997524215979,-0.21606322937328776
550,-0.49732010266325233,3.9401206532324977,0.19526608876378707,0.9998898146784875,472,454,0.961864406779661,0.3092858122665082,ok,1175.6709514779154,140.3763858673127,-0.4113293181370747
551,-5.793276463822622,3.1852883543784856,0.4744009978980712,0.9998773859395076,424,373,0.8797169811320755,0.4978924706885376,ok,1181.414296597263,137.10192393794398,-0.8857303160351455
552,-1.9845782769746165,0.2513168830100767,0.18371395154077974,0.9998892659852306,531,513,0.9661016949152542,0.3746611249298998,ok,1183.393838537808,136.81361018740722,-1.069444267575925
553,2.0097388482863607,0.0901553634296306,0.20785689980531907,0.9999859066815918,501,451,0.9001996007984032,0.3197715452662959,ok,1181.382589394609,136.76827684593923,-1.277301167381244
554,1.8306407249169752,0.5465271941772016,0.025354908574090923,1.000158372824423,506,493,0.974308300395257,0.3122248214997072,ok,1179.5399972131058,136.26350809654684,-1.302656075955335
555,1.4583661726398987,0.4074211141401065,-0.13285775271233005,1.000054139061141,508,489,0.9625984251968503,0.34498646062910115,ok,1178.0736173170412,135.88594504463958,-1.169798323243005
556,-1.336676491789376,0.7352177939250168,-0.3586035539337914,0.9999877465379914,504,448,0.8888888888888888,0.27153314343535867,ok,1179.3997509628032,135.1318768767759,-0.8111947693092139
557,-1.0826769236603013,0.9908859624440538,-0.3098478562716198,0.9999928976732896,509,461,0.9056974459724951,0.3525191794883451,ok,1180.4737161445892,134.1315553785032,-0.5013469130375943
558,-0.39297538807227284,0.45601731170552284,-0.12810380983982222,0.9998379124567176,526,503,0.9562737642585551,0.3615879731808553,ok,1180.8637125722973,133.672987792884,-0.3732431031977721
559,1.032374014694824,-3.359040418893983,-0.16862465156339063,1.0000584917921802,354,320,0.903954802259887,0.47644784681431396,ok,1179.8433411413173,137.03569366536522,-0.20461845163438158
560,-2.4104593710787867,10.894598229095209,0.051698487531454465,0.9992412345472045,429,368,0.8578088578088578,0.7276911040082701,ok,1182.2050387578845,126.13042111852235,-0.25631693916583603
561,2.158810268858815,2.564669749811628,0.08091618818804511,1.0001830538226442,464,447,0.9633620689655172,0.4101212103819475,ok,1180.0311707637818,123.57850210594654,-0.3372331273538811
562,5.756755226972928,1.7194133375686533,0.25631090717654054,0.9999580091339101,488,440,0.9016393442622951,0.39643913501135675,ok,1174.2569128312964,121.91881590132334,-0.5935440345304218
563,1.5360264501009624,0.19246317990427997,0.1619478423658364,1.0001931925816607,519,504,0.9710982658959537,0.3916430957831959,ok,1172.7184821990995,121.74662263506241,-0.7554918768962581
564,-0.5660685716136413,-0.055032777915357656,0.16663672318061415,1.0000009788887037,497,467,0.9396378269617707,0.47472210381150554,ok,1173.2853631292173,121.7925382694632,-0.9221286000768723
565,-1.6917327280182235,-0.18021673519001524,0.08117677196808741,0.9999821103286571,551,525,0.9528130671506352,0.34828008103118846,ok,1174.979992102814,121.94310498735933,-1.0033053720449598
566,-1.5686091863019556,0.06646491808271549,-0.018953399439211715,0.999808382858147,575,559,0.9721739130434782,0.31802635818854186,ok,1176.5472279772187,121.84970221081812,-0.9843519726057478
567,-1.5614902581967272,0.24538355893128028,-0.09823128121070286,0.9998575513237601,525,501,0.9542857142857143,0.4448706884960856,ok,1178.1047366107766,121.58019938369159,-0.886120691395045
568,-0.4776597649110954,0.17817164007863084,-0.060757825783077334,0.9999920358740367,513,492,0.9590643274853801,0.28902214724618824,ok,1178.5797802892455,121.39516563571613,-0.8253628656119677
569,-0.6008228209213939,0.7880177463753171,-0.19808309410131,0.9999764667791216,416,357,0.8581730769230769,0.4221522703025543,ok,1179.1719399803123,120.60061737977583,-0.6272797715106577
570,5.2417386096310565,1.39161380855694,-0.2506465584838361,0.9999608456938128,441,380,0.8616780045351474,0.5666902273048733,ok,1173.921166926971,119.24348990375609,-0.3766332130268216
571,1.5340889366489137,3.7536129873321897,-0.06455993855405359,0.9997865383292591,480,426,0.8875,0.3986490843240107,ok,1172.3666560200295,115.49828828509544,-0.31207327447276795
572,1.2011206830006813,4.053679556702946,-0.022256016273952045,0.9997413953265555,481,436,0.9064449064449065,0.29902907377462284,ok,1171.1450462034184,111.45073614836849,-0.28981725819881593
573,-0.5709416888876149,0.5472313718014448,0.14117898623148598,0.99995853763818,495,471,0.9515151515151515,0.38489571219571295,ok,1171.711855337342,110.8992255028736,-0.4309962444303019
574,-0.3016898676380606,0.2089974392968088,0.10933119186014452,1.0000295248654725,490,473,0.9653061224489796,0.37884220507317773,ok,1172.0115608701738,110.68739231506288,-0.5403274362904465
575,-0.8292304825688461,0.46869404476092313,0.2917902126213272,0.9999483335909206,479,427,0.8914405010438413,0.257178953158185,ok,1172.833897207677,110.20670504787381,-0.8321176489117738
576,-0.9964923152185747,0.49380829695383,0.2480470417976709,0.9999654682868252,469,425,0.906183368869936,0.4443445177073318,ok,1173.820903509352,109.69419931240986,-1.0801646907094447
577,-0.43053880393108557,0.40875846015865136,0.07475529469115044,0.9999521274809688,516,498,0.9651162790697675,0.29113894714937544,ok,1174.2431159996904,109.27684604065541,-1.154919985400595
578,-0.6903321387660526,0.7287362188344559,0.031702457088420614,1.0000517043425103,522,498,0.9540229885057471,0.26288808925356255,ok,1174.918208704225,108.53397002223858,-1.1866224424890157
579,-0.3049276792849014,0.44821581584278647,-0.04571719107905857,0.99994395857039,528,504,0.9545454545454546,0.2872815710961185,ok,1175.214151400681,108.07977157708513,-1.1409052514099571
580,-0.7453317068086562,1.0828056446632672,-0.23976233150391588,1.0000089494605264,473,418,0.8837209302325582,0.2687792161100728,ok,1175.9423613554088,106.98537782750282,-0.9011429199060415
581,1.048267149655203,-3.7287486807806545,-0.15726904058459676,0.9998929173661291,317,280,0.8832807570977917,0.5385266262806916,ok,1174.9425917168776,110.727421575422,-0.7438738793214447
582,-2.999341388483572,8.716782908596542,-0.3202536605859858,0.9993800336153909,403,345,0.8560794044665012,0.7191050444048974,ok,1177.877403590001,101.98870128526244,-0.42362021873545896
583,7.829081134963872,3.366011317215225,-0.191088648753735,0.9998997214880971,436,376,0.8623853211009175,0.5614642327707372,ok,1170.0347262085854,98.65449146935418,-0.23253156998172414
584,2.8627596265703232,0.42790908652432336,0.037927638268941986,1.00028246177053,421,390,0.9263657957244655,0.459304479308811,ok,1167.169978580139,98.24010048108221,-0.2704592082506661
585,-0.2748198438587224,0.2044622591413372,0.0819204458351911,1.0000080373932478,461,432,0.9370932754880694,0.4020904042031165,ok,1167.4435357536852,98.03395190652259,-0.3523796540858572
586,-1.2229881283628856,0.808757649062386,0.22366092750263442,0.9998602318956618,476,443,0.930672268907563,0.429920650919623,ok,1168.6583311188326,97.21293965457414,-0.5760405815884914
587,-0.001342374369414756,-0.00028569079017870536,6.374533921363564e-05,0.999998852612525,758,756,0.9973614775725593,0.0015859694420194402,ok,1168.6596762978936,97.21321183368661,-0.5761043269277051
588,-4.5070697208177535,2.125171521075913,0.5990626892420274,0.9999801402468187,444,387,0.8716216216216216,0.48765262670053283,ok,1173.1222126844025,94.99605138360903,-1.175167016169732
589,-0.6276150919693464,0.5902968460584361,0.05174161120863215,0.9999164470224201,536,512,0.9552238805970149,0.2532293209855955,ok,1173.7370444762232,94.39245140191542,-1.226908627378364
590,-0.4264529563754422,0.7444101688674891,0.017178054775939543,0.9999583513908411,517,491,0.9497098646034816,0.30403324740629556,ok,1174.1472344940003,93.63895769070677,-1.2440866821543037
591,0.49259779675912796,-2.726336715925072,-0.13811235539928288,0.9999586512553337,409,380,0.9290953545232273,0.5510186198172662,ok,1173.7073513848595,96.37429447586976,-1.105974326755021
592,-2.6319526999157006,10.456155358193428,-0.30115528643348594,0.9994706993636077,410,355,0.8658536585365854,0.7097190130418066,ok,1176.192174344385,85.88220151263863,-0.8048190403215352
593,7.9420024374369405,3.864159567417687,-0.2815093523879545,0.9999359019926403,437,385,0.8810068649885584,0.5115980302991351,ok,1168.2152104450888,82.0907402075419,-0.5233096879335806
594,5.011865073265199,0.8894302603360984,-0.2211884482521567,1.000105560521102,459,416,0.906318082788671,0.3701622898256021,ok,1163.1987250949558,81.22774980637007,-0.30212123968142385
595,0.13311695137144852,0.5290525157111006,-0.04492270391699106,0.9999880902856563,509,488,0.9587426326129665,0.31321084527749565,ok,1163.0632345965046,80.69930017589218,-0.25719853576443275
596,-0.9264365659362284,0.7001046290604336,-5.880903704807184e-05,0.9999233076366094,455,431,0.9472527472527472,0.3990724920034912,ok,1163.986519819089,79.99504482440852,-0.25713972672738467
597,-1.8755912754149904,0.6830749512414513,0.15315343439338353,0.9998530254309982,502,477,0.950199203187251,0.35901105900829744,ok,1165.8571715699936,79.29855645532905,-0.41029316112076814
598,-0.9919837236584499,0.29733652596723914,0.10747836344311594,0.9999798350680186,484,462,0.9545454545454546,0.3122628447812908,ok,1166.8464278497484,78.99226781589925,-0.517771524563884
599,-1.7485269584483376,0.8094424758303376,0.2117379886675966,0.9999337046332348,473,454,0.959830866807611,0.4785893048161847,ok,1168.5845072602947,78.16062870622852,-0.7295095132314805
600,-1.1242564301201128,0.6493259715991826,0.15020866971667376,0.9999291577473058,482,472,0.979253112033195,0.3455767519531284,ok,1169.6986618288142,77.49411813954043,-0.8797181829481541
601,1.3364836022028612,-2.84879228875252,0.07624246647345612,1.000105758592747,485,437,0.9010309278350516,0.3626910658337486,ok,1168.409893173987,80.36481165814314,-0.9559606494216102
602,-3.4925393183373217,5.494224198557049,0.016362622092378532,0.9996485407855671,373,315,0.8445040214477212,0.45500836278586826,ok,1171.8086957560215,74.812112184689,-0.9723232715139887
603,4.003230623628497,6.701418984264251,-0.07899667173839063,0.9995940526080986,441,375,0.8503401360544217,0.5103812078949548,ok,1167.7014708274285,68.17392152649325,-0.8933265997755981
604,6.308951092820735,1.539152170921625,-0.18972389163401077,0.9999162484542621,443,377,0.8510158013544018,0.4815671100164588,ok,1161.3740948361108,66.71235854072984,-0.7036027081415874
605,0.5881762867568341,0.7836121663049198,-0.26126845451139596,1.0000348985819325,447,387,0.8657718120805369,0.36195338483055395,ok,1160.7798865032817,65.93331051353209,-0.44233425363019163
606,-0.28349026800447064,0.12450641363966497,-0.13078767610991274,0.999979212451672,495,470,0.9494949494949495,0.3909408722574529,ok,1161.062695578406,65.80726446592291,-0.311546577520279
607,-1.9615703862209557,1.1456054175838517,-0.17931681581359105,1.0000872726031067,417,354,0.8489208633093526,0.42236331773084806,ok,1163.0216168637662,64.65713510334695,-0.13222976170668807
608,-0.7469788447328938,0.37707042099350474,0.029914899618252486,0.9999234595133112,445,423,0.950561797752809,0.3485457913208046,ok,1163.7675256252426,64.27795227617867,-0.16214466132494054
609,-1.3633295322331378,0.9334983906156822,0.15805085771386815,0.999952053493929,471,457,0.970276008492569,0.39205225538040006,ok,1165.1256170715747,63.33684958138883,-0.32019551903880866
610,-0.8615187818681989,1.1301660686773403,0.2524407773263429,0.9999971785034664,449,417,0.9287305122494433,0.5279113323323197,ok,1165.9757976951478,62.19812974683691,-0.5726362963651515
611,-0.23188928826652955,0.6088894444665129,0.13891715197447804,1.000037119561754,445,422,0.9483146067415731,0.5148557190900048,ok,1166.2001075279804,61.58640750881568,-0.7115534483396293
612,-0.6365102240276883,1.3977197354372493,0.2614600309566756,1.0000455356729612,437,402,0.919908466819222,0.5956016766106018,ok,1166.8127906306224,60.17808043747891,-0.9730134792963049
613,5.961556528293613,0.21529089256955558,0.1372395040359097,0.999864985588084,377,328,0.870026525198939,0.5584252866629946,ok,1160.8481817671145,60.078343213592575,-1.1102529833322143
614,1.2550333943863734,3.3650209671029643,0.016935225923174955,0.9999703657840496,485,456,0.9402061855670103,0.5382691327599896,ok,1159.5271949573266,56.7386622739765,-1.127188209255389
615,0.5895177451745894,3.9000844679709417,-0.2390499423030399,0.99984153508484,451,393,0.8713968957871396,0.43645325707081184,ok,1158.8772954925755,52.84818406238105,-0.8881382669523497
616,-0.4019150622414145,0.20362457818134772,-0.12086490556546191,0.9998873668263376,521,496,0.9520153550863724,0.36723488787457736,ok,1159.2764477713447,52.63919567885398,-0.7672733613868878
617,-0.7971168859298814,0.5916182513922195,-0.2607933200337053,0.9998267914426114,481,442,0.918918918918919,0.4714279817338635,ok,1160.068303827724,52.040554324460345,-0.5064800413531827
618,-0.7786142460176961,0.904822703620539,-0.2454777359793222,0.999920381332081,432,383,0.8865740740740741,0.38071596140164654,ok,1160.8427882256906,51.13219416109155,-0.2610023053738609
619,-0.9269372831499822,0.9360446569919532,-0.11536555401384181,0.9999125498457732,481,460,0.9563409563409564,0.46726803541693596,ok,1161.7673432404326,50.19379640347938,-0.14563675136001916
620,-0.6300967146487437,1.0847003554583807,0.03709909639495897,0.9999566418825773,465,432,0.9290322580645162,0.3303804597194268,ok,1162.3939772756844,49.10709197411211,-0.1827358477549781
621,-0.5926588179861483,1.3744169621957099,0.17524148800418346,1.0000347235671887,472,448,0.9491525423728814,0.5006346896772339,ok,1162.9780373854603,47.72899899877393,-0.3579773357591616
622,-0.530252560624831,1.531210360607588,0.24863752129865663,1.000048942553762,435,396,0.9103448275862069,0.5901026053239073,ok,1163.492048953049,46.192260551650975,-0.6066148570578181
623,-2.583967742634968,1.158262782265865,0.4045179544603484,0.9997415398432563,396,324,0.8181818181818182,0.6305452781019651,ok,1166.0551748401606,44.988579674267044,-1.0111328115181666
624,1.3604683587323052,4.103129260220385,0.21736106909633063,1.0001627502443773,399,380,0.9523809523809523,0.4903305937910066,ok,1164.6070496588588,40.91556146408584,-1.2284938806144972
625,6.586923102699529,3.5195601744047735,0.17644506904713164,0.9999521441095455,427,370,0.8665105386416861,0.4066545614611473,ok,1157.9358128973588,37.55855984744312,-1.4049389496616287
626,4.025379183310406,1.0021928189019036,-0.029845165621161133,1.000471668170566,427,394,0.9227166276346604,0.5770118288827844,ok,1153.8875427267453,36.653255124484076,-1.3750937840404676
627,-0.1641493185809395,1.00256280412259,-0.2404367411005693,0.9998366321746923,433,380,0.8775981524249422,0.41441126224588587,ok,1154.0318069023836,35.64763838703982,-1.1346570429398983
628,-1.1244147195807273,0.8744556431338424,-0.36827496985707797,1.0000072822652335,431,384,0.8909512761020881,0.2866567092786895,ok,1155.144424762292,34.75822136941997,-0.7663820730828204
629,-2.5598017466772944,1.1967667298208653,-0.4370510097016433,0.9999270503544642,429,374,0.8717948717948718,0.41448202574170356,ok,1157.697305351866,33.54676097664003,-0.3293310633811772
630,-0.6823948136213858,0.3002375899227445,-0.08788102596289131,0.9999504222135985,408,380,0.9313725490196079,0.4532994610563149,ok,1158.378428879378,33.24365038241842,-0.24145003741828597
631,-1.3664778280499377,0.9053312195842409,-0.10645988228325595,0.999965467547685,442,393,0.8891402714932126,0.2614290682187786,ok,1159.742769935979,32.33510222575319,-0.13499015513503007
632,-0.5426039995109022,1.0378714897798318,0.05083986679259336,1.0000183188257514,429,414,0.965034965034965,0.26690299083097235,ok,1160.2820049114225,31.295476345524662,-0.18583002192762343
633,1.6161684370167677,-0.5063273937603299,0.20879434055366344,0.9999616648200066,408,352,0.8627450980392157,0.3900106732705719,ok,1158.6693621073484,31.812922992966378,-0.39462436248128674
634,5.027996977103385,5.763439114277162,0.12096752540780609,0.9996503030698325,251,197,0.7848605577689243,0.7510405312089768,ok,1153.5897055095245,26.09496244099296,-0.5155918878890926
635,1.3615891321987874,3.783805390190082,0.14221841518540873,1.0001304070639605,373,339,0.9088471849865952,0.6920065355939831,ok,1152.1847653659752,22.327038425198793,-0.6578103030745013
636,0.9368351161915598,4.779022016429735,0.16803022378876814,0.9999819358661951,355,320,0.9014084507042254,0.7096718325979778,ok,1151.1791468631284,17.562015561121257,-0.8258405268632693
637,-1.2914692979884421,0.07699626752287259,0.09996536414882978,0.9998002523967946,385,355,0.922077922077922,0.5250056067390424,ok,1152.469203488876,17.464162225849122,-0.9258058910120989
638,-0.4441955754070932,0.09641400896475716,0.005618375814047283,1.0000668062993754,468,447,0.9551282051282052,0.29983857622885274,ok,1152.9117730939186,17.360540244454114,-0.9314242668261462
639,-1.0046195752952372,0.3023977857585578,-0.04496519261603537,0.9997762089806841,379,358,0.9445910290237467,0.46843644660881134,ok,1153.9115940331947,17.042636168853733,-0.8864590742101109
640,-1.0651236817975587,0.44278647607313815,-0.11872321005908501,0.9998637473839378,397,373,0.9395465994962217,0.5500840124092532,ok,1154.9706891484047,16.585617725181237,-0.767735864151026
641,-0.5401056399598474,0.17842578051454439,-0.06973327632495875,0.9998520062362938,433,409,0.9445727482678984,0.3909878241108023,ok,1155.5085811016047,16.400625541152976,-0.6980025878260675
642,-0.5597044815831396,0.6012239264099435,-0.11195746032893872,0.9999904430781362,415,384,0.9253012048192771,0.49336366422739064,ok,1156.0621068433315,15.793708273613333,-0.5860451274971289
643,-0.3196964679170833,0.9707627424795646,-0.07215287141787768,0.9999407498550409,440,413,0.9386363636363636,0.44314699292736515,ok,1156.3730836894504,14.820117222420322,-0.5138922560792513
644,-0.28817965453686156,0.5657252798121135,-0.007136861725423089,0.9999905409344486,367,332,0.9046321525885559,0.4678301778633375,ok,1156.6562485521163,14.251865283524353,-0.5067553943538282
645,8.182523544869582,2.219853747448724,0.04952738848898357,0.9998994880661408,362,304,0.8397790055248618,0.6802398984968395,ok,1148.4525585167612,12.111558757293892,-0.5562827828428116
646,-0.4383194411382192,5.325318825992326,0.057940323310639544,0.9996787550728796,442,389,0.8800904977375565,0.43964709140288866,ok,1148.8337652994458,6.781847140350351,-0.6142231061534511
647,-5.015376897428041,4.918227493376776,0.1819748551577826,0.9994753329658407,355,321,0.9042253521126761,0.7145435481797068,ok,1153.7803151070923,1.794401691993471,-0.7961979613112333
648,-2.1605087162427026,0.9644710254121946,0.16654050468084586,0.9998930010233573,399,359,0.899749373433584,0.49608023948195556,ok,1155.9243136305345,0.7937655926559728,-0.9627384659920787
649,1.4535379106964683,0.09274369349202516,0.039755562863733634,1.0001309460666803,417,398,0.9544364508393285,0.3450559603601626,ok,1154.4693755692529,0.7264670908241442,-1.0024940288558122
650,3.2220059519463575,0.18297521623787816,0.0012562368986920504,1.0003391623712077,412,392,0.9514563106796117,0.4550000366483169,ok,1151.2446586993815,0.5999625719263122,-1.0037502657545043
651,0.29241617660522934,0.4984435751074443,-0.06828291886916171,1.000046149565915,432,408,0.9444444444444444,0.37749839606608476,ok,1150.9441437773255,0.10635949299751246,-0.9354673468853427
652,-0.7981786494524385,0.0705880644457011,-0.14643101760184363,0.9999534387680653,444,396,0.8918918918918919,0.4761452410310573,ok,1151.7412746839939,0.024786526167076772,-0.7890363292834994
653,-0.22288077460711975,0.1613341939134898,-0.10763738758030046,0.9999929506097692,433,404,0.9330254041570438,0.40824509916107277,ok,1151.9622210505001,-0.13918684039856544,-0.6813989417031991
654,-0.40444398360114064,0.7174730808933418,-0.36045423754235195,0.999922002865593,404,343,0.849009900990099,0.41722485241196783,ok,1152.362639754505,-0.8589141631816801,-0.3209447041608479
655,8.342951908735358,4.9381421120001505,-0.23857690585374394,0.999871928544327,383,341,0.8903394255874674,0.4986636630022225,ok,1144.0125974490948,-5.785057438364788,-0.08236779830710446
656,-0.24805648193887464,4.991241812168596,0.003957314430525212,0.9997241573947078,421,371,0.8812351543942993,0.4002429440642196,ok,1144.2531335606993,-10.77666732143723,-0.08632511273762966
657,-5.04226040091271,3.7017225450094884,0.2047481634401674,0.9995156076510437,407,372,0.914004914004914,0.5724658852507987,ok,1149.27652353368,-14.503957614693263,-0.29107327617779655
658,-1.957502221225468,0.2520998499931011,0.36411329302429063,0.9999400287202362,417,356,0.8537170263788969,0.3496055332997171,ok,1151.2310150319065,-14.77842485104236,-0.6551865692020864
659,1.837690954538175,0.2636485880894952,0.1942151872953793,1.0000375999950593,410,361,0.8804878048780488,0.2765224600488249,ok,1149.3896176046806,-15.01480195949182,-0.8494017564974651
660,5.231425621869903,-0.0353194440012885,0.4494515451888191,0.9999994981177047,379,324,0.8548812664907651,0.49893901536806373,ok,1144.1603367259968,-14.86090916526598,-1.298853301686283
661,0.4075485075161396,0.00874208353911854,0.12529660273547463,1.0000843165426117,418,401,0.9593301435406698,0.38210923754403847,ok,1143.7526968372501,-14.85951952302787,-1.4241499044217576
662,-0.4540907749708367,0.3666012373778358,0.03952827728023946,1.000006419344292,446,421,0.9439461883408071,0.24148038720520845,ok,1144.1972752729532,-15.237600088077897,-1.4636781817019968
663,-0.979796598810708,0.6429144129244833,-0.21368407694543975,0.9999320003812681,413,361,0.87409200968523,0.3516462346569469,ok,1145.1628136710353,-15.901735555597043,-1.2499941047565577
664,-0.4523217478197239,0.4025333227518786,-0.19445020521902426,0.9999434992111671,431,373,0.8654292343387471,0.2925151136752114,ok,1145.6076433250291,-16.31253309502995,-1.0555438995375341
665,1.2691628417373977,-0.4666664697535907,-0.33853990765851666,0.9999872809003378,408,365,0.8946078431372549,0.36698580835531774,ok,1144.3444196081507,-15.830021173980185,-0.7170039918790186
666,4.827619167991315,5.0281935644534315,-0.0897059543042659,0.9997409088841671,391,338,0.8644501278772379,0.38199091264206875,ok,1139.462040119537,-20.805059654427623,-0.627298037574753
667,2.7642951416355572,6.147681853978838,-0.0883495107887246,0.9996872010108425,384,328,0.8541666666666666,0.39793446755308026,ok,1136.6400404071487,-26.92646777928678,-0.5389485267860287
668,-0.21507778032378155,1.0662814567945134,0.008185024500733586,0.9999204256028814,408,382,0.9362745098039216,0.3397262941234823,ok,1136.8449263137213,-27.99475442713947,-0.5471335512867622
669,-0.23416709341472597,0.27193323343794873,0.02918027243471583,1.0000205689959514,432,412,0.9537037037037037,0.24485121603403126,ok,1137.076346346959,-28.269029251545135,-0.576313823721478
670,-0.7049629738216936,0.3144732395801384,0.10288435368556587,0.9999724364746947,434,400,0.9216589861751152,0.30041983416638707,ok,1137.7775320342114,-28.591837003719206,-0.6791981774070436
671,-0.30966496289556744,0.40972549780678946,0.06221322834662907,0.9999828610463537,426,392,0.92018779342723,0.2739831370844835,ok,1138.0818693427602,-29.00553517318997,-0.7414114057536725
672,-0.8519873682848811,0.8362471046399378,0.2508477322390119,1.0000813345387243,403,369,0.9156327543424317,0.5084689814865085,ok,1138.919247388861,-29.856411018212725,-0.9922591379926836
673,-0.214550786963855,0.44090262683755554,0.06910982529523374,1.0000155061412932,419,394,0.9403341288782816,0.25453941056228013,ok,1139.1255943830158,-30.30121219238208,-1.061368963287917
674,0.02642566851363881,-0.012977733716070361,-0.0001883453519091583,0.9999981080097647,543,542,0.998158379373849,0.02956153060269847,ok,1139.0994135948913,-30.28774728012945,-1.0611806179360082
675,-0.5443184564048806,1.505167045983626,-0.0038823803990457846,1.0000340999185873,402,367,0.9129353233830846,0.4254947156480311,ok,1139.6158656007242,-31.802701980432175,-1.0572982375369624
676,-0.1766307528289417,0.3888651954572424,-0.07983476100077565,0.9999800128182288,419,388,0.9260143198090692,0.37056636150420497,ok,1139.7858369493579,-32.19452375589469,-0.977463476536187
677,0.7581573118227425,-5.507347536439511,-0.15879849557780443,1.000094837066976,335,294,0.8776119402985074,0.6349248723737522,ok,1139.1064455319163,-26.67690590953157,-0.8186649809583832
678,9.637824036331722,12.442407128720902,-0.35038928980878464,0.9995092451428113,404,342,0.8465346534653465,0.6896970131379464,ok,1129.3672533116014,-39.04012887961085,-0.4682756911495999
679,0.9096780862325886,3.4112255023476337,-0.1767307518131506,0.9997920302435079,444,392,0.8828828828828829,0.38900567613244136,ok,1128.4402293319133,-42.44668141693103,-0.29154493933644987
680,-0.274092353011838,0.5979177431252083,0.0003543224908424325,1.000005633767399,464,432,0.9310344827586207,0.33703562255008906,ok,1128.7112719874297,-43.04598778633988,-0.2918992618272923
681,-0.9079580242496377,0.696159753234042,0.13302087430024614,0.9999752560434428,476,440,0.9243697478991597,0.33678792216405085,ok,1129.6140421913396,-43.748861981879486,-0.424920136127538
682,-0.2753105101617166,0.6100295412588821,0.09575991605516564,1.0000006752269934,457,426,0.9321663019693655,0.3245170778882659,ok,1129.883797716716,-44.36136820612796,-0.5206800521827032
683,-0.9865655645376137,0.8768431359158058,0.26694138736941647,0.9999799608057686,433,407,0.9399538106235565,0.6035229897243544,ok,1130.8582168465682,-45.25168997802348,-0.7876214395521185
684,-0.5356992926390376,0.3491585358518705,0.10543403839536263,0.9999862389820897,455,437,0.9604395604395605,0.3256711683605942,ok,1131.3884090378324,-45.60915557862734,-0.8930554779474807
685,-0.751672581508501,0.6689026846581783,0.11300909620115271,0.9999737375796626,457,422,0.9234135667396062,0.4095705824811542,ok,1132.128220991335,-46.2911531921053,-1.0060645741486327
686,0.0009330606505955075,-0.007639762075314138,-0.0005407329795833764,1.0000050618132712,598,592,0.9899665551839465,0.005702320123943103,ok,1132.127422143032,-46.28349823239705,-1.0055238411690495
687,1.8533927537862382,-0.7101507733596009,-0.01570204097468515,1.0001398635997345,410,385,0.9390243902439024,0.4018970745386587,ok,1130.2865736586693,-45.54143645713111,-0.9898218001943644
688,5.110106045272687,5.500687722995963,-0.09573820038775803,0.9997735463468712,398,345,0.8668341708542714,0.4571456696269058,ok,1125.091256660963,-50.961716017558956,-0.8940835998066068
689,3.0051472737527547,6.874703021293044,-0.21385107107911636,0.9996811997095142,393,343,0.8727735368956743,0.4973748202211196,ok,1122.0047045738509,-57.80025738114409,-0.6802325287274917
690,-0.7055465553223712,0.30476541429698045,-0.12337379539193047,0.9998260896619616,407,379,0.9312039312039312,0.4032929223345151,ok,1122.7072558326852,-58.111865513562066,-0.556858733335562
691,-0.42949803420128774,0.036926102905681546,-0.038351456426494956,0.9998968880107123,402,389,0.9676616915422885,0.3454480117878802,ok,1123.1364021157651,-58.152676862196586,-0.5185072769090673
692,-0.510093058971961,0.054056283718523446,-0.0186303434535372,0.9999330957995927,425,407,0.9576470588235294,0.31048700552621566,ok,1123.6460041535415,-58.21118133822165,-0.4998769334555302
693,-1.0115195761816267,0.6161781192793114,0.04459479869788986,0.9999247630434244,435,401,0.9218390804597701,0.342545072959188,ok,1124.6516227137554,-58.83694378438679,-0.5444717321534198
694,-0.6150883151431117,0.283625877514055,0.0681124682518938,0.999940229100541,412,391,0.9490291262135923,0.31080984911796267,ok,1125.263643513843,-59.127129611196665,-0.6125842004053131
695,-0.7184153925327337,1.3275015148249167,0.1835730800536676,0.9999450805791242,406,371,0.9137931034482759,0.5157517238012134,ok,1125.9635437580719,-60.4644854337879,-0.7961572804589794
696,-0.24652680880990374,0.7468469010484569,0.11209802940442325,1.0000275570705757,421,381,0.9049881235154394,0.3521572425481611,ok,1126.198201037688,-61.215146290760345,-0.9082553098634019
697,-0.1806632572140643,0.7541057915640295,0.07471604387391763,0.9999749372487792,413,392,0.9491525423728814,0.3013666017729271,ok,1126.3659008385234,-61.97224042901337,-0.9829713537373188
698,1.1358992467382905,-5.202907559541472,0.06090375504939166,1.0000841412256414,369,316,0.8563685636856369,0.8107532251053147,ok,1125.3249769370227,-56.74950248774553,-1.04387510878671
699,9.004020761808988,10.789787572033674,-0.08682550627441542,0.9994705990074497,371,321,0.8652291105121294,0.7058188520594136,ok,1116.1419916289674,-67.38739168442078,-0.9570496025122951
700,1.2119431907597118,2.5903047226937588,-0.10388643691757461,0.999851662063933,405,353,0.8716049382716049,0.284781453741648,ok,1114.8916132726695,-69.95936346112069,-0.8531631655947213
701,-0.3697466288758733,1.7513437995946788,-0.28381046034821633,0.9999938191573657,382,320,0.837696335078534,0.3459886681736531,ok,1115.2439386904548,-71.71429493383584,-0.5693527052465069
702,-0.5353926459224567,0.12538422622890266,-0.16813242980062748,0.999918458925757,395,370,0.9367088607594937,0.5252582671367662,ok,1115.7784401992435,-71.8434252037107,-0.40122027544588074
703,-0.8438054969610675,1.0698726761623902,-0.20944695740292268,0.9999199377714592,398,344,0.864321608040201,0.39277825002769473,ok,1116.618660031392,-72.91611616273167,-0.19177331804295955
704,-0.5969790128965542,0.415370179640945,-0.02667931387082985,0.9999720933029626,408,385,0.9436274509803921,0.3766947192759239,ok,1117.2144397059524,-73.33320477124857,-0.1650940041721299
705,-1.1155347702897416,0.9694412879248375,0.15194994129545186,0.9998536999214707,412,384,0.9320388349514563,0.4503934434454316,ok,1118.3245930599878,-74.30880395379347,-0.3170439454675806
706,-0.4313218615457117,0.4889182356555466,0.1388452505746929,1.0000232132316287,408,383,0.9387254901960784,0.36604924674158695,ok,1118.752011100403,-74.80113860434278,-0.4558891960422724
707,-0.21353494150548613,0.5548060772193821,0.13867124236785422,1.000009530743826,412,391,0.9490291262135923,0.4112714108860295,ok,1118.9597774049746,-75.35813063054059,-0.5945604384101255
708,0.3550288938386075,-3.251909736039238,0.37712418919667806,1.0001634121921459,363,296,0.8154269972451791,0.6656658411027518,ok,1118.6599463709856,-72.10066784520245,-0.9716846276068005
709,8.280298474718165,5.721528846362617,0.09741598956556727,0.9999389130113412,362,274,0.7569060773480663,0.6671329629116263,ok,1110.2743356561757,-77.66670486536736,-1.0691006171723672
710,-0.003150382005742358,0.0005608308549653884,6.299944645375581e-05,0.9999954627408588,606,606,1.0,0.0032124173487154575,ok,1110.277475024963,-77.66732438263784,-1.0691636166188208
711,-0.4953607204627133,4.8887458957181025,0.06900390713653783,0.999793848421157,317,262,0.8264984227129337,0.5254788514292958,ok,1110.675630582215,-82.5649453182051,-1.138167523755358
712,-7.439843301035353,4.03415000569089,-0.042461274709660275,0.9997418889238211,324,267,0.8240740740740741,0.5824805656865669,ok,1118.0369703945244,-86.74062619443225,-1.095706249045698
713,0.011682352368097781,-0.01074146276312149,0.0026049100736506205,1.000002677915712,479,465,0.9707724425887265,0.1371943908720468,ok,1118.025496080524,-86.72966277811395,-1.0983111591193486
714,4.311861822242918,2.0556363300340763,-0.4023948675928754,0.9998264020788129,375,311,0.8293333333333334,0.4211642064734434,ok,1113.6889851024807,-88.73277676208545,-0.6959162915264767
715,3.1616535579696574,0.3080164310769078,-0.31045118649036235,0.9999791289611148,396,341,0.8611111111111112,0.4575334450211337,ok,1110.525330887599,-89.01951593118918,-0.385465105036117
716,-0.001802366359925145,0.0011864009372857254,-5.519162540131461e-05,1.0000030787565917,554,553,0.9981949458483754,0.003020134852451643,ok,1110.5271252327125,-89.02071442912109,-0.3854099134107157
717,-1.3325795573741743,0.38936494532504184,-0.12059028964329395,0.9998905812854654,382,349,0.9136125654450262,0.5258649295761108,ok,1111.8578909280125,-89.41623434213636,-0.2648196237674227
718,-0.45194727873285956,0.5517573124679984,0.08318921657939782,0.9999909532336695,419,384,0.9164677804295943,0.3290715113261767,ok,1112.3064785719084,-89.97072654258648,-0.3480088403468198
719,0.3098822273236692,-3.6607804722830224,0.37868137578937494,1.0001045904533286,348,291,0.8362068965517241,0.6862372010146103,ok,1112.043050203525,-86.3063103331757,-0.7266902161361914
720,-3.0690146138999808,6.641633080257861,0.25663639929848936,0.9996191126106687,384,353,0.9192708333333334,0.5386730491186627,ok,1114.997632830516,-92.99963403470042,-0.9833266154346786
721,2.3063413677832614,5.846058966888904,0.1640847455086073,0.9997807177469883,360,305,0.8472222222222222,0.46791604599100917,ok,1112.574687948407,-98.79833682475191,-1.1474113609432843
722,8.485518890929143,3.2106679025780522,0.08484497716076012,0.9999230654615998,386,330,0.8549222797927462,0.5749946348286266,ok,1104.0220851742206,-101.82577881691986,-1.232256338104044
723,1.4211686131009174,0.49872016907465877,-0.05927733700935142,1.0000786036647171,418,392,0.937799043062201,0.3404195956793677,ok,1102.5910051101437,-102.29530185587146,-1.1729790010946928
724,-0.2127897963596297,-0.1936786671013806,-0.1481418894976452,0.999875936240467,426,400,0.9389671361502347,0.38684793224935976,ok,1102.8072249711029,-102.10546009215341,-1.024837111597049
725,-1.1337465142889869,0.47615879649310955,-0.3137071200290784,0.9999248369915988,383,333,0.8694516971279374,0.3788937947835874,ok,1103.934974439865,-102.5956534150846,-0.7111299915679732
726,-1.0772264586398705,-0.02279192445018907,-0.1568737253202543,0.9999082950379288,410,374,0.9121951219512195,0.45084693152868416,ok,1105.0123709727413,-102.58328304888357,-0.5542562662477202
727,-1.9332841985908544,0.2915842136385436,-0.21151274773515652,0.9999535869769104,359,303,0.8440111420612814,0.462677736699051,ok,1106.9438763335625,-102.88642688814605,-0.3427435185125654
728,-0.7583678505473017,0.14682048018119076,-0.029007887713427216,0.9999694749910744,408,386,0.946078431372549,0.3066028467023536,ok,1107.701428871091,-103.03739775629288,-0.3137356307991384
729,-0.2186318451713305,0.3057841442857807,0.025304896225457906,1.0000139450076484,477,457,0.9580712788259959,0.16519556124127785,ok,1107.9182474601116,-103.34447026576652,-0.3390405270245961
730,10.54997479973099,2.6918003480179777,0.21861476396528623,0.9999455035576951,320,256,0.8,0.9467390946458689,ok,1097.3425736883912,-105.9334626687488,-0.5576552909898804
731,-1.1445021037793595,4.5695479630295495,0.17611849321892747,0.9998620980218396,434,399,0.9193548387096774,0.4893718149213597,ok,1098.4284623934445,-110.51729287636147,-0.7337737842088065
732,-7.839657774709394,2.7440633330296578,0.4246259322338823,0.9998668363555424,379,314,0.8284960422163589,0.6252489338653323,ok,1106.2110425529554,-113.4192859261517,-1.1583997164426851
733,-1.2055252893371744,-0.010395501346806668,0.10535679056380931,0.9999787308515843,430,391,0.9093023255813953,0.37431414266530516,ok,1107.4165038830197,-113.43548072156432,-1.2637565070064936
734,3.9189745486987704,0.35829864331924455,0.02349834893698357,1.0000333218791626,417,363,0.8705035971223022,0.38441089384110977,ok,1103.490469201457,-113.70564939169526,-1.2872548559434767
735,3.697318366528407,0.4752600017197892,-0.2192050951316627,0.9998729176035954,395,326,0.8253164556962025,0.4486704714815948,ok,1099.7849343986568,-114.1119091582724,-1.068049760811816
736,-0.32973332329561345,0.2743985988372515,-0.3545563270749217,0.9999740870562875,431,367,0.851508120649652,0.38864609694164337,ok,1100.111225210808,-114.39039248172469,-0.7134934337368973
737,-0.3155363886253326,0.20375819829655484,-0.1570564982322138,0.9999106515185103,462,420,0.9090909090909091,0.4431789859734311,ok,1100.4247679208956,-114.59720540412218,-0.5564369355046846
738,-0.7533969238206737,0.6715641783000592,-0.3202076634542489,1.0001051132586782,418,361,0.8636363636363636,0.4434598058022278,ok,1101.175389604364,-115.27187010507043,-0.23622927205043845
739,1.9529679254746952,-1.150693987788145,-0.1556371629872091,0.9999846153853907,318,270,0.8490566037735849,0.819504085338719,ok,1099.224042173809,-114.11843021641891,-0.08059210906323064
740,4.603995578631611,4.755039503659987,-0.004517235396313577,0.9997926612059679,325,270,0.8307692307692308,0.4769597726752556,ok,1094.6137371182149,-118.86735254298833,-0.07607487366691709
741,2.0584029018900765,5.245993761133832,0.19259739412056187,1.0006057397651764,324,248,0.7654320987654321,0.8943491700323298,ok,1092.5307573410716,-124.10363636802867,-0.2686722677874774
742,0.146445209781632,0.8648643013898436,0.34442672143264996,0.9999561749247899,362,303,0.8370165745856354,0.4117947769808879,ok,1092.3750661285253,-124.96688413409709,-0.6130989892201244
743,-0.49013358665047235,0.09251660365976022,0.3508477282303063,0.9999550578691766,364,296,0.8131868131868132,0.44953020657203013,ok,1092.8635739210467,-125.06763328476973,-0.9639467174504276
744,-0.7892353175079734,0.04866603401649172,0.26844670745668925,0.9999727935430316,357,297,0.8319327731092437,0.3928259017674645,ok,1093.6515799826207,-125.1332626698927,-1.2323934249071145
745,-0.2375509837329446,0.21898142231407292,0.058945075671774406,0.9999807898617931,405,372,0.9185185185185185,0.28941373773168083,ok,1093.884135625708,-125.35754197357369,-1.2913385005788882
746,-0.49569785760104423,0.39371294561260584,0.010560442365218614,0.9999830758929029,410,379,0.9243902439024391,0.35483354813330964,ok,1094.3707601799858,-125.76241577211704,-1.3018989429441068
747,-0.48061292451234294,0.6652402875079133,-0.12213257877480733,0.9999058058640553,364,334,0.9175824175824175,0.5812336575759034,ok,1094.8375743558825,-126.4374105487741,-1.1797663641693006
748,-0.47203380149426266,1.0045340568537995,-0.3180087952350873,1.0000107497647528,376,321,0.8537234042553191,0.3878683122037076,ok,1095.294446635572,-127.44893034649601,-0.8617575689342163
749,-0.21719213240476165,1.1895498336582477,-0.21335591755103817,0.9999971341243523,366,303,0.8278688524590164,0.4783090796312915,ok,1095.4981633171312,-128.64086186415523,-0.6484016513831801
750,2.0414496254152255,-0.8677987229898463,-0.0739711164652786,1.0002239925264542,326,289,0.8865030674846626,0.5613401371250663,ok,1093.465516436265,-127.75264012695516,-0.5744305349179022
751,4.331960649910343,13.053415805786244,-0.10393287011014009,0.9994436543090814,291,234,0.8041237113402062,0.8091615573829923,ok,1089.0265118776201,-140.7700433165105,-0.47049766480776317
752,-3.1401162871350152,0.7111069281756954,0.03450089501631743,0.9996242673848924,372,341,0.9166666666666666,0.6305536296354588,ok,1092.1602386608054,-141.50879889745545,-0.5049985598240802
753,-2.886663846554711,0.09988745624582407,0.09160654995302114,0.9995499765061251,378,341,0.9021164021164021,0.6801623684483913,ok,1095.0457059341156,-141.63873842791224,-0.5966051097771005
754,0.6584701962410691,0.12229653776523719,0.04943985559909799,1.0000375736743643,415,383,0.9228915662650602,0.4151538023466056,ok,1094.385898657131,-141.7536026944415,-0.6460449653761982
755,4.374273685808248,-0.4108930432246325,0.22912594320797897,1.0000459991101718,389,313,0.8046272493573264,0.5459613624559815,ok,1090.0184112391983,-141.2759448404032,-0.8751709085841749
756,1.628153336728701,-0.28346355220048736,0.4268246712296951,1.000136109186345,385,320,0.8311688311688312,0.36526208605162336,ok,1088.3971191639885,-140.9555593223339,-1.3019955798138663
757,-0.2149570912379204,0.10144026941929951,0.09920673129716674,0.9999965373300399,407,372,0.914004914004914,0.39203373156574334,ok,1088.6095314433337,-141.0622256380883,-1.4012023111110319
758,-0.4182101228623196,0.22152066579360508,0.04856250562851946,0.999991930533272,410,369,0.9,0.33820106490954166,ok,1089.022003116904,-141.2942563057601,-1.4497648167395512
759,-0.8750419178707034,0.5589245103869871,-0.13005229170689991,0.9998945201306201,384,332,0.8645833333333334,0.5586818739617532,ok,1089.8839401715109,-141.87318590444886,-1.3197125250326522
760,-0.18006335565496556,0.42462032023126994,-0.1634187178668828,0.9999864944903897,408,372,0.9117647058823529,0.6437798770795187,ok,1090.055398122539,-142.3013533943781,-1.156293807165771
761,-0.4778334114505469,0.56572705920712,-0.35346282426323455,0.9999457700845638,352,279,0.7926136363636364,0.4432308750448196,ok,1090.5252578934299,-142.87372012149945,-0.8028309829025394
762,1.5007354008566836,-3.169875372670049,-0.2320675251556292,1.000146339270788,321,274,0.8535825545171339,0.726345151284035,ok,1089.05617378534,-139.6890523986434,-0.5707634577469124
763,7.426076784986435,8.087636310379935,-0.3579399176896134,0.9995092612656865,376,299,0.7952127659574468,0.6985191419120542,ok,1081.6001070046998,-147.74904902817912,-0.21282354005730214
764,0.4375527123197571,1.5047890446821839,-0.018591693140673975,1.0000349586688488,434,382,0.880184331797235,0.5990218156474922,ok,1081.1574556036737,-149.25234613195573,-0.19423184691662834
765,-0.47527090847279396,-0.2452617893935667,0.08662990433527847,1.0000285506525621,436,395,0.9059633027522935,0.4978714377389255,ok,1081.633923061191,-149.00941704002912,-0.28086175125190604
766,-0.7314573711314551,0.3932839469624696,0.24391592469214998,0.9999932379020926,441,361,0.81859410430839,0.34756686092764055,ok,1082.3617476759318,-149.40938388727807,-0.5247776759440539
767,-1.1640941107802973,0.5271383776707808,0.3168192446512683,0.9998220068105689,429,356,0.8298368298368298,0.3786712388927876,ok,1083.517973542812,-149.9535637405653,-0.8415969205953195
768,-0.9679972426879431,0.8998872806330382,0.20045385333321997,1.0001279773017528,418,374,0.8947368421052632,0.5780739553295807,ok,1084.4694451523599,-150.87090640060012,-1.0420507739285378
769,-0.6624954252083626,1.080625647373381,0.08140238815941996,0.9998411096800693,450,418,0.9288888888888889,0.34038100113176284,ok,1085.1106257230472,-151.96431366871047,-1.123453162087957
770,-0.4125111446724077,1.3255284459102086,-0.029088199575097593,0.9999352184112382,426,391,0.9178403755868545,0.4804389732297167,ok,1085.4977452095452,-153.2974789279973,-1.0943649625128598
771,-0.16890906065168565,0.8967863698275096,-0.04116089419953821,1.0000248433283563,340,293,0.861764705882353,0.6308491734892918,ok,1085.6501420444326,-154.19721848397717,-1.0532040683133221
772,7.588059196035829,1.0726728420650034,-0.29434881367812704,0.9998106411491317,292,220,0.7534246575342466,1.066823674029591,ok,1078.0485417529173,-155.16929996033798,-0.7588552546351974
773,3.395469138630915,6.335278058803851,-0.20762419277089075,0.9997256044433388,351,278,0.792022792022792,0.5641301357697299,ok,1074.592280271245,-161.47161821032068,-0.5512310618643085
774,0.023085620676283725,1.391514886672553,-0.11189054660874079,0.9999143500969898,351,313,0.8917378917378918,0.9259007846046328,ok,1074.5585253832,-162.86291517116206,-0.4393405152555686
775,-0.7669532294094097,0.32112820392148933,-0.043623403000956164,0.9999344090774839,386,349,0.9041450777202072,0.39683197251418206,ok,1075.323242444926,-163.1893326874815,-0.3957171122546128
776,-0.31668160099297893,0.4458589383795015,0.01686608263640254,1.0000476692104698,398,360,0.9045226130653267,0.30016477625572885,ok,1075.6367052618627,-163.6374604502215,-0.41258319489101525
777,-1.0688448160640291,0.38622506792785316,0.09886137395774734,1.0000199342951182,377,323,0.8567639257294429,0.5498958685040531,ok,1076.7020599447383,-164.0332109317111,-0.5114445688487617
778,-0.8458388455162549,0.5915775157014878,0.15219248144605999,0.9999904235351691,392,369,0.9413265306122449,0.39098482071563145,ok,1077.5409901699113,-164.63454560305365,-0.6636370502948203
779,-0.6469144883167246,0.8084745442794201,0.22513838850838713,0.9999957449249921,380,337,0.8868421052631579,0.6079043224576756,ok,1078.1752862273818,-165.4529574525642,-0.8887754388032055
780,-0.748688046748839,0.9198524160724446,0.2507375411505094,0.9999679106066032,366,322,0.8797814207650273,0.6948587084962241,ok,1078.9055331580837,-166.38751707019128,-1.1395129799537125
781,-0.15897709157820827,0.43157932747521954,0.06590151433914501,0.999969385341965,407,373,0.9164619164619164,0.3022302607942146,ok,1079.0553959769466,-166.8223452742826,-1.2054144942928569
782,-0.15621928336327073,0.5817858883335703,0.03638200096667753,1.0000062223790878,420,387,0.9214285714285714,0.21788313554091804,ok,1079.1989702577634,-167.40738006833044,-1.241796495259534
783,-2.1389096870002504,0.34321282069629433,-0.07089186268269972,0.9995076738740466,300,244,0.8133333333333334,1.4167543115532046,ok,1081.3304198601963,-167.79422924013204,-1.1709046325768349
784,2.2254144449550495,5.569827027306019,-0.18199885273578717,0.9998081586651968,363,297,0.8181818181818182,0.5266733857983651,ok,1079.0092083197906,-173.32481867983995,-0.9889057798410493
785,9.67853650385905,3.4068633264840855,-0.4647740754329983,0.999844658961267,351,284,0.8091168091168092,0.806389274906784,ok,1069.2999118247717,-176.643003146335,-0.5241317044080549
786,1.1123128985495896,0.1616979092514157,-0.139950660855362,1.0000123078937149,420,385,0.9166666666666666,0.4642004980081832,ok,1068.1865397183403,-176.79723916922433,-0.3841810435526943
787,-0.27724194255711154,0.973950575329809,-0.13327359084182594,0.999892050886424,376,342,0.9095744680851063,0.6946508831790361,ok,1068.4595139296532,-177.77239448908688,-0.2509074527108695
788,-1.7053976548595529,0.4670249713637986,0.0365242003327314,0.9999508556007014,389,345,0.8868894601542416,0.4584547340981901,ok,1070.162547244001,-178.24796889472577,-0.2874316530436006
789,-0.7467599700198662,0.4275043889058452,0.06788772173376902,0.999978825384579,429,403,0.9393939393939394,0.33406213994549067,ok,1070.906641705951,-178.68009606009866,-0.3553193747773691
790,-1.6943806247963948,0.9782457090707339,0.2331390033018358,0.9999712581527951,374,332,0.8877005347593583,0.5853650913102049,ok,1072.590886035241,-179.67569206664712,-0.5884583780792029
791,-1.0916363365483903,0.9460223903010956,0.34125069440202516,0.999908695749479,346,277,0.8005780346820809,0.5754638087396888,ok,1073.6670287177421,-180.6393025590786,-0.929709072481225
792,-0.2571557695514457,0.6597665524437843,0.1479956867237017,0.9999945809854319,327,303,0.926605504587156,0.6299405437134932,ok,1073.9117298532938,-181.30378908851083,-1.0777047592049256
793,-1.5636833124585792,0.9802283151855136,0.18579217923706046,0.9998146000279935,332,281,0.8463855421686747,1.196357249014123,ok,1075.45341855163,-182.31825890519985,-1.2634969384419845
794,1.1234740494214748,3.817190446752761,0.02258101967909768,1.000040429563229,371,327,0.8814016172506739,0.6844015265208296,ok,1074.2445529263944,-186.10927206089139,-1.2860779581210817
795,6.860886898217814,4.025517475610513,-0.16457235973328288,0.9996806491665702,371,303,0.816711590296496,0.469306154289762,ok,1067.3061900189605,-189.99973220608388,-1.1215055983878002
796,2.9257478402573724,0.14370764089812837,-0.15344472055987257,1.000209403534426,386,350,0.9067357512953368,0.4994607462688887,ok,1064.3784318278242,-190.09398869157837,-0.9680608778279289
797,1.340219309519398,0.5684422567289857,-0.3215851394701809,0.9999255725377687,346,288,0.8323699421965318,0.427432554645927,ok,1063.03188415652,-190.64727321670864,-0.6464757383577511
798,-1.0027273609107397,0.24566038441923865,-0.11892812560815444,0.9999502885426833,366,331,0.9043715846994536,0.5337953722713317,ok,1064.0323071416417,-190.90215561239847,-0.5275476127495978
799,-0.6606862084465774,0.25381730840786076,-0.029066311951691175,0.9999144806146711,375,339,0.904,0.4157470167387179,ok,1064.6907601275227,-191.16171130480984,-0.49848130079790703
800,-1.5453223263207292,0.7402211982986273,0.006549458066033985,0.9997794323659183,340,298,0.8764705882352941,0.5327362272629501,ok,1066.2294978647603,-191.91552473705644,-0.505030758863941
801,-0.812795903239703,0.4682612083255435,0.041487810300140475,0.9999093334682323,407,372,0.914004914004914,0.31324597359749684,ok,1067.0377903281121,-192.39151741896956,-0.546518569164081
802,-0.5017883156585867,1.0051546669299114,0.09794712737224294,0.9999250076119126,390,363,0.9307692307692308,0.37444257613991433,ok,1067.5282411114688,-193.402252521401,-0.644465696536323
803,1.5210438883416373,-1.466438666558247,0.2631052841936396,0.999993540235772,315,254,0.8063492063492064,0.6705690151904096,ok,1066.0306156072184,-191.91190533968233,-0.9075709807299599
804,-3.761672250534957,5.154779836446664,0.22060113097558837,0.9996676319229405,367,312,0.8501362397820164,0.6669821490355655,ok,1069.6900659699272,-197.1397496684234,-1.128172111705546
805,1.2061330443282259,3.7511377733974314,0.10622706015273788,1.0001626098207697,359,315,0.8774373259052924,0.5890914064035921,ok,1068.40340333531,-200.86403359695373,-1.2343991718582827
806,7.944198461657379,3.0409940096822083,0.03461213956420408,0.9999117794898883,299,230,0.7692307692307693,0.7356752255692232,ok,1060.3938055951526,-203.72834464954337,-1.2690113114224864
807,2.9536096124497817,-0.2481870615220032,-0.07364677112966693,1.0002081986630726,341,295,0.8651026392961877,0.5131720758945024,ok,1057.4460163260892,-203.41859477389983,-1.1953645402928201
808,0.45594941327181004,-0.4375591004252328,-0.28611111828649527,1.0000714157509152,345,283,0.8202898550724638,0.4513412564856618,ok,1056.997067862544,-202.97385539976221,-0.9092534220063277
809,-0.6014444161783103,-0.17549853145362704,-0.1587177941931357,0.9998260527446947,362,329,0.9088397790055248,0.5347692523826666,ok,1057.6007595231983,-202.80625021144533,-0.7505356278131935
810,-1.9009962737736714,0.3439690441556422,-0.17287282859189157,0.9998271920419584,354,307,0.867231638418079,0.49914406904772257,ok,1059.4981913028355,-203.16936751737035,-0.5776627992213035
811,-0.9058904851444822,0.4819048793045795,-0.05086317275049857,0.999858552138727,368,333,0.904891304347826,0.49931067912059784,ok,1060.3996127397197,-203.6595810187132,-0.5267996264708056
812,-1.7121891078154476,1.249019601178361,-0.015153921568156125,0.999787197565832,349,319,0.9140401146131805,0.5859227232519735,ok,1062.10058010572,-204.92384029783773,-0.5116457049026495
813,-0.26866865785677874,0.788808687672713,0.03588456805208554,0.99995889996328,400,370,0.925,0.321307258978451,ok,1062.3616985925166,-205.71518038232443,-0.5475302729547346
814,1.344390602032945,-0.25360925680092805,0.13304023814770133,1.0002787782898896,285,239,0.8385964912280702,0.8849764925063704,ok,1061.0204151801179,-205.44562045653038,-0.6805705111024346
815,5.4600151958266,5.289220092275173,0.13841355493528282,0.9997976522024148,345,286,0.8289855072463768,0.5929070771856118,ok,1055.4853563924755,-210.65625759036834,-0.818984066037716
816,3.369994217261592,5.997043056520965,0.34788904609464477,0.9997402559547366,355,259,0.7295774647887324,0.6793266239890758,ok,1051.9939350252894,-216.583429199399,-1.1668731121323572
817,-0.08881915020810993,0.8083277788198302,0.15014973484901767,1.0000131884256678,374,330,0.8823529411764706,0.5125285755822923,ok,1052.0641518143386,-217.3935848893692,-1.3170228469813734
818,-0.12777482169644827,0.21683242381493528,0.010016045057281745,0.9999887562028615,428,398,0.9299065420560748,0.23410662976626612,ok,1052.186870716039,-217.61331831022846,-1.327038892038655
819,-0.7086141660779504,-0.13601957652315377,-0.15437001922179155,0.9999389046770527,340,302,0.888235294117647,0.6402675928870469,ok,1052.898120178896,-217.4918293677298,-1.172668872816865
820,-0.38506938519731193,-0.05002014109618358,-0.14750361676382576,0.9999885281728426,389,352,0.9048843187660668,0.5450060711178196,ok,1053.2840228653954,-217.44870672305183,-1.0251652560530409
821,-0.802602633735205,0.48619981823662783,-0.30675563913376097,0.9999246363442044,336,276,0.8214285714285714,0.40283046144617174,ok,1054.0804662969226,-217.9449315826762,-0.7184096169192832
822,-0.4438684835731692,0.21062657107438554,-0.08613065879158224,0.9999183837726693,362,326,0.9005524861878453,0.5352614589263731,ok,1054.5219834631796,-218.16044347342108,-0.6322789581277019
823,-0.6231037699494664,0.7148830595231175,-0.09418166238696012,0.9999990455243085,364,341,0.9368131868131868,0.5077421894578105,ok,1055.1383459787162,-218.88114684260995,-0.5380972957407426
824,1.6450078142067923,-2.6502595871238555,-0.02109738340638806,1.000373215109702,257,197,0.7665369649805448,1.2403484551160961,ok,1053.5173190302185,-216.21615186696965,-0.5169999123343548
825,5.958339311898726,4.679932577172849,0.02843449780575624,0.9995162301344702,296,218,0.7364864864864865,0.5979964234407137,ok,1047.5146991620213,-220.83915208333644,-0.5454344101401108
826,3.332971637603805,5.603945869599784,0.12619078677013854,0.9997750531436725,283,212,0.7491166077738516,0.6407335060899443,ok,1044.1162681613846,-226.4036445112573,-0.6716251969102481
827,-0.2789110218168389,1.8165556483257888,0.2694160640783131,0.9999460107383908,304,260,0.8552631578947368,0.8247980563752902,ok,1044.365307308843,-228.2245358546901,-0.9410412609885584
828,-1.2107675054840001,0.42543414666943136,0.35814440727917707,0.9999295993930684,310,250,0.8064516129032258,0.5335066321139834,ok,1045.5661176429917,-228.67731251805685,-1.2991856682677319
829,-0.987245555669233,0.6512525698011586,0.14427926687722134,0.9999823856770302,331,308,0.9305135951661632,0.5965888678115225,ok,1046.5366445028228,-229.35322768374556,-1.4434649351449516
830,-0.7673886274044435,0.5594315788667927,-0.035740811321650204,0.9999893961549995,358,314,0.8770949720670391,0.46204209212712166,ok,1047.2900579952213,-229.93134281620155,-1.4077241238233018
831,-0.9324737664667282,0.8023791290759164,-0.24377476647292173,0.9998069992321432,363,295,0.8126721763085399,0.38121030378110243,ok,1048.2060403482924,-230.75249805170085,-1.1639493573503825
832,-0.853428327551228,0.933751870404194,-0.3433546579098421,1.0000352813505937,352,291,0.8267045454545454,0.4256517665363323,ok,1049.0460083377209,-231.69837660758753,-0.8205946994405441
833,-0.28593029179137375,0.38376850235874826,-0.17406187906324078,0.9999789765716699,369,336,0.9105691056910569,0.4199783786334421,ok,1049.3275900253348,-232.08534708238767,-0.6465328203773052
834,-0.29786521450137116,1.2685062536370424,-0.31167992181984927,1.0000664554121703,318,251,0.789308176100629,0.54722226480692,ok,1049.6180366823407,-233.35557247221436,-0.33485289855745914
835,7.183297879807469,1.5526344202587552,-0.17199958661999817,0.9998955386347135,336,254,0.7559523809523809,0.9412936236992819,ok,1042.4303547307973,-234.88778337038445,-0.1628533119374627
836,3.0247243412982243,7.013452768467232,0.038294569954062,0.9997480103798577,336,271,0.8065476190476191,0.4625898535669343,ok,1039.3810270015724,-241.89057406239738,-0.20114788189152427
837,-0.1326652761108562,2.047585738684461,0.2136422789987876,1.000102426587476,334,293,0.8772455089820359,0.5405572814309375,ok,1039.4988655279149,-243.9390665604211,-0.41479016089030946
838,-0.4908664670340386,0.44768703352963257,0.13386674456995581,0.9998674102807377,339,302,0.8908554572271387,0.5166155032018496,ok,1039.9854225624854,-244.39143346964295,-0.5486569054602637
839,-0.7467038988202148,0.7014779519315653,0.3698356210287034,1.0001078200492992,350,286,0.8171428571428572,0.3076647133670974,ok,1040.720785803786,-245.10479097672032,-0.9184925264889627
840,-1.1250934250879254,0.26766574220891926,0.3360348874353067,1.000069888481479,329,282,0.8571428571428571,0.39308750804658465,ok,1041.8397493013583,-245.3970252249353,-1.2545274139242657
841,-0.7980522586763072,0.4613044437037388,0.11938215517161191,0.9999040858449577,354,313,0.884180790960452,0.43619579327712293,ok,1042.626511456826,-245.87733190621623,-1.3739095690958762
842,-0.6862974372957069,0.4216276634605265,-0.06435390132672851,0.9999739372851961,348,332,0.9540229885057471,0.4370102283252669,ok,1043.3029937338697,-246.31453413388647,-1.3095556677691484
843,-0.6586691475974931,0.6544634586067559,-0.24930657236477224,0.9997780946426073,364,292,0.8021978021978022,0.43948364892382435,ok,1043.9494400621174,-246.9810734120565,-1.0602490954043788
844,-0.3473463661302958,0.6777127182097047,-0.3430840578442771,0.9999931209399399,331,272,0.8217522658610272,0.358863581101198,ok,1044.2882765839345,-247.66308062460632,-0.7171650375601054
845,-0.17090647429267847,0.4052043346513301,-0.10234763179736692,0.9999123773470777,333,306,0.918918918918919,0.44502424230301274,ok,1044.4548252214245,-248.07009552252237,-0.6148174057627396
846,-1.7496723127637779,-0.4594718343571458,-0.21097843672579283,1.000049811830205,327,262,0.8012232415902141,0.40194114345752685,ok,1046.2076925510971,-247.62296724877308,-0.40383896903694894
847,-3.5743223161102833,-3.133282096012749,0.008548505787527505,1.0002396110745368,336,280,0.8333333333333334,0.4443541658858979,ok,1049.8044739484292,-244.51549234260847,-0.4123874748244764
848,-4.700619375559199,-5.020450408816828,0.1076480660414305,1.0001740597587276,349,287,0.8223495702005731,0.40327865867306734,ok,1054.5504663584031,-239.53791252248072,-0.5200355408659056
849,-5.65377887137538,-6.804016952953361,0.13153085501518774,0.9998161166790746,320,259,0.809375,0.5156963810558783,ok,1060.2812531245354,-232.798628787275,-0.651566395881092
850,-6.161128565925537,-8.417892502773498,0.11897847357349126,0.9984398284706049,330,259,0.7848484848484848,1.1125716558821306,ok,1066.5550295313137,-224.464353234363,-0.7705448694545821
851,-3.6457212721413725,-5.36935481597834,0.04667718067589155,0.9987230299875535,335,276,0.8238805970149253,0.8798980147144219,ok,1070.276961636346,-219.1475425230866,-0.817222050130473
852,-7.509837742472428,-18.60687412135053,0.031798046259691105,0.9926693600015363,306,236,0.7712418300653595,2.4268212868969297,ok,1078.0616851120258,-200.65398937899738,-0.8490200963901638
853,-3.0259606691345198,-6.0557269123582955,0.006140496774593622,0.9970726813590758,329,273,0.8297872340425532,1.7944070464169315,ok,1081.1776893427786,-194.64409886068165,-0.8551605931647573
854,-4.274589006232873,-13.093476987093027,-0.02077389145184184,0.9932321586650531,355,303,0.8535211267605634,2.478510841876746,ok,1085.6424959742483,-181.61425801256212,-0.8343867017129156
855,-3.7235940224791193,-15.775932699760915,-0.04246182770879367,0.9911370618115615,349,285,0.8166189111747851,2.6055529131990056,ok,1089.5837775368407,-165.89129694805558,-0.7919248740041225
856,-2.72218923491846,-15.137381878523229,-0.039628791479552804,0.9913209647535904,358,292,0.8156424581005587,2.9082603684740143,ok,1092.5044808982173,-150.79096131464019,-0.75229608252457
857,-2.441598446909211,-15.665271859554537,-0.014009144958104522,0.9908732429175178,327,265,0.8103975535168195,2.8843574221547312,ok,1095.1477265181409,-135.15845038381224,-0.7382869375664657
858,-4.818102925351468,-17.19750060654053,-0.005922676643132208,0.9938323644943393,368,296,0.8043478260869565,2.1979845985813364,ok,1100.1852511993966,-118.02393877720442,-0.7323642609233335
859,-4.43803758822105,-16.809825947642935,-0.008273302674034014,0.9939363552950982,357,285,0.7983193277310925,2.102383250940584,ok,1104.835367466775,-101.27154059890245,-0.7240909582492997
860,-5.203246206785479,-16.876325790947476,0.014898125846115409,0.993991393594815,372,309,0.8306451612903226,2.7298330274001983,ok,1110.255842207529,-84.4637270327222,-0.738989084095415
861,-4.894345452230482,-17.126633156041976,-0.004635343620145282,0.9942553342304725,358,298,0.8324022346368715,2.5922078831308557,ok,1115.3692898360432,-67.40122914941537,-0.7343537404752696
862,-3.26911807799911,-8.351356579936464,0.006589093751337371,0.9971233841595879,399,345,0.8646616541353384,2.173224022726872,ok,1118.7461303956945,-59.09284557811566,-0.7409428342266069
863,-9.699657814962393,-27.482207806918495,0.030319593744288467,0.9913087647708484,368,303,0.8233695652173914,1.9276332413098884,ok,1128.81483815012,-31.74369144446848,-0.7712624279708951
864,-6.834292260310576,-19.10181841505903,0.01128863424932104,1.0009449525343952,412,355,0.8616504854368932,0.9659163646771253,ok,1135.909379267435,-12.736995156161129,-0.782551062220216
865,-3.270506024452061,-9.445053100299447,0.000897835396571862,1.0005251999267437,474,416,0.8776371308016878,0.5434419752185413,ok,1139.3087249415391,-3.33754375135004,-0.7834488976167878
866,-6.6022478932031845,-20.09755287512303,0.006790550942093824,1.0010436688614464,453,396,0.8741721854304636,0.9061328295404554,ok,1146.1875271754122,16.667040439253014,-0.7902394485588815
867,-6.663668656143045,-21.23579089737666,0.005124390289229839,1.0010771521546673,483,414,0.8571428571428571,0.9767001877310748,ok,1153.1453335779827,37.80828508237482,-0.7953638388481113
868,-5.557268503221621,-18.531536543301854,0.004210339617356045,1.0008649229304083,502,437,0.8705179282868526,0.7625677197274612,ok,1158.960663899901,56.26046688073154,-0.7995741784654674
869,-5.273710575672567,-19.12399346281302,0.0027711314367619448,1.0008776469371345,458,402,0.8777292576419214,0.8181517163285248,ok,1164.5016527756566,75.30873691977786,-0.8023453099022293
870,-4.768063396680873,-18.48822338456398,0.00010277970033840683,1.0008783334028646,496,449,0.905241935483871,0.7995747805221618,ok,1169.528174334091,93.7283708329395,-0.8024480896025676
871,-4.423380087598389,-18.0565518704708,-0.0010755424925803626,1.0007875100984003,520,455,0.875,0.7701391906250491,ok,1174.203663111975,111.72129059428596,-0.8013725471099872
