frame,step_center_dx,step_center_dy_down,step_rotation_deg,ransac_scale_diagnostic,good_matches,inliers,inlier_ratio,median_reprojection_error_px,status,center_x_in_reference,center_y_in_reference,rotation_to_reference_deg
489,0.0,0.0,0.0,nan,0,0,0.0,nan,reference,1280.0,720.0,0.0
490,1.8500344696155935,1.897883283346573,-0.03229132792603796,1.0001031113041385,436,415,0.9518348623853211,0.4772776734050173,ok,1278.1510354521695,718.1010743572122,0.03229132792603796
491,-2.065188171804948,0.7342216330184783,-0.08511991921992183,0.999730404729165,465,446,0.9591397849462365,0.44597806885710967,ok,1280.217723863177,717.3710862729516,0.11741124714595981
492,-6.2186214250036755,2.622725621190284,-0.5069167529138334,0.9999636082052278,422,371,0.8791469194312796,0.5767700239871774,ok,1286.4645542784008,714.8162767154705,0.6243280000597932
493,-0.34148832740288526,0.38718080384728637,-0.18787889709148248,0.9999416700976136,474,453,0.9556962025316456,0.5505408801612102,ok,1286.8114966644582,714.4339754816546,0.8122068971512756
494,-0.004066679167408438,-0.00023710591972303519,3.6601226724504463e-05,0.9999971983013326,674,674,1.0,0.0039726544635306366,ok,1286.815559574195,714.4342702071864,0.8121702959245513
495,-0.02370910881427335,3.399291742988339,-0.7240311352303259,0.9999423521662473,431,372,0.8631090487238979,0.4968418513181746,ok,1286.9303902806325,711.0368358245017,1.536201431154877
496,-0.5368442949995824,1.5273065641373478,-0.020420527754156013,0.9999197257583727,429,407,0.9487179487179487,0.4992222502728988,ok,1287.5085254956123,709.5246761731648,1.5566219589090327
497,-1.440572781257515,6.761150307412095,0.18552805163955874,0.9995555966247345,436,384,0.8807339449541285,0.878792336272731,ok,1289.1104654066303,702.7999314241794,1.3710939072694739
498,-2.641583988610364,14.409901839229292,0.408870621294842,0.9990723624563714,431,383,0.888631090487239,1.0625857846799551,ok,1291.9936648957937,688.4364221840669,0.962223285974632
499,0.1848808990289399,4.871121928184266,0.4644585139687837,0.9996707554260874,398,349,0.8768844221105527,0.41963276150472567,ok,1291.851108966652,683.5638779212479,0.4977647720058485
500,0.5936089781412193,2.891858716032175,0.4116321296506446,0.9997909668189795,356,306,0.8595505617977528,0.537164414492584,ok,1291.2618479836333,680.671130101905,0.08613264235520429
501,0.20036312161437309,2.7991670237245216,0.24071394490565848,1.0000241131536372,394,365,0.9263959390862944,0.5223921746579497,ok,1291.053933580191,677.8725138352384,-0.1545813025504539
502,0.2020806393084058,1.6109125520165435,0.004991802334106627,0.9999520587157752,463,440,0.9503239740820735,0.40291481655518546,ok,1290.8473672164043,676.262170340086,-0.15957310488456053
503,-0.12544584538636627,1.586265209817384,-0.23658222975167967,0.999945954009098,442,381,0.8619909502262444,0.34066647098646485,ok,1290.974944987872,674.6760751701073,0.07700912486711874
504,-0.37663707014485226,1.7248327754426782,-0.43090242443133864,0.9999421785103283,406,347,0.854679802955665,0.32168170923813405,ok,1291.3668572339973,672.9546489076187,0.5079115492984565
505,-0.6491921700380772,1.5454698710933599,-0.3790488586690526,0.9999537711641723,389,340,0.8740359897172236,0.494767859921702,ok,1292.0398951231848,671.4194135524324,0.8869604079675082
506,-1.8581846522993146,4.069358076857725,-0.30518897051025495,0.9995374019458336,376,325,0.8643617021276596,0.9343385773874988,ok,1293.9823423063563,667.389596645882,1.1921493784777626
507,4.538619711974434,10.920402319273535,-0.1366021324754511,0.9993966450256513,352,309,0.8778409090909091,0.6421910964787736,ok,1289.6981763541864,656.3668847382347,1.3287515109532133
508,6.6014794320242345,2.9567125815947293,0.04399417246362925,0.9997121607504912,377,334,0.8859416445623343,0.5684407222113852,ok,1283.1646500077507,653.262901255349,1.2847573384895843
509,0.9196468374016149,1.4750879183227426,0.1864505706557602,1.0001237571173132,415,399,0.9614457831325302,0.4534397413672783,ok,1282.2734464596365,651.77045664728,1.0983067678338245
510,-1.1744161594481284,1.2949587192390482,0.32139516529352985,0.9999272207406892,439,383,0.8724373576309795,0.34042667404047533,ok,1283.465313322941,650.4915411769448,0.7769116025402953
511,-1.8803959513927566,1.587134575961727,0.307004069303249,1.0000059680325417,419,382,0.9116945107398569,0.5588170827066615,ok,1285.3586626666379,648.9198817485222,0.469907533237047
512,-1.8436324349365805,1.6857092871755412,0.24494651793096134,0.9999234897134696,451,435,0.9645232815964523,0.5550225712883066,ok,1287.2088994918636,647.2414241093193,0.22496101530608617
513,-0.7706863907521893,0.8834648235491613,0.0792528357951367,0.9999750083902506,463,447,0.9654427645788337,0.28064486320231946,ok,1287.9818301163991,646.3599220633803,0.14570817951094958
514,-1.0204566986203645,1.6098258991954708,0.06601380014844087,0.9998598210918869,420,409,0.9738095238095238,0.419818684544952,ok,1289.0045249812026,644.7515171041164,0.07969437936250882
515,6.1768553141857865,6.472089828777257,-0.19957909480527494,0.9995869418466897,342,296,0.8654970760233918,0.7461029748482592,ok,1282.8592894472627,638.2493967917455,0.2792734741677834
516,-3.451559236766343,9.094099517489894,-0.2873670582362118,0.9994771423664465,414,356,0.8599033816425121,0.7394612689528851,ok,1286.4006167326902,629.1898764812433,0.5666405324039947
517,-5.6060210789150915,2.739259439721991,-0.24964810312519858,0.9998688686878104,416,368,0.8846153846153846,0.5219900976188527,ok,1292.0450935823487,626.5307608934935,0.8162886355291927
518,-0.4832541133825998,1.314887193867662,-0.17325484057799098,0.9999621518619429,438,392,0.8949771689497716,0.3174252888524173,ok,1292.5509836389128,625.2244155634339,0.9895434761071832
519,0.9283084359833538,1.0695817629771227,-0.06385074417337193,0.9999730398909412,444,426,0.9594594594594594,0.4121196035441308,ok,1291.642495453944,624.1379483905367,1.053394220280555
520,1.2918127187838309,1.4086638189157838,0.050202748299124564,1.0000396056920935,436,419,0.9610091743119266,0.44270850179413085,ok,1290.3755437687798,622.7068833037595,1.0031914719814308
521,0.2211506143862607,1.6220466172965189,0.15400391367022567,0.9999816787132331,449,432,0.9621380846325167,0.40017387985106856,ok,1290.1784571091098,621.0817372575511,0.8491875583112054
522,0.15351179185313413,1.910849840126275,0.21128134137050641,1.000086078910897,447,426,0.9530201342281879,0.4722686323332095,ok,1290.0462289606305,619.169296749065,0.6379062169406995
523,-0.36618544942461995,1.1109224998854188,0.13745899079097523,1.0000071766306236,448,423,0.9441964285714286,0.4212397861613259,ok,1290.4221036175636,618.0616150139095,0.5004472261497246
524,2.1266134392699314,-5.877522144681961,0.3611031511192191,0.9999526431801964,380,309,0.8131578947368421,0.5419792941267222,ok,1288.2812022718176,623.9339478305245,0.13934407503050625
525,6.975450780136498,8.811433420707544,0.08312085092730695,0.9994104221176221,336,283,0.8422619047619048,0.8603928345729616,ok,1281.3144013353692,615.1156737802601,0.056223224103199465
526,-3.4984044896909836,10.950905988803811,0.030097600876226944,0.9994594815749972,401,351,0.8753117206982544,0.6612934777315004,ok,1284.8177988349926,604.1663641258232,0.026125623226972584
527,-0.002273775855428539,0.0022923470941123014,-0.00011780387014665747,1.0000005504600393,600,600,1.0,0.004399583343828196,ok,1284.8200736605831,604.1640728204366,0.026243427097119236
528,0.010492775881630223,-0.005064814555680641,-0.00013942419678562577,0.9999932843902885,590,590,1.0,0.012015424739041866,ok,1284.8095785536311,604.1691328028718,0.02638285129390486
529,-0.18311271993843548,6.813810848099365,-0.6603692543805835,0.9996950053588114,354,311,0.8785310734463276,0.5326374416558662,ok,1285.0743470832738,597.3580061583591,0.6867521056744865
530,0.6351160433766836,1.4022948192937292,-0.3265153010836748,0.9999761105315174,425,381,0.8964705882352941,0.3442777338956221,ok,1284.46412843916,595.9446992719579,1.0132674067581604
531,-0.9333133777779494,1.3015308158655898,-0.20252009030847118,0.9999009691583691,457,406,0.888402625820569,0.30377824180374446,ok,1285.4248474586304,594.6632644154728,1.2157874970666311
532,-0.826819854781661,1.321980733359851,-0.005719078722284197,0.9999987548191112,468,443,0.9465811965811965,0.39236113511876686,ok,1286.279661004554,593.359209994315,1.221506575788915
533,-0.4211911115605744,1.6287610410280422,0.16999228739345085,0.9999875158905885,427,398,0.9320843091334895,0.4290616217814778,ok,1286.7306711615402,591.7384526653098,1.051514288395465
534,-0.8295405581038722,8.832546860111165,0.31510678231265465,0.9994438705754451,355,307,0.8647887323943662,0.8676231503141221,ok,1287.6736624676532,582.9172969037219,0.7364075060828108
535,6.155830829657134,14.224724599713682,0.40267829136430605,0.9991230219808084,380,329,0.8657894736842106,0.9537797124580432,ok,1281.6007899710362,568.6569581005629,0.3337292147185056
536,7.935932677433584,5.554159727803722,0.32956790104783057,0.9995585900330857,363,316,0.8705234159779615,0.7274404532992711,ok,1273.6652607055157,563.1022220115319,0.004161313670675839
537,1.3208123725914902,2.9243205002051127,0.18757088607077138,1.0000027918348326,415,389,0.9373493975903614,0.35728701246395433,ok,1272.335094071081,560.1821445406164,-0.18340957240009526
538,-0.5904315968596165,2.2701867942369063,0.016576654771501415,0.9998386855191961,429,414,0.965034965034965,0.39399632463632367,ok,1272.917598186285,557.9099107262681,-0.19998622717159664
539,-1.3778502985746854,2.0884820181217947,-0.1596936680330928,0.9999658768713366,414,368,0.8888888888888888,0.39113108207919034,ok,1274.2939794447336,555.820460268207,-0.04029255913850412
540,-1.4587443200298367,1.825148936817186,-0.30054548741932074,0.9999344050618126,406,362,0.8916256157635468,0.29491953823981387,ok,1275.760999007863,554.0019561482828,0.26025292828081603
541,-0.9108993781680965,1.6833011562242746,-0.19464634598484556,1.0000301622481236,424,378,0.8915094339622641,0.3308885921589827,ok,1276.6852340891417,552.325940046264,0.4548992742656612
542,-0.3341916236850011,1.2544437031720008,-0.06927808724961891,0.9999014035140322,418,393,0.9401913875598086,0.47571332863849647,ok,1277.030887997156,551.0746061892762,0.5241773615152798
543,-0.02071251620827752,-0.009382878120959504,-0.000471796954446833,0.9999756894380218,602,598,0.9933554817275747,0.028129328404404894,ok,1277.0515137285627,551.0841783328942,0.5246491584697267
544,5.657347877224765,15.700672160451745,-0.02354735137074087,0.9990139006838235,384,333,0.8671875,1.3338658119374922,ok,1271.5446439295958,535.330097074022,0.5481965098404675
545,-5.565476614055797,3.2094624532328453,0.06869867928337559,0.9999964712565036,429,382,0.8904428904428905,0.4369927023290141,ok,1277.1367847368076,532.1673229163192,0.47949783055709216
546,1.5603577177673742,1.81425024942439,0.10590053743660383,1.000115064791859,429,411,0.958041958041958,0.35362137759837076,ok,1275.5882899298326,530.3429369901228,0.3735972931204886
547,4.198948010423692,1.4556321646754213,0.3226641191219958,0.9998604775248973,396,342,0.8636363636363636,0.4488405319769497,ok,1271.3906375648353,528.8835727395963,0.05093317399849347
548,0.24832888142623233,1.6567219743185433,0.30157710730226556,1.0000603635399579,418,385,0.9210526315789473,0.39245099082896057,ok,1271.1350636498246,527.2279529440192,-0.25064393330377155
549,-1.0582827432253907,1.602019769972685,0.1536049449430834,0.9999826269141887,404,392,0.9702970297029703,0.39736050263959555,ok,1272.1820171377196,525.6185064235733,-0.4042488782468546
550,-1.0195415612840861,1.4682761997501075,-0.037757505275982595,1.0000004192326548,387,366,0.9457364341085271,0.41860216242686255,ok,1273.1921461048444,524.1437388270638,-0.36649137297087214
551,-0.24712494543518915,0.6746665758859081,-0.08562804793601367,1.0000065087077015,427,418,0.9789227166276346,0.35294155166457586,ok,1273.4359608857324,523.4678689580102,-0.2808633250348586
552,5.509466890659269,5.471294217906916,-0.4878303997544023,0.9995635854727551,373,319,0.8552278820375335,0.7004463827274462,ok,1267.9462936171915,517.9767088693874,0.2069670747195425
553,3.3193310530614326,11.057237842605446,-0.29597792079215696,0.9994611334262486,354,308,0.8700564971751412,0.6286544833714702,ok,1264.724150144678,506.8907601598585,0.5029449955116988
554,0.4369749287211562,2.758096003657556,-0.21046899984644482,0.9998714516253896,386,337,0.8730569948186528,0.26453558627690216,ok,1264.3215504224077,504.12743713904644,0.7134139953581431
555,-0.28660952074505985,0.8241729778378613,-0.08102957710461135,0.9999876321937117,390,374,0.958974358974359,0.4184074394664506,ok,1264.619559725208,503.3073172879124,0.7944435724627544
556,-0.20865202744084854,0.5567680362086094,0.008436582437514068,0.9999866039812145,392,370,0.9438775510204082,0.25182444102699486,ok,1264.8358298519288,502.7534639255619,0.7860069900252403
557,-0.710825088473257,0.691216532195881,0.12679834711848834,1.0000110046700994,385,370,0.961038961038961,0.3189177010021656,ok,1265.5545604142462,502.07047126119795,0.6592086429067523
558,-0.7851291006534211,0.8286673474418649,0.21948865009901095,1.0000172222254302,382,367,0.9607329842931938,0.4283304646182528,ok,1266.3460259896192,501.2478537799786,0.43971999280774193
559,-0.7220733210519938,0.8879731133514497,0.2337068641316408,0.9999772796014899,418,399,0.9545454545454546,0.4456736517731365,ok,1267.0712874388685,500.3624826932341,0.20601312867610175
560,-0.6327106675798859,1.1539461431701739,0.1726054000103982,1.0000298617673784,410,387,0.9439024390243902,0.3912275860736337,ok,1267.7046708358434,499.2089056638846,0.033407728665703976
561,0.7745774195891499,-5.154141633498284,0.10887180801760553,1.0000058959592113,390,346,0.8871794871794871,0.36554227166767517,ok,1266.936882588826,504.3640630198572,-0.0754640793519013
562,-1.1096284447646667,13.351010889712825,0.013514768189083006,0.9991762398627482,281,226,0.8042704626334519,0.9343700590554427,ok,1268.0257759330248,491.0113450063733,-0.08897884754098428
563,8.074303551670482,5.78320403714406,-0.0928592784145414,0.9995924011887147,330,286,0.8666666666666667,0.6469238390735004,ok,1259.951864074855,485.22759413982754,0.003880430873556934
564,3.758663000140359,1.33632532422871,-0.14796021918970387,1.000081454023758,345,322,0.9333333333333333,0.6459484626656485,ok,1256.196755690864,483.881312614559,0.15184065006326047
565,0.20391961544623882,1.433488494616313,-0.17570033482472147,0.9999781782302651,356,310,0.8707865168539326,0.34702655045932884,ok,1256.0010341415477,482.4466818087785,0.32754098488798167
566,-0.9903997177539168,1.497366998334769,-0.1401425214280009,0.9999807424627608,381,332,0.8713910761154856,0.26399243011638923,ok,1257.0036231628053,480.9574488575302,0.4676835063159822
567,-1.3971379603372043,1.5416274117353623,-0.06106700849897065,0.9999382802723035,400,381,0.9525,0.5006339724203261,ok,1258.4149282407327,479.42878030815655,0.5287505148149527
568,-1.4030606292333232,1.9137246215841515,0.032154838332261744,0.999947375340693,386,356,0.9222797927461139,0.4238375555000652,ok,1259.8345226537594,477.52728806282244,0.49659567648269104
569,-0.3019494095042319,1.0122679967372505,0.0514493107266445,0.9999819249217142,451,437,0.9689578713968958,0.15947634124103277,ok,1260.1443274542341,476.5173965197738,0.4451463657560466
570,2.3732622787661057,-5.368187496174073,0.2430185298485806,1.0000327859271936,341,279,0.8181818181818182,0.4332516468597783,ok,1257.75214211107,481.87717824311324,0.20212783590746652
571,-4.465143101050899,8.178841696148766,0.10939080388742882,0.9995223064862999,323,279,0.8637770897832817,0.6043699271660018,ok,1262.2305173571106,473.7055743883503,0.09273703202003793
572,9.38885274901736,12.78670683781479,0.34971438880282735,0.9993925364546025,304,260,0.8552631578947368,0.7944256555300865,ok,1252.7844095625494,460.9611059713278,-0.2569773567827889
573,4.560908597943353,2.6552425949237204,0.10628732054985979,0.999907848754266,325,284,0.8738461538461538,0.440814464332298,ok,1248.2067580707699,458.3348334613818,-0.36326467733264844
574,-0.47709494363198246,1.8130868118089438,-0.02372662938469732,0.9999641854480675,351,337,0.9601139601139601,0.49938840437172644,ok,1248.6731002444062,456.5189512103857,-0.3395380479479512
575,-0.7333655302122679,0.7575885273895437,-0.05589304461447691,0.9999124147218751,372,352,0.946236559139785,0.39724663774241276,ok,1249.4027063316405,455.75774142641905,-0.28364500333347437
576,-2.0489635046155854,1.71243670293768,-0.20806684975216092,0.9999992040187637,362,322,0.8895027624309392,0.3469597278033183,ok,1251.449409200262,454.0426034516801,-0.07557815358131378
577,-1.8929550166135414,1.6421233831553081,-0.27891722615207803,1.0000633001733943,376,326,0.8670212765957447,0.3532360736835434,ok,1253.3481800751258,452.40720837244174,0.203339072570764
578,-1.16887942568178,1.6960962128182473,-0.3057063109383194,1.0000867256609465,387,347,0.896640826873385,0.3192161815886631,ok,1254.5320821676235,450.72156389322953,0.509045383509083
579,-0.3069027461845053,1.6729931003487764,-0.175936407491185,0.9999851563473289,390,344,0.882051282051282,0.29383315205047533,ok,1254.8589634516757,449.0523593414846,0.6849817910002677
580,9.088894504871178,4.982485624416313,-0.007455622115808545,0.9994478568911971,335,293,0.8746268656716418,0.8027286035901875,ok,1245.8309461081262,443.96039811198165,0.6924374131160763
581,4.130587160776258,10.400300720897462,0.1613648102891999,0.9993624862490313,383,332,0.8668407310704961,0.6900337722799896,ok,1241.7969350312255,433.5222584305388,0.5310726028268766
582,0.12830566622642436,2.8284905974852563,0.2727262691468726,0.9999435561845649,368,348,0.9456521739130435,0.5074146823000911,ok,1241.6813842735842,430.6932180585297,0.25834633368000454
583,-0.6659982494506949,0.949303469432266,0.36047427103684676,0.9999682703225701,394,348,0.883248730964467,0.2654997163455991,ok,1242.3456893621449,429.7427289767095,-0.10212793735684181
584,-0.7292090987521078,0.9900513255558963,0.2829699987816091,1.0000449358209782,393,374,0.9516539440203562,0.593635548114501,ok,1243.0682276804598,428.74779887087067,-0.3850979361384505
585,-0.7016942921868576,0.766162387031045,0.16704425421277813,0.9999766362135242,412,385,0.9344660194174758,0.41124507797303994,ok,1243.762506228981,427.9749101466344,-0.5521421903512284
586,-0.5906838385960782,0.677919755717312,0.015530023540695123,1.0000430597039613,416,401,0.9639423076923077,0.26943914472094943,ok,1244.3464445269872,427.2911714125463,-0.5676722138919236
587,-0.3939191567187663,0.6973974798132758,-0.14819158072048852,1.0000382592634651,451,426,0.9445676274944568,0.4775317742523454,ok,1244.7352473031385,426.59090864176915,-0.41948063317143525
588,-0.2916114699830814,1.2030049019697344,-0.29772442838563035,1.0000331740161812,382,331,0.8664921465968587,0.34874741935076903,ok,1245.0243016750667,425.3872867685637,-0.12175620478580537
589,-1.0022279128338596,7.4233685632694915,-0.2901062625458198,0.9996497732496485,376,326,0.8670212765957447,0.4942390700632857,ok,1246.0483370379357,417.9668950544428,0.16835005776001385
590,6.1399286622217915,12.088706568760927,-0.19659432778990482,0.999319970087227,357,300,0.8403361344537815,0.8330032266330069,ok,1239.985531192181,405.8393258107955,0.36494438554991826
591,8.097207336322981,2.840346854287418,-0.11264440422774627,0.9997141684591743,357,317,0.8879551820728291,0.6812643806127546,ok,1231.9122805813654,402.9315841656302,0.47758878977766434
592,1.7894261810656644,0.8862619445817472,0.019445210054454393,1.000061304960573,424,399,0.9410377358490566,0.31093213997814534,ok,1230.1299981819634,402.03104225062583,0.4581435797232099
593,-0.3639070164695113,0.8037715169012927,0.13379699650151458,0.999932344691623,409,387,0.9462102689486552,0.40969885467753586,ok,1230.4984494261462,401.22934364848265,0.3243465832216955
594,-1.2906973035926512,0.9264209536481758,0.21797782340274377,0.9999950204781344,389,364,0.9357326478149101,0.5645454730920034,ok,1231.7908643912117,400.30532045021675,0.10636875981895212
595,-1.5608815002033225,0.7322036519892663,0.1703053634787428,0.9999684069891416,399,366,0.9172932330827067,0.44297125173765817,ok,1233.3509278505821,399.5713754601804,-0.0639366036597905
596,-0.9092561596637552,0.9195895466192496,0.08799877224742697,0.9999767114578951,394,376,0.9543147208121827,0.25726615692064336,ok,1234.2577422738811,398.649378009081,-0.1519353759072174
597,-0.45430864611421384,1.166949911490292,0.0524412960441093,1.0000095612590323,415,396,0.9542168674698795,0.255341505760938,ok,1234.7078854747292,397.48081498528114,-0.20437667195132664
598,6.670532803277638,2.9618126615376923,0.00858308811238624,0.9995607803093425,411,350,0.851581508515815,0.6615351310760971,ok,1228.0263901629473,394.54381608839975,-0.21295976006371287
599,4.039465734031637,8.055663892970415,-0.047649327668887784,0.9995098813052258,343,282,0.8221574344023324,0.6117204212174447,ok,1223.9636989815442,386.4998404210154,-0.16531043239482515
600,1.083597794419802,2.1414824305536513,-0.08750133808879429,0.9998578931836799,370,314,0.8486486486486486,0.3117871678606484,ok,1222.8771940007923,384.35983151747246,-0.07780909430603099
601,0.25246360006985924,0.9762288346123569,-0.2832312464520441,0.9999218088820228,384,336,0.875,0.2193695656531815,ok,1222.6282320821676,383.3827038032184,0.2054221521460127
602,-0.12479082656363971,1.1480915429540346,-0.3054590088340724,0.9999667126494444,379,307,0.8100263852242744,0.25862035378115883,ok,1222.7632548375962,382.23577058942027,0.5108811609800847
603,-0.367464319881492,1.100333197132727,-0.13468881281103753,0.9999465648879297,380,356,0.9368421052631579,0.5891150015764353,ok,1223.1430933781335,381.1396474876562,0.6455699737911222
604,-0.5579575705423849,1.5848813484801667,0.053012340177640664,1.0000049372507833,383,366,0.9556135770234987,0.2715596084495796,ok,1223.717411789969,379.5606212367304,0.5925576336134816
605,-0.6248100647039792,2.0382862873625527,0.23839197162796436,0.9999921001335057,381,362,0.9501312335958005,0.4447111356662023,ok,1224.3548092127428,377.5262360392698,0.35416566198551747
606,-0.29102388268097457,1.1897967718839482,0.16116838720718124,1.000031076842966,398,376,0.9447236180904522,0.39171762445451364,ok,1224.649839193344,376.3374263113393,0.19299727477833648
607,2.3137004084392174,-0.6858380696138511,0.3185304557049604,0.9999591704770309,392,338,0.8622448979591837,0.2609046580392036,ok,1222.3376469857742,377.02833197277175,-0.1255331809266235
608,2.2660258116459318,15.559985533800045,0.25385199494988125,0.9989678243901298,289,238,0.8235294117647058,0.9274395635789965,ok,1219.9686408408065,361.48369197448886,-0.37938517587650444
609,4.42801590452882,1.3945324691068208,0.04461204201713228,0.9997549078014226,387,344,0.8888888888888888,0.43953229179074416,ok,1215.5304265278955,360.12196536065494,-0.4239972178936367
610,5.175390271889455,0.6898930804262591,0.01411446515904802,0.9996549966812549,381,337,0.884514435695538,0.5306619059491924,ok,1210.3499123447032,359.47166564011775,-0.4381116830526847
611,0.14255041804926805,0.6173125804239135,-0.07224169036220465,1.0000247332066339,433,408,0.9422632794457275,0.32792018570872566,ok,1210.2034229263352,358.855275914423,-0.36586999269048015
612,-0.9969557223680567,0.9034702648039001,-0.14836515674753697,1.0000075811701405,396,357,0.9015151515151515,0.37284473115906563,ok,1211.1969417417026,357.94802754971926,-0.2175048359429434
613,-1.5855265250716002,1.2229257806161513,-0.2727537808258112,1.0001262302707656,387,340,0.8785529715762274,0.30148549063505514,ok,1212.7836467674338,356.7266312225914,0.05524894488286748
614,-1.0614142920749146,1.6066666353914343,-0.31737997529579187,1.0000251691239062,425,351,0.8258823529411765,0.25000450616941283,ok,1213.8554876583087,355.12690153250315,0.37262892017865895
615,-0.20481459818529402,1.9412577281600534,-0.17454713089067464,1.0000314805996033,424,370,0.8726415094339622,0.26147851477470063,ok,1214.0788316921867,353.187688282419,0.5471760510693333
616,1.6270735263576626,-4.440201883504415,0.0041960021180546215,0.999901242515155,358,309,0.8631284916201117,0.4465804462936077,ok,1212.4097529993398,357.6122715784518,0.5429800489512788
617,-0.12393472543044481,14.15267269146159,0.2224119616335473,0.9993426175942486,386,330,0.8549222797927462,0.6342465102314738,ok,1212.612869131168,343.4605138090154,0.32056808731773195
618,8.055419232749955,5.561394201417443,0.3324049882709996,0.9994976565536876,377,320,0.8488063660477454,0.712785719335057,ok,1204.5563011258039,337.9007839186466,-0.011836900953267065
619,4.509379533807987,1.6444766567241231,0.32155449347259024,0.9998531749837021,375,336,0.896,0.4563718185959778,ok,1200.037429141632,336.28257402957087,-0.33339139442585675
620,0.47812680228548743,1.0150052165157604,0.1194402425934215,0.9999736216466507,413,397,0.9612590799031477,0.315014428292828,ok,1199.551295360289,335.271379302896,-0.45283163701927803
621,-0.5069996054558032,1.1902340973310856,0.1875769312808313,0.9999428897466873,390,372,0.9538461538461539,0.4006190201287283,ok,1200.04496004331,334.0755528158504,-0.6404085683001092
622,-1.2163385711110095,1.2011325673115607,0.03897882047381925,0.9999674502860617,393,373,0.9491094147582697,0.3361062507420148,ok,1201.246970954043,332.86008223442605,-0.6793873887739282
623,-1.3034260259482835,1.1922337526644924,-0.10619913602400102,1.0000286627263408,397,357,0.8992443324937027,0.330833507427287,ok,1202.5384048227593,331.6548688554573,-0.5731882527499275
624,-0.8490809785751026,1.334648818333676,-0.2259633788412103,1.0000798534314728,390,349,0.8948717948717949,0.26647926251228976,ok,1203.3793819972661,330.3150989616265,-0.3472248739087175
625,-0.46945558333709414,1.500237996290025,-0.2876239604561744,0.999971599031304,375,331,0.8826666666666667,0.34477737188365937,ok,1203.847276731053,328.81437343431185,-0.05960091345254341
626,-0.5563965240171456,6.624497286204587,-0.3159612318340547,0.9995377602257649,312,261,0.8365384615384616,0.5176109466701,ok,1204.433307784474,322.19243195229205,0.25636031838151097
627,4.843926523596792,11.261174167624176,-0.1538266468845147,0.999186553064303,374,329,0.8796791443850267,0.8184408137752869,ok,1199.670124723744,310.89686844578443,0.4101869652660254
628,6.691101696501391,2.8043962017662807,-0.004836917405480089,0.9995361984048741,384,344,0.8958333333333334,0.6438989785489526,ok,1192.9995121228558,308.0440790216818,0.4150238826715055
629,1.0729889358765377,0.951056942128389,0.1431747919657646,0.9999950179110445,404,384,0.9504950495049505,0.3922910034355759,ok,1191.931047690939,307.08794183413323,0.271849090705741
630,-0.8440692090307493,0.8531781961705747,0.26529285114460677,0.9999670829180208,424,388,0.9150943396226415,0.23983750994191527,ok,1192.77521452189,306.2348602286718,0.006556239561134494
631,-1.5492103244969258,0.9226780193905597,0.2612441091461013,0.9999608269885265,432,409,0.9467592592592593,0.41682268738935097,ok,1194.3203081195595,305.3053048879657,-0.2546878695849666
632,-1.7780239378716942,0.9693050796104217,0.20715897366598385,1.0000504885294135,406,393,0.9679802955665024,0.38770865527475223,ok,1196.0904610541825,304.32169925101175,-0.4618468432509504
633,-1.0249851028929697,1.096615938141099,0.10524439373749651,1.0000091854764124,455,441,0.9692307692307692,0.24411529639370425,ok,1197.1045422535115,303.21499228975006,-0.5670912369884469
634,-0.367472346919385,1.0635251924591103,-0.026176643229949257,0.9999959141765157,384,364,0.9479166666666666,0.40372504784040275,ok,1197.4619579082394,302.14804533207064,-0.5409145937584976
635,1.4629004097071174,-3.029200067147258,-0.06614340054753323,0.9999927330739017,405,389,0.9604938271604938,0.4731916946428978,ok,1196.0242083572998,305.1892633256219,-0.47477119321096434
636,7.174802296691723,15.990223406489122,-0.19208730128939983,0.9988997783187301,385,335,0.8701298701298701,0.9436016557565422,ok,1188.770601706045,289.23463317839145,-0.28268389192156484
637,-5.558394491859644,5.886047226988694,-0.252712269931662,0.9999310331919391,389,343,0.8817480719794345,0.5209754334986962,ok,1194.3259164257306,283.3456791413217,-0.029971621989903382
638,-2.732976726855213,0.8903322441626642,-0.33354810446359145,1.0000547066109249,410,363,0.8853658536585366,0.36639202359355344,ok,1197.0635721134947,282.46983975548716,0.3035764824736873
639,4.105377111521193,0.7624472212248747,-0.19663530350689887,0.9999129714417089,434,396,0.9124423963133641,0.39157927227460265,ok,1192.9650077955228,281.6715806970327,0.5002117859805858
640,2.2649267501165014,0.5369975506160927,-0.02736662045369588,1.0000017578635645,432,414,0.9583333333333334,0.4076304754054316,ok,1190.705121655757,281.11375080535083,0.5275784064342816
641,-0.8682356502233688,1.0356172819441554,0.1454006994191771,0.9999971648230028,434,412,0.9493087557603687,0.3173983235867253,ok,1191.5802457757231,280.0839478758379,0.38217770701510473
642,-1.4400694420382933,1.701518279798961,0.2879027243416996,0.9999495210689836,429,414,0.965034965034965,0.42903242157719323,ok,1193.0231129603337,278.38480140129354,0.09427498267340585
643,-0.8932626753248769,1.8251269951003906,0.26734742760921054,1.0000206247791383,435,419,0.9632183908045977,0.33134021682041487,ok,1193.910858436816,276.5569844727262,-0.17307244493580395
644,-4.463176006619051,6.432116165990919,0.22071537577565542,0.9995736499752823,370,344,0.9297297297297298,0.6223149676355202,ok,1198.329722126322,270.09434552780385,-0.3937878207114587
645,-1.516279844807741,13.806946213759943,0.1122413947562954,0.9994604818241671,357,313,0.876750700280112,0.443483037230255,ok,1199.7240031845197,256.2745463741192,-0.5060292154677537
646,1.6218336646134048,5.656867679192487,-0.004032380339529636,1.0001066460561223,354,327,0.923728813559322,0.6831197077347518,ok,1198.0526697700614,250.63210532495629,-0.501996835128224
647,0.9800512269252977,1.893713820843459,-0.04849047085954239,0.9999647331660688,369,351,0.9512195121951219,0.4661624614316581,ok,1197.05766031531,248.74620802456968,-0.4535063642686818
648,2.6573766933793195,4.901048992073129,-0.3327268083898214,0.9997489576152699,374,332,0.8877005347593583,0.350690683331805,ok,1194.3899581180494,243.85077167017295,-0.12077955587886138
649,0.5705818468718462,1.111550289197794,-0.0975348325592969,1.000014951631304,401,377,0.940149625935162,0.36338012212489634,ok,1193.8189253655776,242.7394529557618,-0.023244723319564793
650,0.5717890303722015,2.9035197204082124,-0.1773857390866723,0.9998875227659413,372,326,0.8763440860215054,0.31436757205172383,ok,1193.2549496418364,239.83440547851075,0.15414101576710695
651,-0.0917762997310092,0.7729137193789484,-0.03117782464642175,0.9999453545279975,399,381,0.9548872180451128,0.2414085277732617,ok,1193.349225387781,239.0617926449886,0.1853188404135286
652,-0.726157500764657,1.5001726027117002,-0.016150733023161987,1.0000049327197802,395,384,0.9721518987341772,0.285413241032141,ok,1194.0806534564451,237.56418270437865,0.20146957343669053
653,1.2549479599701954,-4.716886827752205,0.04104875136297883,1.0000160587997913,395,356,0.9012658227848102,0.43152003616334994,ok,1192.8125037555135,242.2775373551642,0.1604208220737118
654,4.992768762389005,18.19066682243988,0.10698862219674916,0.9988783801511205,370,317,0.8567567567567568,0.8446494982101274,ok,1187.83670119213,224.08222234800047,0.05343219987696292
655,-7.959075792156909,8.418316074890186,0.2474716645221863,0.999989612177284,344,305,0.8866279069767442,0.5811451118761015,ok,1195.767221695495,215.6370001752121,-0.1940394646452227
656,-3.906416916397575,4.011621087023968,0.32318399815634397,0.9999116661382473,382,363,0.9502617801047121,0.4444372731060226,ok,1199.6372660192926,211.5902788106486,-0.5172234628015656
657,0.7917062185128998,2.7870023889795448,0.1482331809460314,0.9998427529800444,408,389,0.9534313725490197,0.37588662596204014,ok,1198.8132445394078,208.81265938867978,-0.6654566437475966
658,1.7264038927987713,2.488961962278381,-0.026629470285125516,0.9999245680506552,391,360,0.9207161125319693,0.45945010853359736,ok,1197.0591975052153,206.34310051054388,-0.6388271734624713
659,1.7782602268889605,2.292610999747012,-0.20623464389074844,0.99977170847565,400,347,0.8675,0.36020485653580386,ok,1195.2636785384352,204.06398088432212,-0.4325925295717234
660,0.9248573438057974,2.293245659714785,-0.34351745075688217,0.9998815482139214,419,379,0.9045346062052506,0.24859569332526213,ok,1194.3352571115536,201.7721758279746,-0.08907507881484227
661,-0.14162445810370627,1.0412524989076246,-0.14397886264034704,1.0000266631354362,437,409,0.9359267734553776,0.36852561913680576,ok,1194.4778792865623,200.7310595190013,0.05490378382550438
662,1.3005252257016764,-4.667478212339802,-0.2618140825546116,0.9999743132781156,432,394,0.9120370370370371,0.40450073138442133,ok,1193.1515733177612,205.39127745408484,0.3167178663801151
663,-4.879160067357816,18.01925451677812,-0.048984914300879825,0.999519662622505,368,306,0.8315217391304348,0.5336389361165612,ok,1198.1456450313513,187.40353206943894,0.36570278068099477
664,5.814634994844255,8.686450601541765,0.012694220097741946,0.9991834513536594,407,352,0.8648648648648649,0.5933942290597267,ok,1192.384638685578,178.68142165622726,0.35300856058325286
665,2.041156480650443,2.2131321181311705,0.042750803465366596,0.99999459096338,434,410,0.9447004608294931,0.41794393313306466,ok,1190.3554962254616,176.45726913732028,0.31025775711788645
666,-3.266968308581909,5.518766562130054,0.2526948016752138,0.9999005390536327,422,398,0.943127962085308,0.39877362323031085,ok,1193.6280073854775,170.94178756232327,0.05756295544267358
667,-1.8328258260494295,1.5417443469708587,0.11164536964273288,1.000024603246106,443,407,0.9187358916478555,0.2947777471465803,ok,1195.4593771177815,169.398313868459,-0.054082414200058895
668,-1.1114328352932716,2.7030485504319586,0.23782449742613349,0.9999446007761577,421,396,0.9406175771971497,0.33448688189450104,ok,1196.5570242676174,166.68963796539924,-0.2919069116261915
669,-0.18930047031653885,2.0976162250522066,0.13115450405812135,0.9999480550826606,410,385,0.9390243902439024,0.26335848496233927,ok,1196.7308313089025,164.59068117497588,-0.4230614156843124
670,-0.4585683915406662,1.7770297242177548,0.010698160441525998,0.9999340709833697,452,424,0.9380530973451328,0.2642881163675656,ok,1197.1759336263017,162.81023080006537,-0.4337595761258384
671,-0.8528260627174404,1.621007125343226,-0.13220322571210416,0.9999321798341619,403,352,0.8734491315136477,0.2871805620948177,ok,1198.020216310881,161.18475759444686,-0.3015563504137347
672,6.950045599799751,5.839257399913322,-0.22120960606107312,0.9992198546290205,391,339,0.8670076726342711,0.692717485297246,ok,1191.0619890677578,155.35525208756235,-0.08034674435266245
673,-5.697398008652726,10.358657732952224,-0.1772974569995625,0.9999237886808658,398,345,0.8668341708542714,0.5022405398578547,ok,1196.7769068910675,145.00624979892268,0.09695071264689939
674,-8.346871196597249,3.249098579143265,-0.10034509626027094,1.0003759644842183,360,307,0.8527777777777777,0.5911942609265807,ok,1205.1349167251517,141.7859125552592,0.1972958089071699
675,-1.2890010097207778,1.0161734269597673,-0.06528499593907766,0.9999629219477038,394,371,0.9416243654822335,0.38032843901510055,ok,1206.4285612029596,140.77565714113962,0.2625808048462473
676,0.7929189546591715,1.02183224568671,-0.005550017428588282,0.9999609330480512,407,384,0.9434889434889435,0.2868207602709815,ok,1205.6404328488438,139.75012542323827,0.2681308222748356
677,1.3556012778287823,0.9435737025589788,0.051478467662584466,0.999914029808897,404,374,0.9257425742574258,0.3408833262697053,ok,1204.2884091861697,138.80143254765528,0.21665235461225135
678,1.1219027940569504,1.052186852777936,0.09532975394198404,0.9999713169805604,406,379,0.9334975369458128,0.30468041337849866,ok,1203.168736888989,137.74687245008022,0.12132260067026768
679,-0.023772487937549158,1.28137126580134,0.2730830080678075,0.9999701088361783,402,358,0.8905472636815921,0.23007326468423098,ok,1203.1891153053646,136.46544271257983,-0.15176040739753877
680,-0.41319862596765233,0.7632711011133324,0.15468686693674752,0.9999399439382151,402,366,0.9104477611940298,0.3579491349108098,ok,1203.598225674596,135.69997254067005,-0.30644727433428565
681,4.807510221081202,3.8899566469739284,0.2947109370927748,0.9994545875001132,365,315,0.863013698630137,0.6630189766204766,ok,1198.7501666551632,131.8606703924621,-0.6011582114270595
682,-1.7047551315517921,8.099332162038081,0.020447899812511525,0.9996994619712208,436,366,0.8394495412844036,0.3558125124564803,ok,1200.3669529363285,123.74332023057946,-0.6216061112395709
683,-8.115123160096573,6.998970762300928,-0.14301161708239063,1.0001948471634579,353,288,0.8158640226628895,0.6353008092000634,ok,1208.4233309172387,116.67680839914635,-0.47859449415718075
684,-3.5026227047183056,1.6893923970482092,-0.3080300558537388,1.0001621114302217,408,350,0.8578431372549019,0.3390647026249639,ok,1211.920908938407,114.9769965070085,-0.17056443830344312
685,-0.3846238547384928,1.3286857330656403,-0.36070113339631826,0.9999428627950746,410,349,0.8512195121951219,0.259538542237251,ok,1212.3099399259129,113.64959446631144,0.19013669509287381
686,0.41676042284234427,0.8713919525413303,-0.28218628760301273,0.9999233552014279,390,348,0.8923076923076924,0.3381409043558192,ok,1211.9003769814967,112.77479655847071,0.4723229826958854
687,0.5373733598107719,0.8666576697626169,-0.18114470310949554,0.9998743265922071,400,354,0.885,0.2558211650991299,ok,1211.372922728879,111.90206655681595,0.6534676858053803
688,0.1011713163152308,0.9084329827014699,-0.028892850755879777,1.0000210391215,435,403,0.9264367816091954,0.2564928296069042,ok,1211.2825772578622,110.99249313197788,0.6823605365612601
689,-0.6814081972943313,1.2429026233774039,0.10443086258504576,0.9999550880940373,408,369,0.9044117647058824,0.28793212506483623,ok,1211.976487458514,109.75652683147871,0.5779296739762148
690,1.4098929676542866,-3.8318834034678275,0.23670254477430996,1.0001105578885072,395,350,0.8860759493670886,0.3250442259771009,ok,1210.5437987060143,113.57994565976253,0.3412271292019057
691,-6.863576333950732,15.21440513483185,0.34039640699914003,0.9995085640603749,359,304,0.8467966573816156,0.6185511306280831,ok,1217.4075956304332,98.3656400404086,0.0008307222027669268
692,5.175635705227251,6.0500692890858545,0.2816623149969486,0.9994827949873052,431,371,0.8607888631090487,0.5589551791768501,ok,1212.2023681867045,92.34101137010748,-0.28083159279418074
693,1.2004313006718803,1.8375390363006545,0.15257357730883203,1.000070926859493,438,402,0.9178082191780822,0.39645552741592804,ok,1210.988071579084,90.51260529751767,-0.43340517010301227
694,-5.28177812339527,1.5819841618014152,-0.015750759041085118,1.0001233200827788,424,362,0.8537735849056604,0.4073731399471673,ok,1216.2581776930185,88.89216227758857,-0.4176544110619272
695,-2.943324770400068,1.1380708615076855,-0.18497185692321683,1.0000159387412035,438,367,0.8378995433789954,0.34091615399402686,ok,1219.196856411956,87.74214776605982,-0.23268255413871097
696,-0.7000574560756831,1.159050002441063,-0.3095785596219321,1.0000308960357698,424,373,0.8797169811320755,0.3038812029789338,ok,1219.8984687847455,86.584038346223,0.07689600548322006
697,-0.29442056573998343,0.956323392889999,-0.30223609658589723,0.9999794053671023,422,358,0.8483412322274881,0.23384239487114028,ok,1220.1992109494226,85.62968408720576,0.3791321020691162
698,-0.3842051703568359,0.45162932508469567,-0.09635563355869835,0.999944422087021,434,388,0.8940092165898618,0.3180729353646242,ok,1220.5871508400583,85.18125872947144,0.4754877356278142
699,0.22285200166243158,-3.186176768055134,-0.14482506789039817,0.99996105690614,376,340,0.9042553191489362,0.42981342743197604,ok,1220.3298174273623,88.36483610824655,0.6203128035182119
700,-6.041586107118292,15.932040751065188,0.01238062412853338,0.9994889885805115,393,324,0.8244274809160306,0.6937253840686051,ok,1226.5401058964776,72.49779472323416,0.6079321793896786
701,-0.9428360144006547,7.068273052140171,0.10863262979935251,0.9996808699352063,383,322,0.8407310704960835,0.39677843068525287,ok,1227.5445012392627,65.43800622179504,0.4992995495903264
702,0.309796144938673,2.338090214542831,0.1777617793837264,1.0001211397044354,399,377,0.9448621553884712,0.3514627950925511,ok,1227.2478310152442,63.09821429067347,0.32153777020660046
703,0.13076065147402005,1.8246571822251099,0.19072044370031074,1.0000335729845529,439,414,0.9430523917995444,0.3296121575446477,ok,1227.1212367456026,61.273263312834956,0.13081732650629035
704,-0.23198246848664894,1.5829619762407674,0.14537904874115548,0.999970112952746,430,391,0.9093023255813953,0.28443561646791604,ok,1227.3528168968187,59.69024242937451,-0.014561722234864672
705,-0.42601259106163525,0.9512061285252003,0.08516087107603389,0.9999117092650025,421,388,0.9216152019002375,0.2719196769022481,ok,1227.7771732809929,58.73829627233738,-0.09972259331089829
706,-0.8353361713159302,0.9920623841541101,-0.0011718753570588727,0.9999331224684295,415,385,0.927710843373494,0.2686758846252055,ok,1228.6108018359366,57.74479854936817,-0.09855071795383942
707,-0.6065956372576693,0.45574940494361726,-0.03147758247090764,0.9999782619675046,438,407,0.9292237442922374,0.2530421151808766,ok,1229.2168635359744,57.28833934747399,-0.06707313548293188
708,0.9439365215475846,-1.7749138355452487,-0.21257515155842738,1.0000410898579895,419,373,0.8902147971360382,0.40704961756266134,ok,1228.2684226883932,59.0608503457363,0.14550201607549482
709,2.37599052934911,15.370178431132672,-0.2875199171181288,0.9989885477912808,398,346,0.8693467336683417,0.7448174261562233,ok,1226.0086614682127,43.67315411698951,0.43302193319362264
710,-8.02481759178636,6.3426892379287665,-0.2582851878595227,1.0000080171213377,398,329,0.8266331658291457,0.5700693594632977,ok,1234.1094213491292,37.42774832536031,0.6913071210531444
711,-4.608386522927958,1.0716650213717003,-0.13405773804879315,1.0000975000227883,393,336,0.8549618320610687,0.3923110128350463,ok,1238.7327668877526,36.42257754722152,0.825364859101937
712,-0.3576946355583459,0.9181239896647639,0.041839966164819456,0.9999823113457275,422,389,0.9218009478672986,0.1942419923620052,ok,1239.10298311403,35.50943075808709,0.7835248929371178
713,0.2457496757112949,0.3163731569270567,0.08385274920353879,0.9999956090773006,393,362,0.9211195928753181,0.2821188897001402,ok,1238.861115082441,35.19008027220775,0.6996721437335792
714,1.099143911596002,1.1834988893087939,0.4359015328596818,1.0000159712106953,400,335,0.8375,0.3126874462096945,ok,1237.7674312322222,34.00153385108467,0.26377061087389936
715,0.1594180386255175,0.5858639587531798,0.13222812976332993,1.0000581796399932,397,370,0.9319899244332494,0.3481897715162938,ok,1237.609358667974,33.41530543686588,0.13154248111057004
716,-0.4194921246676131,1.3302712084064297,0.23178640180375104,1.0000459118823724,422,393,0.9312796208530806,0.42107951246404035,ok,1238.0265227272762,32.08430232710248,-0.10024392069317996
717,-0.9782403347217041,1.3995208805723678,0.14072899879890682,0.9999182919231192,414,393,0.9492753623188406,0.3401699124868255,ok,1238.998868363429,30.680679581672393,-0.24097291949208613
718,6.644192999784764,4.550247405111577,-0.00010789203417327367,0.9995626634026074,359,280,0.7799442896935933,0.605587533509699,ok,1232.3356054007522,26.158403743520694,-0.24086502745791286
719,-5.947301113149251,9.178015587074015,-0.09451441760492794,0.9997138266583147,402,338,0.8407960199004975,0.5169129433543163,ok,1238.2594437327216,16.96522692243593,-0.14635060985298537
720,-8.510178473844917,3.102703722864362,-0.19086008175555522,1.0000777386607114,387,319,0.8242894056847545,0.5541657387980298,ok,1246.7720299330163,13.869135155203594,0.04450947190256885
721,-1.82386828765857,1.3330672730294282,-0.3281783486521206,1.0000922159882213,397,340,0.8564231738035264,0.29486717339519225,ok,1248.6045306843212,12.54795958715215,0.37268782055468785
722,0.18390396033100842,1.2719299655250325,-0.36667876206112404,0.9998688236432532,375,317,0.8453333333333334,0.33124562840425986,ok,1248.4370550495623,11.273762422036839,0.7393665826158101
723,0.7444829592818678,1.185924399331725,-0.19501580186604198,0.9999183643801149,404,351,0.8688118811881188,0.22931304021498808,ok,1247.71201034269,10.075855192478684,0.934382384481851
724,0.6042199483858894,1.321339938692745,0.01094354946146175,0.9999943435515979,417,379,0.9088729016786571,0.2876534655721589,ok,1247.1291640458621,8.744949044816053,0.9234388350203894
725,-0.21226451740972152,1.4790471421704297,0.20564939607284477,0.9999757176503372,400,357,0.8925,0.4036590860307035,ok,1247.3599406124201,7.268677101561252,0.7177894389475457
726,-0.9683387787345055,1.5410538119663215,0.3502017035844028,0.9999947549923289,385,335,0.8701298701298701,0.2861626223491966,ok,1248.3381462048355,5.733867451883498,0.3675877353631445
727,2.4043771703952643,-2.2359554274589755,0.19046360146388056,1.000080527662002,415,362,0.8722891566265061,0.287746641310502,ok,1245.9268683033654,7.962379317004093,0.17712413389926487
728,-2.2697830261781746,20.191839583202864,0.47774286051620196,0.9990321852920978,361,300,0.8310249307479224,0.8499512013698476,ok,1248.090678300723,-12.241091351053342,-0.3006187266169349
729,-7.322612914320416,2.278165206070298,0.1632946316229234,1.0001836918366938,397,362,0.9118387909319899,0.49984689510276825,ok,1255.3946055049723,-14.578471079327528,-0.4639133582398575
730,-1.8389445147583956,0.10254683003699938,-0.0299169382384666,0.9999034100859301,462,430,0.9307359307359307,0.2734402472978264,ok,1257.2327205141291,-14.69494422569403,-0.433996420001391
731,-0.16679309981145707,0.013545039452765195,-0.08436889710817179,0.9999613929010768,437,417,0.954233409610984,0.2879726202452668,ok,1257.399427855206,-14.709506803400473,-0.3496275228932197
732,0.3424549375301922,-0.018225648501015712,-0.2794249717604527,1.000000774562274,425,378,0.8894117647058823,0.21747074457317833,ok,1257.0569955059912,-14.690861570409993,-0.07020255113276835
733,0.6265098773296813,0.23080114968615817,-0.29309165191326025,0.9999639793587904,405,354,0.8740740740740741,0.2708246334410155,ok,1256.4313882177455,-14.924098184134095,0.22288910078049035
734,0.017036941652349924,1.1417986671618792,-0.2932464284713902,0.9999839291719426,375,330,0.88,0.2984148270542767,ok,1256.424637452495,-16.066003994996777,0.5161355292518789
735,-0.371338999206273,0.5470250249653645,-0.04463696596829694,0.9999643154826021,435,412,0.9471264367816092,0.259058138414846,ok,1256.8013124932256,-16.609368461962163,0.5607724952201756
736,1.2104961359887056,-4.380876561922491,-0.02474298853772407,1.0001447780047708,401,347,0.8653366583541147,0.34872384604875256,ok,1255.5461114073241,-12.241090702936617,0.5855154837578995
737,-7.546991362585686,14.027471678911525,0.1431030737417406,0.9995977650628572,405,348,0.8592592592592593,0.6692057277379707,ok,1263.2011905788218,-26.209870291995458,0.44241241001615966
738,6.299971781718568,4.213212563359775,0.17395749838987393,0.9995444802243063,412,360,0.8737864077669902,0.4797084615986839,ok,1256.9210285562172,-30.452554527751886,0.26845491162628676
739,1.8739918717001274,0.21629766978219322,0.2000040772888778,0.9999197320704649,427,384,0.8992974238875878,0.25667059443825324,ok,1255.0472964310102,-30.671090886553998,0.06845083433741023
740,-5.4418511580324775,-0.05187944521708232,0.17691631227478422,1.000197995576039,397,351,0.8841309823677582,0.47385625579287255,ok,1260.489236049793,-30.629513386183362,-0.10846547793737293
741,-3.4264429429169923,0.011417571782430969,0.09595494191908414,0.9998533193456047,410,383,0.9341463414634147,0.4358738148803654,ok,1263.9156164490516,-30.653155754649788,-0.20442041985645648
742,-0.6877206099520663,-0.06314136760920519,-0.001317378750273485,1.0000065159724847,459,434,0.9455337690631809,0.23919955310184915,ok,1264.603556562265,-30.59245262220702,-0.20310304110618302
743,-0.26533536913166245,0.05985691500291068,-0.08647777113695701,0.9998941598241354,415,386,0.9301204819277108,0.3160450012753432,ok,1264.8687695433584,-30.652849501640503,-0.11662526996922648
744,-0.8849521126294349,0.4025858225581942,-0.15456294594395717,0.9999241341610592,391,363,0.928388746803069,0.36580637341113637,ok,1265.7539880290876,-31.054849276137247,0.03793767597472977
745,1.9214376246291067,-5.458030347216209,-0.1799625368872082,1.000169983746192,419,395,0.9427207637231504,0.40359654476670537,ok,1263.8118070446594,-25.604165755678537,0.21790021286193692
746,-7.034297983582974,14.025997749481576,-0.09874663334255286,0.9995398325512355,349,287,0.8223495702005731,0.6429069412327488,ok,1270.9235123090843,-39.59107424977583,0.3166468462044892
747,4.859909838289241,3.897065882108336,-0.08834867539976754,0.999552112828074,391,346,0.8849104859335039,0.45990181235731065,ok,1266.0912700814777,-43.522394788669544,0.40499552160425617
748,0.8357041111489707,-0.14429932186044425,0.0059911777765621985,1.0000279709806952,435,399,0.9172413793103448,0.3133755104659148,ok,1265.2545813509605,-43.38391871165254,0.399004343827694
749,-5.044486749759017,-0.2489021357253023,0.11224069469429579,1.00010233739559,419,375,0.8949880668257757,0.3823016905810692,ok,1270.2977591768683,-43.10977229468915,0.2867636491333989
750,-2.986885603645078,0.0006564635207269021,0.14101575881033973,1.000028844180702,361,322,0.8919667590027701,0.5175811665926305,ok,1273.2846367866173,-43.10283078273471,0.14574789032306004
751,-0.7116241244420962,0.17105124994691323,0.12421630895772758,1.000023156200364,406,381,0.9384236453201971,0.3046320360685412,ok,1273.9963251413533,-43.273614594407036,0.021531581365333265
752,-0.2887554830674617,0.5266689976004955,0.09586742830191863,1.000008450313739,402,382,0.9502487562189055,0.31571303258939054,ok,1274.2843970784484,-43.800657781530845,-0.07433584693658475
753,-0.27715841978124445,0.45714194667868924,0.03162279763911968,0.9999730962258371,477,458,0.960167714884696,0.2170365880190286,ok,1274.5607096197239,-44.25831150281181,-0.10595864457570423
754,-0.7523742054672766,1.1622527017069615,0.0179447092293953,0.9999945056521024,386,349,0.9041450777202072,0.368263466407019,ok,1275.3105686714816,-45.42218851099369,-0.12390335380509943
755,6.484225019378755,0.9963431140296279,-0.07833136650716326,0.9995795187145886,370,310,0.8378378378378378,0.5672676165711572,ok,1268.8255532306416,-46.41337387956901,-0.04557198729793663
756,-6.1418459956698825,8.771576676953373,-0.07920096589966126,0.999735278634558,395,345,0.8734177215189873,0.5960480670294915,ok,1274.9725465257436,-55.18134417286785,0.033628978601724153
757,-8.553392994642536,1.3765267089524968,-0.20224986254832747,1.0002296395654138,377,332,0.8806366047745358,0.6513277287599653,ok,1283.53153399172,-56.52264617410481,0.23587884115005045
758,-1.6508029754618292,-0.24320804203705393,-0.2988851545770133,1.0001822527632769,361,323,0.8947368421052632,0.3294064670286751,ok,1285.1799951420064,-56.26404135686175,0.5347639957270619
759,0.20774773666425972,-0.24461176633144532,-0.16527490070413256,0.9999483698321557,409,374,0.9144254278728606,0.3666631564690274,ok,1284.9692743231485,-56.02198604331397,0.7000388964311935
760,0.9610129161069381,-0.10773705385099674,0.0011466497161309033,1.0000871790604715,427,402,0.9414519906323185,0.32396308999635837,ok,1284.0070187600975,-55.925979121303385,0.6988922467150626
761,0.6088213534771967,0.38813906311759183,0.16571032537074273,0.9999734035216528,398,371,0.9321608040201005,0.3944742031553256,ok,1283.401835652262,-56.319766854426575,0.5331819213443209
762,-0.455584634204115,0.9351304606218491,0.3147445431894181,0.9999419098104956,399,356,0.8922305764411027,0.26086970754231953,ok,1283.8609821064092,-57.25315362900051,0.21843737815490466
763,1.5906182417138552,-3.570249775539878,0.24382814627393412,1.0002222284328128,331,292,0.8821752265861027,0.4186847118393554,ok,1282.2719461859551,-53.682199317598474,-0.02539076811902792
764,-7.8264641834334725,12.012990966345797,0.2090840905424924,0.9996557818301891,360,314,0.8722222222222222,0.6109820402574039,ok,1290.0491835070015,-65.72711829715956,-0.234474858661519
765,5.810231396502786,3.160952503865019,0.054522658620594855,0.9996624719319399,381,339,0.889763779527559,0.47326621803544333,ok,1284.2230823761677,-68.8587241513327,-0.2889975172821135
766,1.3688687477865642,0.08445981136310365,-0.03163562458637623,0.9999990542897342,373,359,0.9624664879356568,0.3288095980996113,ok,1282.853848061413,-68.93703442971639,-0.25736189269573745
767,-5.595305429555765,0.27424029115229587,-0.09523862538770686,1.0002173522039959,367,327,0.8910081743869209,0.416243855411676,ok,1288.4483551063104,-69.22710599312597,-0.16212326730803128
768,-3.4898881458900632,0.2617980152583641,-0.1491970689094736,0.9998210516664482,370,326,0.8810810810810811,0.5292683756365084,ok,1291.938184100519,-69.48969133695971,-0.012926198398558658
769,-0.6036391228037701,0.49016315255278187,-0.1288714599527566,0.999926886853314,361,342,0.9473684210526315,0.41477996144848983,ok,1292.542813893853,-69.97863194655645,0.11594526155419711
770,-0.10076139843295095,0.3011800879751263,-0.058968150579519894,0.9999267742549626,394,379,0.9619289340101523,0.23677639512478332,ok,1292.6444942684006,-70.27950302565614,0.1749134121337167
771,-0.35892281059705056,0.9289563759550674,-0.06862495002241421,0.9998742379350108,380,354,0.9315789473684211,0.33023835625253983,ok,1293.0073623968208,-71.20692539640834,0.24353836215613048
772,-0.7844480826875042,1.2453931516856755,-0.006520862423142552,0.9999472657343944,366,341,0.9316939890710383,0.3224908136645505,ok,1293.797238331397,-72.4488830867806,0.250059224579273
773,5.500287738988845,2.437700629113806,0.04361842192071701,0.999686884676796,388,339,0.8737113402061856,0.38473906859260515,ok,1288.30576948627,-74.90638578095036,0.20644080265855622
774,-4.892086175258328,6.5923863974547885,0.13793925126208073,0.9997740426627569,375,329,0.8773333333333333,0.5089770919542418,ok,1293.2057338728662,-81.49291859948164,0.0685015513964763
775,-6.850592397859373,0.6787160533347105,0.17927041093559715,1.00009925192271,366,319,0.8715846994535519,0.511649013194656,ok,1300.055001320181,-82.18487749841893,-0.11076885953911977
776,-1.8444394497169014,-0.21694439282714484,0.24037738652951196,0.99999119132202,360,335,0.9305555555555556,0.29425280122507314,ok,1301.9007357007156,-81.97924104794583,-0.3511462460686303
777,0.06327029213821334,0.12435481880652333,0.03683587540585354,1.0000347416432576,416,372,0.8942307692307693,0.2293144436696749,ok,1301.836624788813,-82.1031645800233,-0.38798212147448363
778,0.35107310618741394,0.6170544609233275,0.012789004609441086,1.000015267931918,381,353,0.926509186351706,0.30778003188578096,ok,1301.4812441486968,-82.717748288125,-0.4007711260839247
779,0.3499265789398578,1.1028494356285137,-0.08197857302590127,1.0000254674945837,400,385,0.9625,0.33921239792445707,ok,1301.1251867860424,-83.81863367853327,-0.3187925530580239
780,-0.45570868465256353,1.6573884415493012,-0.16696498278888378,0.9998989335920677,389,334,0.8586118251928021,0.26898506932503263,ok,1301.5765019771513,-85.47722387798683,-0.1518275702691411
781,-1.1173366926186645,1.9948882546466393,-0.21055322909017626,0.9999662804283724,358,318,0.888268156424581,0.32563277780395194,ok,1302.6958827554006,-87.4709658639232,0.05872565882103387
782,2.0832847881304133,-4.860950805417474,-0.21945899955881892,1.0001624372654208,398,370,0.9296482412060302,0.35214406160740785,ok,1300.5890215408133,-82.62018715699242,0.2781846583798514
783,2.9693821711830424,11.67551149563701,-0.11248335165504528,0.9991916295035473,322,268,0.8322981366459627,0.6142918735137901,ok,1297.6993165878305,-94.31567365597994,0.39066801003489593
784,-9.088576368792474,4.750501804266605,0.04156519178560945,0.999959821031355,369,312,0.8455284552845529,0.5407612839893274,ok,1306.816668850423,-99.01071098528007,0.3491028182492868
785,-5.506579473790225,1.2026753466263926,0.13676678136405432,1.0001315806994977,333,269,0.8078078078078078,0.4512425123342922,ok,1312.3276675702207,-100.19297094016986,0.2123360368852334
786,-0.49021958659909615,0.6978692072054855,0.20061913401291737,0.9999086942599757,365,331,0.9068493150684932,0.4517017296653643,ok,1312.8180298597977,-100.89073988359712,0.011716902872317367
787,0.607616269495793,0.46577718864182316,0.18643718194032047,1.0000600010526943,386,354,0.917098445595855,0.4553369087993906,ok,1312.2089960561277,-101.35466201758368,-0.17472027906800186
788,0.8025065691958844,0.315915654108494,0.1325528215425891,1.000012156634238,356,303,0.851123595505618,0.5491901993623637,ok,1311.404806802778,-101.66626936491468,-0.30727310061059
789,0.26884541075969537,0.35349345237432317,0.07821058335877648,1.0000476151047342,371,353,0.9514824797843666,0.30769925945808263,ok,1311.1335892050106,-102.01794604941199,-0.38548368396936605
790,-0.25349704887889857,0.21032165054998586,0.0014817434470303773,0.9999980072071187,430,409,0.9511627906976744,0.17550852393657085,ok,1311.385660008453,-102.22997496379014,-0.3869654274163964
791,4.234489871522328,2.5249305061615814,-0.14391276249680723,0.9996021762193911,346,291,0.8410404624277457,0.4732038444789385,ok,1307.1404973390613,-104.73691980629667,-0.24305266491959013
792,-5.294015450070219,8.908705117331806,-0.14588316024043943,0.9997851335675413,352,300,0.8522727272727273,0.46914663176642846,ok,1312.4193966625542,-113.6545903757659,-0.09716950467915172
793,-7.467610243912759,2.260673226758854,-0.1754220258855891,1.000157445718845,353,304,0.8611898016997167,0.5690941481838817,ok,1319.89008748723,-115.9050625029605,0.07825252120643615
794,-1.5746076292957696,0.28257007992033323,-0.13286037827668049,0.9998559207609901,390,363,0.9307692307692308,0.4553368393474789,ok,1321.4657255874477,-116.18182885468207,0.21111289948311568
795,-0.008729276406256758,0.13618359781753497,-0.03983417177015067,1.0000705194309756,382,363,0.9502617801047121,0.3027003784071102,ok,1321.4750512423104,-116.31797291346732,0.25094707125326604
796,0.34590329076195303,0.15878959620886235,-0.014039734306988684,1.0000674828715925,399,377,0.9448621553884712,0.2884756340577978,ok,1321.1298860330655,-116.47836057119298,0.2649868055602546
797,0.5077369125269797,0.2532805446276143,0.08092852959185065,1.0000612379886977,370,348,0.9405405405405406,0.3272203328768205,ok,1320.6229653832027,-116.73327087183259,0.18405827596840457
798,0.1637461369855373,0.4255451110979038,0.15390746584974302,1.0001121624088267,404,377,0.9331683168316832,0.3596700231752172,ok,1320.4594432038698,-117.15890209228428,0.03015081011866269
799,-0.7449659454505309,0.8876322706817064,0.21193062523740924,0.9999702931760004,378,347,0.917989417989418,0.45939720084971325,ok,1321.201589252623,-118.0488934125541,-0.18177981511874491
800,0.6080094627322978,-2.4521822869558036,0.2161160427761257,1.0000432047028658,357,319,0.8935574229691877,0.24195543715337214,ok,1320.6106237217555,-115.59254791231217,-0.397895857894869
801,2.1143242775415274,11.741175522977073,0.11647008475948739,0.9993639853666025,356,300,0.8426966292134831,0.5665892287410278,ok,1318.3909810740638,-127.31426947224122,-0.5143659426543555
802,-8.106362713660019,3.474778947001141,0.031090102776282998,0.9999392028856864,340,277,0.8147058823529412,0.5474599380902804,ok,1326.4638970392323,-130.86606239909838,-0.5454560454306383
803,-4.408034886768064,-0.43748379180919983,-0.1145804174829838,1.0000926145743085,330,282,0.8545454545454545,0.3848186002961965,ok,1330.8750972158339,-130.46173996216442,-0.4308756279476554
804,-0.2402391661648835,-0.6374986222680263,-0.19915474284434667,1.0000269207912196,320,295,0.921875,0.569898624640704,ok,1331.117912641088,-129.8252181482319,-0.2317208851033101
805,0.42091453671309864,-0.36450779398569466,-0.21335377592476193,1.0000318997063486,324,300,0.9259259259259259,0.5151059005841649,ok,1330.6971149749984,-129.46057544186533,-0.01836710917854973
806,0.572130909665475,-0.021810768367231503,-0.16915080775444383,0.9999176292002668,357,335,0.938375350140056,0.3867836667482301,ok,1330.1249286478126,-129.44027040818196,0.1507836985758928
807,-0.037461112137862074,0.5474528362024103,-0.07890671945779805,0.9999268386980171,340,322,0.9470588235294117,0.3196904548715276,ok,1330.1645841115774,-129.98756866962856,0.22969041803369025
808,-0.9534198076557914,1.0838063270857674,0.02676265878285452,0.9999968726873948,334,313,0.937125748502994,0.3230478662648958,ok,1331.1218365105767,-131.0679914243276,0.20292775925083595
809,2.2006120304158685,-1.1614015966523539,0.10649874578959437,1.0002231903062495,341,316,0.9266862170087976,0.5158051699534998,ok,1328.9192729544254,-129.91029510912654,0.09642901346124239
810,-5.241694158003156,6.140585519239266,0.13234306233242232,0.9999134749331632,313,264,0.8434504792332268,0.4913821432451816,ok,1334.1571170509533,-136.054165012177,-0.03591404887117899
811,-3.5689621565536527,6.809328438590228,0.2734452151760593,0.999740804792104,307,273,0.8892508143322475,0.5548210004402072,ok,1337.689261499617,-142.88266413374674,-0.30935926404723624
812,-0.666791890258537,0.7572989073694316,0.26670677518078667,0.9998778678292433,308,258,0.8376623376623377,0.317441140760386,ok,1338.3484057442836,-143.64662874335943,-0.5760660392280208
813,-0.37489252920568106,0.06550121811562803,0.1769547137653607,0.9999667167971239,311,287,0.9228295819935691,0.447257115652355,ok,1338.7224050587804,-143.7170512595386,-0.7530207529933801
814,-0.181672592076211,0.09450589259301978,-0.007305877237785223,0.9999486906665893,387,362,0.9354005167958657,0.18761781137100053,ok,1338.902832287404,-143.81391358254314,-0.7457148757555949
815,-0.3567745229754564,0.4357183107892979,-0.11976164549243205,0.9999191886588937,309,284,0.919093851132686,0.38927613658968774,ok,1339.2548254154665,-144.25350355558385,-0.6259532302631639
816,-0.5835424972892724,1.0101288501814452,-0.2720042484412056,0.9999904104943326,319,285,0.8934169278996865,0.24462279158194272,ok,1339.8321166709302,-145.26721798602114,-0.35394898182196044
817,-0.8357668865996857,1.3121444671037352,-0.24565701630719125,0.999995448644124,329,286,0.8693009118541033,0.26085781528135843,ok,1340.6654020457809,-146.5809397508359,-0.10829196551477101
818,-0.8841899322135305,1.4040801364858453,-0.15577419863957476,0.99991951993454,336,297,0.8839285714285714,0.2989371945458416,ok,1341.5507552653617,-147.9842866582253,0.04748223312480255
819,-3.8395937917800893,1.772369576515075,-0.07325047241276636,0.999785888247113,266,227,0.8533834586466166,0.637150598828818,ok,1345.3940752375013,-149.7485615782383,0.12073270553756835
820,2.2820650544249474,8.009145476423782,0.0019330146506145822,0.9995599962825374,328,294,0.8963414634146342,0.4121649484743124,ok,1343.1286216053763,-157.76242157301215,0.11879969088695377
821,4.301206827674378,0.5083880692004641,0.0972832457442285,0.9998304446973956,250,202,0.808,0.3547024144203826,ok,1338.8276059973869,-158.272424850618,0.02151644514272607
822,-2.4564708379405147,0.01145885442610961,0.16364440980744252,0.9998885861103602,289,269,0.9307958477508651,0.3699916731325158,ok,1341.2840408527147,-158.2899771874154,-0.14212796466471508
823,-4.8258451435922325,0.16899273782564705,0.24925840394600998,0.9999964593389961,285,248,0.8701754385964913,0.36748477683391423,ok,1346.1086190270653,-158.49193098151136,-0.391386368610723
824,-1.3381500453135686,0.7096688395308774,0.18412818652097726,1.0000563893244199,320,289,0.903125,0.448421954832324,ok,1347.4395733302729,-159.21500500839045,-0.5755145551316987
825,-0.4990851718921476,1.1030434390274877,0.09417834130322422,0.9999987551962638,347,330,0.9510086455331412,0.24845984275115465,ok,1347.9257319508558,-160.3238064481518,-0.669692896434922
826,-0.2580444104319213,0.6935307960357022,0.004101729625129259,0.9999638319053276,325,308,0.9476923076923077,0.2076975268024009,ok,1348.1756028293378,-161.02032380392382,-0.6737946260600514
827,-0.9020655607982917,1.8550992478606076,-0.08970255421131322,0.9998634198127282,312,290,0.9294871794871795,0.44013157198644304,ok,1349.0587103512846,-162.88452245215615,-0.584092071848739
828,-5.668409465503146,3.842218666093686,-0.29607657854376085,0.9996781792912772,251,202,0.8047808764940239,0.8021894742615643,ok,1354.7077341445604,-166.755186520464,-0.2880154933049808
829,0.4101624776078552,5.0420993434456705,-0.17161987214414626,0.9998163893047166,286,242,0.8461538461538461,0.35998643316743945,ok,1354.287329561973,-171.7964422205996,-0.1163956211608359
830,5.149117485761735,3.928760916006695,-0.38200396734865644,0.9997697898693481,268,232,0.8656716417910447,0.5731853651734746,ok,1349.156480053135,-175.74903080720708,0.2656083461878173
831,1.7728266319450086,0.4230436488280702,-0.22788808218973577,0.9999836233878194,305,269,0.8819672131147541,0.269427351737063,ok,1347.3873628684373,-176.18732817493037,0.49349642837755114
832,-4.415402352334695,0.3768262077021518,0.01535274264137255,0.9997752579233093,293,269,0.9180887372013652,0.5026593123976135,ok,1351.8057561194546,-176.52729435439062,0.47814368573617877
833,-3.3117588279326355,0.5120971424412346,0.1918847798600302,0.9998210422972118,284,263,0.926056338028169,0.44400632499454057,ok,1355.1200321228728,-177.0228390959153,0.2862589058761503
834,-0.7176155638519504,0.386860233424386,0.35892911278756723,0.9999617316406503,313,281,0.8977635782747604,0.2745386279259322,ok,1355.8371564415183,-177.41060919442032,-0.07267020691141353
835,-0.26567440217559124,0.6400176916156397,0.3945566192849131,0.9999287636575103,305,266,0.8721311475409836,0.3020187448033296,ok,1356.097602950134,-178.05277206293772,-0.467226826196323
836,-0.8096027304770814,1.0495080090828424,0.3405849198270118,0.9998946091155752,306,266,0.869281045751634,0.3308916365874711,ok,1356.8923287184384,-179.11358995283126,-0.8078117460233317
837,0.8978893887353934,-2.1767657959480857,0.17571615957490486,1.0001175953872194,319,284,0.890282131661442,0.3235963168328108,ok,1356.0319357063827,-176.92173262407584,-0.9835279055982349
838,-7.232343365244333,10.872151055373934,0.016167961414762906,0.9994172310098955,260,215,0.8269230769230769,0.7917621176092275,ok,1363.0734907234519,-187.91841221680977,-0.9996958670129976
839,-1.169043827917676,3.6970173279103165,-0.20849175516450613,0.9998657334284441,278,242,0.8705035971223022,0.3401962767475049,ok,1364.1913721680744,-191.63122000475528,-0.7912041118484934
840,0.5463499434031291,0.31639221718955923,-0.3522464057726147,1.0000023610382411,294,252,0.8571428571428571,0.3294153165475048,ok,1363.6426143201052,-191.9434172501742,-0.4389577060758819
841,0.36935996159718343,0.25557629834838735,-0.22896524699211102,1.0000061796044037,262,230,0.8778625954198473,0.4109442972527454,ok,1363.2723201389254,-192.1976381086672,-0.20999245908377315
842,0.10046921476055104,0.29390702111652445,-0.10164151254743299,1.0000505470955,293,276,0.9419795221843004,0.39842725875029206,ok,1363.1712953022297,-192.49135460896423,-0.10835094653634113
843,-0.24565277398869512,0.7248280786818668,-0.054150782160679686,0.9999411719425733,314,292,0.9299363057324841,0.3237873415156286,ok,1363.4162622998315,-193.21641474378066,-0.05420016437566195
844,-0.6037528929273321,1.0220531000909432,0.018583018139730668,0.9999080289388862,305,287,0.940983606557377,0.42763827679438193,ok,1364.0187163856124,-194.23923397006126,-0.07278318251539244
845,-0.43520161011565506,0.7154041399307971,0.03737282067564527,0.9999453961066149,336,313,0.9315476190476191,0.2250692265284875,ok,1364.4525417670206,-194.9554734993552,-0.1101560031910374
846,-0.8887767145713497,1.4650925601854397,0.11111395386650028,0.9999937547811302,325,303,0.9323076923076923,0.29700073020915735,ok,1365.3356538427106,-196.4239874829609,-0.22126995705753663
847,-4.277861918184271,3.1577733456389296,0.20758736937055353,0.9995402046608108,301,267,0.8870431893687708,0.7293399500239207,ok,1369.5897603027142,-199.6136917514525,-0.42885732642808827
848,4.399157952873793,10.265137164643988,0.36094408802120853,0.9994646362728331,311,254,0.8167202572347267,0.5478764731053531,ok,1365.0495236097324,-209.81721479376404,-0.7898014144492934
849,1.496317004231969,0.28031488780356995,0.08931703377307375,1.000139410196422,298,272,0.912751677852349,0.5241331015022187,ok,1363.5490818900917,-210.07453882964114,-0.8791184482223665
850,-4.004438791920393,0.20961085130920765,-0.022988532211736044,1.0000444953050094,325,273,0.84,0.3878063932512621,ok,1367.549941702277,-210.34395952384125,-0.8561299160106307
851,-2.0100305290861797,0.007541584390196476,-0.06137644246494795,0.9997813907245364,310,292,0.9419354838709677,0.37845555388782715,ok,1369.5596742566029,-210.37938075246745,-0.7947534735456832
852,-0.004033046961467335,0.0019179129077429025,-0.00025908671014279554,1.0000042953958423,444,441,0.9932432432432432,0.00739084863950341,ok,1369.563680321862,-210.38135440361577,-0.7944943868355404
853,-2.1594663882874556,1.1891122762065152,-0.6183019170502683,0.9999866638297257,277,228,0.8231046931407943,0.3964742407640414,ok,1371.7194798202504,-211.57710170564758,-0.17619246978527708
854,-0.26538154083004883,0.40503066668293286,-0.08559600785514612,0.9999604439755476,325,306,0.9415384615384615,0.31776672768497405,ok,1371.9842205924483,-211.98255148885505,-0.09059646193013167
855,-0.6404895279551965,1.176163516925385,-0.1053643130295621,0.9998742095641218,281,258,0.9181494661921709,0.6060412038216254,ok,1372.6250132524783,-213.158549882059,0.014767851099429533
856,5.722805303187215,2.338281086024608,-0.03585986251750956,0.999776205437276,275,229,0.8327272727272728,0.5589376028267311,ok,1366.9042763357859,-215.50188684149077,0.05062771361693878
857,-5.003449693047514,10.71751030640769,0.13932893194380466,0.9994894081336643,290,230,0.7931034482758621,0.5600254803782551,ok,1371.8911279584536,-226.22713028359067,-0.08870121832686467
858,-5.79890474882086,1.5826850778112203,0.22034231200005086,0.9995700420342012,283,249,0.8798586572438163,0.7121737508335564,ok,1377.6814116643081,-227.8410704767649,-0.30904353032691356
859,-1.3510286595792422,-0.23639617549906689,0.2645735356163849,1.0000274455536495,291,251,0.8625429553264605,0.32688998342092934,ok,1379.0347392597746,-227.6182117543783,-0.5736170659432961
860,-0.00360648623131965,-0.21908771183746012,0.26386399292297624,1.0000320958312687,308,257,0.8344155844155844,0.2886754814946833,ok,1379.0415476084008,-227.39920015968517,-0.8374810588662699
861,0.4088467946050969,0.09504837018062062,0.12028170065006813,1.000052405187674,296,269,0.9087837837837838,0.44677177352083286,ok,1378.6311691688188,-227.48740123937898,-0.9577627595163368
862,0.3827951518194368,0.23315243488355009,-0.016998465120260344,1.000074935792848,323,295,0.913312693498452,0.2605350389828188,ok,1378.244597557107,-227.71423724879367,-0.9407642943960766
863,-0.2741596892203688,0.6418614233489279,-0.13824641245993013,0.9998422349531094,328,307,0.9359756097560976,0.49256990047220206,ok,1378.509740364859,-228.35987562549872,-0.8025178819361479
864,-0.6797581959972376,1.4643928953881868,-0.27205215836229313,0.9999310584583752,312,263,0.842948717948718,0.29739190815928734,ok,1379.1759117248796,-229.83049912462354,-0.5304657235738571
865,-4.8203068634259125,4.343108556179118,-0.305431557124151,0.9998625710897896,280,230,0.8214285714285714,0.6190766925144122,ok,1383.9791235160383,-234.19250630912256,-0.22503416644970892
866,2.5311837519293476,8.41238238600306,-0.30620062980918467,0.9996067848261792,303,252,0.8316831683168316,0.4630874547910565,ok,1381.4598594661293,-242.60846598352703,0.08116646335947296
867,4.86339373661599,0.34639388451842024,-0.1838858459774624,0.9999842095652003,293,234,0.7986348122866894,0.4747765078001511,ok,1376.5981201929178,-242.97735431337514,0.2650523093369337
868,-1.6539162017124909,-0.6911911169279392,0.032867854804787835,0.9998529478609554,296,268,0.9054054054054054,0.3776700224325578,ok,1378.2492218508937,-242.27946658785208,0.23218445453214617
869,-5.164228170025808,-0.36955804238721157,0.2278291444773873,1.0000003916398756,302,234,0.7748344370860927,0.41340729072953963,ok,1383.4134219142297,-241.9095159903087,0.0043553100547609035
870,-1.7152228829168052,-0.005210612233895517,0.33385990688834855,1.0001582816802388,270,222,0.8222222222222222,0.41969285241681153,ok,1385.1286463989275,-241.9141695539513,-0.3295045968335845
871,-0.033349460110457585,0.3049363265693046,0.3518354940552028,1.0000922182634633,299,260,0.8695652173913043,0.33909971535099226,ok,1385.1583673972095,-242.21948089015143,-0.6813400908887841
872,-0.1599517848069354,1.392527445658743,0.2684782866302461,1.0000920502923665,274,248,0.9051094890510949,0.6734112457421602,ok,1385.2952136962595,-243.61446847103264,-0.949818377519028
873,0.015014586522283935,-0.0002867173827780789,0.0007214217940654889,1.0000096764430635,407,401,0.9852579852579852,0.02569988380355441,ok,1385.2802059323576,-243.61393271180293,-0.9505397993130933
874,1.007758271968214,-3.431586213647961,0.10230905145969191,1.0001791076914266,293,241,0.8225255972696246,1.0535250313376774,ok,1384.33567197619,-240.1644086457809,-1.052848850772784
875,2.479565968699717,15.136542442820883,-0.1374114846684763,0.999217611231877,277,216,0.779783393501805,0.7398665588217728,ok,1381.6145902437072,-255.25940380051998,-0.915437366104309
876,-8.154303608562714,5.086452233879754,-0.2679891140961005,0.9999579504142635,272,211,0.7757352941176471,0.6337519525772867,ok,1389.710897022088,-260.4376738029923,-0.6474482520082109
877,-4.171439770728284,0.4315565489615665,-0.45130970317374963,1.000033882954089,275,222,0.8072727272727273,0.32802886256466335,ok,1393.8808350219635,-260.88350773279103,-0.19613854883446505
878,0.23075364615442595,-0.09037039774477762,-0.10777538406555229,1.0000824628436265,306,277,0.9052287581699346,0.4025791869695488,ok,1393.6502210219467,-260.7927815678871,-0.08836316476891368
879,0.8497970701573649,-0.25833182183396275,-0.15737854825330586,1.000120067177221,303,279,0.9207920792079208,0.5530023417414033,ok,1392.8001133958833,-260.535473552603,0.06901538348439092
880,0.8471711105653412,0.17417193330811642,-0.024966133661142278,1.000099451351144,279,263,0.942652329749104,0.33603947903324854,ok,1391.9532291168066,-260.7110348546631,0.09398151714553299
881,0.37130900367537834,0.7263331719896087,0.12330800930747923,1.0000853528132636,302,271,0.8973509933774835,0.41108178313907,ok,1391.5815483926215,-261.43717787928847,-0.029326492161945238
882,-0.6875185612730093,1.276707135504239,0.23101200856532592,1.0001135771343161,271,241,0.8892988929889298,0.6431029037665174,ok,1392.2632588207557,-262.71699574684476,-0.2603385007272693
883,2.7059775948396236,-2.3779546086120718,0.20919366715329435,1.0001176549352093,280,235,0.8392857142857143,0.30746244806089507,ok,1389.57685892681,-260.3169460652333,-0.46953216788056196
884,-7.127069148243436,14.072862119428805,0.14025274134443227,0.9995480689714832,275,208,0.7563636363636363,0.7129631121156137,ok,1396.5537532558933,-274.4648614027343,-0.609784909224993
885,-1.6515686967798047,3.5703798615007827,0.08695469171106919,0.9995916370033971,294,238,0.8095238095238095,0.5902245858849969,ok,1398.1617836635928,-278.05506052304884,-0.6967396009360615
886,-0.04073415790935542,-0.8285938904193699,-0.007756252397808264,0.9999281534990798,329,302,0.9179331306990881,0.3382234251525537,ok,1398.2124785009714,-277.2270163573643,-0.6889833485382533
887,0.13460750056151483,-0.9229479583153761,-0.0668764084946096,1.0000601522991277,345,317,0.9188405797101449,0.2694463164107618,ok,1398.0878999356476,-276.30266128812525,-0.6221069400436442
888,0.054186595749342814,-0.5873320599515637,-0.09574185778919879,1.0000107461912007,311,280,0.9003215434083601,0.41695607445756955,ok,1398.0391112549603,-275.714856218019,-0.5263650822544462
889,-0.1531366180583973,0.007853240111103332,-0.2569368557327233,0.9998495186802884,285,239,0.8385964912280702,0.35385914163012666,ok,1398.1922092508773,-275.72342947975915,-0.26942822652172516
890,-0.23631014283091645,0.4852801724375695,-0.3059186216396778,1.0001140625163645,289,248,0.8581314878892734,0.36372154049480154,ok,1398.4288284098047,-276.20855905316625,0.03649039511795
891,-0.5641086244575035,1.1729144829231473,-0.16343970136670902,0.9998772679699788,322,278,0.8633540372670807,0.32618567043403746,ok,1398.9970264045196,-277.37949797695364,0.19993009648465762
892,0.23951896013727492,-0.6334073979336381,0.018523926346461224,1.0000492657653455,295,263,0.8915254237288136,0.4410367415744247,ok,1398.7555031949485,-276.74685210186965,0.18140617013819654
893,3.0822621545098627,11.122559407105314,0.20806395240114828,0.999452903703163,280,214,0.7642857142857142,0.5459996236925989,ok,1395.6680664247144,-287.8679762331577,-0.02665778226294993
894,-7.68539650797311,3.152423157051544,0.38728523536012704,0.9999432521592913,299,230,0.7692307692307693,0.539871236883771,ok,1403.3304873463283,-291.0758410784865,-0.41394301762307356
895,-4.2467490299573,-0.9860908345139023,0.2721046032345678,1.0000484202876467,308,254,0.8246753246753247,0.3980677399732893,ok,1407.5887389104812,-290.14066939705936,-0.686047620857639
896,0.1251216490686602,-0.5476093545860294,0.13818448508718167,1.0000846983784135,294,269,0.9149659863945578,0.6028575285919846,ok,1407.4715076055456,-289.5913168204395,-0.8242321059448195
897,0.8987353446921134,-0.18073638350483634,0.05893478987285988,1.0001222954112992,311,280,0.9003215434083601,0.4845188554403782,ok,1406.575664818043,-289.3967491967163,-0.883166895817679
898,1.090566307377685,0.30754824665598335,-0.03257450901964429,1.00006213655994,296,283,0.956081081081081,0.4367182984889129,ok,1405.4806531028762,-289.68807399562036,-0.850592386798035
899,0.32994489135080585,0.3604848884151579,-0.03984893438126056,1.0000296790002325,317,305,0.9621451104100947,0.34288683177382956,ok,1405.1456405004683,-290.0438541838438,-0.8107434524167748
900,-0.0904015632975188,1.578853233234895,-0.1745725244461581,0.9999679566580693,311,254,0.8167202572347267,0.3107762981915161,ok,1405.2185064062814,-291.6236138283823,-0.6361709279706182
901,-0.6789845698494901,1.8874633542972106,-0.2263721667285254,0.9998063025760519,280,237,0.8464285714285714,0.3830500900728663,ok,1405.883973949039,-293.5158851909107,-0.4097987612420947
902,-3.940238550962249,2.0146808519405113,-0.18887755439583945,0.999982984604495,296,242,0.8175675675675675,0.6582296471493594,ok,1409.8164150177454,-295.54574381032614,-0.2209212068462568
903,2.744632873957471,8.3025433005987,-0.14227574915929858,0.9994741134625119,281,215,0.7651245551601423,0.5779311199267371,ok,1407.0603884778648,-303.84451194677854,-0.07864545768695932
904,3.4605272221874657,0.5870108627921127,-0.01252892901906865,1.0000833430943727,269,232,0.862453531598513,0.5800959756822957,ok,1403.5991861780121,-304.4275291403768,-0.06611652866789078
905,-2.137578495272237,0.06818709276024038,0.135061370464761,0.9999942681342245,274,250,0.9124087591240876,0.4281164792190424,ok,1405.7365120774084,-304.50322129874564,-0.20117789913265066
906,-4.237831536224348,0.23625056464140926,0.24183171229252995,1.00014897591891,275,240,0.8727272727272727,0.5207089200920929,ok,1409.9723902725775,-304.77223128815956,-0.44300961142517864
907,-1.0728496917863595,0.4938907507521435,0.15160031342536734,1.000114751247984,286,263,0.9195804195804196,0.48220202412012725,ok,1411.0400567341926,-305.2772291709141,-0.5946099248505448
908,-0.2546505503166827,0.8717125988357566,0.08028582818895821,0.9999984419565787,300,284,0.9466666666666667,0.3101276834757897,ok,1411.2844218199014,-306.15188079449456,-0.6748957530395023
909,-0.40025017833795573,1.315324459904673,0.048205712020900085,0.9999203455980668,304,274,0.9013157894736842,0.3112069989032454,ok,1411.668040509816,-307.4721517291257,-0.7231014650604021
910,-0.5237985047165239,1.6106440307154344,0.0038197057611219064,0.9999824297816676,277,251,0.9061371841155235,0.5079688016963595,ok,1412.1713628957496,-309.08931147480337,-0.7269211708215239
911,2.054587096851037,-6.499135436371375,-0.03619181891518587,1.0000988193752296,282,241,0.8546099290780141,0.36327039803511024,ok,1410.1952735376403,-302.5658798312884,-0.6907293519063383
912,-0.6445939532168268,17.32170854826461,-0.12052684017391553,0.9993718080914167,248,187,0.7540322580645161,0.6631278328965027,ok,1410.6674543102695,-319.89314544688693,-0.5702025117324239
913,-8.029266731897224,1.8074760029707022,-0.09178423013907717,1.0000006570261835,267,225,0.8426966292134831,0.6144712467633073,ok,1418.6813489326046,-321.7676018308474,-0.4784182815933474
914,-1.3980480451496078,-0.0988974644967584,-0.10462638497812496,0.9998656244440358,287,258,0.8989547038327527,0.4295873588413084,ok,1420.0800124190387,-321.6778271309271,-0.3737918966152233
915,0.1703691870086459,-0.0886632488181931,-0.037729013653448606,0.9999930370029589,286,270,0.9440559440559441,0.24886529710550945,ok,1419.9101662053988,-321.58816612889643,-0.33606288296177494
916,1.5745760907402655,0.03845287046874546,-0.015008564618799238,1.0001546307117921,265,244,0.9207547169811321,0.4173608316380083,ok,1418.335399366622,-321.6177953756908,-0.3210543183429758
917,0.9123911489923557,0.5773587239326616,0.08247408543604909,1.0000490848581487,277,254,0.9169675090252708,0.3811716696294365,ok,1417.4189646002253,-322.1887139546493,-0.40352840377902427
918,0.08901110627766684,0.3985818637503371,0.05971283573506253,1.000015603421902,310,294,0.9483870967741935,0.2942805610289245,ok,1417.3267338701144,-322.58656313659446,-0.4632412395140863
919,-0.6084769811868682,1.4748458561849702,0.2268638021616247,1.0000073966309917,277,248,0.8953068592057761,0.47213489489823135,ok,1417.9174032086862,-324.0686307020619,-0.6901050416757094
920,-2.798310535894416,6.036355337906116,0.5263124738305344,0.9993951206011807,271,224,0.8265682656826568,0.8666899203346075,ok,1420.5869379628389,-330.16303073956647,-1.21641751550624
921,-2.0081865924421436,4.517434757903857,0.11948767541263743,0.9997812415678132,278,254,0.9136690647482014,0.5384546232796502,ok,1422.4892600083908,-334.7260561632286,-1.3359051909188766
922,-1.3992445234393927,2.609746069071207,0.044431007224620615,0.9998428347866333,282,250,0.8865248226950354,0.5472087288770425,ok,1423.8252321087707,-337.3687514404817,-1.380336198143497
923,0.09356576802520067,-0.8349522569868668,-0.17505508077547471,0.9999933814178937,269,243,0.9033457249070632,0.5082926128343922,ok,1423.7492499060286,-336.5320158016684,-1.2052811173680233
924,0.12368129845276599,-0.5177834687514178,-0.34786691152064225,0.9999763021144604,277,241,0.8700361010830325,0.34213749334127297,ok,1423.6333306416188,-336.01243952407503,-0.8574142058473836
925,0.21631510379938845,-0.42564553886018075,-0.3853196080402173,1.0000492123433462,255,216,0.8470588235294118,0.45166158005824153,ok,1423.4205299921866,-335.58502610303583,-0.4720945978071688
926,-0.04310030629085304,0.2838609163468391,-0.29732592998767565,0.9998747961753598,271,227,0.8376383763837638,0.28243786995433207,ok,1423.4627642415714,-335.86901716699833,-0.17476866781949507
927,-0.25327889104028145,0.5586332755258354,-0.15630297936359,1.0000043077925722,289,261,0.903114186851211,0.37828442444542676,ok,1423.7158630791837,-336.4277320420199,-0.01846568845590612
928,-0.4101454657461545,1.2263703904635577,0.013212781935783867,1.0000315939656552,279,239,0.8566308243727598,0.39616281200185005,ok,1424.1253304299223,-337.65432901183397,-0.031678470391689896
929,1.5207076649439841,-6.684386635355963,0.17314818005564012,1.0002841188281841,256,218,0.8515625,0.44047689123636613,ok,1422.628528441401,-330.96454872393963,-0.20482665044732892
930,2.5137633537094644,14.121061893839055,0.31417855362291736,0.999305801863052,247,194,0.7854251012145749,0.7252672251783748,ok,1419.9869564520575,-345.06226104307825,-0.5190052040702444
931,-7.270787733535144,5.1161280672981775,0.30313787713955764,0.9998825225356618,296,244,0.8243243243243243,0.5107692918202442,ok,1427.1835863496142,-350.2821881292273,-0.8221430812098002
932,-4.439287847440482,0.36647422777946304,0.20953643762192042,1.0000082539630424,266,229,0.8609022556390977,0.45224701479701485,ok,1431.6155561027156,-350.7285333539712,-1.0316795188317194
933,-0.14129742394766254,-0.09497498411496963,0.08147179030272829,1.0000580969423354,304,283,0.930921052631579,0.3326438440768832,ok,1431.7586719335934,-350.63632126922084,-1.1131513091344472
934,0.5571743758346202,-0.14204214089079414,-0.030062835929388965,1.0000245443973852,321,292,0.9096573208722741,0.2992064550714755,ok,1431.204282033371,-350.4837726100751,-1.0830884732050585
935,0.7578423859836221,-0.10465265132313561,-0.13131886842841275,1.0000054484555772,307,288,0.9381107491856677,0.4546646779706369,ok,1430.4482825643586,-350.3665460675395,-0.9517696047766464
936,0.3821556197217433,0.012373633308129683,-0.09121724764525749,1.0001099595273968,324,292,0.9012345679012346,0.34006053187677365,ok,1430.0659842095743,-350.3731787453852,-0.8605523571313893
937,-0.2710194695541759,0.4361095528173564,-0.2692787466383656,0.999958337970473,299,254,0.8494983277591973,0.310497377168382,ok,1430.3324888207155,-350.8120618587267,-0.5912736104930253
938,-0.9297186783933284,1.0578422984852978,-0.3367699811130995,0.9999536040577314,266,232,0.8721804511278195,0.3658089754021482,ok,1431.2574994850543,-351.8740234495002,-0.2545036293799278
939,4.46718840427593,-0.8112217704715476,-0.24374950714707583,0.9999410649418247,287,255,0.8885017421602788,0.5886899806542386,ok,1426.7904634216068,-351.06196322510516,-0.01075412223285346
940,-3.921016467529853,8.477090100664782,0.008954978233219493,0.9997348964428507,302,256,0.847682119205298,0.48313408366431226,ok,1430.7085636340435,-359.54040160954435,-0.019709100466072896
941,-6.056733254601113,2.17287827494647,0.21630818524361908,0.999930312033345,278,237,0.8525179856115108,0.5249031015819048,ok,1436.7562948360655,-361.7382107512143,-0.23601728570969074
942,-1.2199651777618783,0.7632751044357065,0.33145917521700596,0.9999120746169864,283,248,0.8763250883392226,0.3294976941854928,ok,1437.968640570625,-362.5135311623335,-0.5674764609266947
943,0.1511519333448632,0.6812861469916243,0.3818648849791978,0.9999798647705544,269,235,0.8736059479553904,0.3301766315430492,ok,1437.8062215813982,-363.19221945085405,-0.9493413459058904
944,0.6165467782648193,0.5954397721560554,0.31391516754580234,1.0001037855603916,286,242,0.8461538461538461,0.34891007145378117,ok,1437.1766974691432,-363.77392199008136,-1.263256513451691
945,0.40994612094573313,0.7574004280191957,0.1676777211411662,1.000038616066057,301,275,0.9136212624584718,0.39046576151327234,ok,1436.747965447537,-364.52084908430913,-1.4309342345928566
946,-0.1634345001107249,1.0388174487598008,-0.000253920149799611,0.9999353983763931,293,263,0.8976109215017065,0.2916662625684728,ok,1436.8854123377403,-365.56342324476384,-1.4306803144430567
947,2.0289185671908854,-2.9034394713954725,-0.21644266025436212,1.0002639928303643,276,254,0.9202898550724637,0.46030690104717,ok,1434.9184757426913,-362.61764121830527,-1.2142376541886957
948,-6.2823289881862365,10.94018355072933,-0.3045495018291222,0.9997928759802311,222,169,0.7612612612612613,0.8684751873160306,ok,1441.0263223390164,-373.65618657515404,-0.909688152359575
949,-1.312547237180297,3.178213506569591,-0.24865248268836607,0.9998726497731564,243,198,0.8148148148148148,0.3968271080367809,ok,1442.3021151949715,-376.84933140930514,-0.6610356696712102
950,-0.002775321002218334,-0.0166760698981534,-0.0011020042386806726,1.000048797062236,314,304,0.9681528662420382,0.16652442649849794,ok,1442.305082402864,-376.8326884110405,-0.6599336654325295
951,0.17075273954742443,-0.38799556877052055,-0.2386765734182015,0.9999407041553071,235,203,0.8638297872340426,0.41648525342283527,ok,1442.1371869215986,-376.4434479110678,-0.4212570920143294
952,-0.01932582778408687,0.4114606356937429,0.02105754992556182,0.9999850339110974,336,309,0.9196428571428571,0.1971511172876856,ok,1442.1533357919795,-376.85504547705955,-0.4423146419398911
953,-0.098179338595628,0.7926461561238511,0.11041651807641253,0.9999312489206309,271,247,0.9114391143911439,0.43167087733640774,ok,1442.2438640402022,-377.64860186927024,-0.552731160016303
954,-0.34289880497158265,1.4614911880063346,0.17172856739564912,0.9998737654433031,268,244,0.9104477611940298,0.42938201171809803,ok,1442.568256529394,-379.11431179829003,-0.724459727411951
955,-0.2500987113890005,0.8576056444884443,0.0842562927844334,1.0000671944365591,290,269,0.9275862068965517,0.3155503693147059,ok,1442.8062258344967,-379.9753619807566,-0.8087160201963839
956,2.5025821177016496,-1.3746671370306558,0.2267153021671997,1.0001454911866638,223,165,0.7399103139013453,0.6285610793008974,ok,1440.3288935599312,-378.5556958950626,-1.0354313223635823
957,-6.106614696339193,14.030367791585036,0.1009655035760625,0.9992955616915109,242,182,0.7520661157024794,0.6575621509356557,ok,1446.1560489853869,-392.7044139664737,-1.1363968259396442
958,4.260067677972074,3.152136850521856,-0.052663845690425856,0.9998298533376867,296,249,0.8412162162162162,0.48944838678892727,ok,1441.8371251434983,-395.7754138351297,-1.0837329802492188
959,1.6282202850657086,-0.39651662101539387,-0.05431548197501848,1.000066589644052,291,263,0.9037800687285223,0.4178298186322935,ok,1440.2162913704237,-395.3497089990037,-1.0294174982742004
960,-1.8214996284327754,-1.1388657993741162,-0.13816896944863918,0.9999547803307439,285,267,0.9368421052631579,0.3778968332237963,ok,1442.0552852289181,-394.23931366679767,-0.8912485288255619
961,-4.48174526634466,-0.47324778335860174,-0.24724108994228486,1.0001798445680563,288,242,0.8402777777777778,0.5295718712212393,ok,1446.5420666060875,-393.8164697590213,-0.6440074388832783
962,-1.124196474184373,0.009505828911528624,-0.3362230102570811,1.0000809512944864,263,229,0.870722433460076,0.42463215145618566,ok,1447.6661957963026,-393.8320144384377,-0.30778442862619876
963,-0.12957153898810247,0.6893243900271955,-0.18661105324056446,1.000006676811859,277,249,0.8989169675090253,0.33902051866986643,ok,1447.7943092121282,-394.5216113142192,-0.12117337538563518
964,-0.22152806205008346,1.4254169669621888,0.023943455085941864,1.0000623294297248,289,253,0.8754325259515571,0.33979668430762205,ok,1448.012226319167,-395.9475847874784,-0.14511683047157692
965,-0.6150520080143451,1.8563788023994903,0.20309068563323973,0.9999749387517601,275,254,0.9236363636363636,0.47712842047619863,ok,1448.6159851419225,-397.80766718202597,-0.3482075161048157
966,-2.8019120786825624,4.183043366693482,0.36986154588314407,0.9995953445216754,201,164,0.8159203980099502,0.7508767122931892,ok,1451.365253851209,-402.0254965607995,-0.7180690619879581
967,-2.6402747449501476,7.6872320307151085,0.3806089994258278,0.9996699391340539,252,196,0.7777777777777778,0.5703714809262452,ok,1453.8576453287128,-409.76194094732114,-1.0986780614137843
968,0.10397698778911035,0.7008234885604452,0.2780324021278442,0.9998105142829056,255,207,0.8117647058823529,0.5392501784384283,ok,1453.7368604972305,-410.4600640028003,-1.3767104635416274
969,0.3804026927682571,-0.3276950497248663,0.07942112921878504,0.9999589153671715,283,264,0.9328621908127208,0.44279406588623554,ok,1453.3649078870267,-410.1228081503051,-1.4561315927604122
970,0.5005821983336318,-0.8525746442782065,-0.012316372724252806,1.0000088725606542,270,244,0.9037037037037037,0.46889756075900624,ok,1452.8859666522592,-409.2578911860861,-1.4438152200361594
971,0.016185710001764164,-0.20596335755953987,-0.07751414828579112,1.0000427617553378,253,214,0.8458498023715415,0.47032411104728467,ok,1452.874696573968,-409.0516004514402,-1.3663010717503683
972,-0.3242984871662884,-0.01491227898929992,-0.43717293919036804,1.0000343590014025,228,180,0.7894736842105263,0.3682043720477338,ok,1453.1991942337704,-409.0419488388393,-0.929128132560002
973,-0.28402684427692293,0.16313606281573811,-0.12683307191507548,1.0000084170915795,239,219,0.9163179916317992,0.5022556513443668,ok,1453.4809089640448,-409.20904591842884,-0.802295060644927
974,-0.8515043462164158,1.0113169564485815,-0.252185408146653,0.9998965925097525,249,204,0.8192771084337349,0.42772703023574066,ok,1454.3226643310873,-410.2284916207992,-0.5501096524982748
975,0.890619682565557,-1.5473384177545313,-0.13596019149435415,0.9998869815257299,251,229,0.9123505976095617,0.4664087492484188,ok,1453.4432524000147,-408.6747560404898,-0.41414946100392125
976,-6.521152579390446,10.434397728007866,0.025124143470064992,0.9995906010965876,250,214,0.856,0.6347879244032775,ok,1459.8842159744859,-419.15884279815623,-0.4392736044739861
977,-0.8978370166742025,2.853883765087744,0.13344008493973894,0.9999213622218119,275,245,0.8909090909090909,0.41626394869094885,ok,1460.7534819341372,-422.0215583873362,-0.5727136894137245
978,0.4523822091728107,-0.02060545790652668,0.20323485947802206,1.0001120782978188,252,225,0.8928571428571429,0.6375830774307386,ok,1460.3014202580491,-421.9948284587191,-0.7759485488917457
979,0.4788994937503048,0.016001011358412143,0.3083806593898513,0.9998280682548091,271,228,0.8413284132841329,0.34828864457808295,ok,1459.822303720152,-422.0017639177812,-1.0843292082815956
980,0.19510397185922557,0.3490156657906027,0.32056499303067065,1.0000070343233105,263,209,0.7946768060836502,0.3864103314150444,ok,1459.6187013798278,-422.34589119338864,-1.4048942013122652
981,-0.1744834055868978,0.8005228175453567,0.16745733750014324,0.9999666439529258,265,235,0.8867924528301887,0.5467811388221389,ok,1459.77115332831,-423.1509002887659,-1.5723515388124079
982,-0.4832851285614197,1.2239087670064919,-0.0015651159816592473,0.9999512272820877,267,241,0.9026217228464419,0.36282955764656943,ok,1460.2207071096138,-424.3875969302908,-1.5707864228307487
983,-0.02057696882457094,-0.001652631553156425,6.931256340352299e-06,1.000000813325112,381,377,0.989501312335958,0.020678115007187737,ok,1460.2413216480609,-424.38650897731736,-1.5707933540870889
984,0.04917699710881607,-1.3520873975254517,-0.516820104652683,1.0000512532170596,237,193,0.8143459915611815,0.30435380885643254,ok,1460.217023626385,-423.03374576310205,-1.053973249434408
985,-5.217528128193862,12.726710807919517,-0.33202779557796025,0.9995149397194487,199,158,0.7939698492462312,0.6279067246183881,ok,1465.273781119853,-435.82518709741476,-0.7219454538564493
986,4.8268685076157,3.850721139989332,-0.34329000285482975,0.9997500224019888,212,178,0.839622641509434,0.4577408738999472,ok,1460.4215696207218,-439.6439246447559,-0.378655451001621
987,1.7100776581028185,-0.25855991668879597,-0.15962890018825743,1.000109140667539,248,211,0.8508064516129032,0.6642258823902484,ok,1458.712492861038,-439.3788294603986,-0.21902655081336425
988,-3.423636344111401,0.05129508799404903,0.05627269874333033,0.9998577137762453,254,229,0.9015748031496063,0.5897997013514747,ok,1462.1358432190182,-439.4465740490657,-0.2752992495566943
989,-2.722819873308026,0.03238749931574603,0.21752221349405984,1.000003604677434,243,207,0.8518518518518519,0.5941561171386333,ok,1464.8582837982724,-439.5023800077395,-0.4928214630507532
990,-0.6284016205195257,0.011154493114304387,0.341458141932981,1.0000008820056885,231,194,0.8398268398268398,0.3902578632797429,ok,1465.486456388926,-439.52268310453974,-0.8342796049837327
991,-0.33510393350411505,0.4071141924850963,0.20164033388073974,0.9999487244336219,263,232,0.8821292775665399,0.5447894728053735,ok,1465.8141452415816,-439.9357891778644,-1.0359199388644715
992,-0.3172483188109254,0.35115026545258843,0.06444933985795,0.9998679253464512,292,280,0.958904109589041,0.3186576024101755,ok,1466.1245916063272,-440.2929670877811,-1.100369278722421
993,1.7668053815314124,-5.105811471110883,0.09982124655827893,1.000250441007061,242,196,0.8099173553719008,0.44767255281552076,ok,1464.4651188597322,-435.15126870708593,-1.2001905252807
994,-7.0283024441171165,15.210774415604078,0.03293829907902453,0.9995828758706478,202,165,0.8168316831683168,0.8062218985029156,ok,1471.1644501811468,-450.50977297717327,-1.233128824359724
995,5.883792622417786,4.458770441769843,-0.11716661734380447,0.9998197105805203,235,173,0.7361702127659574,0.5547070198915016,ok,1465.194934627805,-454.85310505455675,-1.11596220701592
996,2.104220046382352,-0.3505723091343498,-0.1414124544774121,1.0002006601352138,247,203,0.8218623481781376,0.5318794714517706,ok,1463.0969815921735,-454.4667942887053,-0.9745497525385086
997,-4.829947633151733,-0.6102920326671892,-0.11849535890505834,1.000185151408216,218,180,0.8256880733944955,0.5696835178425201,ok,1467.9355081489969,-453.92873178021625,-0.8560543936334509
998,-3.048923012636351,-0.45669414736607905,-0.07613011378973138,0.9999695934491217,256,238,0.9296875,0.6079192503260678,ok,1470.990365134929,-453.51358135359783,-0.77992427984372
999,-0.29209021840870264,-0.21088419060595243,-0.028308741338913604,0.9999429016352239,260,247,0.95,0.293412540120364,ok,1471.2851965557852,-453.3065468859031,-0.7516155385048067
1000,0.0791338873686982,-0.13670221448285247,0.005050483649913571,0.9999763960149809,236,212,0.8983050847457628,0.3518960199772726,ok,1471.207874848871,-453.1688115555976,-0.7566660221547201
1001,-0.15532966880800814,0.29186712454668395,0.03770822015726417,0.999996776052051,264,252,0.9545454545454546,0.21774106778016125,ok,1471.3591431426073,-453.4628041196419,-0.7943742423119841
1002,-0.6172299948220825,0.9780347598194794,0.12051117998589328,0.9997417201701807,235,208,0.8851063829787233,0.5790153509059844,ok,1471.96067808819,-454.45056956101246,-0.9148854222978767
1003,-2.714695755830917,2.578156329257581,0.2488654424286704,0.9997835070908455,180,144,0.8,0.9322316151305395,ok,1474.6224518261654,-457.0833292676019,-1.163750864726546
1004,-2.8659472122162697,7.9295044764310205,0.3834436386215926,0.9996898444893448,207,170,0.821256038647343,0.7882217360017209,ok,1477.2732547344754,-465.0873244329083,-1.5471945033481367
1005,-0.020639891519977027,1.546236862548085,0.1760297573804068,1.0000223618050577,209,175,0.8373205741626795,0.8008031902125414,ok,1477.2473877797688,-466.6334826851189,-1.7232242607285424
1006,0.13438565433034455,0.10728066879210019,0.025143276003432243,1.0000304255116654,246,212,0.8617886178861789,0.45306126015542897,ok,1477.1097915503453,-466.73661329955826,-1.7483675367319744
1007,0.6058430453661003,-0.30703712192485,-0.20747591289740558,1.0000205856228885,223,190,0.852017937219731,0.8308661726100335,ok,1476.5124239331562,-466.413395849856,-1.54089162383457
1008,-0.1664946930250153,0.008649480106669216,-0.33335017867235206,1.0002163440241516,219,158,0.7214611872146118,0.429782641586427,ok,1476.678699371494,-466.42555212054367,-1.2075414451622193
1009,-0.07463653924514801,0.13937867535446458,-0.3599241008411988,0.9998729829649314,239,180,0.7531380753138075,0.48285816875461784,ok,1476.7512658906617,-466.5660196556895,-0.8476173443210221
1010,-0.7184202969426678,0.2820849361726232,-0.284001369224354,1.0000429408950646,245,191,0.7795918367346939,0.4704377071889615,ok,1477.4668766167472,-466.85515789768885,-0.5636159750966693
1011,-0.3568388589408187,0.19118841078011428,-0.0738929152389956,0.9999629745768797,233,218,0.9356223175965666,0.5093423657677357,ok,1477.8220683202112,-467.0493892892225,-0.4897230598576739
1012,-2.816347137363664,1.1230503784958046,0.01722777253918995,0.9995020552119676,185,154,0.8324324324324325,1.0776838248480292,ok,1480.6283686409397,-468.19731431319144,-0.5069508323968638
1013,-3.2695725090047745,6.851570125360013,0.24105465960964242,0.9997073011837765,207,171,0.8260869565217391,1.0470199836629763,ok,1483.808216731382,-475.09098414108985,-0.748005492006505
1014,-0.485771144008595,1.429824559116696,0.1325407162916845,0.9999431641971432,236,218,0.923728813559322,0.5428787914894121,ok,1484.2719572152632,-476.52810509557287,-0.8805462082981891
1015,0.7083205699566406,-0.11573109981009111,0.32943444111338505,0.9998616279735546,204,157,0.7696078431372549,0.4394981790173045,ok,1483.566238431088,-476.39744249591513,-1.209980649411573
1016,0.37507596254454256,0.5784720453268619,0.18862979964948037,1.000077558963675,215,188,0.8744186046511628,0.9389101135869344,ok,1483.177154903407,-476.9665873750014,-1.3986104490610525
1017,0.21946512889940095,0.46961904483600847,0.12203012744821429,1.0001018305915939,228,205,0.8991228070175439,0.5759041712027223,ok,1482.9453047504708,-477.4302170727764,-1.520640576509266
1018,0.10973747517618904,0.6116231293807459,0.01422000082721128,0.9999943661909165,238,217,0.9117647058823529,0.3819207224349947,ok,1482.8192242201383,-478.0386814231888,-1.5348605773364774
1019,-0.29308593168434527,0.7902918841849669,-0.09886834461960835,0.9998991002929244,254,221,0.8700787401574803,0.5494651031235362,ok,1483.09241325865,-478.8360698948867,-1.4359922327168695
1020,-0.5952266332831186,1.3641407690489586,-0.2011958077359601,0.999887062868106,217,177,0.815668202764977,0.5129186181449644,ok,1483.6581049876502,-480.2127207767345,-1.2347964249809098
1021,-0.2368334670140939,1.033744780301049,-0.21774895808218866,0.9998828224869893,219,161,0.7351598173515982,0.4633146970140942,ok,1483.8765522824247,-481.25050646814816,-1.017047466898722
1022,1.1807668262076731,-0.8578918998182417,-0.13998256786579863,0.999371626305201,213,180,0.8450704225352113,0.7981214349551937,ok,1482.7090556084122,-480.3746409957064,-0.8770648990329237
1023,2.979963978969863,-2.6026859773892284,-0.034452427140023,0.9988534533103134,213,177,0.8309859154929577,1.4384115941063755,ok,1479.7676885349342,-477.72841361471365,-0.8426124718929009
1024,2.031045767689193,-1.7557381059225463,0.0003181665477775893,0.9992975223856083,250,223,0.892,1.0330272816762047,ok,1477.7626919015163,-475.94298601690434,-0.8429306384406785
1025,5.5206390524349445,-5.2116519044561755,0.060604198830859025,0.997932644262844,219,179,0.817351598173516,2.0061565522740983,ok,1472.3249218378066,-470.6449271407955,-0.9035348372715374
1026,12.112396826272288,-11.678911348696602,0.0845810085785783,0.9952654807427049,202,157,0.7772277227722773,4.142995111931754,ok,1460.41572926284,-458.75887399518956,-0.9881158458501156
1027,8.778614839661714,-9.260984902931,0.010994190771013478,0.9962602648017937,251,202,0.8047808764940239,3.3708748746858723,ok,1451.7999317155306,-449.3462254572265,-0.9991100366211291
1028,9.736782162140571,-10.453651354873728,-0.011128582745574433,0.9959362725137193,309,264,0.8543689320388349,3.5821098236667313,ok,1442.2448459923366,-438.72624003611384,-0.9879814538755546
1029,10.71568709237522,-11.415808003578718,-0.027181230899866318,0.9952895389203686,347,299,0.861671469740634,3.618192032135234,ok,1431.7220896760534,-427.1323527784085,-0.9608002229756882
1030,12.312135352337236,-12.772125019785676,-0.030015250445202556,0.9947243193370892,346,288,0.8323699421965318,2.8831803399300617,ok,1419.6190563230957,-414.16190798601656,-0.9307849725304858
1031,6.023401946247759,-7.0590249370923175,-0.01377161697189363,0.9968373090384988,406,348,0.8571428571428571,2.4926382311221893,ok,1413.70940000976,-407.00738729439763,-0.9170133555585921
1032,14.405309705067339,-16.346910950889992,-0.06060243625164722,0.9931526909480092,355,295,0.8309859154929577,2.6965597636583785,ok,1399.550030771468,-390.4469915228908,-0.8564109193069451
1033,12.009632786867769,-15.266587891932204,-0.022928032802313345,0.9945970008903832,315,249,0.7904761904761904,2.8891803419183146,ok,1387.7637442126206,-375.0073207138928,-0.8334828865046318
1034,10.614181471516531,-17.12008816516652,-0.020956338847257453,0.9966042423474822,361,311,0.8614958448753463,2.746887510289225,ok,1377.3934063669853,-357.7384365559416,-0.8125265476573745
1035,4.823488212611892,-8.330067635050682,-0.011354694753532055,0.9985716330735468,410,377,0.9195121951219513,1.287333131519329,ok,1372.68686596932,-349.3417382270229,-0.8011718529038426
1036,13.760311182229998,-26.58932315956747,-0.023442705633283753,0.9954313605600965,353,303,0.8583569405099151,3.823581630001976,ok,1359.2887330905128,-322.56808876944,-0.777729147270559
1037,9.043411140072294,-18.719599640504043,-0.019156936369061836,0.9968711744880301,350,303,0.8657142857142858,2.852301679358539,ok,1350.4939469800477,-303.7304022602027,-0.7585722109014973
1038,8.42784894368151,-18.33889157292367,-0.02125686953499433,0.9972863397789742,331,286,0.8640483383685801,2.126880633620544,ok,1342.3027848401202,-285.28457767200973,-0.7373153413665029
1039,8.115073755261164,-18.709600498082978,-0.02199550439485123,0.997231874823768,344,290,0.8430232558139535,2.2074405124447622,ok,1334.4219209405198,-266.47512374460496,-0.7153198369716518
1040,7.563115351572151,-18.70596668717917,-0.017193898248692673,0.9971574791153791,353,300,0.8498583569405099,2.1936316291293885,ok,1327.087286019965,-247.67839439864645,-0.6981259387229592
1041,7.517576528679001,-20.18944743134682,-0.02661146590364523,0.9971478331366539,359,295,0.8217270194986073,2.2919554822562818,ok,1319.8068435022515,-227.40222855808543,-0.671514472819314
1042,7.13653357541375,-20.110090980541486,-0.027403784649824677,0.9972396684096653,375,331,0.8826666666666667,2.326495050768749,ok,1312.896830786768,-207.21318214696157,-0.6441106881694896
1043,6.423134688895516,-19.489512176825883,-0.025272218309647532,0.9972933104229518,370,321,0.8675675675675676,2.2379064231765673,ok,1306.6845683678387,-187.65543330511662,-0.6188384698598421
1044,6.4239217079359605,-19.646670966286138,-0.02730029144260596,0.9973360471089108,377,340,0.9018567639257294,2.2037151199415907,ok,1300.4638233256464,-167.94348816296394,-0.5915381784172363
1045,5.910829381745316,-21.974670820562665,-0.03877941720857521,0.9986256413146742,377,334,0.8859416445623343,1.2290589767923417,ok,1294.7652654894503,-145.91281635660027,-0.5527587612086613
1046,2.6838124583102854,-10.309973637167786,-0.02392454047429881,0.9996008606697444,394,347,0.8807106598984772,0.6077575827594336,ok,1292.1767260062218,-135.57851091045416,-0.5288342207343625
1047,7.488647681068642,-30.310079752298634,0.09053805439995072,0.998795054540968,370,324,0.8756756756756757,1.3119985963000058,ok,1285.0161640469585,-105.18925078274788,-0.6193722751343129
