frame,step_center_dx,step_center_dy_down,step_rotation_deg,ransac_scale_diagnostic,good_matches,inliers,inlier_ratio,median_reprojection_error_px,status,center_x_in_reference,center_y_in_reference,rotation_to_reference_deg
357,0.0,0.0,0.0,nan,0,0,0.0,nan,reference,1280.0,720.0,0.0
358,0.016188671167810753,0.0003368044103808643,0.00024953505553723573,1.000006525495118,511,494,0.9667318982387475,0.0839317995272259,ok,1279.9838113273656,719.9996632660948,-0.00024953505553723573
359,0.02507680404119128,-0.02113125644802949,-0.0006771635696550715,1.0000070926034907,508,492,0.968503937007874,0.0805026938032469,ok,1279.9587343656112,720.0207943353807,0.00042762851411783575
360,0.045469862987374654,-0.025751625084808438,0.00014912893107361531,1.0000046500670814,497,483,0.971830985915493,0.12366384010304037,ok,1279.9132643774528,720.0465457394484,0.00027849958304422047
361,1.150820025941357e-07,1.121499849432439e-06,3.9974668847315816e-08,1.0000000007538141,610,610,1.0,1.443728354288543e-06,ok,1279.9132642623765,720.046544617948,0.0002784596083753731
362,0.05354274698197514,-0.02359456865451648,-0.0007349584525071236,0.9999756235254087,510,489,0.9588235294117647,0.12842363823298503,ok,1279.8597210980743,720.0701382395624,0.0010134180608824966
363,0.005478712877902581,-0.02838550859451061,-0.0005276946668662259,0.9999812731206635,541,530,0.9796672828096118,0.08355082745687835,ok,1279.8542416216994,720.098523600783,0.0015411127277487223
364,0.032414194192369905,-0.02652142055035256,0.0011434065324490063,1.0000370697371581,518,504,0.972972972972973,0.1125924650954262,ok,1279.8218272434156,720.1250447963367,0.0003977061952997165
365,0.04280920802034416,-0.025717689846374014,-0.0009193744793024479,1.0000079242645794,524,510,0.9732824427480916,0.09327145931216997,ok,1279.779017444224,720.1507615021043,0.001317080674602164
366,-0.00670380847418528,-0.004796026156896005,0.00024413479787379299,1.0000204536068908,545,534,0.9798165137614679,0.013175861467183256,ok,1279.7857211628848,720.1555576537988,0.0010729458767283712
367,4.6403687579258985,4.247573852282926,-0.8143944175634309,0.999109825849552,307,248,0.8078175895765473,0.7054787714486053,ok,1275.2062743269646,715.8423717643299,0.8154673634401585
368,-1.9019950803585743,6.537072406631069,-0.3078549280512729,0.9994846870487571,354,298,0.8418079096045198,0.5283328737694459,ok,1277.2360593628562,709.3438431890818,1.1233222914914311
369,-12.615461711504167,7.991565625937255,-0.48873703052394785,0.9993145618906006,346,280,0.8092485549132948,0.8713136461572526,ok,1290.0713470489368,701.7103390550927,1.6120593220153787
370,-1.5279367155142154,1.6093996508867576,0.22107499357574095,0.9998816454291507,425,385,0.9058823529411765,0.5440402012369238,ok,1291.63790148493,700.138504126749,1.390984328439638
371,-0.15230068486425807,0.9985425684494658,0.5648910299033283,0.9999251572465798,440,362,0.8227272727272728,0.36052256634044677,ok,1291.804582875793,699.142261147574,0.8260932985363101
372,0.27104472204200647,0.8799143428311709,0.7241351608018116,1.0000815696572374,403,337,0.8362282878411911,0.4115185005167657,ok,1291.5351043942258,698.2618658726894,0.10195813773449913
373,0.31221417668871254,0.5691263492044527,0.7148165061754458,1.0000128674191133,442,381,0.8619909502262444,0.3650528299799125,ok,1291.2168205930932,697.6961115837785,-0.612858368440946
374,-0.5577159493323052,0.7285830376467857,0.4332084339615679,1.0001616613727635,441,386,0.8752834467120182,0.39564254155938294,ok,1291.7611423661283,696.9574681445697,-1.0460668024025135
375,-1.0638448982331283,0.8894796228028099,0.08543157919599673,0.9999083839298692,449,406,0.9042316258351893,0.4221776650301452,ok,1292.8072151893593,696.0471541243683,-1.1314983815985105
376,2.9446716937102337,-4.203086960514952,-0.2856262601131821,0.9999388905195138,403,361,0.8957816377171216,0.6136387609546476,ok,1289.9249133753547,700.2932544098509,-0.8458721214853284
377,-9.320455540228977,18.168973995633337,-0.6781407906611168,0.9985237210575418,276,213,0.7717391304347826,1.52422599357259,ok,1299.1921400362653,682.0970730097139,-0.16773133082421207
378,2.100342659526177,4.728894977963591,-0.351026283024418,0.9997667197590085,355,297,0.8366197183098592,0.5111977470451334,ok,1297.1069363085362,677.3614830344416,0.18329495220020575
379,4.498469939211645,4.341617947499117,-0.31352266342610835,0.9997785167520734,312,250,0.8012820512820513,0.7094379698614165,ok,1292.646281629219,672.9810220966043,0.49681761562631405
380,-3.276993653429372,2.5342620330736736,-0.21885747645309014,0.9998578057146233,405,339,0.837037037037037,0.5514341933801578,ok,1295.9546740008652,670.4878892537482,0.7156750920794042
381,-6.402705944653235,2.1359021613403684,-0.11957572274988934,0.9998877045272169,432,353,0.8171296296296297,0.6139896698829961,ok,1302.3878354393994,668.4455485960034,0.8352508148292933
382,-1.7886862289453802,1.384307358338674,0.042854859239617654,0.999701825738878,408,363,0.8897058823529411,0.6079910085964395,ok,1304.195494860589,667.0861102174979,0.7923959555896757
383,-0.502710906421953,1.4891935170176112,0.14366904553703064,1.000165491486106,432,400,0.9259259259259259,0.5388626123351762,ok,1304.7150344592744,665.6027039373573,0.648726910052645
384,-0.4576749897787522,1.4645823385910717,0.21236688788541971,1.0000777841447193,408,363,0.8897058823529411,0.7378754240268462,ok,1305.1838502088287,664.141649655083,0.43636002216722525
385,-0.6573785711073015,1.2049810469528666,0.6334402550070952,1.0002110549084344,360,301,0.8361111111111111,0.6493987260825075,ok,1305.8370801271697,662.9344145565827,-0.19708023283987014
386,2.824900944047613,-6.407740394168627,0.5049816292930068,0.9996159895259792,360,268,0.7444444444444445,0.8570637822494869,ok,1303.0909051934664,669.3762873849022,-0.7020618621328771
387,-8.444796424986407,16.097099542814476,0.14073424996805078,0.9990520207605922,299,238,0.7959866220735786,1.0594889047607672,ok,1311.2980152020536,653.1567144664286,-0.8427961121009281
388,2.47390062683462,7.955754619793538,-0.17984320006549098,0.9995834376511575,376,303,0.8058510638297872,0.4928770135354726,ok,1308.7322284936952,645.2301165550275,-0.662952912035437
389,0.4388494235433882,3.481410754928902,-0.4989665214544339,0.9998838390668446,354,288,0.8135593220338984,0.5464761053438849,ok,1308.2834167269698,641.7499760895967,-0.16398639058100314
390,-5.0939800882076725,2.970578017146181,-0.7188676182764602,0.9997797285715804,399,339,0.849624060150376,0.5759666707879844,ok,1313.4059260619263,638.8288692773958,0.5548812276954572
391,-4.149673480946376,2.269138517248166,-0.46581035935373716,0.9998786912583066,407,346,0.8501228501228502,0.5392915231622758,ok,1317.5953623714001,636.6340109635652,1.0206915870491944
392,-1.5458966831461112,1.7777600007410683,-0.32883714902045863,0.99996908073258,409,334,0.8166259168704156,0.5327933322311974,ok,1319.1826992491935,634.8931523215169,1.349528736069653
393,-0.8202023228625421,1.6086302358656894,-0.11298692480193623,0.9998733074581075,456,398,0.8728070175438597,0.4231721213227987,ok,1320.0436913561011,633.3059800945634,1.4625156608715892
394,-0.8570941872681033,1.468285252642886,0.1258935582522154,1.0000224229337422,437,409,0.9359267734553776,0.4292605819051873,ok,1320.9348020533516,631.858087227593,1.3366221026193739
395,-0.4152055713957452,0.8900792404874664,0.1298366380814031,1.0000767627782599,432,393,0.9097222222222222,0.5352252768793614,ok,1321.3686613314667,630.9769499808156,1.2067854645379708
396,-3.431193377499312,6.266269354728593,0.6049169989836067,0.999437893546326,340,268,0.788235294117647,0.948299727215307,ok,1324.8654887580892,624.7470689572145,0.601868465554364
397,-4.843977256717153,11.761036228052944,0.3797909846270702,0.9991374354511552,344,287,0.8343023255813954,0.8933802013042266,ok,1329.7550150938469,613.004896201157,0.2220774809272938
398,-2.2679096780034342,4.6023088892540045,0.26179656125277,0.9995624541455601,395,363,0.9189873417721519,0.5134865514130285,ok,1332.0197337744303,608.4010162377454,-0.039719080325476316
399,-1.8200116112284377,2.8065444652854694,0.0799185841612516,0.9996883999021325,402,362,0.900497512437811,0.6483367277130868,ok,1333.8338811577134,605.5906775797974,-0.11963766448672793
400,-1.574906124644258,2.4164501562921714,-0.18340414569482621,0.9997759095406431,455,387,0.8505494505494505,0.5669626599484177,ok,1335.4114756585184,603.1759816879063,0.06376648120809832
401,-1.315639678791058,1.9103174464894437,-0.36243666627699667,0.9999066109173647,443,386,0.871331828442438,0.3993848988833597,ok,1336.7412889864083,601.2755035839182,0.4262031474850951
402,-1.261269864739461,1.752471889691833,-0.4085124189136369,0.9999253312910544,432,358,0.8287037037037037,0.4752348293337455,ok,1338.0279550510245,599.5415918693191,0.8347155663987322
403,-1.2345476420687191,1.5929594218305283,-0.31138009924762816,0.9999570751588727,478,416,0.8702928870292888,0.481165628534875,ok,1339.2941177842501,597.9736443149897,1.1460956656463606
404,-0.6462536309443294,0.7125470864448289,-0.10206136821407172,0.9998227574184755,534,497,0.9307116104868914,0.40181604288407397,ok,1339.9557392960207,597.2753434621535,1.2481570338604324
405,-0.799037151457469,0.7496456196040526,-0.10281739489123125,0.9997496538981844,457,426,0.9321663019693655,0.549605913764275,ok,1340.7722285588168,596.5447449348212,1.3509744287516636
406,7.779074535591235,3.1052588593122437,0.09547048740570678,0.9990585076798073,363,276,0.7603305785123967,0.9037731643401359,ok,1333.063060660639,593.2697848539462,1.2555039413459568
407,2.2760720291880716,14.499178061714929,0.25682470372853183,0.9990007904723199,337,275,0.8160237388724035,0.8570560545920255,ok,1331.040045742538,578.7331387831186,0.9986792376174249
408,-0.7109621395707109,5.366013393699063,0.32668299787931593,0.9999697663830341,345,314,0.9101449275362319,0.603582254775666,ok,1331.813893080228,573.375832818064,0.6719962397381092
409,-1.0489145065978391,3.463346614850707,0.22147985990177013,0.9999273202874996,461,430,0.9327548806941431,0.4593400948630125,ok,1332.8900071551454,569.9208407899237,0.4505163798363391
410,-0.9880798975248126,2.7405964672658456,0.16292234169762923,0.9998873154877631,494,453,0.917004048582996,0.46907073434521757,ok,1333.8918308698128,567.1852384567961,0.28759403813870993
411,-1.2103026910594963,2.1741609440457523,0.08045990157490386,0.9999402723408292,479,433,0.9039665970772442,0.5206504244098246,ok,1335.1099856019894,565.0154671639923,0.20713413656380608
412,-0.8873419112394458,1.7554142419169239,-0.03264711246746538,0.9999052969002302,480,450,0.9375,0.5087699069778873,ok,1336.0046660812889,563.2637817846714,0.2397812490312715
413,-0.6235409336552493,1.675228836519068,-0.15200258413433795,0.9999868807577404,481,429,0.8918918918918919,0.42628599369933845,ok,1336.6396474253995,561.5928558008887,0.3917838331656095
414,-0.3416468917389466,1.7025454297865963,-0.21779382193658794,1.0000095549398231,448,373,0.8325892857142857,0.538941614116118,ok,1336.9993882541826,559.8940414863656,0.6095776551021976
415,1.8043789410453428,-4.948389339697314,-0.32623789546902765,0.9998442292993444,386,351,0.9093264248704663,0.7675427708502611,ok,1335.1144312247416,564.8123010786686,0.9358155505712252
416,7.810217486182637,12.696540111213949,-0.18285398736491218,0.9991404459551181,356,288,0.8089887640449438,0.7626974512510513,ok,1327.5535797624227,551.9657002386843,1.1186695379361375
417,-5.3792204540084185,5.4219841718814905,-0.06037759265441107,0.9995134253326987,346,298,0.861271676300578,0.6932783624285499,ok,1333.0432283975065,546.6555511902793,1.1790471305905488
418,-2.0046121375075927,1.6830816630877052,0.14139081529385633,0.9998075050328268,433,408,0.9422632794457275,0.4596153074994448,ok,1335.0779916132608,545.009048119442,1.0376563152966922
419,-0.004656914750512442,-0.0033804184013206395,-2.4201960357821046e-05,1.000006467854422,632,632,1.0,0.006151384118706646,ok,1335.0825865450706,545.01251231996,1.0376805172570502
420,7.1701010682122615,2.277361503164002,0.5421621014837922,0.9999027703898401,411,347,0.8442822384428224,0.5908495345054692,ok,1327.932448971281,542.6732266554125,0.4955184157732574
421,0.514962388980166,0.6772493926368952,0.15453814935525836,1.00026392647803,443,424,0.9571106094808126,0.545363482626412,ok,1327.421526143499,541.9929246151817,0.3409802664179989
422,-1.2659053200807193,2.52848122976161,0.2254598499144674,1.0000943178376096,458,425,0.9279475982532751,0.7057699193700682,ok,1328.6925268403443,539.467000855983,0.11552041650353131
423,-0.9815180811331174,1.7356450904539997,0.07298071309249118,0.9999330348094556,497,472,0.9496981891348089,0.481904374577965,ok,1329.6753332942185,537.7320849796846,0.04253970341104007
424,-0.6674039624292618,1.4802070793126632,-0.010229723146596035,0.9999219626024732,498,470,0.9437751004016064,0.4825622593004453,ok,1330.3441002444672,536.2524932072796,0.052769426557636105
425,1.7883323346900397,-6.993225196187041,-0.13105382661652543,1.000255227527696,399,310,0.7769423558897243,0.7797939278860421,ok,1328.5333406408802,543.2399448773735,0.18382325317416162
426,-6.623517907657515,21.88645522969159,-0.17376540824183428,0.9984063840294694,351,294,0.8376068376068376,1.3480860564283161,ok,1335.2933242098015,521.3952536654965,0.357588661415996
427,7.903691055367972,9.032998054287646,-0.1464863729934934,0.9997553705724976,347,301,0.8674351585014409,0.602509808329086,ok,1327.469408233564,512.2930712379548,0.5040750344094894
428,3.1099512163996224,3.964863724558086,-0.10183605175833048,0.9998869151449552,441,384,0.8707482993197279,0.4315528702830522,ok,1324.4015591352068,508.2955416467686,0.6059110861678197
429,-4.508184351726868,3.252256477902961,-0.027105303603794654,0.9997241805500157,463,404,0.8725701943844493,0.6004451402117421,ok,1328.9453992628935,505.0932900574583,0.6330163897716145
430,-2.734818503632141,2.38998083176989,0.08819355347355953,0.99965942046498,471,440,0.9341825902335457,0.5808267649577497,ok,1331.7028199973981,502.7294221430098,0.5448228362980548
431,-0.23300741049501994,1.1295557326001244,0.07913508331302911,0.999935861979611,509,484,0.9508840864440079,0.3893208042329303,ok,1331.9450003961774,501.60179753311377,0.4656877529850256
432,0.16617787811946982,2.6638727702829783,0.29635849335004794,1.0001332131937957,503,479,0.952286282306163,0.5914596062099972,ok,1331.7866959169571,498.93744528251136,0.16932925963497758
433,-0.6446089251239755,1.6131500653968942,0.17951620109452468,1.0000413680236393,503,488,0.9701789264413518,0.594177205627064,ok,1332.4310180207988,497.32418063393686,-0.010186941459547134
434,-0.3699299018910551,0.7200158391194691,0.06921829608262216,0.999976434166218,520,497,0.9557692307692308,0.38296666818069947,ok,1332.7999497101578,496.60365280693577,-0.0794052375421693
435,2.9260052735842237,-6.055238757344341,0.04915650290763451,1.0000879717733009,460,404,0.8782608695652174,0.8890112806284968,ok,1329.8875386911463,502.66544176118254,-0.1285617404498038
436,-8.34787893809721,17.87402780329512,-0.05510991755933221,0.9986922342764271,281,232,0.8256227758007118,1.3993649728708228,ok,1338.2124966984397,484.7807268667567,-0.07345182289047163
437,-1.2117636752750514,8.920932355644368,-0.140444049029671,0.9993527606650574,353,314,0.8895184135977338,0.7872736001891745,ok,1339.4346902086545,475.86121744514134,0.06699222613919936
438,0.7762826351649892,4.333834332513561,-0.19516211656961863,0.9997608616641541,417,361,0.8657074340527577,0.4456020501154611,ok,1338.678244900107,471.5238766415488,0.26215434270881793
439,0.6151894871786681,3.710417346132317,-0.15730729480042693,0.9998302566129124,475,409,0.8610526315789474,0.5238101153036734,ok,1338.090235572209,467.8090549745074,0.4194616375092448
440,0.30931833272211406,2.8618181584482727,-0.08640977435416239,0.9998375586474954,503,456,0.9065606361829026,0.6466641336033355,ok,1337.8061963082237,464.94461738581816,0.5058714118634072
441,-0.1472132087594673,2.1982976172572535,-0.01226574714063296,0.9999186343920957,474,442,0.9324894514767933,0.6418583877474094,ok,1337.9732828702563,462.7477409159955,0.5181371590040401
442,-0.45523356718672403,2.0516902736089833,0.0577865768654569,0.999962809814646,510,484,0.9490196078431372,0.5774688812167146,ok,1338.4449861454248,460.69977446126273,0.4603505821385834
443,-0.6914604498276731,1.8651614084224093,0.10986186428284296,0.9999565022077658,551,536,0.9727767695099818,0.40949248932453913,ok,1339.1478431189535,458.83887771294314,0.3504887178557403
444,2.620388437587735,-2.4461585036965516,0.14218119506811924,1.000132911007948,418,357,0.854066985645933,0.958967709085987,ok,1336.5185786376694,461.27549325022187,0.20830752278762116
445,-7.334871849941237,18.258951992703714,0.263066629636307,0.9983248238856894,377,325,0.8620689655172413,1.426645505816531,ok,1343.8359965722661,443.0095394646307,-0.054759106848685755
446,5.765725243366205,6.869831765153776,0.1888841413535288,0.9996722563715119,378,328,0.8677248677248677,0.5202140520371752,ok,1338.0411104330526,436.1642877748054,-0.24364324820221456
447,0.00013572188845500932,0.016600175496932934,-0.000645166162418533,1.0000375382630442,616,608,0.987012987012987,0.12359035521491976,ok,1338.040904309316,436.147688324213,-0.24299808203979603
448,-1.1304814465459003,2.492589929224323,-0.0033593077540428015,0.9995325323974916,470,448,0.9531914893617022,0.6429593126941499,ok,1339.160950676858,433.65039198801026,-0.23963877428575328
449,-4.709185706474273,0.9958654635767061,-0.21706196750515072,0.999781335806568,489,435,0.8895705521472392,0.5322790220096363,ok,1343.8697436073094,432.6526709960815,-0.022576806780602712
450,-0.8636626349593826,1.0750073812105256,-0.2811011815465651,0.999851955366161,505,441,0.8732673267326733,0.4538982117367081,ok,1344.7382479766015,431.5815714782015,0.2585243747659621
451,-0.05014536672365466,0.9909541708368579,-0.18131115723000668,0.9998972818167751,538,477,0.8866171003717472,0.36482815577912364,ok,1344.7959989282742,430.5910314466611,0.4398355319959686
452,-0.4282637830438034,0.9552586046197575,-0.10889299688009436,0.9997893276484252,531,506,0.9529190207156308,0.5812200532915933,ok,1345.2333915570139,429.6399181211886,0.5487285288760628
453,-0.8052926280834072,0.9934444079331115,-0.03734636420986833,0.9997690533699015,573,543,0.9476439790575916,0.5161100016657222,ok,1346.0488037587256,428.6547628289638,0.5860748930859311
454,2.217553249054845,-6.07941025009859,9.405854699679306e-05,1.0003095181847623,475,407,0.8568421052631578,1.1652627644344438,ok,1343.769191646349,434.7111759603893,0.5859808345389343
455,-5.291306399501536,14.374792420993685,0.13480517276896012,0.9988582635185995,385,323,0.8389610389610389,1.0989541779579497,ok,1349.1735271403031,420.37849517733787,0.4511756617699744
456,5.77220640481778,5.925903871986179,0.21599078389528298,0.9998873280509505,446,393,0.8811659192825112,0.47208792794462245,ok,1343.4256936516977,414.42894782757185,0.23518487787469172
457,2.5757591099691126,2.329536562521753,0.3681604455204838,1.0000348256505864,493,442,0.896551724137931,0.406147189571201,ok,1340.8445349519366,412.1053955136867,-0.13297556764579152
458,-3.5354767662811355,2.016136415524443,0.2368845192546024,0.9997105009803694,544,523,0.9613970588235294,0.5594200480826543,ok,1344.36692342856,410.06647878398286,-0.3698600869003935
459,-2.5484005238249665,1.331982010812908,0.06256130518318628,0.9996761469486313,572,554,0.9685314685314685,0.4605673716932456,ok,1346.9051987658067,408.7153016604028,-0.43242139208357966
460,-0.4220321316793161,0.8019663304598907,-0.11724214067573341,0.9998099414130416,504,488,0.9682539682539683,0.5328324521769,ok,1347.3228129852348,407.911025912234,-0.31517925140784653
461,-0.1937062770468856,0.8740688862835668,-0.2980695467265035,0.999915214752868,531,478,0.9001883239171374,0.402836991976368,ok,1347.5162582386029,407.036899220223,-0.017109704681343752
462,-0.7285698167052033,0.9305518527781942,-0.3766600973085066,0.9998003145034493,541,493,0.911275415896488,0.4319813242600468,ok,1348.2506531991048,406.1109376818685,0.35955039262716204
463,-0.6552359609834184,0.8699740524239132,-0.3414945114792439,0.9997035632415774,452,401,0.8871681415929203,0.48999215513748656,ok,1348.9164844517804,405.2490457168185,0.7010449041064053
464,3.8919194495460943,-6.1206303588544415,-0.2011043236025849,1.0006566671974313,532,503,0.9454887218045113,1.3039551475836182,ok,1344.9286791881505,411.30763979224963,0.9021492277089899
465,6.636394399810342,20.674553452502437,-0.14003773971928632,0.998736453102857,424,365,0.8608490566037735,1.0991872564466223,ok,1338.6694236176654,390.51579978724834,1.0421869674282758
466,-0.45097769341668936,2.194736392658001,0.061110138876304315,0.9998061647576402,507,491,0.9684418145956607,0.3930147156598523,ok,1339.1579138805223,388.3291068558309,0.9810768285519716
467,-1.5822739460529647,2.2053686237613874,0.23835433725951857,0.9998232265387529,534,517,0.9681647940074907,0.5153429660808081,ok,1340.7686421762041,386.14443389071266,0.7427224912924538
468,-1.5239168945083748,1.8693984237663699,0.34834973411177217,0.9998932512831463,562,501,0.891459074733096,0.35227369932085406,ok,1342.3053901319379,384.2855689443821,0.39437275718068254
469,-1.531550859327126,1.3123928304189576,0.3879022573318187,0.9999333780830194,572,521,0.9108391608391608,0.3949571270589193,ok,1343.8370891920242,382.973349082708,0.00647049984886489
470,-1.2040902104379256,1.8437232227611275,0.2656850159440345,0.9999436987294873,571,545,0.9544658493870403,0.6123360331439418,ok,1345.0328258338645,381.1241972662308,-0.25921451609516905
471,-0.8545608601514232,1.5907215874269696,0.12431689991476275,0.9999299865880816,621,608,0.9790660225442834,0.5164540091982874,ok,1345.8767195190242,379.52779102703096,-0.3835314160099315
472,-0.5395153957113052,1.4284234101191942,-0.08102460308494569,0.9998434702109444,625,597,0.9552,0.5322446883700535,ok,1346.4086857260536,378.09653903825864,-0.302506812924986
473,-0.5376067188014986,0.9003966706301298,-0.25834189244907635,0.9999074740301633,570,510,0.8947368421052632,0.422245825232355,ok,1346.945598238498,377.1957282353908,-0.04416492047591002
474,7.999945635264567,2.78887612261542,-0.4248011279958241,0.9997882788759536,407,340,0.8353808353808354,1.6612526426309113,ok,1338.9643564961075,374.3537675664153,0.3806362075199133
475,-0.7658905148086887,7.396223953008075,-0.21725838293663016,0.9995313283682864,436,385,0.8830275229357798,0.5649378857379592,ok,1339.8073852021357,366.96593840998935,0.597894590456543
476,-6.660513183355988,7.100489288158997,-0.4446174150938121,0.9995222280583228,401,353,0.8802992518703242,0.6369717963159792,ok,1346.595984045115,359.98780758963227,1.0425120055503543
477,-0.15014866520527903,0.5875693176058121,-0.04370262301594214,0.9999349995483563,563,541,0.9609236234458259,0.2935619941779863,ok,1346.757244213529,359.4031902081443,1.0862146285662961
478,4.853515380663339,1.294531109827517,0.2001725018302558,1.000131292484504,502,446,0.8884462151394422,0.495569397803021,ok,1341.9243274585697,358.033760405533,0.8860421267360409
479,-0.08952975287434128,0.894503145321778,0.3487111605257039,0.9999231368661552,497,427,0.8591549295774648,0.4139657987973496,ok,1342.0222419759189,357.14013621106864,0.5373309662103376
480,-1.3109378506721896,1.1145531951138992,0.3720219195649088,0.999932648367806,513,457,0.8908382066276803,0.43684186322806823,ok,1343.3363900603638,356.0293699506821,0.1653090466454293
481,-0.6681755258589419,0.733092645514148,0.10702911075170479,0.9999173892044729,577,561,0.9722703639514731,0.36498566772397995,ok,1344.0053109252394,355.29695733692,0.058279935893724676
482,-1.2030596337497172,1.5737285552104368,0.19254124139397444,0.9998840786453053,557,532,0.9551166965888689,0.5928699190157309,ok,1345.2046795383094,353.72041397315735,-0.13426130550024945
483,-0.7415056751935936,1.1267042567924364,0.08614987784811642,0.9998478790043942,543,520,0.9576427255985267,0.4357530470508313,ok,1345.9418454179884,352.590865561421,-0.2204111833483657
484,-4.329000303639532,6.760882155416425,-0.08749985819464949,0.9995253349925084,431,372,0.8631090487238979,0.9236984373679298,ok,1350.255150597728,345.81995944962387,-0.13291132515371634
485,3.7350510375868,11.42981240999029,-0.1588955402544324,0.9992806530050868,418,379,0.9066985645933014,0.6588926524261807,ok,1346.5252834795099,334.3884543316886,0.02598421510071579
486,6.375703942778273,2.2887240549532635,-0.23570656409924232,0.9999617558732576,448,405,0.9040178571428571,0.4959105670935508,ok,1340.160099441298,332.07063407865644,0.26169077919995776
487,-2.0662982627545716,0.924390981600709,-0.33461198239055356,0.9998928904002505,493,441,0.8945233265720081,0.43170634734614005,ok,1342.2359061756115,331.1677976597491,0.5963027615905108
488,-4.931029558130831,0.4907369012082654,-0.2598815982324575,0.9998971199151174,561,507,0.9037433155080213,0.5435889007145839,ok,1347.173718118241,330.7507983448871,0.8561843598229678
489,-0.6598867233158217,0.6530694365658292,-0.04201944685437856,0.9998604435648168,567,551,0.9717813051146384,0.36857347497852483,ok,1347.8437612555792,330.10815352020535,0.8982038066773463
490,0.2674144032014283,0.9907511368144242,0.1374889926012587,1.000047115634243,538,512,0.9516728624535316,0.5016885895032235,ok,1347.5895242164468,329.1139393551123,0.7607148140760879
491,-0.12264103705297202,1.4846154287624813,0.26910290116346,1.000017698984995,572,541,0.9458041958041958,0.5277294539642663,ok,1347.7248989491416,327.6304308525964,0.49161191291262823
492,-0.22780801184967459,0.9709145118094966,0.16459851916527085,0.9999971194811349,567,551,0.9717813051146384,0.34115180629077485,ok,1347.9582446766274,326.66083235271634,0.3270133937473577
493,-4.402141835247221,4.527777818308209,0.5326144214849635,0.9996685301605549,423,361,0.8534278959810875,1.3104425714031063,ok,1352.3441106589028,322.117287008482,-0.20560102773760475
494,0.4967889720387575,7.739358989387824,0.1429046215886509,0.9996185385250118,461,405,0.8785249457700651,0.5290400258774864,ok,1351.8002559662548,314.38109292336225,-0.34850564932625533
495,6.187245154116454,7.042360529135976,0.1365341474860879,0.999673855683998,504,455,0.9027777777777778,0.5151370373497547,ok,1345.5536158335522,307.3913624942268,-0.48503979681234294
496,2.088742052930911,1.8305557172204772,-0.0746632695461907,0.9999944406218207,551,536,0.9727767695099818,0.3390634447201972,ok,1343.4518162572615,305.5758140540482,-0.41037652726615237
497,-4.796410278374651,1.7055635802812503,-0.3038554992732826,0.9997912128514225,512,472,0.921875,0.5229846249289061,ok,1348.2450473622685,303.86133621549914,-0.10652102799287026
498,-3.197528573607542,1.285831156410154,-0.4341967191142293,0.9998595204687922,518,475,0.916988416988417,0.4986205689348528,ok,1351.4498772985507,302.5938127161748,0.32767569112135814
499,-0.3828995777998898,1.3768855712273762,-0.21657506474188754,0.9998540444160968,558,512,0.9175627240143369,0.41026563797869775,ok,1351.8458383967,301.2206263589435,0.5442507558632452
500,-0.1629269543736882,1.120238789454902,-0.1319273636668791,0.9998671862925517,468,438,0.9358974358974359,0.6788720388592338,ok,1352.0219742351378,300.1023883233364,0.6761781195301241
501,-0.30650037904592864,0.7769638374068109,-0.023523914354390003,0.9998871059055637,554,542,0.9783393501805054,0.3096951659368917,ok,1352.3379398869852,299.3292253432047,0.6997020338845141
502,-1.051435406342307,1.8378948080238615,0.09977636235974303,0.9998224022462716,534,516,0.9662921348314607,0.5556045607649305,ok,1353.4085613102702,297.502440323813,0.5999256715247712
503,4.546951884104146,-3.7151388292031697,0.05835880281148597,1.0006163610382004,501,465,0.9281437125748503,0.8447032546690034,ok,1348.8266971094201,301.1744354765298,0.5415668687132853
504,-9.243214361968967,15.248551373693772,0.2094996049806312,0.9988671460441965,405,359,0.8864197530864197,1.3394002695702805,ok,1358.1581312657802,285.9797104930689,0.33206726373265455
505,-1.2082600814544548,4.263625482201064,0.14271079934198497,0.9996757844641085,452,437,0.9668141592920354,0.5227693759984572,ok,1359.380475552353,281.7201014591325,0.18935646439066975
506,0.8041263449745202,0.5648216625227178,0.09090035318633885,1.000049816248678,486,457,0.9403292181069959,0.34191525278598917,ok,1358.5773209742465,281.15389883391424,0.09845611120433102
507,0.6944697895569334,0.3578512502056128,0.03455881267294383,1.000064643818827,522,506,0.9693486590038314,0.28387840296881034,ok,1357.8832506987094,280.7952733210229,0.06389729853138724
508,0.4262570707596751,0.3171551001435091,-0.027210551085129094,1.000040504984112,582,561,0.9639175257731959,0.2677295875349915,ok,1357.457498485095,280.4774408171441,0.09110784961651629
509,0.2887886997755231,0.5049130163117752,-0.08799753039839027,0.9999704053548059,521,506,0.9712092130518234,0.42582318724648005,ok,1357.1702895410103,279.97162752194805,0.1791053800149064
510,-0.14903589199343514,0.6469539703605278,-0.1274438005140186,0.9998526218945739,548,529,0.9653284671532847,0.5108119344327293,ok,1357.32278467636,279.3254801931117,0.3065491805289247
511,-0.6211725034052051,1.3122944094413924,-0.21872889836070594,0.9998771532235321,566,509,0.8992932862190812,0.42942906423667226,ok,1357.9559618015437,278.01893565725334,0.5252780788896302
512,-0.6945091330151172,0.5599324697600423,-0.1365439639015256,0.9997408797036443,449,426,0.9487750556792873,0.597554780780395,ok,1358.6568922240467,277.4670626199134,0.6618220427911554
513,-1.1864007268693513,6.00634195694272,-0.10430061652404193,0.9997859202273738,421,372,0.8836104513064132,1.0702392202623905,ok,1359.9234974768856,271.47712092387593,0.7661226593151971
514,-2.236064435019671,12.874967335054976,0.047403832076931204,0.9991518034765112,422,383,0.9075829383886256,0.8687234950754982,ok,1362.3208854720563,258.63121500654535,0.7187188272382661
515,0.5011692000423409,3.8259821915628436,0.16627758077969354,0.9999180454973146,450,426,0.9466666666666667,0.4282620781030201,ok,1361.8566288053878,254.80057850007802,0.552441246458573
516,0.9581908099717111,2.2515250900048613,0.2132543953169624,1.000102323504192,514,497,0.9669260700389105,0.39669646317626284,ok,1360.9117835725901,252.54342047608088,0.33918685114161107
517,0.7081953125509699,1.9935112097141428,0.20159226748201353,1.0000747444299127,549,532,0.9690346083788707,0.33308624645819296,ok,1360.208377671898,250.54821430055767,0.13759458365959812
518,0.39911999179958,2.0841036122362766,0.157201185052477,1.0000186399668676,548,530,0.9671532846715328,0.412891421735339,ok,1359.808544523747,248.4642473891048,-0.019606601392878467
519,-0.1080295043161641,1.6061751026098818,0.054953796110020006,0.9999378872056132,510,492,0.9647058823529412,0.4343663136205851,ok,1359.9144837822853,246.85793306508617,-0.07456039750289832
520,-0.5239480508796532,1.6723577302780086,-0.05178771058081813,0.9998977017646522,530,508,0.9584905660377359,0.5364317751336479,ok,1360.4377670992264,245.18536721937096,-0.022772686922080336
521,-0.36488302513339477,0.8191331408343103,-0.05829334129041045,0.9998629519465996,551,529,0.9600725952813067,0.3995712597547669,ok,1360.8031578777404,244.36646044603197,0.03552065436832995
522,-0.7459446785942419,0.9215628649512837,-0.16264192067361452,0.9997788845862845,499,461,0.9238476953907816,0.5812349421575385,ok,1361.5522853960947,243.4474830040757,0.19816257504194404
523,7.457803097496253,2.580325893356303,-0.37988332808333886,1.0001247372704243,433,382,0.8822170900692841,1.2656942100658566,ok,1354.120893798981,240.7920493883929,0.5780459031252818
524,0.000154151795868529,-0.004796060022044912,0.00020226420862082787,1.0000084117007384,659,658,0.9984825493171472,0.005060797332205243,ok,1354.1206912862651,240.79684364987003,0.577843638916661
525,1.6808532321829261,14.621216249255554,-0.37856153988118457,0.9992915329891404,413,360,0.8716707021791767,0.7675748004198113,ok,1352.684124361545,226.14960815417203,0.9564051787978443
526,-0.4620839297620023,0.847203121827306,0.06928114821892545,0.999922364100406,593,580,0.9780775716694773,0.22644564456876895,ok,1353.1592698256923,225.30966084887314,0.8871240305789192
527,-0.9679069256817456,1.7672731311255347,0.25179084448282074,0.9999244019903369,526,492,0.935361216730038,0.4276170439620226,ok,1354.1467135280109,223.55322893401512,0.6353331860960992
528,-1.1243541453964099,1.2971896170627133,0.37990556714047136,0.999941571683988,494,439,0.888663967611336,0.3810525251614982,ok,1355.2768394214313,222.26106462097067,0.2554276189556292
529,-0.9568516659951456,1.4810569797791686,0.2619153031539029,0.9999427024484541,518,498,0.9613899613899614,0.5253529180167382,ok,1356.2335233790632,220.77989930498455,-0.0064876841982727225
530,-0.3813175897596466,0.6823667110204497,0.09495661202403345,0.9999506481213907,523,503,0.9617590822179732,0.32061011335017603,ok,1356.6136322162836,220.09685852696623,-0.10144429622230583
531,-0.7736576687916568,1.6412047596860475,0.13255117298369812,0.999799558617599,496,477,0.9616935483870968,0.5196611598895476,ok,1357.380580785725,218.45250785161483,-0.23399546920600336
532,5.426056799907656,6.25015523217462,-0.0829349096664645,0.9998526626627746,444,393,0.8851351351351351,1.0802824745245243,ok,1351.9380643034688,212.21668014693347,-0.1510605595395392
533,2.0467084361825982,12.376101174205814,-0.1856171677113734,0.9993834220087744,438,385,0.8789954337899544,0.6125944815026223,ok,1349.8988205948012,199.8393467994964,0.03455660817183347
534,-0.5864842363528169,3.2038454725443444,-0.2635325409763903,0.9998682223841051,445,402,0.903370786516854,0.3399948298718839,ok,1350.5019652640383,196.63859593768223,0.2980891491482227
535,-1.0195164154354188,1.8194858216397733,-0.26638990862313555,0.9999259530875686,487,441,0.9055441478439425,0.280607961855534,ok,1351.5393575188855,194.8292425487408,0.564479057771357
536,-0.5469869580651903,0.3674297351628866,-0.09032612431588505,0.999863584987754,526,495,0.94106463878327,0.366039666332413,ok,1352.0905078378146,194.46808791631952,0.6548051820872416
537,-1.20232989171177,1.0887647362569624,-0.07068120774306359,0.9997794160535592,522,504,0.9655172413793104,0.4218722210238392,ok,1353.3065270544648,193.39463410540895,0.725486389830305
538,-1.086702649775816,1.164069609282251,0.07513696012612858,0.9998434532337426,518,499,0.9633204633204633,0.35924738603511863,ok,1354.406372466401,192.24297409736528,0.6503494297041768
539,-1.0107049001853738,1.423615388914527,0.1988199056203828,0.9999149303855384,522,512,0.9808429118773946,0.4627726489034518,ok,1355.4282649185348,190.82736787136707,0.4515295240837948
540,-0.7990258193938189,1.3427499511358292,0.3116285419041183,0.9998327141105853,472,429,0.9088983050847458,0.45123168712360046,ok,1356.2305669893044,189.4865729285916,0.13990098217967784
541,-0.5158152183962557,1.0972446492016843,0.2345343305003074,1.0000139406725024,465,442,0.9505376344086022,0.5041571951078994,ok,1356.744569226006,188.38847782324012,-0.09463334832062852
542,-2.788349609220404,1.745066287334339,0.15819517293858446,0.999532668188627,402,343,0.8532338308457711,0.7854378026513891,ok,1359.525191276322,186.631124442805,-0.2528285212592123
543,-1.7090082071983943,5.957656005410854,0.05403345079580799,0.9996859178382522,449,401,0.8930957683741648,0.47843165517993824,ok,1361.2022673988126,180.6644009021628,-0.30686197205502
544,0.7641403503309903,4.886325998598295,-0.05532388977847735,0.9998453404791613,451,406,0.9002217294900222,0.39239099695164564,ok,1360.4166826905187,175.78147668549946,-0.2515380822765429
545,1.269246159761451,0.642343010378454,-0.16259205645300265,1.0000621206804006,455,430,0.945054945054945,0.532648962611499,ok,1359.1464408866307,175.14110482735316,-0.0889460258235409
546,1.111602842352113,0.7572348518924628,-0.25418348860517465,1.000041129177703,480,433,0.9020833333333333,0.30543032005330484,ok,1358.0370264820954,174.3806673354744,0.1652374627816326
547,0.45076620831696346,0.9078974234635098,-0.26729653894166727,0.9999262443095691,487,437,0.8973305954825462,0.39389083502383593,ok,1357.5931269000857,173.4693929162221,0.4325340017232987
548,-0.06088696130086646,0.7533679975243786,-0.15602306423899467,0.9998977129660267,485,460,0.9484536082474226,0.5975194839554371,ok,1357.6617493038616,172.71669010139362,0.5885570659622928
549,-0.7062881137121622,1.2285235948920672,-0.029789158685109146,0.9998197596074493,522,504,0.9655172413793104,0.5017953625735745,ok,1358.3812544742732,171.4958602883038,0.6183462246474017
550,-0.8787211503233721,1.5990424962478755,0.11279889947708281,0.9999139750454044,514,503,0.9785992217898832,0.3771294442101065,ok,1359.274050332026,169.9046333022294,0.5055473251703193
551,3.46630230070582,-5.176074596330864,0.1856069898624296,1.000429978985443,470,418,0.8893617021276595,0.7950990355921965,ok,1355.778898959096,175.06127142672176,0.3199403353078905
552,-6.581646186900798,9.04267218083055,0.12170336665641925,0.9994511007022546,441,385,0.873015873015873,0.7223754836310321,ok,1362.3917923209297,166.04142508188136,0.19823696865147178
553,4.680203135835882,12.478284234594412,0.4798925275568389,0.9993863938973878,383,339,0.8851174934725848,0.7907616552669106,ok,1357.6503050211677,153.5862985462652,-0.28165555890536514
554,1.5359365503336448,0.7360282108686533,0.1053974888996109,1.000115306179632,462,447,0.9675324675324676,0.4349835982653842,ok,1356.1094314263398,152.86066283972377,-0.3870530478049756
555,-2.147144255340663,0.5285493140798962,0.09933114734939692,0.9997790799327673,482,467,0.9688796680497925,0.34839735557266704,ok,1358.2520115128682,152.31390566924495,-0.4863841951543722
556,-4.281937812255819,0.7315708642363461,-0.08413425628187066,0.9998797859039089,487,440,0.9034907597535934,0.44350490150832933,ok,1362.5287077862768,151.55229136893342,-0.4022499388725018
557,-1.2204796120192896,1.1652740173300344,-0.24578188136140247,0.9999143701371583,472,422,0.8940677966101694,0.43293717435062207,ok,1363.7460006245108,150.38368871413422,-0.15646805751110027
558,-0.23332510573663967,1.3517956576840788,-0.34148876904405884,0.9999203252627392,497,443,0.8913480885311871,0.40527856782671307,ok,1363.9836897525058,149.03265356154452,0.18502071153295757
559,-0.3308063176957603,1.7239795285315722,-0.3651510502114364,0.9999464462941984,483,437,0.9047619047619048,0.41389598774364394,ok,1364.3310347486524,147.3119299671589,0.5501717617443928
560,-0.7075384985832898,2.0355477209212722,-0.2680359694525237,0.9998895873261476,483,437,0.9047619047619048,0.4995969189402952,ok,1365.0675685902838,145.28669340041995,0.8182077311969157
561,3.2569986277585485,-5.231152555265908,-0.1636081239358181,1.0005972929098756,449,431,0.9599109131403119,1.1130039180529192,ok,1361.7214119217278,150.46126900303352,0.9818158551327331
562,-7.886887600921227,15.584644609812813,0.09460991948693905,0.9989996764137847,382,325,0.8507853403141361,1.0664520925567254,ok,1369.848667355749,135.00061368852926,0.8872059356457943
563,-1.4112632059398038,5.526260389605568,0.28949549141775005,0.9997902556088163,398,381,0.957286432160804,0.527749844178652,ok,1371.317502757539,129.48937605142692,0.5977104442280452
564,0.7469068629823141,0.7493437652340162,0.331225660940014,0.9998880162627645,439,379,0.8633257403189066,0.3535287017249833,ok,1370.5740891860592,128.7365665122975,0.2664847832880322
565,0.5902488312024161,0.6543813491828132,0.0888986487270897,1.0000912385387046,501,484,0.9660678642714571,0.3266123669299863,ok,1369.9858714173884,128.0803588549859,0.17758613456094283
566,0.4496732415398128,0.5092871395694374,0.05891551284375464,1.0000234206756669,480,465,0.96875,0.3160642724032901,ok,1369.537253971604,127.57014144835864,0.11867062171718835
567,0.20394932222075113,0.6376013909921312,0.020377859381766082,1.0000197071524384,477,462,0.9685534591194969,0.368808851000492,ok,1369.3343987747658,126.93219111412793,0.0982927623354223
568,-0.13668422387149803,0.8335429588548777,-0.028447089698774096,0.9999773607929012,487,474,0.973305954825462,0.41296088145180154,ok,1369.4729264828547,126.0989525436072,0.12673985203419633
569,-0.5445144838604392,1.0944141172224136,-0.06019450069849311,0.9998284408197204,488,469,0.9610655737704918,0.5212866451409396,ok,1370.021008719611,125.00632079188938,0.18693435273268927
570,-0.3429216176814407,0.6715348869167883,-0.048587912592936676,0.9999354206193454,522,502,0.9616858237547893,0.3904188544089766,ok,1370.366687869779,124.33620120154876,0.23552226532562584
571,2.4466888265792477,-4.019040168337256,-0.17734915345267566,1.0003300627642349,502,456,0.9083665338645418,0.5535976484300156,ok,1367.8911017514934,128.33750642106986,0.412871418778301
572,-6.096245285137684,13.966418969347387,-0.13674300873884038,0.99934278017077,373,317,0.8498659517426274,0.9573855803359865,ok,1374.1210385136499,114.43020785724252,0.5496144275171411
573,6.352045926525989,5.060421137058029,-0.04829390285643424,0.999816742134528,375,333,0.888,0.4926179585241549,ok,1367.822145359155,109.30377687991142,0.5979083303735752
574,2.049693337535018,1.5599941869204486,0.038370606585835354,1.000258393632591,423,390,0.9219858156028369,0.4520734823853567,ok,1365.7877840718172,107.72384055406042,0.5595377237877398
575,-4.058328947333621,1.5006489870421547,0.10278588505353586,0.9995202160152271,470,449,0.9553191489361702,0.5590644463401734,ok,1369.8579468485734,106.25559118907279,0.4567518387342041
576,-2.5650263857053233,1.4622338835775963,0.13737014115804913,0.9997223852869486,466,437,0.9377682403433476,0.4751674756615026,ok,1372.4310842164641,104.80767807855432,0.31938169757615525
577,-0.2134168536567813,1.4182073224491205,0.23790582996104614,1.00004095191171,460,444,0.9652173913043478,0.5618326177783091,ok,1372.6465175758883,103.38977567340783,0.08147586761510976
578,0.05128382622842764,1.4709369397464798,0.1804043036898568,1.0000803610336733,454,432,0.9515418502202643,0.45311412895798997,ok,1372.592694068029,101.91892947426084,-0.09892843607474655
579,-0.43583845977059354,1.3944942540272223,0.07632097529801371,0.9999269304193585,481,467,0.9708939708939709,0.2871810257408032,ok,1373.0242651850785,100.52310865536651,-0.17524941137276
580,-0.6854569989611718,0.8452651247080212,-0.044899717356658105,0.9998147898962192,372,353,0.9489247311827957,0.5553992279130243,ok,1373.7077974071676,99.67628628329601,-0.13034969401610205
581,7.682955418925985,1.5391437207991885,-0.1931808889828691,0.999611656317343,276,196,0.7101449275362319,0.7878457566770206,ok,1366.026534449777,98.1287182744843,0.06283119496676641
582,2.054841360120463,10.924335240672349,-0.28214163742777254,0.9991583915588289,309,241,0.7799352750809061,0.4274911125287717,ok,1364.0375043960266,87.19220910056879,0.34497283239453813
583,-0.7790146688994355,4.102851652482855,-0.12838309549343968,0.9996783069465682,306,251,0.8202614379084967,0.38047406927610766,ok,1364.8503882930293,83.0959333155862,0.4733559278879773
584,-1.2369836494553965,2.9113123036000843,-0.08978482394685663,0.9998014164780136,352,308,0.875,0.3327000736701563,ok,1366.115926033947,80.19691932727449,0.5631407518348336
585,-1.4158664835804302,2.4208394125173527,0.00965335320496624,0.9997163374501709,367,347,0.9455040871934605,0.713315945969558,ok,1367.55511182904,77.7898701778538,0.5534873986298675
586,-1.1378630031811099,2.2561152364618238,0.08113139566267127,0.9998763934425723,360,339,0.9416666666666667,0.530953295274289,ok,1368.7115357454736,75.54321223777833,0.4723560029671964
587,-0.9708967180031323,2.419235133091661,0.13328055714091208,0.9998920994112632,405,384,0.9481481481481482,0.40943593358475305,ok,1369.696732370582,73.12976518509868,0.3390754458262849
588,-0.6614134180686051,2.37395674301672,0.15587970998253295,0.9999736307510321,430,411,0.9558139534883721,0.42677725881026934,ok,1370.3657328099926,70.75793535575087,0.18319573584375248
589,-0.2530990029172244,1.269854984940821,0.0894898494567072,0.9999993142912643,415,397,0.9566265060240964,0.42350200364130236,ok,1370.6209082911555,69.48849600632525,0.09370588638704562
590,-0.6522465163448032,1.7017840880215545,0.13665712330402316,0.9999915524140558,331,300,0.9063444108761329,0.6090311220706289,ok,1371.2718788980733,67.78622344611165,-0.042951236916977026
591,8.814469154064454,0.28393360699601544,0.03745532019165424,0.9999917879210332,250,193,0.772,1.272223334731281,ok,1362.4570199629918,67.51465998069034,-0.08040655710863112
592,-3.5490693853314497,10.531749732629464,-0.019214751109656696,0.9993746388725585,296,259,0.875,0.641619218264303,ok,1365.9948394335797,56.97912585440292,-0.061191805998974495
593,-5.406907644380681,4.251516507881206,-0.10587947572504132,0.9997931953685482,325,280,0.8615384615384616,0.5569095761288485,ok,1371.4050613904926,52.73182774047325,0.04468766972606649
594,0.38113110260837857,2.2246117851595955,-0.12940072974670644,0.9999867934811678,392,352,0.8979591836734694,0.3214664826016967,ok,1371.0306913322868,50.50606819111374,0.1740883994727725
595,2.668623552209283,1.3588236850964677,-0.08148872679056039,1.0002557424687448,408,383,0.9387254901960784,0.5685725636050234,ok,1368.36815556306,49.13535423547853,0.2555771262633326
596,-0.08845082842867669,1.1794498577917238,-0.053310114826653786,0.9998986413043304,392,371,0.9464285714285714,0.5285932288849455,ok,1368.4629636067164,47.956398362278605,0.3088872410899862
597,-0.9554465846779294,1.286563411355246,-0.008369259888100035,0.9998748642689581,385,370,0.961038961038961,0.5003691664831362,ok,1369.4255194288967,46.67514511767877,0.3172565009780862
598,-0.9907251987506243,1.3045794774262731,0.05515053229992604,0.9999151637438289,393,360,0.916030534351145,0.38403182170654554,ok,1370.4222021854778,45.37511145846247,0.2621059686781604
599,-0.1776520959001573,0.7203406100493339,0.04628755838091948,0.9999432163647153,385,370,0.961038961038961,0.3036305101076504,ok,1370.6025663517878,44.65544512662848,0.2158184102972411
600,1.7207807051913733,-1.9571375937825906,0.20191186723946453,1.0001572354689752,309,259,0.8381877022653722,0.5408980278130023,ok,1368.8813106707064,46.612165003540554,0.013906543057777294
601,3.715941096155575,11.775787037821146,0.37773248741090637,0.9994507737657959,320,263,0.821875,0.7267104842210802,ok,1365.0906692097901,34.860211297666524,-0.3638259443531278
602,-7.706467678178569,4.788142307049156,0.25646819702458296,0.9996530816955915,335,298,0.8895522388059701,0.73226566884386,ok,1372.7448490155869,29.98891964884251,-0.62029414137771
603,-3.6130356343965104,1.2985599842807005,0.07417992060073407,0.9995906491649686,363,346,0.953168044077135,0.6139379459244185,ok,1376.3418799712542,28.64666302950195,-0.6944740619784439
604,0.5270510388377261,0.7889728189309153,-0.11683519548179047,0.9999689432224972,400,385,0.9625,0.5161186200565602,ok,1375.8069016644924,27.863043786600315,-0.5776388664966537
605,1.471157036099612,1.0439550970777418,-0.3001701921185389,0.9999564267545118,411,356,0.8661800486618005,0.36772889769155087,ok,1374.330706293886,26.82622533702454,-0.27746867437811573
606,1.4763079080926218,1.1357000179409624,-0.37083359304751823,0.9999743010387997,377,321,0.8514588859416445,0.4439160657091424,ok,1372.8562509968733,25.688121146996536,0.09336491866940126
607,0.7650750514885658,1.306822689739306,-0.3424812697089971,0.9999715983130206,430,377,0.8767441860465116,0.3433126445144956,ok,1372.1011389214004,24.375516434867905,0.4358461883783971
608,-0.3884373684015827,1.4236691700035635,-0.23399869639432933,0.9999482639017623,436,392,0.8990825688073395,0.31678269844601226,ok,1372.5061934796918,22.95648567424405,0.6698448847727256
609,-0.7335729306062149,0.9897466459071893,-0.038582212894801696,0.9999478931443972,386,370,0.9585492227979274,0.5503496395380634,ok,1373.2519476345574,21.97588462993326,0.7084270976675272
610,-2.3160950876790594,3.419428962426082,0.14383698812968476,0.9995868230021752,345,295,0.855072463768116,0.8349300107995477,ok,1375.6016246345955,18.579444010734733,0.5645901095378428
611,-2.5714534856351747,12.589011778080476,0.2959515517128969,0.9993722641721703,365,320,0.8767123287671232,0.7351668616599415,ok,1378.2320748243037,6.002627148869351,0.26863855782494694
612,0.22604248772290703,4.046527245742482,0.3808542737691822,0.9998156317548595,378,337,0.8915343915343915,0.38349025140830556,ok,1377.9981075151384,1.9565503756192584,-0.11221571594423402
613,0.5211723109412105,1.7548322411075787,0.31086870376935993,0.9999816096357682,427,380,0.8899297423887588,0.3146028755536245,ok,1377.4639914702277,0.2056143908694139,-0.42308441971359295
614,0.025779761303510895,-0.027065202243193198,0.0020293533044028647,0.9999792763981263,638,636,0.9968652037617555,0.057972191418966326,ok,1377.4384132306018,0.23287012279809005,-0.4251137730179958
615,0.3212656600453556,2.248040491750544,0.20314570017983918,1.0001156876563857,440,409,0.9295454545454546,0.46902613090885314,ok,1377.092517172679,-2.0115125526803013,-0.6282594731978343
616,-0.07047924690687069,1.123814330802702,-0.06170551260690347,0.9999959254073905,432,410,0.9490740740740741,0.4549616972544407,ok,1377.1518806182448,-3.1359688460473762,-0.5665539605909309
617,-0.47475609580965283,1.3325664378513693,-0.2470342062978963,0.9999439382687819,449,403,0.8975501113585747,0.3173641494715163,ok,1377.619198084716,-4.471162108211047,-0.31951975429303536
618,-0.8057218111030124,1.5412575903831112,-0.3405349438759908,0.9999613452013865,423,374,0.8841607565011821,0.32796026625036273,ok,1378.4254851506203,-6.0121240688563375,0.021015189582954456
619,-0.7473080063502948,1.440359710034386,-0.33093980650218163,0.9998920496440469,383,318,0.8302872062663186,0.41753104561108934,ok,1379.181626805494,-7.4478660890014226,0.3519549960851351
620,-3.0855712966676947,2.7218765430893654,-0.2633443903095473,0.9997473982607744,373,317,0.8498659517426274,0.7616230988675311,ok,1382.296249851231,-10.136450368060991,0.6152993863946815
621,-3.3879727091950826,12.301504925623021,-0.10203907743557397,0.9995221208851421,325,288,0.8861538461538462,0.7456611629706017,ok,1385.8379668442942,-22.39457515346055,0.717338463830255
622,0.27223984474790086,3.4055510325524665,0.10501170161305177,1.0000377308840864,369,357,0.967479674796748,0.45972270127747067,ok,1385.6021373795306,-25.802841110209897,0.6123267622172036
623,0.6142128679691723,2.04284619454279,0.22655332174276607,1.0000930044540537,404,396,0.9801980198019802,0.43014471209024696,ok,1385.001692847349,-27.84977647448261,0.38577344047443834
624,0.6616771726501156,1.7248236648542843,0.3287619235559943,0.9998950729262472,425,379,0.8917647058823529,0.34596887837685963,ok,1384.3417322682449,-29.57525767973425,0.05701151691844524
625,0.3205854517032094,1.5824219098035428,0.3308146456816268,1.0001318106863997,404,375,0.9282178217821783,0.6557727760104253,ok,1384.0135884816812,-31.15612952394224,-0.27380312876318036
626,0.002174927018359085,0.969383734461644,0.12831391240836124,1.0000025429753203,428,412,0.9626168224299065,0.37069939777706684,ok,1384.0046102708375,-32.12547412039703,-0.4021170411715411
627,-0.2638310166503288,1.3454176854306752,0.1583064674230103,1.000055919266679,430,415,0.9651162790697675,0.39083993594267213,ok,1384.2552690295975,-33.473407998698576,-0.5604235085945509
628,-1.082297164193733,2.1606087859979652,-0.15960211099760344,0.9999444269170202,423,378,0.8936170212765957,0.4045739256965961,ok,1385.3224249642728,-35.64153522947652,-0.400821397596948
629,2.567544645254884,-4.032015781491623,-0.31482235343007225,1.0002909344861899,388,365,0.9407216494845361,0.5924361845272961,ok,1382.760935129468,-31.605670192862135,-0.08599904416687702
630,-5.72384129819352,9.452138190561755,-0.18508656712104601,0.9995711073914464,281,232,0.8256227758007118,0.6022584962325723,ok,1388.5011144210673,-41.0478954221544,0.09908752295416827
631,-2.916748760047767,11.202194545104135,-0.3828545444066655,0.9993174315430154,339,293,0.8643067846607669,0.761363787781146,ok,1391.5119858755447,-52.22515980304013,0.4819420673608322
632,0.6293209983946326,2.5670161164320007,-0.3082084961719172,0.9998458319217364,369,317,0.8590785907859079,0.4056735001407285,ok,1390.918124620945,-54.80061034058258,0.7901505635327483
633,1.0599267759566828,0.756841995834975,-0.11563798732351872,0.9999280321190249,438,412,0.9406392694063926,0.40684256819147896,ok,1389.8702947040144,-55.574113438336326,0.9057885508562666
634,0.7126077554783024,0.8231965636963423,0.0878653378877439,1.0000224194399079,462,439,0.9502164502164502,0.355369579355768,ok,1389.1695106627576,-56.407398577510776,0.8179232129685231
635,0.5319169974668512,1.0463087164088165,0.26410767793197154,0.9999495267976298,436,391,0.8967889908256881,0.39543916898473525,ok,1388.6477318762068,-57.45879979499762,0.5538155350365526
636,0.07172307401538092,1.3868910869161937,0.370160550108109,0.9999839157286892,436,385,0.8830275229357798,0.3107206040486782,ok,1388.5804546817792,-58.845913656734865,0.18365498492844495
637,-0.43546988403113573,1.8392784619668419,0.19481923122916395,1.0000384210713438,444,430,0.9684684684684685,0.4422463673174051,ok,1389.0155661688834,-60.685276936335526,-0.01116424630071827
638,-0.6933873962591406,1.9865034719028927,0.14688603177691847,1.0000157287463167,376,344,0.9148936170212766,0.5342578474522559,ok,1389.703471168664,-62.67368555542032,-0.15805027807763622
639,-2.029082574021686,0.6790219442405032,0.02682922657738916,0.9995784468796409,330,303,0.9181818181818182,0.8662868585036971,ok,1391.7303521449548,-63.35925130785279,-0.18487950465502528
640,4.595471820069861,7.794885541451777,-0.07311891371963795,0.9996371706585196,319,266,0.8338557993730408,0.4602449921231316,ok,1387.1196844489393,-71.14515814330309,-0.11176059093538762
641,7.070603743390848,1.934218941600875,-0.1459797121157668,0.9998839781408897,318,277,0.8710691823899371,0.5550586035249959,ok,1380.0502371523164,-73.08359956113623,0.03421912118037861
642,0.7131750188689239,0.9121556783178448,-0.2321455450373487,0.9999640404543546,370,326,0.8810810810810811,0.31875851853433523,ok,1379.3413103823764,-73.99906087866293,0.26636466621772636
643,-0.6672661174263794,0.33883676894834025,-0.17559800459565375,0.9999618820520456,450,427,0.9488888888888889,0.40008211612208444,ok,1380.0111703088694,-74.33274052493277,0.44196267081337937
644,-3.662940719515973,2.0280122682233923,-0.4252449998332154,0.999859846399099,374,329,0.8796791443850267,0.4890842265130551,ok,1383.7043855394888,-76.305081706137,0.8672076706465929
645,-2.133065588422596,1.318716233744567,0.0016438243904198055,0.9998622059659821,400,381,0.9525,0.4994565269570456,ok,1385.857128736805,-77.59142459824022,0.865563846256173
646,-0.8071881951709656,0.8438763959843527,0.07532428852684273,0.999958813993878,418,400,0.9569377990430622,0.24405271530017963,ok,1386.675878771038,-78.42408811705604,0.7902395577293306
647,-0.6072304476806494,1.9356612546744145,0.28641807301083094,0.9999093930673096,413,369,0.8934624697336562,0.3668440917467396,ok,1387.3001064579084,-80.35433501949672,0.5038214847185011
648,-0.5148420063601407,1.4070634508176454,0.402206989022278,1.0000105685788894,386,331,0.8575129533678757,0.41309347290930215,ok,1387.8174430908948,-81.76048318178607,0.10161449569622485
649,6.943425801375952,3.8681669397785754,0.39045832220980575,0.9998507192150493,360,315,0.875,0.8260327069185621,ok,1380.8546051072744,-85.59359739180638,-0.2888438265135791
650,-4.197070664601142,11.869893591421146,0.32698095313512077,0.9994565055850287,334,291,0.8712574850299402,0.7212262186293069,ok,1384.9238561667223,-97.50791532656444,-0.6158247796486983
651,-5.879608541399648,3.556898367761505,0.11856597810020698,0.9998229808239125,375,334,0.8906666666666667,0.5563778047578268,ok,1390.7573923094012,-101.13988155310687,-0.7343907577489047
652,-0.3527757641588778,2.0902081970466497,-0.1127492827845082,0.9999502200597984,412,366,0.8883495145631068,0.33368368090106293,ok,1391.087469643023,-103.23379415887837,-0.621641474964397
653,1.2721163139653981,1.4274127696123742,-0.29915173749158225,0.999881258746223,418,366,0.8755980861244019,0.3215623240562461,ok,1389.8073393180134,-104.65402423956914,-0.3224897374728163
654,1.5040492124098819,1.372556315014549,-0.38090992264501256,0.9999665583944626,399,349,0.87468671679198,0.368284376096982,ok,1388.304690379349,-106.02811340638777,0.058420185172194126
655,1.1454506223251428,1.1000163278627042,-0.24912557342990563,0.9999526762501977,415,357,0.8602409638554217,0.37540341335570554,ok,1387.1651607723632,-107.13426227726893,0.30754575860209843
656,-0.0943963841632467,1.0077452004484257,-0.15392011361176344,1.0000149350834715,452,417,0.922566371681416,0.38186532584045374,ok,1387.267670486582,-108.14121452283996,0.46146587221386104
657,-0.34294152393999866,0.5621562949754662,-0.0259194667971167,0.9999412451906736,483,464,0.9606625258799172,0.3156117756335889,ok,1387.6153815159275,-108.70043328941915,0.4873853390109777
658,0.8874862788568407,-3.4145217341038006,0.09577606549389944,1.000022398657852,377,320,0.8488063660477454,0.48841425394705434,ok,1386.704578332086,-105.2920571176727,0.3916092735170787
659,4.446140383258353,6.590442664648435,0.09638112361730002,0.9997028689931439,323,258,0.7987616099071208,0.5258455611206918,ok,1382.2924554171273,-111.90532183390451,0.29522814989977914
660,-4.093381904892794,8.05078033617508,0.28849567857140224,0.9995227599631286,331,295,0.8912386706948641,1.1125044812515719,ok,1386.3867832909727,-119.95562112660787,0.0067324713283783075
661,-7.305862170191176,2.7901873082298607,0.4933469995945036,0.9998885170699693,302,244,0.8079470198675497,0.6134426806975439,ok,1393.6686851237512,-122.80775593453916,-0.4866145282661229
662,0.0611199599752581,0.637981172278387,0.09709386382729669,1.0000276189641901,413,397,0.9612590799031477,0.3597305625769288,ok,1393.6010689296875,-123.4450813427801,-0.5837083920934191
663,0.8031104259810036,1.1324085908745474,0.09576870515500419,1.0000982763696002,407,376,0.9238329238329238,0.364282541142556,ok,1392.7845859310473,-124.56788635075657,-0.679477097248423
664,1.040920957737626,1.012438117607303,-0.06413871569012343,1.000037067107558,395,374,0.9468354430379747,0.49649099908658045,ok,1391.732851949867,-125.56908713734833,-0.6153383815582998
665,0.7572852436487665,1.229635736443015,-0.2248998115610248,0.9999345411528014,361,300,0.8310249307479224,0.37455788477848856,ok,1390.9672050766733,-126.79353389003097,-0.3904385699972762
666,-0.16249662127756892,1.6217909458316626,-0.32275213996465074,0.9999603285467858,390,330,0.8461538461538461,0.3423552443859861,ok,1391.1277856805493,-128.41551566969656,-0.06768643003262725
667,-0.9831298531885295,1.7622892114477509,-0.22437107599302003,0.9999655133426917,425,366,0.8611764705882353,0.2880310072109683,ok,1392.1157311186532,-130.17510976617018,0.15668464596039153
668,2.848495490775349,-4.465222537467298,-0.18324894025043323,1.0002221910950557,381,333,0.8740157480314961,0.6144050390137552,ok,1389.2407939285729,-125.72686572799398,0.3399335862108237
669,2.5341163898688137,18.0534107175813,-0.05449548206590245,0.9990481301880609,267,213,0.797752808988764,1.0844177435601867,ok,1386.8310178338331,-143.79729360306965,0.39442906827672586
670,-8.3122938108786,7.257227077400557,0.07316574516516429,0.9998028118604935,345,293,0.8492753623188406,0.5575097340828407,ok,1395.1838727821626,-151.0077989573075,0.32126332311156197
671,-4.562095203541276,2.324439608445914,0.15901498578051088,0.9996728780379861,377,338,0.896551724137931,0.4677438961031941,ok,1399.7525319583935,-153.31931046948478,0.16224833733105198
672,-0.154598815307736,1.6215217758400513,0.18954565533332765,0.9999764677211221,365,329,0.9013698630136986,0.4856451772848349,ok,1399.906358217685,-154.94090571650872,-0.0272973180022746
673,0.8166471150000234,1.2102656385616228,0.18403191700274565,1.0000997052496057,411,379,0.9221411192214112,0.44294746440581856,ok,1399.0852527348902,-156.14815101571082,-0.21132923500501924
674,1.0294529077416428,0.9495339337474888,0.12016474693760563,1.0001057190177938,389,357,0.9177377892030848,0.44877268003736237,ok,1398.0503234057783,-157.0917130244518,-0.33149398194262425
675,0.6135605016179397,0.688167356882559,0.02689882765391872,1.0000414234296122,397,369,0.929471032745592,0.33511961923984007,ok,1397.4324703560878,-157.7760290400562,-0.3583928095965428
676,-0.535865169867975,0.7477080944643149,-0.07876436052259478,0.9999670132812783,413,389,0.9418886198547215,0.4159463539389308,ok,1397.9646800163198,-158.5263434757171,-0.2796284490739484
677,-0.6359521369711274,0.6136440095003763,-0.158092549506428,0.999854390482637,370,340,0.918918918918919,0.7274077199201111,ok,1398.5993290608762,-159.14133508635666,-0.1215358995675212
678,-2.6914758806251484,4.657721204927043,-0.24585930832789965,0.9998543388297191,350,276,0.7885714285714286,0.5278054201408229,ok,1401.3009051669796,-163.79320522445664,0.12432340876037713
679,-1.7395867976424597,7.804144509532534,-0.133286112080275,0.9996583194538796,388,330,0.8505154639175257,0.4778698846120025,ok,1403.0755627453557,-171.5894494633011,0.2576095208406515
680,-0.7975145740547305,7.807413668347863,-0.22664624781952616,0.9996897941898714,366,288,0.7868852459016393,0.5185289780802722,ok,1403.9390351976074,-179.38984387696644,0.48425576866017644
681,0.7783896908590577,2.4087692570874424,-0.08031269709980308,0.9999470873035234,401,377,0.940149625935162,0.6519671378646371,ok,1403.1844179076172,-181.8061659975399,0.5645684657599792
682,0.6066702670789255,1.9360563182718806,0.06370779269053885,1.0000381964442588,422,411,0.9739336492890995,0.3107841116516608,ok,1402.5946949659792,-183.74745158512974,0.5008606730694406
683,0.3423146396903576,1.6654060126203376,0.19133906595150846,1.0000251071146926,453,425,0.9381898454746137,0.4045864588547147,ok,1402.2613820857937,-185.4146825299365,0.30952160711793314
684,-0.04390618049365003,1.2691711743668748,0.26362398794670716,1.0000039283628315,417,369,0.8848920863309353,0.4254918323675613,ok,1402.3063049401562,-186.6838181254052,0.04589761917122718
685,-0.35869391587084465,1.3170006102200205,0.22537298753935225,1.0000852182835163,419,397,0.9474940334128878,0.46968876379406116,ok,1402.6608716827338,-188.00193585825775,-0.17947536836812408
686,-0.858099645457969,1.2266820687237896,0.16009193337205532,0.9999448598036856,422,386,0.9146919431279621,0.39492977564592474,ok,1403.5116862867455,-189.2336819395847,-0.3395673017401787
687,-0.3875466399947527,0.6048159513654809,0.04354936220328137,0.9999782638655518,448,416,0.9285714285714286,0.2447405329681404,ok,1403.895180102171,-189.84107573830806,-0.3831166639434598
688,6.775765973904754,3.0584732567122046,-0.06770849676154685,0.9995979363026561,321,265,0.8255451713395638,0.5108680256684048,ok,1397.1026802565125,-192.86220285279433,-0.31540816718191333
689,-4.3376751418390995,6.847190230962042,-0.17376076336564303,0.9997422433588581,354,287,0.8107344632768362,0.5115498453478476,ok,1401.4234144433847,-199.72009580774125,-0.1416474038162711
690,-7.011982731098669,1.0411582656283827,-0.23327071333632013,1.0000862571426752,390,325,0.8333333333333334,0.5369879584229166,ok,1408.4370531539885,-200.75003968603323,0.09162330952004782
691,-0.7194417386353962,0.017363398640554806,-0.18896522096175195,0.9999889570951166,472,431,0.913135593220339,0.23685759902673326,ok,1409.1565712972197,-200.7638796449977,0.28058853048179877
692,0.9551381169385422,0.12709909381760554,-0.1246384885007682,1.000003325714329,458,415,0.9061135371179039,0.39197030639467734,ok,1408.2023559752722,-200.89773076168694,0.4052270189825663
693,1.2591830778387703,0.498190696015854,-0.0318928482684998,1.0000747204523002,427,391,0.9156908665105387,0.317363325651233,ok,1406.9470102923315,-201.4055134016363,0.4371198672510659
694,0.8756728168102654,0.9549876208583328,0.06734768865566833,1.000139262869618,458,420,0.9170305676855895,0.3194320822463095,ok,1406.0775189126216,-202.3661324617757,0.36977217859539796
695,0.11049833063316328,0.6118725318808629,0.06699644722304754,1.000029143372302,412,393,0.9538834951456311,0.2764174980293011,ok,1405.9702555094307,-202.97858036868604,0.30277573137235075
696,-0.8514174762710809,1.5728428958249197,0.17410732405689022,0.9999208079908513,435,390,0.896551724137931,0.3798718805859317,ok,1406.8252029492335,-204.5495072826517,0.12866840731546145
697,1.817761090381282,-6.260525040563834,0.2365402141455662,1.0000688311921895,404,344,0.8514851485148515,0.401786160334978,ok,1405.019231877962,-198.28557100783507,-0.10787180683010343
698,-3.325290070186611,7.4675818338093904,0.06813417329968328,0.9997605842668899,386,322,0.8341968911917098,0.4475770477211515,ok,1408.321566750656,-205.76333249668403,-0.17600598012978635
699,4.768250249807352,8.818540411131153,0.05645368698974969,0.9995085590145442,355,302,0.8507042253521127,0.6363001472245612,ok,1403.5175773797528,-214.56245470016495,-0.23245966711953575
700,5.235469252177154,1.512867267526417,-0.04516334380538198,0.9998546617177668,415,362,0.8722891566265061,0.4077869512446243,ok,1398.2771906407745,-216.05819949309875,-0.187296323314154
701,0.19334137740838742,0.4245298448979611,-0.09598443143064896,0.9999305263458718,466,434,0.9313304721030042,0.3455051814272633,ok,1398.0831729388724,-216.48242067217416,-0.0913118918835055
702,-1.1690436598391898,0.5601537457290533,-0.131606858023698,0.9998824542455211,436,404,0.926605504587156,0.47152644575547764,ok,1399.252610254405,-217.04175211461654,0.040294966140191874
703,-1.9928215435888887,0.7459032807231551,-0.3483689127791944,1.0000689349620722,434,379,0.8732718894009217,0.28832271637330603,ok,1401.2504457174646,-217.77412010362684,0.3886638789193844
704,-1.8772285681220637,1.0529172094688874,-0.2535104168128179,0.9999829227575219,408,364,0.8921568627450981,0.30150988050625666,ok,1403.1393572854051,-218.8059315376936,0.642174295732201
705,-1.2076600344078088,1.2762852736195782,-0.0691743410892115,0.9998742883568335,457,425,0.9299781181619255,0.41088196257769116,ok,1404.3627693999895,-220.06712528024536,0.7113486368214121
706,-0.6921568269099225,1.7613830715340555,0.12585780539956284,0.9999992750329857,433,405,0.9353348729792148,0.277847168664449,ok,1405.0728888960086,-221.8213435389289,0.58549083142185
707,1.9368662463868986,-1.8912455949753166,0.2912561732661829,1.0000888224197946,436,377,0.8646788990825688,0.2537883897502762,ok,1403.1263359980244,-219.94006935044524,0.29423465815566857
708,-7.7548915189129275,13.696901367909959,0.42227368504842927,0.9995637153540832,366,316,0.8633879781420765,0.7700648529620469,ok,1410.8505996778954,-233.65426637966243,-0.12803902689275842
709,-2.16824714175641,4.676259344048731,0.360867243484457,0.9998025081116787,373,354,0.9490616621983914,0.394130871386511,ok,1412.9788657326928,-238.34885696037713,-0.4889062703772135
710,-0.13227216897189464,0.337253072591011,0.13443092479227056,1.0000259154108655,423,391,0.9243498817966903,0.34479760965822825,ok,1413.1074610735589,-238.68752907314126,-0.6233371951694834
711,-0.5957767361837796,0.6716440078905634,0.1452372342824075,0.9999815132481654,453,421,0.9293598233995585,0.31005714210410573,ok,1413.6941749424602,-239.3671042557013,-0.7685744294518901
712,-0.5482693047072189,0.3196220186937353,-0.12543988981995455,0.9999105131319986,465,433,0.9311827956989247,0.32191039882577255,ok,1414.2388220847592,-239.6928602314007,-0.6431345396319361
713,-0.687302509879828,0.6793704197361876,-0.2842296262156745,0.9999745979693506,448,382,0.8526785714285714,0.2963543383890864,ok,1414.9218555125954,-240.376522606962,-0.35890491341626324
714,-0.8156770787220466,0.8671696270731672,-0.3371332378794156,1.0000695533829091,460,398,0.8652173913043478,0.32019801229551115,ok,1415.7372030188865,-241.24400211845227,-0.021771675536849545
715,-1.0179264411260647,1.327804803072695,-0.24472151375803444,0.9999282147607458,459,413,0.8997821350762527,0.26077126753645985,ok,1416.7602885061738,-242.56783591478336,0.2229498382211835
716,-0.3643957862127536,0.5745588010424854,-0.08175085038769908,0.9999274926634636,465,427,0.9182795698924732,0.3296569848967933,ok,1417.1277346462605,-243.14044873248872,0.30470068860888216
717,6.70992007525615,0.12395055575507286,-0.10761152684735063,0.9996451144241935,358,304,0.8491620111731844,0.5032055052465674,ok,1410.4188802741214,-243.3126816272262,0.41231221545623226
718,-2.3074466242974268,5.443123692230756,0.04657894913985645,0.9997608339795792,374,326,0.8716577540106952,0.34071657091652763,ok,1412.7610244707337,-248.74096551950572,0.3657332663163761
719,-10.461224282808871,5.415176297713401,0.1850761334647681,1.0000368152835346,376,310,0.824468085106383,0.698159494100292,ok,1423.2392711090472,-254.12313006708473,0.18065713285160892
720,-5.869271523491307,1.6369787115265808,0.24775188235472978,0.9999588343955385,397,347,0.8740554156171285,0.39838406113206326,ok,1429.1066216668844,-255.76698071416433,-0.0670947495031196
721,-0.9978231624857017,1.530898101936259,0.31685430758969774,0.999960615741719,427,383,0.8969555035128806,0.3438486707266248,ok,1430.094163685832,-257.3045309809585,-0.3839490570928157
722,0.02531813712494113,1.6244400788572193,0.21943173225268098,1.0000968265424461,425,381,0.8964705882352941,0.41881189953190634,ok,1430.0517403205163,-258.92861436426756,-0.6033807893454957
723,0.6289074550838905,1.4390531240308064,0.06986695243377755,1.0000452919476668,422,399,0.9454976303317536,0.29211273543729316,ok,1429.4059672360816,-260.3601784055396,-0.6732477417792729
724,0.13402293548824673,1.420457064846346,-0.11912190555576196,0.9998934254912555,425,387,0.9105882352941177,0.32165583013480353,ok,1429.2582130873172,-261.7792728815459,-0.5541258362235114
725,-0.8810202371601008,1.6404827903179466,-0.27623185706335457,0.9999721852718854,419,369,0.8806682577565632,0.3191293462765415,ok,1430.1312663810277,-263.42400945314535,-0.27789397916015846
726,-0.4514960790938858,0.8201988245872371,-0.16957299741056428,0.999978128841748,463,414,0.8941684665226782,0.22292113351236625,ok,1430.5812110209056,-264.24506039086896,-0.10832098174959515
727,6.214947814480865,1.0453532534984333,-0.2902302385761273,0.9996859355072122,351,289,0.8233618233618234,0.6243191611008825,ok,1424.369613432651,-265.310140276566,0.18190925682653053
728,-7.090439854039914,10.519948064646087,-0.06543318930510017,0.9994800812021308,409,350,0.8557457212713936,0.6585810140462489,ok,1431.505401062402,-275.79938140782565,0.2473424461316303
729,-9.183304427766416,3.0760229827718604,-0.0058171814083995506,1.0000237442214739,365,315,0.863013698630137,0.5511076519143552,ok,1440.7022071161643,-278.8347983500362,0.2531596275400298
730,-2.944178352150857,1.3706137196508053,0.04488570190100828,0.9998127774064444,406,377,0.9285714285714286,0.38042421361705536,ok,1443.6513482766015,-280.1947007559397,0.20827392563902175
731,-0.8345871112430814,1.1490758010470472,0.08693699039243383,0.9999431616615468,484,469,0.96900826446281,0.20823204936042838,ok,1444.488366945733,-281.3420065522862,0.12133693524658842
732,-0.07491856018236831,0.5922008575823838,0.054149876640148586,1.0000157741208864,455,427,0.9384615384615385,0.23088733024451827,ok,1444.5639798899292,-281.93411915057413,0.06718705860644016
733,0.20881288402802056,1.4605014327697745,0.33473504631939627,0.9999858402987468,427,371,0.8688524590163934,0.3687189147268415,ok,1444.3483493595804,-283.39362959248274,-0.2675479877129543
734,-0.13135660489069778,0.625472565949849,0.0818835714165501,1.00008172743178,434,412,0.9493087557603687,0.2416488839896747,ok,1444.4758889561895,-284.0198916300527,-0.34943155912950385
735,-0.8935326733333113,1.2893150140099578,0.0820218904950709,0.9999740801744926,431,410,0.951276102088167,0.2930733421489671,ok,1445.359687480167,-285.3158985793707,-0.43145344962457427
736,1.2888055273920145,-1.3084260457196706,-0.1101404151219517,1.0001068235865611,376,353,0.9388297872340425,0.30945883629391785,ok,1444.0782397948087,-284.00026556281796,-0.3213130345026233
737,0.04042738793918943,0.004000654913397739,-0.005039285650482471,0.9999914457599498,502,495,0.9860557768924303,0.08933964276276296,ok,1444.037790939216,-284.00404299799425,-0.3162737488521408
738,-11.829657523841433,13.637124558135838,-0.4557962354867285,0.9994161762684728,363,323,0.8898071625344353,0.8693870384735799,ok,1455.9006214833619,-297.6123204358764,0.1395224866345849
739,-0.7210877189547773,-0.04793623388991364,-0.14135417614934523,0.9998274439893312,390,363,0.9307692307692308,0.3902739715414384,ok,1456.6214655446754,-297.56084985965845,0.28087666278392925
740,-1.8877015973685047,-0.09836478212378097,-0.3097164911941773,1.0000335707641097,390,345,0.8846153846153846,0.2816875462366454,ok,1458.5080529521192,-297.4430326064871,0.5905931539781049
741,-0.5678982645808901,0.13933714063887237,-0.023932586873602106,0.9999333879323282,448,403,0.8995535714285714,0.27490858387751116,ok,1459.0774129840597,-297.5762708581425,0.6145257408517069
742,-1.2553496647292377,0.737570124067247,0.060419727498223996,0.9999339694814114,398,367,0.9221105527638191,0.29572272674044137,ok,1460.339836854789,-298.3016662256947,0.5541060133534832
743,-1.3132865697245961,1.3310646825746062,0.19069120573841267,0.9999609722737978,416,393,0.9447115384615384,0.34414871886937465,ok,1461.6615396076563,-299.62437429495253,0.3634148076150715
744,-1.3526370227405096,1.8367807653448835,0.2772566891807261,0.9999880703359854,372,342,0.9193548387096774,0.4478179617401438,ok,1463.0169371459676,-301.45911896611733,0.08615811843434666
745,-1.278314692968479,1.840258016456005,0.12100815463017907,1.0000034394585433,383,356,0.9295039164490861,0.3371485461412748,ok,1464.2941322695092,-303.3001541743064,-0.0348500361958318
746,2.175073008596655,-2.9875636001250996,0.08070695174067959,1.0001051199403865,380,324,0.8526315789473684,0.2771084275498322,ok,1462.125089147968,-300.30820985757623,-0.115556987936511
747,-1.711161212120487,10.512574460647102,0.03817208756132967,0.9994724883847537,353,299,0.8470254957507082,0.555007305669566,ok,1463.8080381719244,-310.8253376530953,-0.15372907549784048
748,6.624362380414368,3.017914736888315,-0.04644440411370941,0.9996211057525841,336,286,0.8511904761904762,0.5066707579906753,ok,1457.1780364507235,-313.8308431817959,-0.10728467138413131
749,3.370660667234688,-0.7198206940936416,-0.0997912800363032,1.0002341610442598,366,336,0.9180327868852459,0.3853614001385557,ok,1453.8074699535978,-313.11058166419116,-0.0074933913478286195
750,-0.4558489074051977,-0.3421068940119767,-0.12556159577735954,0.999847197286785,362,329,0.9088397790055248,0.46234136839577444,ok,1454.2626129211833,-312.7675361389754,0.11806820442953025
751,-1.5206003947646423,0.22252624170823765,-0.2242794626897906,0.9999991834906586,425,370,0.8705882352941177,0.2367828346538918,ok,1455.7845157792779,-312.980972732209,0.34234766711931974
752,-1.895299036057395,0.7863659175375233,-0.14037236777124099,1.0000472466391428,378,319,0.843915343915344,0.28604980839056704,ok,1457.6863726470378,-313.7513429334108,0.48272003489056003
753,-1.5898574275609008,1.2596063873800176,-0.0010271819889398806,0.9998988168601868,401,371,0.9251870324189526,0.3423002319413771,ok,1459.2868081165916,-314.997481448542,0.48374721687949984
754,-0.9235307736546474,1.8692214762420463,0.12556323094747684,0.999985536734017,435,399,0.9172413793103448,0.26641027480596613,ok,1460.2220061870275,-316.86089299358105,0.3581839859320237
755,-0.7004304690926801,1.5632182767864151,0.2204436380873845,1.0000514737540611,378,347,0.917989417989418,0.43006562426963085,ok,1460.9261926405334,-318.4224229041532,0.13774034784464032
756,9.929138337795393,3.925182224303285,0.24976785969911464,0.9994137181079376,359,289,0.8050139275766016,0.6809523195713518,ok,1450.9893985787992,-322.3281837006889,-0.11202751185447322
757,-2.2457629659168106,10.967066192523248,0.20424494361827825,0.9995963374763841,334,281,0.8413173652694611,0.46003324198924456,ok,1453.1745894796245,-333.30747934736974,-0.31627245547275046
758,-4.732656561030808,2.50207689887759,0.15739796113287097,0.9996134080208495,339,308,0.9085545722713865,0.5245793755992969,ok,1457.8863996095029,-335.84859568326283,-0.4736704166056206
759,0.02768465915937668,0.606983145274171,0.03180650856223033,1.000008474367178,435,403,0.9264367816091954,0.21503368727323374,ok,1457.8533611482321,-336.4553109699307,-0.5054769251678508
760,3.9974335014517237,0.5362400107807161,-0.01704595802185301,1.0003394811496005,408,389,0.9534313725490197,0.4148404917393247,ok,1453.8515016494794,-336.957454873537,-0.4884309671459978
761,1.7172210197315962,0.23726229787791908,-0.09281064772234407,1.0000633930825469,401,370,0.9226932668329177,0.4289842081655629,ok,1452.1326833118364,-337.1828544094401,-0.39562031942365433
762,-0.6958149265713018,0.38611804557024243,-0.12194835607084636,0.999818390008719,414,385,0.9299516908212561,0.4370746186763907,ok,1452.8266460241218,-337.57229158166683,-0.2736719633528086
763,-1.1710411924282198,0.8185356202516232,-0.16656363575684432,1.000099118207629,390,331,0.8487179487179487,0.2618062518441845,ok,1453.9961550065277,-338.3930149065801,-0.10710832759596502
764,-0.7923210709450359,0.8555011613141232,-0.10740434206799938,0.9998702994640251,391,365,0.9335038363171355,0.45824502172857673,ok,1454.7884804973464,-339.24851197441365,0.0002960144720338145
765,0.9759109316080412,-2.155688825576135,-0.03575659370596992,1.0000864281120079,374,321,0.8582887700534759,0.44957982550443776,ok,1453.8112133204697,-337.09343765454776,0.036052608178003556
766,-7.797023879978951,8.80922465796516,0.05246880348910538,0.9998312470325348,359,297,0.8272980501392758,0.5150026846082946,ok,1461.605712890832,-345.9048959281307,-0.016416195311101563
767,5.882110084968872,9.679439683156033,0.14169911485123646,0.9994010137352239,353,295,0.8356940509915014,0.5974723100162898,ok,1455.6969135387226,-355.5680663109847,-0.15811531016233732
768,5.501221508485514,0.4269023268720957,0.3279658714356529,0.9998740179063558,362,304,0.8397790055248618,0.42157138193239996,ok,1450.192268324904,-355.94828302826033,-0.4860811815979888
769,-5.29542009246984,-0.40114676319899445,0.37909198136482214,1.000138831997238,395,345,0.8734177215189873,0.4212342127747008,ok,1455.4931418490473,-355.6271404393758,-0.8651731629628092
770,-1.9169539128429278,0.08923934161998659,0.11816247139804456,0.9999016226125469,408,381,0.9338235294117647,0.4273723279509584,ok,1457.4082819598523,-355.7492646386303,-0.9833356343608533
771,-0.8792816846657843,-0.32852564342806545,0.12132510062162111,1.0000257321647381,410,383,0.9341463414634147,0.39162155272096366,ok,1458.2937337986955,-355.43775152419096,-1.1046607349824737
772,-0.06283726533661138,-0.01050566034905387,-0.07224058308489287,1.0000443826578125,424,399,0.9410377358490566,0.3133465854069068,ok,1458.3567501556463,-355.4283797809709,-1.0324201518975813
773,-0.12169923029296115,0.062104578600155946,-0.09686173282672715,0.9998771010201016,418,391,0.9354066985645934,0.3730861812132886,ok,1458.47741912824,-355.4924631671971,-0.9355584190708545
774,-1.0215803820840392,0.7105657912545666,-0.3596303522167121,1.0000315581716117,411,369,0.8978102189781022,0.254668313512186,ok,1459.4918055266785,-356.2132616518119,-0.5759280668541442
775,-0.4591046876166729,0.31675515711776825,-0.18941510620116128,0.999972431955071,428,381,0.8901869158878505,0.23612084967187738,ok,1459.9487629780492,-356.5331066633239,-0.3865129606529839
776,-0.12683700791194497,-0.3473339323293203,-0.17018743013113719,0.9998127880580291,375,331,0.8826666666666667,0.5639628468647572,ok,1460.0769104702908,-356.1862540903834,-0.21632553052184764
777,-3.465985291821653,3.5084403758829694,-0.3480480253345298,0.9998857047418462,358,298,0.8324022346368715,0.49049771151397137,ok,1463.5509524691877,-359.68671693180215,0.13172249481268042
778,2.654679841211646,7.1037304970288915,-0.1720343155004254,0.9995696918962176,337,294,0.8724035608308606,0.4492876934918197,ok,1460.9339705866948,-366.80442146770827,0.3037568103131049
779,4.598767509398385,3.1654673963939786,0.022212668651253663,0.9998297947572113,317,267,0.8422712933753943,0.49312067830119477,ok,1456.350813238265,-369.9924483124298,0.28154414166185143
780,-1.104681510152659,1.0853034486165143,0.1330814621839037,0.9999378254819546,404,382,0.9455445544554455,0.27303668190343844,ok,1457.4583032344651,-371.0748857114364,0.1484626794779483
781,-6.007656874571012,1.0834218180616517,0.5571837279643015,1.0001451764774696,396,332,0.8383838383838383,0.4093989265314123,ok,1463.4580786988531,-372.201135388623,-0.40872104848635066
782,-0.5939335533169015,0.8265732141804847,0.13814025929801982,0.9999968945551412,412,376,0.912621359223301,0.3803021330515395,ok,1464.044096065912,-373.03333968425056,-0.5468613077843698
783,-0.5643018349737758,1.688309138432487,0.23067552548420797,1.000131306997588,414,381,0.9202898550724637,0.39154377799936885,ok,1464.5854353133202,-374.7291510319792,-0.7775368332685768
784,-0.38412600313245093,0.9277316604947146,0.05255485919515793,0.9999728452658134,394,375,0.9517766497461929,0.20439276673944903,ok,1464.9560806523605,-375.66235028873746,-0.8300916924637345
785,-0.62145356925339,0.9629804689393495,-0.001983090621762719,0.9999664990341435,375,343,0.9146666666666666,0.36808398909989737,ok,1465.5635516276718,-376.63421187170627,-0.8281086018419717
786,2.636136959046098,-3.42204024587636,-0.2213544946064644,1.0002210368600677,366,341,0.9316939890710383,0.35975246913969766,ok,1462.9638007213762,-373.1844477150628,-0.6067541072355084
787,-6.85296362492295,15.342823686540896,-0.3731602829196212,0.9994384774315733,327,276,0.8440366972477065,0.6721175337298881,ok,1469.7541551594754,-388.5550832167521,-0.233593824315889
788,7.612812756048697,6.119489145512603,-0.3038240971494176,0.999676939494395,388,330,0.8505154639175257,0.5530965081978708,ok,1462.1488490812606,-394.6838991641746,0.07023027283352723
789,-4.774284348248102,1.8352390671608418,-0.029163692553938914,0.9999435022930566,418,366,0.8755980861244019,0.3601337646731564,ok,1466.9263099286886,-396.510853274943,0.099393965387466
790,-4.0087607364014275,1.5005333265032732,0.06800352751223251,0.9997123667481542,426,401,0.9413145539906104,0.45407876443300343,ok,1470.9358921553521,-398.0091901106657,0.03139043787523379
791,-0.8831083727968689,1.547002142467818,0.13423122487745376,0.999965245907357,399,384,0.9624060150375939,0.3010714027891857,ok,1471.8162223769448,-399.55777486064073,-0.10284078700221935
792,-0.2357678146431681,1.5217216591956912,0.14748072999060519,1.0000190525850232,434,415,0.956221198156682,0.31374210879976283,ok,1472.045339660122,-401.0805120477604,-0.2503215169928239
793,-0.2538999423175028,0.6972482808605491,0.04766402988129462,0.9999875919326305,455,436,0.9582417582417583,0.2052887219670672,ok,1472.295609915952,-401.77907138304886,-0.29798554687411827
794,0.9123358358219775,-5.374506760079157,0.11297681188413494,1.0001583407256658,366,323,0.8825136612021858,0.45376615956687905,ok,1471.4218466537168,-396.39815906699766,-0.41096235875825265
795,3.9580304342084673,9.694021535583033,-0.00038473761641536847,0.9994375675859308,350,289,0.8257142857142857,0.5346901703225962,ok,1467.3944517445839,-406.0635689753441,-0.4105776211418373
796,-9.56002199874797,15.032778899960817,-0.009359800588099364,0.999494968252304,316,269,0.8512658227848101,0.8186010484840736,ok,1476.8489720955195,-421.1629234981509,-0.401217820553738
797,-3.556124153375549,1.1919713713880355,-0.0361425042141439,1.0000563905272364,409,357,0.8728606356968215,0.35918203186097725,ok,1480.397429149267,-422.3775293116304,-0.3650753163395942
798,-1.483196337999516,2.6057229296436617,-0.17619847645590325,0.9998819328166072,434,382,0.880184331797235,0.30509648609831846,ok,1481.872027618955,-424.9881274646061,-0.18887683988369172
799,0.16524648618383253,0.718845185063401,-0.05591121532980779,1.0000255423774564,478,454,0.9497907949790795,0.2815626464330939,ok,1481.7051133638913,-425.7065872287835,-0.13296562455388422
800,0.7179092489061532,0.945243313773517,-0.09744255804351161,0.999918766049874,453,409,0.9028697571743929,0.37131151677814916,ok,1480.986618207374,-426.651385261148,-0.03552306651037306
801,0.48082878763307235,0.8872097031661497,-0.046670788111547214,1.0000218883954357,450,422,0.9377777777777778,0.31613337429843624,ok,1480.5059620483053,-427.5386884997075,0.011147721601173952
802,-0.42395294190782806,0.9345082204564505,0.02366954670205966,0.9999434345855134,459,431,0.9389978213507625,0.2955090090994654,ok,1480.929710746051,-428.47328935152177,-0.01252182510088561
803,-1.060900541254341,1.1595824793191696,0.07823229428582096,1.0000191995817167,467,431,0.9229122055674518,0.3095860899872593,ok,1481.9887732270458,-429.6345507975909,-0.09075411938670623
804,1.835102221584748,-3.6465843486307676,0.11660314156533018,1.0000665265339594,393,346,0.8804071246819338,0.3021264373019501,ok,1480.1668802272275,-425.98134898650017,-0.20735726095203588
805,2.6035525078004866,16.00206288560537,0.2785428436436658,0.9991938304036879,335,294,0.8776119402985074,0.7664296814542494,ok,1477.4277165680712,-441.96075713273956,-0.4859001045957004
806,-8.601498522500833,6.862645168691529,0.233100869508,0.9998425501591807,333,276,0.8288288288288288,0.6231205976304189,ok,1485.9424212124825,-448.93079876549814,-0.7190009741036993
807,-5.02565542407342,2.8627048342190164,0.09917747983172497,0.9997767709612849,352,303,0.8607954545454546,0.45206527358179904,ok,1490.926686468022,-451.8649751868825,-0.8181784539354238
808,-0.2269590129117205,1.7220578337737606,-0.07755138356406215,0.9998873850691681,383,357,0.9321148825065274,0.4483999725474856,ok,1491.1313671641553,-453.5898228291495,-0.740627070371362
809,0.7634781658543943,1.6354999018043372,-0.22869246127255263,0.9998925225931163,363,307,0.8457300275482094,0.3234482081958686,ok,1490.3533065671722,-455.21843590350466,-0.5119346090988106
810,0.4616962753907501,0.510767808024184,-0.12813648244766146,0.9999519229032667,375,357,0.952,0.46921083103989164,ok,1489.8881992764996,-455.72609958409123,-0.38379812665114965
811,0.8476191907436714,2.1315496627635184,-0.4750891559370741,0.9999396236989285,378,328,0.8677248677248677,0.3350350833909884,ok,1489.043977420218,-457.8589970768745,0.09129102928592216
812,-0.8650948139693355,1.3123616720422433,-0.21146196574828216,0.999901475137637,391,344,0.8797953964194374,0.29069882170618333,ok,1489.9159946918567,-459.1667692563333,0.3027529950342033
813,-0.760197453709452,0.7531191824327834,-0.04274664464331275,0.9998844968278413,408,380,0.9313725490196079,0.30017628236160543,ok,1490.680719685576,-459.9152907026229,0.34549963967751574
814,6.56660890775629,2.845793400034154,0.10661511505081743,0.9996207657541271,370,308,0.8324324324324325,0.5416861303362807,ok,1484.126032845406,-462.78843759242966,0.23888452462669882
815,-5.342938072518109,12.7339077874949,0.26917607130481147,0.9995142797309525,306,262,0.8562091503267973,0.6634564063687616,ok,1489.4622379171628,-475.52516834326786,-0.030291546678111247
816,-7.5290199653359196,4.848279059085144,0.293956851254801,0.9997873689508399,364,311,0.8543956043956044,0.4874439119595261,ok,1496.9637000737184,-480.4159777841429,-0.3242483979329108
817,-1.5034133718950216,0.9609288442367188,0.07021892051114786,0.9999378498495489,376,365,0.9707446808510638,0.316564845652651,ok,1498.4604621090266,-481.3872344032394,-0.39446731844405836
818,-0.33071400244853066,2.2645803638431516,0.10677493155452339,0.9999592556395226,391,368,0.9411764705882353,0.3136931256927872,ok,1498.771352418024,-483.6546212673388,-0.5012422499985811
819,0.21588727497123728,0.6155440312932114,0.00993554569442315,1.0000025666542787,400,379,0.9475,0.23577280279681154,ok,1498.549982086783,-484.2682147373181,-0.5111777956930044
820,0.5865570166795351,1.0657454420704653,-0.02208728245984769,1.000010910277355,371,344,0.9272237196765498,0.33168928660686553,ok,1497.9543490922422,-485.3289144200389,-0.4890905132331567
821,0.2756707783494221,0.9560752291442896,-0.06516605301420617,0.9999913041562506,384,360,0.9375,0.39124593918648054,ok,1497.6716120403694,-486.2829238441627,-0.42392446021895086
822,-0.713638920962012,1.06803405603614,-0.09781921491206044,0.999870368433177,383,354,0.9242819843342036,0.37022974743266096,ok,1498.3791606016518,-487.35500233372943,-0.3261052453068909
823,-0.7679310223070388,1.0637482460563206,-0.355367862925736,0.9999277509289961,386,340,0.8808290155440415,0.3153558544263385,ok,1499.147634810885,-488.41835823640406,0.02926261761884343
824,6.837330088299041,4.013444261530822,-0.27892595861998465,0.9996462909898062,362,313,0.8646408839779005,0.48321044215073367,ok,1492.3319914660954,-492.4685216125408,0.3081885762388267
825,-5.788421245556719,11.741773372021953,-0.06877403473837762,0.9995175275140666,325,286,0.88,0.5963631912199374,ok,1498.1975388048647,-504.1719577256056,0.37696261097720396
826,-7.186808584342998,4.578920063514715,0.14126676302105637,0.9998487169499867,329,285,0.8662613981762918,0.515806360232584,ok,1505.40312268721,-508.72127498103316,0.23569584795614823
827,-1.4680774748262593,2.9581668290497873,0.28794404258675516,0.9999342597890529,361,330,0.9141274238227147,0.3347862776911278,ok,1506.8685019907293,-511.68077932423,-0.05224819463060552
828,0.17750859120724272,2.39884516930681,0.35768666732998633,0.9998604482100314,382,346,0.9057591623036649,0.27490048769209463,ok,1506.673835040395,-514.0782930832535,-0.4099348619605902
829,0.6236612270197384,2.1303589291803746,0.21439576484854353,1.0000311047817174,380,352,0.9263157894736842,0.34629777995229066,ok,1506.026997575556,-516.2017298699996,-0.6243306268091326
830,0.3990369870491577,1.445403615300279,0.13539614160501393,0.999979043005757,363,337,0.928374655647383,0.3490120794351306,ok,1505.6088305622814,-517.6417154522765,-0.759726768414146
831,-0.14232467679448746,0.6345992115728905,0.02484201898417577,0.9999905806471568,419,393,0.9379474940334129,0.19006442185531575,ok,1505.7424524046228,-518.2782040037861,-0.7845687873983217
832,-0.9693840698305394,1.1364014279713501,-0.038460938121197115,0.9999669751564217,389,351,0.9023136246786633,0.29979467427277706,ok,1506.6969564397273,-519.4271320813027,-0.7461078492771248
833,1.0088237869374552,-2.2927217883561752,-0.24778816808459073,1.0000420618358206,367,335,0.9128065395095368,0.3851292201711252,ok,1505.7081110897143,-517.1257230551512,-0.49831968119253517
834,3.882791362396574,8.967557254257827,-0.1247185756780916,0.9994451400647953,313,266,0.8498402555910544,0.6373090748438143,ok,1501.7669291060597,-526.0677718385119,-0.37360110551444414
835,-4.61130728536682,10.934474511829194,-0.17659430208465726,0.9995134411818151,300,248,0.8266666666666667,0.6805255666263665,ok,1506.3406119193746,-537.0180372806421,-0.1970068034297876
836,-6.790619409325927,2.893918671657161,-0.11658766737256347,0.9998503260677292,299,248,0.8294314381270903,0.5821502439101687,ok,1513.1271627985386,-539.9214842674145,-0.0804191360572246
837,-1.2974059630769261,0.8364518615692305,-0.05123498018538781,0.9997888479920887,350,307,0.8771428571428571,0.3752190586483158,ok,1514.4241425385362,-540.7585968666423,-0.02918415587183702
838,0.3471853275157173,0.9203285344747201,0.048626406172371635,1.0000119916341934,371,338,0.9110512129380054,0.2842868487987894,ok,1514.0757076789353,-541.6784530573726,-0.07781056204420843
839,0.7009714213813822,1.0823707474828552,0.13420253595041667,1.0000029079713475,354,329,0.9293785310734464,0.38335330656541877,ok,1513.3707359403984,-542.7582225774389,-0.21201309799462456
840,0.43783168142635986,1.3327083026229047,0.18711625156424339,1.0000394856302257,370,344,0.9297297297297298,0.33976120923552533,ok,1512.923631149628,-544.087848580197,-0.3991293495588672
841,-0.4626604573900295,1.6221183155774952,0.12274870471218553,0.9999558883507982,372,350,0.9408602150537635,0.3124858285018126,ok,1513.3714975702223,-545.7141136870811,-0.5218780542710523
842,-1.0732738539227284,1.749853440792549,0.08986211868834075,0.9998768399389836,388,352,0.9072164948453608,0.39816562942113265,ok,1514.426027629819,-547.4753263895038,-0.6117401729593925
843,-0.32067492190890334,0.3534796423385842,0.025257502085226965,1.0001180068585906,381,352,0.9238845144356955,0.2483178462139487,ok,1514.742752931625,-547.832349282726,-0.6369976750446195
844,6.154926226612133,5.0909209154403925,-0.01910099017391392,0.9997827909053895,305,257,0.8426229508196721,0.6057866309490058,ok,1508.533283501024,-552.8565986806697,-0.6178966848707057
845,-9.248388665356515,12.417770765303885,-0.08570753558234065,0.9993693429029955,308,256,0.8311688311688312,0.8969264081430672,ok,1517.665932994893,-565.3597357633088,-0.5321891492883654
846,-2.6395382897248965,0.7032907135563846,-0.042357742900424336,0.9998467912540454,364,333,0.9148351648351648,0.39757757795375065,ok,1520.2993623462874,-566.085566364698,-0.4898314063879411
847,-1.6373635774734794,1.4616685953214983,-0.39808194797503554,0.9998024573156998,332,288,0.8674698795180723,0.4453305598984184,ok,1521.9343832114794,-567.5498550444922,-0.09174945841290724
848,0.18164199755528898,1.038898225921912,-0.20961812528156826,0.9999350035126183,399,341,0.8546365914786967,0.3194348394745957,ok,1521.7548788143852,-568.5891247450626,0.11786866686866004
849,0.25756984895951973,1.1450494754999454,-0.033913458196239005,0.9999308408139597,394,329,0.8350253807106599,0.39188830462821717,ok,1521.500343213732,-569.7348525296765,0.15178212506489888
850,-0.16473700669439495,1.6154778668180825,0.12301172983667394,1.0000170399474804,386,359,0.9300518134715026,0.40777714732801507,ok,1521.665891392649,-571.3502474721013,0.028770395228225443
851,-0.44020070738474715,0.9492953900028169,0.11093831360471229,1.000020195958691,386,362,0.9378238341968912,0.32853605673172226,ok,1522.1047302626343,-572.3001731778555,-0.08216791837648639
852,-1.4793122750047587,2.122694601793569,0.48854309178478567,0.9998669596035835,333,282,0.8468468468468469,0.4127542538007284,ok,1523.562825794118,-574.4374973461863,-0.5707110101612701
853,3.478047827863975,-3.903588996195822,0.1830842578216421,1.0001834269187475,340,289,0.85,0.49849005830095466,ok,1520.1364339147374,-570.48848956789,-0.7537952679829113
854,-7.071641599893837,16.86816506165178,0.3463403801032631,0.999178570559834,297,245,0.8249158249158249,0.9809312890086892,ok,1526.8829064201016,-587.4893194358361,-1.100135648086173
855,4.536093045969437,5.991816715913728,0.10334897009902994,0.9996738984540493,336,274,0.8154761904761905,0.4973931418750797,ok,1522.2219665281561,-593.3845418237082,-1.2034846181852024
856,0.9405116386926693,1.5988672144452494,-0.08377512167989805,1.000019076906613,376,338,0.898936170212766,0.4087248571046142,ok,1521.2503904196112,-594.9647248438831,-1.119709496505305
857,-4.920732507489902,1.5273975660602446,-0.24750639051886414,0.9999143740973772,384,342,0.890625,0.39068216484853596,ok,1526.147302393275,-596.5668499505036,-0.8722031059864417
858,-3.2831019903371725,1.0673101300135386,-0.37822414069420374,1.000034022321491,357,311,0.8711484593837535,0.37741669005560635,ok,1529.421080602106,-597.6624255215937,-0.4939789652922395
859,-0.6728687287454704,0.9735467498977641,-0.15292486084046297,0.9999379028651676,359,318,0.8857938718662952,0.3240043831440612,ok,1530.0881423907838,-598.6399602628924,-0.3410541044517772
860,-0.3131604540931221,1.0683374618400876,-0.10010915440061026,0.9998978324402003,397,371,0.9345088161209067,0.36733673722839,ok,1530.3968074280551,-599.7096052026483,-0.24094495005116737
861,-0.7881262815094487,1.1920590478182476,-0.033061508436702976,0.9999553609572216,375,341,0.9093333333333333,0.35648461096174033,ok,1531.1806034426772,-600.9045159175362,-0.20788344161446456
862,-0.5566910164397996,0.7053626337426522,0.04859039215597008,0.9999689287290825,354,319,0.9011299435028248,0.2778328183259672,ok,1531.7341314685393,-601.6123633993076,-0.2564738337704344
863,-5.016465054317905,4.003916545211723,0.1439280555388961,0.9997878667892166,320,257,0.803125,0.8135063439768421,ok,1536.7224935618033,-605.6512386101433,-0.4004018893093298
864,2.877924223301534,11.98122372687294,0.1607102708881257,0.9994424636686308,278,222,0.7985611510791367,0.6456914583538584,ok,1533.727374045497,-617.60370400066,-0.5611121601974547
865,5.168773054101848,4.445042607342089,0.20252977701501035,0.99976111594258,281,235,0.8362989323843416,0.4551201193156038,ok,1528.4998180003984,-621.9794641016313,-0.7636419372124642
866,-1.7352262015940596,2.645900697420984,0.16029942325434027,1.0000104202817117,353,321,0.9093484419263456,0.3590826759594533,ok,1530.1921531248956,-624.6530015144433,-0.9239413604668035
867,-5.013005610527216,2.0873191632829275,0.05476644631290697,1.0000769130452802,331,282,0.851963746223565,0.5573822477586579,ok,1535.1687742260156,-626.8256425240157,-0.9787078067797103
868,-1.801567723127846,1.7561361316458033,-0.07477827355360889,0.99992044946116,337,290,0.8605341246290801,0.5161440667607444,ok,1536.9424131350743,-628.609981447584,-0.9039295332261019
869,-0.5708519237214205,1.6663595115987846,-0.18686914754590855,0.9998901693787439,341,301,0.8826979472140762,0.2733827075109683,ok,1537.4923663013617,-630.2833545248154,-0.7170603856801943
870,-0.7400737460827713,1.5104823934476599,-0.2624515247817619,0.9998199210733566,361,311,0.8614958448753463,0.3247818060248222,ok,1538.220432073755,-631.7996613676495,-0.4546088608984336
871,-0.6080866830589002,0.8209062569764001,-0.15773448798692008,0.9997915601041416,362,309,0.8535911602209945,0.3860172087258852,ok,1538.8242571404958,-632.6237073527936,-0.29687437291151425
872,-1.0484513426820286,1.09374723108931,-0.26715375827491966,0.999908643010005,330,268,0.8121212121212121,0.34310551521481464,ok,1539.872140990761,-633.717998292096,-0.02972061463659584
873,-3.522827278577779,5.079582174070424,-0.07367351828501471,0.999972557121097,336,284,0.8452380952380952,0.661658366271147,ok,1543.3988638961334,-638.7948765303983,0.04395290364841855
874,2.244725121877309,10.15450909167896,0.06844044473224051,0.9994874320014717,352,294,0.8352272727272727,0.5971770116353872,ok,1541.1497990618584,-648.9484253256229,-0.024487541083821663
875,4.245345438792356,2.5201850811625945,0.24113287481573467,0.9998369095449806,331,280,0.8459214501510574,0.5035117314612295,ok,1536.8928158313129,-651.4489021827134,-0.26562041589955526
876,-3.1608835512752194,1.0225068758542193,0.3422525089607997,0.9999603538580116,357,308,0.8627450980392157,0.34239684627421624,ok,1540.0426735267147,-652.5048859110968,-0.6078729248603534
877,-4.1204345245828335,1.3347392822998927,0.1358189857946378,0.9998590500422612,344,301,0.875,0.5458852642583573,ok,1544.145436697576,-653.8929939713394,-0.7436919106549906
878,-1.1421529796903087,1.5112311627765393,0.09168966787919022,0.9998787890881082,371,346,0.9326145552560647,0.37143353137505825,ok,1545.2654350693201,-655.4207166895226,-0.8353815785341806
879,-0.375134853829195,1.8244520816078875,0.02845993046431407,0.9999537421938052,370,347,0.9378378378378378,0.3781599328033969,ok,1545.6130212872329,-657.2506170632473,-0.8638415089984945
880,-0.5848911220957689,1.8576687239944931,-0.032588931672129104,1.0000273232966421,352,316,0.8977272727272727,0.4841396733128421,ok,1546.17090056733,-659.1165756430802,-0.8312525773263656
881,-0.78528101904908,1.7767128052305452,-0.08758687990586046,1.0000237492508965,351,312,0.8888888888888888,0.5294108703589575,ok,1546.933055395769,-660.9033309952861,-0.7436656974205055
882,3.6945900656455706,-8.766168634670294,-0.20021554030753302,1.000237001801359,322,271,0.8416149068322981,0.7423929285392737,ok,1543.3217773361132,-652.1025140411336,-0.5434501571129732
883,-6.057640340249691,10.613225894240145,-0.09283488772944673,0.9997299955839463,312,260,0.8333333333333334,0.5753652069252732,ok,1549.2957611425836,-662.7630528574422,-0.45061526938352675
884,-4.338172718975784,16.477737229069362,-0.23779967250384737,0.9993936625609745,321,251,0.7819314641744548,0.7843784096354354,ok,1553.5727002760932,-679.2567898014515,-0.21281559687968005
885,0.04347968165097882,2.9827376689690936,-0.007909831445927832,0.9999748577262954,381,346,0.9081364829396326,0.37167333814713843,ok,1553.5185537893722,-682.239352900965,-0.20490576543375225
886,0.0010229797665033402,2.4352236332485973,0.11575950279011012,0.999932396278083,378,354,0.9365079365079365,0.39615945189580215,ok,1553.5039017665658,-684.674532670232,-0.32066526822386193
887,0.022541780097981245,1.0364789642737833,0.09065274602145111,1.0000794071330763,386,367,0.9507772020725389,0.3249543105681898,ok,1553.4739199004657,-685.7108231039124,-0.4113180142453127
888,-0.20901521885252805,1.9727458607572999,0.2485453305434208,0.9999650590581538,360,331,0.9194444444444444,0.45880092300137165,ok,1553.6602020643813,-687.685845267903,-0.6598633447887327
889,-0.5317262697615206,1.7539310960386274,0.22979009391791755,1.0000746336975583,361,324,0.8975069252077562,0.5410956030780676,ok,1554.1646313726599,-689.4478209171547,-0.8896534387066494
890,-0.7184662337599548,1.505815552924446,0.17793852088854867,0.9999922868059339,383,345,0.9007832898172323,0.41981782008260987,ok,1554.8549166586447,-690.9667614796635,-1.0675919595951977
891,-0.8068482166927424,1.5771674843649635,0.06476817334617091,0.9998678668913038,355,334,0.9408450704225352,0.3049013240374687,ok,1555.630439123353,-692.5595659953688,-1.1323601329413682
892,-5.921145878604193,2.1812702386501996,-0.04716050642298659,1.0001457588197906,304,253,0.8322368421052632,0.8564684000492165,ok,1561.5092115150983,-694.852586609272,-1.0851996265183819
893,2.9518839691647827,10.604152961614545,-0.19601543289642231,0.9996959841311671,302,263,0.8708609271523179,0.5687128880970532,ok,1558.3931217342695,-705.4096536015073,-0.8891841936219603
894,5.569255757660358,3.491273054555677,-0.27032061663189166,0.9998503199923988,297,257,0.8653198653198653,0.526006759207162,ok,1552.7864816152003,-708.840569486653,-0.6188635769900696
895,0.13511743244612262,1.007667953447708,-0.129381722582572,0.9999364003512342,336,307,0.9136904761904762,0.26583534589421515,ok,1552.642760640296,-709.847046364842,-0.489481854407498
896,-7.750465899287292,3.0118419536122474,-0.26084615668330047,0.9999612597608657,314,276,0.8789808917197452,0.5507983680275607,ok,1560.3811462718697,-712.8897920700571,-0.22863569772419848
897,-1.9018193967915522,1.892596271808543,-0.04154508934026032,0.9998882740745916,327,300,0.9174311926605505,0.4373908528386332,ok,1562.276775556808,-714.7885883414248,-0.18709060838393832
898,-0.27887479002447435,1.777056620856115,0.09902204735859668,0.9999400929612252,356,320,0.898876404494382,0.33228635541987583,ok,1562.546772982757,-716.5670153914385,-0.28611265574253464
899,-0.3776640342814517,1.8916396263226716,0.20175349816590957,0.9999560342940111,362,331,0.914364640883978,0.35419490352626926,ok,1562.9083164540443,-718.4618021649394,-0.48786615390844346
900,-0.9118482640633374,2.0791988865976236,0.30394873728391486,0.9998462649984274,349,323,0.9255014326647565,0.45798519737579196,ok,1563.7913444941069,-720.5534036439905,-0.7918148911923573
901,2.930458822824903,-5.5893203586826985,0.2957396281786423,1.0003383692629992,302,262,0.8675496688741722,0.6543689669776005,ok,1560.9675003633242,-714.9094692619038,-1.0875545193709986
902,-7.052833081868357,8.082324574997415,0.14165116321769033,0.9998823634269381,323,263,0.8142414860681114,0.6593608718702919,ok,1567.8453280811677,-723.1412315823287,-1.229205682588688
903,2.5958308803635646,10.341195430536573,0.09684655228947295,0.999561612827846,274,237,0.864963503649635,0.580876345777448,ok,1565.010877361024,-733.4195850500336,-1.3260522348781607
904,4.397917029031987,3.868125462003036,-0.08797814387336635,0.9998130121744362,275,239,0.8690909090909091,0.48721158180232327,ok,1560.5304092770966,-737.1917826234583,-1.2380740910047947
905,-2.3948034626630488,2.5546870085365754,-0.20989133150135386,0.99997111215537,339,301,0.887905604719764,0.387015219174695,ok,1562.878985308104,-739.7890311604577,-1.0281827595034416
906,-5.019768549669379,1.9473790569452376,-0.30145600115622134,1.0000601286722235,334,283,0.8473053892215568,0.5078129748713891,ok,1567.873650622746,-741.7999214802887,-0.7267267583472213
907,-1.6588611006900464,1.7289453586625996,-0.28873021139743016,0.9998646096048368,326,304,0.9325153374233128,0.3715368039677082,ok,1569.5192464906268,-743.5414973311309,-0.43799654694979206
908,-0.5230818939617166,1.2813809135055862,-0.21503298019378764,0.9999581811875338,353,314,0.8895184135977338,0.3081816586494649,ok,1570.0373380089234,-744.8249040834727,-0.22296356675600515
909,-0.7475673798303433,1.087585663857567,-0.0639777963588113,0.9998549058242104,347,318,0.9164265129682997,0.41976933629567686,ok,1570.7818846545624,-745.9145599264261,-0.158985770397194
910,-0.9772626219994436,1.1748085670241153,0.08362305642547173,0.9999342336186084,356,332,0.9325842696629213,0.4284737494578984,ok,1571.7541640118025,-747.0934959946652,-0.2426088268226655
911,1.1711866953889967,-5.620377591880924,0.20038769955473804,1.0001289750821938,331,283,0.8549848942598187,0.4704698368437914,ok,1570.6264672329896,-741.464231164705,-0.4429965263774028
912,-5.685370406765969,15.863111550490203,0.31341314124362474,0.9997263810190978,278,232,0.8345323741007195,0.8393148137310481,ok,1576.1019260349058,-757.4010155214675,-0.7564096676210263
913,-1.0033303595716916,6.6441860224649645,0.21467351297355758,0.9998456032934082,262,238,0.9083969465648855,0.45153635520285057,ok,1576.99250803997,-764.0612515085639,-0.9710831805945832
914,0.28143439793052494,2.274919387563614,0.14540287295565785,0.9999972161414814,317,294,0.9274447949526814,0.34924991943202977,ok,1576.6667999857505,-766.3302552114407,-1.1164860535502406
915,0.14469428810684803,1.5556496851078236,0.04752946296649949,0.999988566277203,345,315,0.9130434782608695,0.3387038138206027,ok,1576.4905333023012,-767.8826444783749,-1.1640155165167398
916,-0.16659769505372424,1.5425405854130076,-0.057740100306274855,0.9999491166414362,339,312,0.9203539823008849,0.35538577867512255,ok,1576.627318192061,-769.4281140327748,-1.106275416210465
917,-0.5201942372850681,1.1593615926165057,-0.166026608910518,0.999919707778372,345,298,0.863768115942029,0.3193095497549114,ok,1577.1284176091276,-770.5958557512873,-0.940248807299948
918,-0.8460914213617343,1.1655049245963482,-0.21670271459751286,1.0000129888189955,335,292,0.8716417910447761,0.335905320524721,ok,1577.95972365712,-771.7719521236697,-0.7235460927024362
919,-1.1958243914484683,1.3109644667181328,-0.2573969182316717,0.9998644170775663,340,294,0.8647058823529412,0.41779253499185454,ok,1579.1448427951384,-773.0926021291158,-0.4661491744707655
920,-0.9994190221427743,1.0610776459878934,-0.1717758562932269,0.999864319205264,322,265,0.8229813664596274,0.31964139189416874,ok,1580.13879706319,-774.1588005466997,-0.2943733181775393
921,3.086960572515636,-5.683561411190112,-0.06031001482238794,1.0003631369931831,317,265,0.8359621451104101,0.5928036838589891,ok,1577.0750805293737,-768.462675820936,-0.23406330335515158
922,-7.148053733123334,15.772677367671918,0.07157868597805471,0.9996717753887138,252,193,0.7658730158730159,0.9549724658039761,ok,1584.1388942561903,-784.2732595909657,-0.305641989333206
923,5.716543496046825,5.868447957147168,0.14229925707178329,0.9998123242248478,282,213,0.7553191489361702,0.6163598053528696,ok,1578.3766461123932,-790.0968364383377,-0.4479412464049888
924,0.6843446753637181,2.865442031197176,0.2532372759546491,1.0000856316383717,290,254,0.8758620689655172,0.6099365936849501,ok,1577.6572866391875,-792.9536891851833,-0.7011785223596371
925,-5.467850612229768,2.5679862421740154,0.28810968044479934,0.9999140638032773,289,237,0.8200692041522492,0.49340881255714886,ok,1583.0799847052367,-795.6156977017214,-0.9892882028044353
926,-3.000322216034192,2.5366524512695605,0.2067008436990483,0.9998279326958344,326,300,0.9202453987730062,0.6149956526608372,ok,1586.0267071894762,-798.2144215538148,-1.195989046503483
927,-0.5888237504921108,2.242044676190517,0.0916793013975963,0.9999428942739056,315,283,0.8984126984126984,0.46889575263792843,ok,1586.5649986559395,-800.4691321863153,-1.2876683479010789
928,-0.22809778158648442,2.1750313653817557,-0.051674344897032126,0.9999438152034555,327,306,0.9357798165137615,0.5298013633702597,ok,1586.7461268697648,-802.6485776682018,-1.2359940030040473
929,-0.8015855733658555,2.2141981570624694,-0.17703828839647778,0.999873702050895,338,284,0.8402366863905325,0.37487909762047417,ok,1587.5066544738495,-804.8772119301639,-1.0589557146075699
930,-0.34043031854116634,0.7014489480897055,-0.10715191670297029,0.9999146001595226,317,281,0.886435331230284,0.5211207210747357,ok,1587.8353858092973,-805.5842190996133,-0.9518037979045998
931,3.752299099765878,-3.244695460087655,-0.26961821204834446,1.0003127320816143,247,208,0.8421052631578947,0.7295352512799749,ok,1584.1219843523265,-802.2950783634656,-0.6821855858562561
932,-5.1574262728272515,15.522643690152677,-0.32486332832565534,0.999298675405076,209,148,0.7081339712918661,0.7521844444340984,ok,1589.1825047688649,-817.8495840131121,-0.3573222575306018
933,5.565377592480218,1.9497108868788473,-0.09439529845766358,0.9998022699845865,267,204,0.7640449438202247,0.6204785981055437,ok,1583.6082386981266,-819.773735270658,-0.26292695907293856
934,-2.6963244954567926,1.5991754839328678,0.11119696839846313,0.9994813295553593,264,217,0.821969696969697,0.7451034859809075,ok,1586.294063659407,-821.390482712461,-0.3741239274714013
935,-5.168570486900762,2.0290506104524866,0.23603885485142903,0.9993609520759977,281,253,0.900355871886121,0.9756169410661177,ok,1591.4407334080565,-823.4744591413524,-0.6101627823228295
936,-1.6977008368151019,2.361449903194284,0.28774333521763074,0.9999949512582759,274,241,0.8795620437956204,0.6399676524651955,ok,1593.1012200230807,-825.8622233629505,-0.8979061175404593
937,-0.5173911284141468,2.7024953185757568,0.2946092164717166,1.0000317540720245,243,209,0.8600823045267489,0.7837922770156989,ok,1593.562255254016,-828.5749011990604,-1.192515334012175
938,-0.6251205989403843,2.686690693484479,0.19905720800435137,0.999878456509232,297,265,0.8922558922558923,0.48367536808326717,ok,1594.1219448418328,-831.2759806519765,-1.3915725420165257
939,-0.4400463498661793,1.285372310734715,0.04645883916150186,0.9998733405693632,299,270,0.903010033444816,0.37096507308782745,ok,1594.5295952212164,-832.5719914294866,-1.4380313811780274
940,-0.6639135446455384,1.4391945827860582,-0.028410269566828864,0.9997444526908321,218,180,0.8256880733944955,0.8067038431492537,ok,1595.1579035922523,-834.0270827780868,-1.4096211116111985
941,-1.8968320204483007,3.612707334846391,-0.18393080997282873,0.9999261045874274,225,171,0.76,0.7991372416103155,ok,1596.977023265911,-837.6795380637758,-1.2256903016383702
942,-3.3644893027412763,12.424308220032117,-0.2954370699307312,0.999381771867,226,162,0.7168141592920354,0.7775646792973209,ok,1600.139357147371,-850.1568321388866,-0.9302532317076404
943,-0.08009707406654343,4.637207993686275,-0.24016322836470394,0.9999465207160759,266,216,0.8120300751879699,0.6180328785438717,ok,1600.163597639968,-854.7946684788732,-0.6900900033429371
944,0.38498254771434404,2.6013155722612282,-0.16800269855981032,1.000025733439884,288,239,0.8298611111111112,0.3747096742317232,ok,1599.7549278448787,-857.3923680895124,-0.5220873047831275
945,0.22245439124981203,1.9640838238973402,-0.06624873927219878,0.9999052585845501,284,261,0.9190140845070423,0.46365772659791715,ok,1599.5168546359546,-859.3546199517039,-0.45583856551092894
946,-0.0967570257951138,1.8335529222681544,0.04241377264599123,0.9999261930311003,293,269,0.9180887372013652,0.40070447385824004,ok,1599.597663364325,-861.1889449475044,-0.4982523381569199
947,-0.2698595792917331,1.3727755639863517,0.13931225460498758,1.0000078965418895,245,212,0.8653061224489796,0.5188380688486305,ok,1599.852230852353,-862.5646383492667,-0.6375645927619071
948,-0.6559583860016573,1.3679374025196012,0.1932327042450901,0.9999704236146609,262,222,0.8473282442748091,0.485966402198173,ok,1600.4882856804638,-863.9419431074865,-0.8307972970069964
949,-0.807234869866079,1.3082057894578156,0.3095421356198616,0.9999772214959403,286,234,0.8181818181818182,0.3908266023535186,ok,1601.2693255967706,-865.2659548792747,-1.1403394326268568
950,2.9130027052544847,-2.676010255394317,0.23861426534464725,1.000023405356383,241,195,0.8091286307053942,0.4985988783125647,ok,1598.4215645828144,-862.5206183142633,-1.3789536979715031
951,1.813983181465801,16.544295241056034,0.06570309016610419,0.9992630541746141,238,186,0.7815126050420168,0.8372084829918609,ok,1596.1910540364097,-879.0139218859632,-1.4446567881376071
952,-7.688915310477569,5.717699079533645,-0.050206052224101495,0.9997590501389275,246,188,0.7642276422764228,0.5899198855371088,ok,1603.7385500542568,-884.9170401531493,-1.3944507359135057
953,-4.318621045294549,0.8892551145337393,-0.22728248355245667,1.000232944735766,225,175,0.7777777777777778,0.5713663385413044,ok,1608.0381613713146,-885.8940790028445,-1.16716825236105
954,-0.262566049561201,0.7510496978762831,-0.3347033447623058,0.9999496140901627,258,222,0.8604651162790697,0.31611350941203376,ok,1608.289787900057,-886.6488641836046,-0.8324649075987453
955,0.46286372389590724,0.7310982887362343,-0.3232566742864605,0.9998858361329883,264,218,0.8257575757575758,0.49384918393719157,ok,1607.8204450073913,-887.3758200170605,-0.5092082333122857
956,0.7912839802879716,1.0213802066498374,-0.21436886190776927,1.000027332216278,229,196,0.8558951965065502,0.44444202565275837,ok,1607.023915588481,-888.393114836082,-0.29483937140451705
957,0.28910501864879734,1.2243071307530045,-0.04627703329481136,1.0000062782144947,271,242,0.8929889298892989,0.3050517075051764,ok,1606.7295019796136,-889.6161562454929,-0.24856233810970582
958,-0.17349053011116666,0.7284027826992769,0.0403397919278141,0.999989587309264,281,267,0.9501779359430605,0.2506986985991495,ok,1606.8993174992856,-890.3454245549378,-0.2889021300375198
959,-0.8053559230093015,1.707905471151662,0.22281254257586944,0.9999524564401591,249,209,0.8393574297188755,0.480973574791425,ok,1607.6893880212465,-892.0604545346888,-0.5117146726133888
960,3.6715953728312343,-5.983899294353478,0.31290135684187503,1.0002868228969681,219,177,0.8082191780821918,0.9525941594540237,ok,1604.1042917939103,-886.0243342254588,-0.8246160294552629
961,-7.044102998827611,13.987434723519414,0.3024089645075424,0.999470538071289,200,143,0.715,0.7850747442417209,ok,1610.8719128309813,-900.1476136853225,-1.1270249939628048
962,5.248786141172104,5.968216545730797,0.1381176635738849,0.9999116484677633,207,150,0.7246376811594203,0.6361610191228738,ok,1605.492633290356,-905.9984868095925,-1.2651426575366893
963,2.0352218380296563,2.591275386567986,0.06059466975325437,0.9997242646739539,204,159,0.7794117647058824,0.4871103149257348,ok,1603.3980034187784,-908.5419808159,-1.3257373272899438
964,-4.711556793513864,2.1338164785336176,-0.013572414538809785,0.9999876228415886,225,184,0.8177777777777778,0.5702111510995814,ok,1608.0594611644115,-910.7831304914567,-1.312164912751134
965,-3.87516046965402,1.9205403122050484,-0.13493202619271755,0.9998631104230342,227,185,0.8149779735682819,0.4828024272213518,ok,1611.8943459115574,-912.7828811590355,-1.1772328865584167
966,-0.7393478824265003,1.6681911419066182,-0.24594447799420782,0.9999261842440564,217,178,0.8202764976958525,0.5351523282693793,ok,1612.6064824637845,-914.46286881023,-0.9312884085642092
967,-0.269605970117027,1.4990288692681588,-0.3849820545481186,0.9999067545233923,267,219,0.8202247191011236,0.4742230448560316,ok,1612.8617833878625,-915.9644001512905,-0.5463063540160913
968,-0.7249145552650589,1.613484185126822,-0.2840151239357331,0.9998549074475058,252,206,0.8174603174603174,0.39012818055942877,ok,1613.5793040916224,-917.5811859651093,-0.2622912300803587
969,-0.882381068104678,1.0372260496417312,-0.09137928463342583,0.999742800534852,221,183,0.8280542986425339,0.7069940485834678,ok,1614.4585872179418,-918.6210395178629,-0.170911945446933
970,-2.2943046511325065,1.2006477554441517,0.14009757841663895,0.9996877439283496,172,112,0.6511627906976745,0.8112701909562399,ok,1616.7463408163132,-919.8341233311257,-0.3110095238635717
971,-2.7134831107864557,10.187961186842358,0.3396322696826002,0.9997492520100817,217,144,0.663594470046083,0.6369221833146679,ok,1619.3439585837627,-930.0522408520472,-0.6506417935461715
972,0.03418421526862403,3.8680207549859915,0.40241084337577987,1.0002376026478972,200,134,0.67,0.6415203529683776,ok,1619.238692879118,-933.9189800794843,-1.0530526369219506
973,0.29205832920661123,2.6420126629209335,0.36464347129985597,0.9997213144515105,227,182,0.801762114537445,0.4456780241229856,ok,1618.8813580729673,-936.5529582143608,-1.4176961082218058
974,-0.027231048685280257,2.0921833845903848,0.24283526683988355,0.9999740844957693,233,193,0.8283261802575107,0.5154081043948963,ok,1618.8479510596549,-938.6450520975866,-1.6605313750616888
975,-0.2584043522654156,1.7319490985007633,0.07024163962156807,0.9999148254738451,239,200,0.8368200836820083,0.49981917186585434,ok,1619.053927302231,-940.3840156614838,-1.7307730146832567
976,-0.47788813053193735,1.582330728482816,-0.14716076660756103,0.9998216732551294,236,193,0.8177966101694916,0.44347688667389523,ok,1619.487904045318,-941.9789488218589,-1.583612248075696
977,-0.7253524062421093,1.4047448061488694,-0.31353094287432653,1.0001006466296047,213,172,0.8075117370892019,0.38967673101315736,ok,1620.181941677672,-943.3994261530822,-1.27008130520137
978,-0.5211857785507163,0.8107323253698269,-0.18974687932874354,1.0000311720112462,225,174,0.7733333333333333,0.48419071895500687,ok,1620.687749040835,-944.219840944839,-1.080334425872627
979,-0.824821198129257,1.1795940689620465,-0.3400231187435436,0.9998254496712055,215,164,0.7627906976744186,0.46511277371669235,ok,1621.4972604311401,-945.4099936599895,-0.740311307129084
980,3.6091258935157384,10.26578760148277,-0.30083554302224924,0.9995259806353658,179,130,0.7262569832402235,0.819319960942924,ok,1617.809499816886,-955.6477964733847,-0.4394757641068354
981,-6.013298330116186,6.691512628415808,0.02471661166434203,0.9998001186964254,223,181,0.8116591928251121,0.5847730303270975,ok,1623.7683888631627,-962.3878068144293,-0.4641923757711775
982,-2.1836077792165725,1.569332566220055,0.06072018994835139,0.9997334256237247,226,194,0.8584070796460177,0.5505213699312405,ok,1625.937527840772,-963.9770782615614,-0.5249125657195287
983,-1.02272897960529,2.497382296895239,0.2153531539543528,0.9999604517133555,244,223,0.9139344262295082,0.4038000358662526,ok,1626.9279059935875,-966.4874654860739,-0.7402657196738812
984,0.270575644114615,2.169307965722396,0.26918717019133165,0.9999853610218048,269,230,0.8550185873605948,0.47826951630084225,ok,1626.6191548517263,-968.6516699500133,-1.0094528898652126
985,0.41486483492985826,1.9620455612815704,0.3587353765865882,0.9997365239466078,246,207,0.8414634146341463,0.48498728073494946,ok,1626.1575602957691,-970.6032503561756,-1.3681882664518004
986,0.0625569318901853,2.1007156708160437,0.2399439746757735,0.9998976899125506,263,233,0.8859315589353612,0.5065214650716067,ok,1626.036074531468,-972.701383075622,-1.6081322411275738
987,-0.6634512455170807,1.961118769222594,0.0906563922462516,0.9999247121637062,268,233,0.8694029850746269,0.43475014558732605,ok,1626.641096597919,-974.6813079937143,-1.6987886333738254
988,-1.1609428183442105,1.7889900424170264,-0.10766552485472673,1.0000447120966705,262,209,0.7977099236641222,0.48963277859789983,ok,1627.7519173192218,-976.501843883077,-1.5911231085190987
989,2.4189833060440833,-7.101143167905661,-0.31481051974079255,1.0001629866261694,225,186,0.8266666666666667,0.7860930525643666,ok,1625.4917051224063,-969.348582015133,-1.2763125887783064
990,-6.015933812876938,14.792914810157413,-0.28341845863260867,0.9996073307794924,174,113,0.6494252873563219,0.8174712025749864,ok,1631.2503980448255,-984.2435222314207,-0.9928941301456982
991,5.324910983464861,6.724760512558646,-0.14590828205994874,0.9996750521824422,174,126,0.7241379310344828,0.6361264406111408,ok,1625.8266624305186,-990.8888343323827,-0.8469858480857497
992,2.148068654232702,2.567369480638945,-0.10201989008621518,1.0000136926553251,206,155,0.7524271844660194,0.5809889930470157,ok,1623.6453950676846,-993.4280581675827,-0.7449659579995347
993,-4.406553953868752,2.839857482078628,0.013573975820160464,1.000042105532473,211,166,0.7867298578199052,0.4964645228914749,ok,1628.0139670253434,-996.3260035289774,-0.7585399338196951
994,-3.1889668932462882,2.3047515509352934,0.08566408241472342,0.9999454694108642,219,184,0.8401826484018264,0.6226958165707444,ok,1631.168630468173,-998.6774898930104,-0.8442040162344183
995,-0.5038153823522862,1.9910950074291804,0.10125578774615611,1.000246808927419,208,182,0.875,0.43622785081593773,ok,1631.6395229214247,-1000.6766270983005,-0.9454598039805743
996,-0.47623922142929587,2.3860908959619564,0.21349690631233298,0.9997567696563212,224,207,0.9241071428571429,0.4812823065930487,ok,1632.0674030920827,-1003.0718623935018,-1.158956710292907
997,-1.0473662154145131,2.369323902003316,0.3617872078705547,0.9997359623862652,236,190,0.8050847457627118,0.5596421359798018,ok,1633.0515212221574,-1005.4681476953502,-1.5207439181634619
998,-0.5679488099294758,1.03346909336733,0.12613100482279324,0.9998713737702499,214,183,0.8551401869158879,0.47424247741130426,ok,1633.5895341187756,-1006.5175124273276,-1.646874922986255
999,2.001229530015735,-3.8758661367012337,0.1239549754828366,0.999960326132527,216,150,0.6944444444444444,0.47575531752006056,ok,1631.7090319274594,-1002.5816555384293,-1.7708298984690916
1000,-3.5254644017927603,22.074496620106288,-0.15378211472386008,0.9994321225600868,176,123,0.6988636363636364,0.9131515846938555,ok,1634.6101707826144,-1024.74684657353,-1.6170477837452313
1001,2.409605711239692,2.2719752725857916,-0.17078552993213963,0.9999708916033366,241,204,0.8464730290456431,0.3916612789244778,ok,1632.1439894867517,-1026.957281177588,-1.4462622538130918
1002,1.7735434858320787,2.0761926011539344,-0.37820868908555405,0.9997729003006355,243,193,0.7942386831275721,0.535585532566897,ok,1630.3320539638723,-1029.0000542619396,-1.068053564727538
1003,-3.56030293629874,1.8488105745793746,-0.2004111761492032,1.0000828462713807,267,213,0.797752808988764,0.32070485972160395,ok,1633.8639528203557,-1030.9025652360117,-0.8676423885783349
1004,-3.0587604031516094,1.7744267596661984,-0.13058303471549826,0.9999257805654218,238,195,0.819327731092437,0.4546726727279376,ok,1636.8996343410129,-1032.716192329559,-0.7370593538628367
1005,-0.7441592352736279,1.757295412344206,-0.04637699507054444,1.0000307921477338,237,202,0.8523206751054853,0.5572061013888792,ok,1637.6225563850612,-1034.4823304475772,-0.6906823587922922
1006,-0.3331147374788088,2.10298679995617,0.05058186944309906,1.0000514178891542,247,220,0.8906882591093117,0.38148717077662564,ok,1637.9284366090274,-1036.589450804297,-0.7412642282353913
1007,-0.9717352123595902,2.3697186588585737,0.14433336355252205,1.000020390401525,263,238,0.9049429657794676,0.3610008828454037,ok,1638.8634294264982,-1038.9739055168802,-0.8855975917879135
1008,-0.8556286116390766,1.9096938076930883,0.19366614009548683,0.9999210463916961,256,225,0.87890625,0.5498744200354182,ok,1639.682936032099,-1040.8993768055711,-1.0792637318834006
1009,7.545747019053579,1.5008166111293804,0.09865357653256439,0.9997627307361849,182,141,0.7747252747252747,0.8266431781253436,ok,1632.107931156676,-1042.2447576858858,-1.177917308415965
1010,-6.373776919295551,10.862561201383073,0.14356400425192523,0.9999789677498516,236,179,0.7584745762711864,0.7853447026428011,ok,1638.229498791251,-1053.2514228377868,-1.3214813126678902
1011,-8.040214613534772,4.183021310184813,0.08629962113016564,1.0003510386944219,221,162,0.7330316742081447,0.7689009552182365,ok,1646.1645183494948,-1057.6307130683435,-1.4077809337980558
1012,-1.491465932690062,2.7339209010174272,-0.02520859207212271,1.0004538640446454,222,174,0.7837837837837838,0.49351995686945804,ok,1647.5895857683743,-1060.3998242927332,-1.3825723417259328
1013,0.37778912832618516,2.153116885239342,-0.10276675860789306,1.0000093085964308,243,188,0.7736625514403292,0.3756394096332708,ok,1647.1638010942272,-1062.5439661626303,-1.27980558311804
1014,1.1296305519986163,1.8279480255080216,-0.15805659721694063,0.9999414713308253,221,173,0.7828054298642534,0.43747353241144876,ok,1645.9986013627556,-1064.349449132294,-1.1217489859010996
1015,0.9909109652689949,1.659301777388123,-0.3905426649898834,0.9999116119758361,236,207,0.8771186440677966,0.3631793592732695,ok,1644.9865957255488,-1065.9959701676275,-0.7312063209112167
1016,0.0068613768019076815,1.3376283044664206,-0.2759031685560889,0.999985206946519,272,225,0.8272058823529411,0.3585622375829863,ok,1644.9691051616285,-1067.3335017147604,-0.45530315235512825
1017,-0.6094976219069395,1.4509426802072767,-0.07062392268850033,1.000029627067317,230,204,0.8869565217391304,0.4988938460897464,ok,1645.568847607894,-1068.7885037802246,-0.38467922966662793
1018,2.3740807075555495,-5.496228080864171,0.1188222043068949,0.9999615788487107,229,192,0.8384279475982532,0.4409139649865441,ok,1643.243157468169,-1063.2716253424796,-0.5035014339735228
1019,-6.854121588085036,15.34135731177139,0.3633528530088466,0.9998220832277899,204,149,0.7303921568627451,0.5543715844767934,ok,1649.8643969957877,-1078.7149220769727,-0.8668542869823692
1020,-1.138895254574436,6.4957142922991125,0.4018768148195935,0.9999567821366896,213,174,0.8169014084507042,0.5008058771531787,ok,1650.8591867184648,-1085.2342609986526,-1.2687311018019625
1021,0.6563101845922574,2.1618477986168045,0.38284458064751986,1.0001463186697765,202,155,0.7673267326732673,0.39837520041198776,ok,1650.1408416103911,-1087.3762949079292,-1.6515756824494818
1022,0.3938476489358891,1.70325654217595,0.24112710700186174,0.9998869250950296,229,196,0.8558951965065502,0.46499935146235827,ok,1649.6909538667705,-1089.065614249314,-1.8927027894513435
1023,0.08214232960472145,1.5223515775867327,0.050050498179461216,0.9999218362020785,246,213,0.8658536585365854,0.3844972714873164,ok,1649.5572495964432,-1090.584306073283,-1.942753287630805
1024,-0.22411866049515083,1.4883807643745968,-0.16879148324231125,1.0000883154382003,250,200,0.8,0.3566262733653984,ok,1649.7351857434169,-1092.0789114397064,-1.7739618043884937
1025,-0.5721419992694337,1.6351932697206166,-0.3310503735153294,0.9999255960033885,241,192,0.7966804979253111,0.31631315031469676,ok,1650.2659706953266,-1093.727993254382,-1.4429114308731643
1026,-0.8494383715271852,1.8242989814738166,-0.3924949137532108,1.0001268847265363,236,197,0.8347457627118644,0.40233384324794447,ok,1651.0818229063057,-1095.5675577383481,-1.0504165171199535
1027,-0.4237212092998561,0.7337164118121109,-0.17790322456532015,1.0001305598367916,228,200,0.8771929824561403,0.3917305636734893,ok,1651.4943222160641,-1096.3076413522876,-0.8725132925546335
1028,-3.786035054023614,4.070077230711718,-0.3436419757851615,1.0002055464268147,167,115,0.688622754491018,0.5530312064086728,ok,1655.242627479728,-1100.4124918665748,-0.528871316769472
1029,-2.492035904500881,9.901406619907448,-0.023063813919852943,1.0003248677449408,195,133,0.6820512820512821,0.5837439712625097,ok,1657.6471577333527,-1110.3355120853123,-0.5058075028496191
1030,0.25651291357826267,4.0252447199519565,0.16297911606219498,1.0002550110433768,204,166,0.8137254901960784,0.5080219278663873,ok,1657.3436785774884,-1114.3574885064627,-0.668786618911814
1031,0.3498895174343488,1.3287467718604375,0.139533597961851,0.9999506648274623,243,213,0.8765432098765432,0.41669677794102067,ok,1656.9750787417292,-1115.6811670245397,-0.808320216873665
1032,0.8710928727018654,3.151786403666506,0.5412718264645218,1.000119659209609,230,174,0.7565217391304347,0.4289400104019193,ok,1656.0299946005875,-1118.8115625735672,-1.3495920433381865
1033,-0.09768716455164395,2.169499588752956,0.3219975524035883,0.9998612630972212,232,180,0.7758620689655172,0.857915905358053,ok,1656.0643545815813,-1120.9829885196734,-1.6715895957417746
1034,-0.3783224107000933,1.8698431671875824,0.19923553926367324,0.9997992192916563,242,203,0.8388429752066116,0.6111980713621454,ok,1656.3814319548196,-1122.864185812808,-1.8708251350054477
1035,-0.3672848884432369,0.7377916116485039,0.036586095687487434,0.9999774541698618,309,282,0.912621359223301,0.27190888618825054,ok,1656.7239563442163,-1123.6137935063157,-1.907411230692935
1036,-0.7119679717379768,1.456051716261186,-0.06221417033709505,1.0001673963988775,258,213,0.8255813953488372,0.641811351834348,ok,1657.3886714434266,-1125.0920150154575,-1.8451970603558403
1037,-0.6794697124005324,1.0933473069717365,-0.2759050256598558,0.9998075135551078,233,174,0.7467811158798283,0.36409745265892346,ok,1658.0379440237975,-1126.2035601293014,-1.5692920346959842
1038,-2.7698430343871223,4.005838240421099,-0.3496477919973805,1.0003972659920883,190,124,0.6526315789473685,0.58867172616543,ok,1660.7218944661306,-1130.2674474883047,-1.2196442426986036
1039,1.983519574808497,13.526807675942905,-0.29435290062998637,1.0000111221414882,167,116,0.6946107784431138,0.4707183170540276,ok,1658.5201934708043,-1143.7604600701106,-0.925291342068617
1040,4.192776980961298,4.258031522485226,-0.2509088819944288,0.9998586846643461,190,133,0.7,0.6641715951024986,ok,1654.2775902134993,-1147.9688479870763,-0.6743824600741881
1041,-1.8907175811725665,2.4426890881256895,-0.042263515294410456,1.000051669253378,212,176,0.8301886792452831,0.49404238077645984,ok,1656.141244169768,-1150.4322474439825,-0.6321189447797776
1042,-4.2179104461606585,1.9569185293735245,0.12659199112713715,0.9998454733128701,230,194,0.8434782608695652,0.5438546566045904,ok,1660.332872049143,-1152.4448463566534,-0.7587109359069147
1043,-0.9505182830639569,0.9645657118855979,0.09910225577954768,0.9997728273872927,224,200,0.8928571428571429,0.47484367872778155,ok,1661.268843189715,-1153.423534275757,-0.8578131916864625
1044,-0.750019462472892,2.425806296510018,0.4098287807225415,0.999864580225699,220,169,0.7681818181818182,0.4813080129703142,ok,1661.965013657969,-1155.8653393583563,-1.2676419724090042
1045,-0.5478689378126091,1.7242367115428578,0.3467187410074133,0.9997788075908289,233,194,0.8326180257510729,0.45440117955746456,ok,1662.464089628356,-1157.6043263583747,-1.6143607134164175
1046,-0.4537484653315005,1.0149106052322168,0.14175636637750258,0.9999278730077921,236,202,0.8559322033898306,0.5242473054020169,ok,1662.8865228139678,-1158.6326655096755,-1.7561170797939205
1047,-0.5328102713126555,1.4585688501254026,0.12484103192531246,0.9997743731264365,216,178,0.8240740740740741,0.6013102419606974,ok,1663.3711713680964,-1160.1079368931007,-1.8809581117192329
1048,-2.9061796256303296,9.10610785752317,-0.08316340804953551,1.0001730534503994,177,109,0.615819209039548,0.8708272974256158,ok,1665.9902410393147,-1169.3007359438022,-1.7977947036696973
1049,-1.235254442612586,7.122360232190772,-0.27096038257899774,1.0001850301585373,177,129,0.7288135593220338,0.47296612612644356,ok,1667.0352806817011,-1176.4534809386223,-1.526834321090699
1050,0.17686029296191919,1.537660926007561,-0.18392363164897016,1.000412683450803,202,151,0.7475247524752475,0.6633630340102216,ok,1666.8224322408291,-1177.98657461737,-1.3429106894417286
1051,0.20620145119619337,2.3806816194820613,-0.21813231957250573,0.999916480170182,178,156,0.8764044943820225,0.4339028922016218,ok,1666.5695381576222,-1180.3627498201895,-1.1247783698692226
1052,0.11499374934896878,1.883243732706319,-0.14781806806733622,0.9999047077921777,217,180,0.8294930875576036,0.5538094545713466,ok,1666.4224511642285,-1182.2437591065946,-0.9769603018018861
1053,-0.010063904082926456,1.8564902776987537,-0.05439648262475422,1.00010394013966,196,157,0.8010204081632653,0.6971205362948851,ok,1666.4026222644288,-1184.100170765707,-0.922563819177132
1054,-0.3373384721880939,1.541454434625507,0.04748178025153022,1.0000239172373528,212,176,0.8301886792452831,0.3870675141456049,ok,1666.7138160586483,-1185.6471153158716,-0.9700455994286622
1055,-0.6237918399740465,1.6239408430473077,0.12216970419283515,0.9999241062157751,199,169,0.8492462311557789,0.37715942022989923,ok,1667.3065396540173,-1187.2826515768052,-1.0922153036214977
1056,-0.9036556903920427,1.6394609845281138,0.17605996085384942,0.9996503097744207,195,165,0.8461538461538461,0.5743898614956203,ok,1668.1736865101957,-1188.9417122316302,-1.268275264475347
1057,3.2071184115227425,-3.9064743718109867,0.38046577606278675,1.0002701244304595,158,121,0.7658227848101266,0.6821812636966605,ok,1665.080292879277,-1184.9445799636987,-1.648741040538134
1058,3.864031745128159,9.930243587247105,0.11901880575318619,0.9997951254681079,176,128,0.7272727272727273,0.4440854483111489,ok,1660.9117686358577,-1194.7508985727104,-1.7677598462913204
1059,-10.586705279716853,14.620802048837504,0.2967335809666774,1.0000549690130205,198,140,0.7070707070707071,0.8118678874049636,ok,1670.9648964068801,-1209.7435902339955,-2.0644934272579976
1060,-4.309589783604451,2.8690649815367806,-0.07615477439869177,0.9999890871649355,195,162,0.8307692307692308,0.5608369383393783,ok,1675.1723460870187,-1212.7604536979811,-1.988338652859306
1061,-0.17976504982129882,2.06650887516048,-0.30575473127143693,1.0000829500393227,211,157,0.7440758293838863,0.4297885517093415,ok,1675.291355949857,-1214.8313498945108,-1.6825839215878686
1062,0.7892573757776518,1.9043030586116174,-0.39346872577912023,0.9999721013435992,205,161,0.7853658536585366,0.41184415636699817,ok,1674.4594564542756,-1216.7174147326084,-1.289115195808748
1063,1.1213470443844926,1.9144092298320174,-0.4113938771723927,0.9996922975249464,198,147,0.7424242424242424,0.5681570964003376,ok,1673.3089150528072,-1218.6144219483892,-0.8777213186363547
1064,0.6364761586166878,1.7330562098793507,-0.2825122280862989,0.9996508977110581,191,150,0.7853403141361257,0.469116831900039,ok,1672.6544699523326,-1220.3407728216341,-0.5952090905500552
1065,-0.48457089909470596,1.5448311140379474,-0.03215145965016571,0.9999627873165962,207,166,0.8019323671497585,0.5301509375835085,ok,1673.1238363184245,-1221.8902912440903,-0.5630576308998895
1066,-0.5532135702082996,1.30463658595977,0.1522021503988328,0.9999248947447222,209,169,0.8086124401913876,0.6909569993441381,ok,1673.660720594361,-1223.2017321119679,-0.7152597812987228
1067,3.928027578495403,-3.864450852549112,0.14688235790009935,1.0000604696175583,190,144,0.7578947368421053,0.6067892919332455,ok,1669.7912847408916,-1219.2786150827328,-0.8621421391988224
1068,-4.539435065778434,21.315493968298483,0.547429792833535,1.000082451709343,148,96,0.6486486486486487,0.942346715705983,ok,1673.8050022679995,-1240.699325282014,-1.4095719320323588
1069,5.143742015394309,3.4669048033704257,0.11141608963963305,0.9998062935729216,189,139,0.7354497354497355,0.6028697331710156,ok,1668.571050043527,-1244.0284775687842,-1.520988021671992
1070,-1.7328908697659244,1.5952676344987822,0.1198478320604721,1.0001305572599537,216,171,0.7916666666666666,0.5054368614941731,ok,1670.2575513490153,-1245.6727108061275,-1.640835853732464
1071,-2.57365415660297,0.7369097879685569,0.05162505782667124,1.0000799218278755,242,195,0.8057851239669421,0.42434577275425656,ok,1672.8083183377546,-1246.4853112753387,-1.6924609115591356
1072,-3.9873317772694463,2.108500068049466,-0.04618600909485927,0.9999509947996941,216,165,0.7638888888888888,0.5772294720726129,ok,1676.733429273838,-1248.7074929462253,-1.6462749024642762
1073,-0.14790300777076482,0.29263675475988293,-0.07796954747957895,0.9999963383097185,224,190,0.8482142857142857,0.488708295941509,ok,1676.8732677982644,-1249.0040679907424,-1.5683053549846973
1074,-0.14858337516534448,1.4248257536584106,-0.16407920973213724,0.9997242170472849,225,182,0.8088888888888889,0.49676309919229733,ok,1676.986889891061,-1250.4321070195128,-1.4042261452525597
1075,-0.534508914637172,1.5992995489102668,-0.2963100987383656,0.9998165253786048,217,173,0.7972350230414746,0.3508962961248479,ok,1677.4903754984834,-1252.041442618476,-1.1079160465141935
1076,-0.6952574541878676,1.3394328587569362,-0.21143616496508602,0.9996138429293496,205,149,0.7268292682926829,0.6220571623155834,ok,1678.164591234684,-1253.3915894444845,-0.896479881549107
1077,-1.8812807459139549,2.889214813204944,0.035419937640349876,1.0006539632062534,186,135,0.7258064516129032,1.5257603067089136,ok,1679.9986329495237,-1256.3110192638187,-0.9318998191894571
1078,2.7808333424727607,11.112405425057545,0.07831083696588331,0.999912923322282,209,141,0.6746411483253588,0.65589890867596,ok,1677.0223135862502,-1267.3726697490433,-1.0102106561553408
1079,4.152669610823978,4.017261657963786,0.20024133296867752,0.9998262147089007,201,137,0.681592039800995,0.6690263860566851,ok,1672.7857068045387,-1271.3013106211974,-1.2104519891240186
1080,-1.954872823301912,2.60687456248138,0.2719143175963862,0.9998200391086703,227,193,0.8502202643171806,0.5838653726263178,ok,1674.672487413381,-1273.9578839166088,-1.4823663067204056
1081,-4.2033197555706465,2.216923001677742,0.13660783678673177,1.000697343005335,220,166,0.7545454545454545,0.5490801888049777,ok,1678.8114952685953,-1276.2926769561336,-1.6189741435071374
1082,-1.31232562457717,1.880642377107165,0.08155923482607978,0.9997254526953817,197,164,0.8324873096446701,0.5553071316291932,ok,1680.0674338284684,-1278.2114350517036,-1.7005333783332175
1083,-0.39911671696290796,1.8300556826270622,0.024939707912559363,0.9998657363984214,218,187,0.8577981651376146,0.48427525633706536,ok,1680.4112654366443,-1280.052678593578,-1.7254730862457772
1084,-0.5553122690330383,1.6129012318154992,-0.026467169801486827,1.0000147575708405,210,175,0.8333333333333334,0.5405249439513378,ok,1680.9185128262916,-1281.6813351520416,-1.6990059164442903
1085,-0.4104988852218412,0.7325434707945533,-0.026660985404575465,1.000056607030124,209,164,0.784688995215311,0.5171233678789461,ok,1681.3074584764613,-1282.4255465148854,-1.672344931039715
1086,2.5629910969378216,-3.8110859474553536,-0.19609164032424553,1.0001549300493962,207,156,0.7536231884057971,0.6785465199874264,ok,1678.8435016626017,-1278.549696120287,-1.4762532907154688
1087,-5.926020552756654,14.637410477091976,-0.16999678924933026,0.9999873079142063,170,124,0.7294117647058823,0.7143606956189015,ok,1684.4343004411173,-1293.3183952534105,-1.3062565014661383
1088,4.802409595418794,6.273090978673508,-0.18161721672525583,0.9998358450896874,212,149,0.7028301886792453,0.4347959399383612,ok,1679.5096915089803,-1299.4960190048544,-1.1246392847408822
1089,1.5217153610653895,1.9809724373552626,-0.035478037078819025,1.0004218972241248,194,140,0.7216494845360825,0.5770153748046584,ok,1677.9505961542518,-1301.4477083019833,-1.0891612476620631
1090,-1.7759736291568515,1.0036175520614279,0.0601689910595724,0.9998689146392676,226,199,0.8805309734513275,0.3619830322496963,ok,1679.7060816672947,-1302.4867468651573,-1.1493302387216358
1091,-4.178437875944837,2.5113711131085665,0.21462568710328397,0.9996436926085045,226,169,0.7477876106194691,0.5519671254112737,ok,1683.8235567796312,-1305.0968669103233,-1.36395592582492
1092,-1.185020529115718,1.6846156799790606,0.2349301397240203,0.9998179484432786,218,173,0.7935779816513762,0.5315718335011279,ok,1684.9611114389636,-1306.8138913832672,-1.5988860655489407
1093,-0.3169830345036644,1.8974785681076582,0.11114599789251473,0.9998553361267287,236,199,0.8432203389830508,0.33568437786312344,ok,1685.221330155627,-1308.71998408303,-1.7100320634414556
1094,-0.5105847086520043,1.8715701847290802,0.08708090097931623,0.9996354826391985,234,184,0.7863247863247863,0.41520620978995326,ok,1685.6729705475852,-1310.6066458591386,-1.797112964420772
1095,-0.7384666965931501,1.8228846141321355,0.039612495660165274,0.9999778136023554,222,182,0.8198198198198198,0.4524173687804966,ok,1686.3526318017794,-1312.4522628177633,-1.8367254600809375
1096,0.2410433124582596,0.28095633171744794,-0.03891243978974987,0.9998649009943525,215,176,0.8186046511627907,0.3341799220039199,ok,1686.102892807992,-1312.7255186938119,-1.7978130202911877
1097,2.5671755909231706,-1.3834523702410024,-0.11805281313655419,0.9995909571467945,216,176,0.8148148148148148,0.6649381902508575,ok,1683.5773737327543,-1311.2674088296499,-1.6797602071546334
1098,5.255520848756078,-3.3124818471980007,-0.14018335802598517,0.9975247669554657,189,139,0.7354497354497355,1.2448304027736947,ok,1678.412748047278,-1307.8149203200892,-1.5395768491286477
1099,7.002161667805012,-4.7153231717090875,-0.1401804605109002,0.9970755330833267,205,152,0.7414634146341463,1.6418976886689955,ok,1671.5278307490078,-1302.9299991915846,-1.3993963886177472
1100,9.244994357403357,-6.407896939223747,-0.08500204991098088,0.9963765810188434,219,168,0.7671232876712328,1.9547126129361796,ok,1662.4322564758,-1296.3117220371662,-1.3143943387067656
1101,10.828054435488411,-8.032841252946923,-0.06905882444241072,0.9954635514375221,218,160,0.7339449541284404,2.873213904242374,ok,1651.7813413344668,-1288.0454466906108,-1.245335514264355
1102,11.834958092671059,-9.369291944226688,-0.05356387745337722,0.9947554951762403,214,161,0.7523364485981309,3.604580163511804,ok,1640.1438137670277,-1278.4320281150713,-1.1917716368109774
1103,12.67755867298365,-10.585464622250015,-0.07126693315411592,0.9938647098908262,192,135,0.703125,3.8923836354759236,ok,1627.6756807294105,-1267.6006748417203,-1.1205047036568614
1104,17.04101026494709,-12.887700527896754,-0.1263789135339606,0.9925313621094969,182,129,0.7087912087912088,2.1539903311057325,ok,1610.8608357762037,-1254.4192543967756,-0.9941257901229005
1105,17.39051322444584,-13.3206768394665,-0.13601861624384415,0.9921261847740074,206,140,0.6796116504854369,1.4676999999093203,ok,1593.671766494778,-1240.8396270488151,-0.858107173879056
1106,17.9632678770663,-14.476983256711605,-0.16501144848891855,0.9915580404459466,171,122,0.7134502923976608,1.4421332301481322,ok,1575.884933843114,-1226.1464102036161,-0.6930957253901373
1107,7.892632559395679,-6.85746719899214,-0.04804309734407992,0.9952786115995009,194,143,0.7371134020618557,3.9656038909035516,ok,1568.0700032092768,-1219.2005219025273,-0.6450526280460571
1108,18.06990326963637,-15.299805746380343,-0.17683897660413161,0.9917820399149867,208,149,0.7163461538461539,1.9831454511672897,ok,1550.1257299147328,-1203.7535637559631,-0.46821365144192517
1109,15.60740668320409,-16.120359386124164,-0.11828022896534558,0.9945151663260173,206,158,0.7669902912621359,4.627887811079999,ok,1534.6170686478556,-1187.538183531559,-0.34993342247657944
1110,14.036527187822685,-15.920721199479544,-0.10593203352965483,0.9951138875823146,245,182,0.7428571428571429,4.616818739716949,ok,1520.6484689604702,-1171.557830538598,-0.2440013889469244
1111,15.234834132023934,-17.346796116974247,-0.10663357671044604,0.9950650455917196,245,181,0.7387755102040816,3.8052920678888444,ok,1505.4552678755,-1154.1745584833773,-0.13736781223647818
