frame,step_center_dx,step_center_dy_down,step_rotation_deg,ransac_scale_diagnostic,good_matches,inliers,inlier_ratio,median_reprojection_error_px,status,center_x_in_reference,center_y_in_reference,rotation_to_reference_deg
212,0.0,0.0,0.0,nan,0,0,0.0,nan,reference,1280.0,720.0,0.0
213,0.029932958573454016,0.051980113369836545,0.0005047210400677563,0.9999972758430621,411,409,0.9951338199513382,0.09893791170185337,ok,1279.9700665835326,719.9480201503129,-0.0005047210400677562
214,0.16802844494463898,0.12024422627496278,0.0007540622090361435,1.0000292745743486,366,365,0.9972677595628415,0.16474841196989015,ok,1279.8020354968735,719.8277796156372,-0.0012587832491038993
215,0.01054040923577304,0.01250333827488248,9.411921661667391e-05,0.9999985838956723,406,403,0.9926108374384236,0.07819226049220253,ok,1279.7914947924046,719.8152765262521,-0.001352902465720573
216,0.03899074327728158,0.07549640637921584,0.0005779489260355705,0.999996866171228,384,381,0.9921875,0.11730543539426105,ok,1279.752501504942,719.739781433893,-0.001930851391756143
217,0.09583162962621827,0.09008071237360582,-0.0010876510098504102,0.9999823084359889,385,381,0.9896103896103896,0.1431023248200588,ok,1279.6566685496423,719.6497021318469,-0.0008432003819057336
218,0.02970088063102594,0.011209631787551189,0.0011722656742812181,0.9999952773102712,402,399,0.9925373134328358,0.09814950597764242,ok,1279.626967274714,719.6384935448398,-0.002015466056186951
219,0.04746639632071492,0.04816445983919948,-0.0011900706940675178,0.9999859862055409,407,405,0.995085995085995,0.08186048508280239,ok,1279.5795001845472,719.5903297688002,-0.0008253953621194341
220,0.031530857082771035,0.042070366516554714,0.0011293712709172102,0.9999854200371974,382,380,0.9947643979057592,0.10758579767594038,ok,1279.5479678921633,719.5482604780499,-0.001954766633036643
221,2.21842872937259,-2.6316164794802717,-0.2601327283304708,1.0002277354939917,330,323,0.9787878787878788,0.598869209205856,ok,1277.3177035150861,722.1698539115781,0.25817796169743384
222,-4.5842410854259015,10.371861017494666,-0.20541870789232025,0.9992496503844437,307,253,0.8241042345276873,0.7234528602973878,ok,1281.985715340457,711.8354244210968,0.46359666958975376
223,4.163707705554543,13.925187168587968,-0.26407807576608416,0.9992120472762974,314,280,0.89171974522293,0.7553528369534965,ok,1277.9991930109356,697.8584812912947,0.7276747453558378
224,7.654300893098025,2.75338801227997,-0.033796058038133035,0.9998419628901577,327,294,0.8990825688073395,0.4248967392958015,ok,1270.3821600173674,695.0036124531272,0.7614708033939708
225,0.1509132189421507,1.6438245699149547,0.22013247120715898,1.000062588654815,343,333,0.9708454810495627,0.35685562849432595,ok,1270.2467843816435,693.3584354250963,0.5413383321868119
226,-1.3361941659873082,1.2393184556698316,0.3674684888202544,0.9999452126336892,355,318,0.895774647887324,0.2868013921783789,ok,1271.5867332268056,692.1231774859883,0.17386984336655778
227,-2.049498808815997,0.8197653101485685,0.41263350077575217,0.9999641739227475,354,326,0.9209039548022598,0.3086948037378,ok,1273.632798114288,691.2948786224897,-0.23876365740919409
228,-1.9281485162746321,0.729053725081485,0.33233766976861334,0.9999721937079115,359,321,0.8941504178272981,0.2955568258576739,ok,1275.5535840531652,690.5466424218956,-0.5711013271778071
229,-1.1151106886454727,0.8783490907992473,0.15978091389032487,0.9999801639422898,388,375,0.9664948453608248,0.3173279889875691,ok,1276.6573998338347,689.6541404915982,-0.7308822410681318
230,-0.1984085446406425,0.3271094195963542,0.013441886709382896,0.99995263280638,405,395,0.9753086419753086,0.20161020384230577,ok,1276.851542308198,689.3244812393042,-0.7443241277775147
231,1.584360510600618,-4.387594819455899,-0.20742348937275593,1.0000332055748906,337,312,0.9258160237388724,0.7408973653960071,ok,1275.30836552062,693.7267297476858,-0.5369006384047588
232,8.929997781397333,18.393998182151563,-0.3311326351129405,0.9989849720745293,346,304,0.8786127167630058,1.0195015509715577,ok,1266.3123665672265,675.3649206774636,-0.20576800329181844
233,-7.605976976319653,8.16128108607245,-0.5476536040833395,0.9995205656861735,343,311,0.9067055393586005,0.6657388725985277,ok,1273.9669064520551,667.2491697028615,0.3418856007915205
234,-4.701477939908045,2.8149502282410594,-0.6106743610127306,0.9998230645001795,330,301,0.9121212121212121,0.4212603606086167,ok,1278.71453191838,664.5127684094798,0.9525599618042507
235,3.8195113822891926,1.8921620827989045,-0.3274555019855604,1.00001757013103,353,323,0.9150141643059491,0.29426797503116975,ok,1274.93824195138,662.5357558571295,1.2800154637898107
236,5.006164672173554,0.9878642871959755,0.038861568387072616,0.9999898961540603,364,330,0.9065934065934066,0.38731633001717014,ok,1269.9546494712426,661.4396871700675,1.241153895402738
237,-0.016029382170017925,1.104276185698609,0.3832606052515054,0.9999367139194397,378,350,0.9259259259259259,0.29184686028020007,ok,1269.9872108351983,660.3357747673056,0.857893290151233
238,-0.484953939009074,0.8377420083700144,0.2721319038240801,1.0000715947744743,412,403,0.9781553398058253,0.5103436325461531,ok,1270.48070390768,659.5030343618006,0.585761386327153
239,-1.9060554214383956,1.658713268878273,0.8069531892043789,0.9998916885679999,382,347,0.9083769633507853,0.4291307082992437,ok,1272.3803416370079,657.8369750965693,-0.2211918028772252
240,-0.470644265018791,1.3161034405428609,0.21663007150307104,1.0000276935509012,412,405,0.9830097087378641,0.3977398736783587,ok,1272.8409153425691,656.5173137187343,-0.43782187438029596
241,2.1747144344772096,-3.437083434689839,0.05283994578685137,1.0002153313223077,427,389,0.9110070257611241,0.5985845623406778,ok,1270.6957143192692,659.9728944193077,-0.4906618201671472
242,7.224493356819266,13.56961474776881,0.05529498132729225,0.9992691303913745,401,357,0.8902743142144638,0.8387540327037222,ok,1263.3422495158136,646.4727350109922,-0.5459568014944394
243,0.9701377263845643,6.982047055018029,-0.12390445375378077,0.9995557332430328,385,342,0.8883116883116883,0.5131677059071339,ok,1262.320707398174,639.4980235482483,-0.4220523477406589
244,-1.209532343675619,1.8372462545351027,-0.23736696179639785,0.9998351216065444,410,372,0.9073170731707317,0.3122027550420975,ok,1263.5243113476238,637.6568880771136,-0.1846853859442615
245,-1.0278285058529946,2.0598398917993563,-0.20015858771207048,0.9998144361206599,423,392,0.9267139479905437,0.40265321580424984,ok,1264.5526960928835,635.5973258340607,0.01547320176780856
246,-1.2789247084913313,1.5617291095585415,-0.145090496154684,0.9999026742547645,420,386,0.919047619047619,0.3322769813671006,ok,1265.8359923090811,634.0391868662133,0.16056369792249223
247,-0.9037999691195182,1.485166222127532,-0.046411910018207124,0.9998459076621233,429,420,0.9790209790209791,0.4100222808472047,ok,1266.7451513925998,632.5572952195721,0.20697560794069925
248,-0.5998920590627677,1.567068953185526,0.03691597297326261,0.9999650428426676,429,411,0.958041958041958,0.3441774377390359,ok,1267.3496920206542,630.9920137063623,0.17005963496743673
249,-0.3778056231312803,1.749109939809614,0.10992209604162842,0.9999848925908703,433,422,0.9745958429561201,0.3496334843763458,ok,1267.7293332977388,629.2433012739871,0.06013753892580861
250,1.2586849845929464,-1.8586996258184172,0.1527613086806491,1.000111394646719,374,325,0.8689839572192514,0.570501741101559,ok,1266.4736547112964,631.1040332474336,-0.09262376975484007
251,6.90571093550966,9.682899890465592,0.1499895279237318,0.9995450048722749,385,345,0.8961038961038961,0.5312907270851772,ok,1259.5270045288771,621.4504616256609,-0.24261329767857145
252,2.8833793372600667,13.800538480927571,0.5346579479511657,0.9991914034745978,363,324,0.8925619834710744,0.7705511851617917,ok,1256.4566789406124,607.6903075731749,-0.7772712456297358
253,-0.9607613950449831,0.89639697228165,0.10088386118255917,0.999913135176943,411,402,0.9781021897810219,0.23251402457073886,ok,1257.4035892249974,606.7792911608913,-0.8781551068122948
254,-1.7467250611307463,1.1536538188693157,0.029603874512574638,0.9998173949561897,397,386,0.9722921914357683,0.31129892701510653,ok,1259.1318180508551,605.5981092534576,-0.9077589813248694
255,-2.8171034285508085,1.869508975667486,-0.3495294449111344,0.9998388571067748,402,367,0.9129353233830846,0.37745739609832324,ok,1261.930573541814,603.701242563603,-0.5582295364137361
256,-0.8963571984843384,0.19628652434550986,-0.17721967967508367,0.9998827076237085,420,408,0.9714285714285714,0.48125496557535796,ok,1262.825605650008,603.4989997584971,-0.3810098567386529
257,-1.4375004567234555,1.1582337856623326,-0.42106162029644006,1.0000000179923632,425,385,0.9058823529411765,0.29668412829709345,ok,1264.2639154015706,602.341771119079,0.0400517635577857
258,-1.0328873037453832,1.3516990509665447,-0.38708210241291435,0.9999163371529578,427,387,0.9063231850117096,0.38667175782170693,ok,1265.3068506813975,600.9978096208526,0.4271338659706988
259,-0.5352261285504483,1.5945377495347657,-0.2211103730303647,0.9999634502078774,459,419,0.9128540305010894,0.31903417314855603,ok,1265.8600827634577,599.4094293431,0.6482442390010625
260,0.49760997608859725,-2.174461192712215,-0.012758204469885136,1.0000740461180186,430,415,0.9651162790697675,0.4922912969786945,ok,1265.3374204190625,601.5780051985097,0.6610024434709476
261,4.395008682898151,16.837559079228186,0.26573551916605376,0.9992565965540731,385,339,0.8805194805194805,0.8388337276626499,ok,1261.058672823054,584.7105271392709,0.39526692430489485
262,-6.821225452347335,6.63430815523202,0.40723948728877,0.9993750970471217,418,406,0.9712918660287081,0.6223878978382353,ok,1267.878511817184,578.0747937612282,-0.011972562983873683
263,-4.358919246513324,1.7381613374377594,0.41097553724505675,0.9998658882706463,390,353,0.9051282051282051,0.3896570504017028,ok,1272.2244815951822,576.3045032423261,-0.42294810022892887
264,0.5658635415300068,1.2924452956366395,0.34486273712687693,0.999978491714438,377,337,0.8938992042440318,0.28716425420561376,ok,1271.6413495447762,575.0197568075631,-0.7678108373558044
265,1.3720875095000338,1.2271464088878474,0.16314621815672176,1.000110772356397,406,391,0.9630541871921182,0.33559919909034647,ok,1270.2495050273376,573.8150654438318,-0.9309570555125257
266,1.612952146917678,1.442920032399229,-0.026513976311248442,1.0001168960440299,375,367,0.9786666666666667,0.3622433008969348,ok,1268.6139775536915,572.3977853970189,-0.9044430792012773
267,0.8812863625335012,0.431714768709071,-0.11713782906269947,1.0000475900490067,373,358,0.9597855227882037,0.4153209974553379,ok,1267.7268423550895,571.9782208206893,-0.787305250138578
268,0.8370174152967138,1.4844271704698713,-0.3622704954145928,0.9999700119196705,373,334,0.8954423592493298,0.33545941951929653,ok,1266.8788362108135,570.500043646867,-0.42503475472398666
269,-0.5547251594291538,1.7124295279667194,-0.31226657844124794,1.0000104978035085,389,356,0.9151670951156813,0.33516074004369784,ok,1267.4301899353518,568.7865256396101,-0.11276817628273991
270,0.28477168603603786,-0.012137812057972042,-0.15697597920431738,1.0000582532361255,386,367,0.9507772020725389,0.37318262657065226,ok,1267.1454089688898,568.7984437262984,0.044207802921576916
271,-7.377008212339433,9.262314840577801,-0.07267803511398563,0.9995228846048927,386,350,0.9067357512953368,0.6878472792909918,ok,1274.541297335392,559.551197561026,0.11688583803556231
272,4.669410014332925,12.25248498373412,-0.04035262352990339,0.9995607992945672,364,331,0.9093406593406593,0.6377622250313021,ok,1269.905529710511,547.285944335483,0.1572384615654656
273,8.031539514310907,3.0266078322008525,0.06913086965556753,0.9998970362814859,404,367,0.9084158415841584,0.5251287699968131,ok,1261.8786539099574,544.2469894456619,0.08810759190989831
274,-0.8344965102114656,1.204449594898506,0.13572062913771263,0.9999320552724861,413,400,0.9685230024213075,0.26644625758861623,ok,1262.7121492293936,543.04184679656,-0.04761303722781374
275,-4.649804642886011,1.2117796177885793,0.2226356128928609,0.9999633450833172,386,350,0.9067357512953368,0.42410148445980816,ok,1267.3561865344802,541.8081488724081,-0.27024865012067373
276,-0.9670661766488138,1.1645844002267722,0.2322764825913289,0.9999770585656227,397,380,0.9571788413098237,0.4372523274022525,ok,1268.3130014047756,540.6351275088977,-0.5025251327120016
277,0.18558984772425902,0.9654606329013404,0.13934421237569122,0.999993288708695,385,363,0.9428571428571428,0.3506715949797536,ok,1268.1166076309219,539.6718065287193,-0.6418693450876923
278,0.06934152556596018,0.8954478350781301,0.011833153350071922,0.9999930148885438,380,371,0.9763157894736842,0.28789463703960755,ok,1268.037054442092,538.7772080921786,-0.6537024984377643
279,-0.5742370999084869,1.0212935923520945,-0.122137805214226,0.9998937546857501,396,386,0.9747474747474747,0.49593645445679324,ok,1268.6017918584057,537.7506310130921,-0.5315646932235388
280,2.0084561712983486,-3.452008625668441,-0.1780483822866394,1.0001725071042353,403,390,0.967741935483871,0.5271515595952392,ok,1266.6146727566356,541.2149660747011,-0.35351631093690006
281,4.295665825238302,17.08899437855132,-0.29884475459615656,0.9991724587539697,297,255,0.8585858585858586,0.8639656879682617,ok,1262.302702593835,524.130078393847,-0.05467155634074487
282,-9.772375627678457,6.922481684611739,-0.2692913930681918,0.9993418771761531,331,293,0.8851963746223565,0.8378087536257461,ok,1272.1009399915974,517.244250776246,0.21461983672744567
283,-5.89950621169055,3.423379381588461,-0.2076679055457145,0.9996627847326189,312,278,0.8910256410256411,0.5802283764695314,ok,1278.025517112994,513.8644451805517,0.4222877422731591
284,1.10320723892778,1.498801512228738,0.0530571756545169,1.0000883892956638,343,335,0.9766763848396501,0.2830249832239685,ok,1276.931991424833,512.3585654528132,0.36923056661864245
285,0.8666937735195006,0.7579883792578812,0.07190231298215717,1.0000981689941235,347,332,0.9567723342939481,0.27066915190880325,ok,1276.069242775706,511.5960897164271,0.29732825363648563
286,3.08604640908743,2.1159424612080784,0.34823726290754436,1.0000443669964258,322,288,0.8944099378881988,0.4474011751475146,ok,1272.981317507063,509.4828901344043,-0.050909009271057064
287,1.087239643066141,1.4871370342484624,0.17659030226751832,1.0001321086995107,362,357,0.9861878453038674,0.4021425304683724,ok,1271.8881816058788,508.00008181852843,-0.22749931153857456
288,0.01094376196920166,0.8077862871982688,0.07166213802643914,1.0000067691278052,381,373,0.979002624671916,0.2650727874912005,ok,1271.8730202754705,507.19236368342706,-0.2991614495650134
289,-0.4999425409828291,1.4892805610381856,0.0941926210550154,0.9999657960719924,348,336,0.9655172413793104,0.3206598574600882,ok,1272.3627267219333,505.6996859787423,-0.3933540706200283
290,-7.851406265986043,8.424119466775664,-0.00815628544095145,0.9994886530038851,318,278,0.8742138364779874,0.7637629877406007,ok,1280.1573208807597,497.22297252108297,-0.3851977851790769
291,5.151782969794112,12.24293119609922,-0.10060185220411617,0.999519311243457,299,254,0.8494983277591973,0.6101273134294303,ok,1274.9447894093046,485.0057818579488,-0.28459593297496116
292,0.026456943041239356,-0.01687797727868201,-0.0014506189021962776,0.9999963983383073,446,445,0.9977578475336323,0.04396719801257074,ok,1274.918416196875,485.0227903739997,-0.28314531407276494
293,5.894786901289308,4.021212756735167,-0.449750374589729,0.9998351661925295,332,295,0.8885542168674698,0.3978708151065394,ok,1269.0353471103315,480.9844537400006,0.16660506051696217
294,-5.475849312586433,0.9570089273204303,-0.2577625113877948,0.9999539154584834,368,338,0.9184782608695652,0.4052716257436244,ok,1274.5181343552233,480.0680281792613,0.424367571904756
295,-1.8404763629487206,0.7809779568980275,-0.13151152347573897,0.9999627425013408,389,352,0.9048843187660668,0.30714809583786384,ok,1276.366100966503,479.30494285288586,0.5558790953804943
296,0.08243326258730121,0.7692005565100999,0.025057950424024554,1.0000301173388542,397,385,0.9697732997481109,0.24776865265480047,ok,1276.2907974572356,478.53501160893717,0.53082114495647
297,0.23396054031036329,0.40526290099114703,0.07273737777270708,1.0000326896310852,391,372,0.9514066496163683,0.27465301885941645,ok,1276.060084465136,478.1278911493449,0.4580837671837632
298,-0.07209755142321228,1.1666931310094242,0.24074001378337048,1.0000107915127274,366,354,0.9672131147540983,0.47990799866334666,ok,1276.1366071790633,476.96147990406337,0.21734375340039366
299,-0.6186305143810387,1.2171569709828418,0.34278909797847124,0.9999567479011005,381,353,0.926509186351706,0.2736497754466184,ok,1276.7525713276195,475.7429714005933,-0.12544534457807616
300,6.533229574653433,7.974713450799982,0.3962265328352604,0.9996931393623271,321,266,0.8286604361370716,0.5801242458834661,ok,1270.1470046498644,467.82807202263365,-0.5216718774133349
301,-1.5981624841122084,6.979017213104498,0.10563940377277965,0.9996695906987754,300,259,0.8633333333333333,0.41839605113488987,ok,1271.6686620754451,460.8319757350168,-0.627311281186114
302,-8.543795944879776,7.127643705886385,0.07382097773716174,0.999647696401421,290,251,0.8655172413793103,0.677666582593603,ok,1280.1245990570003,453.6003173007586,-0.7011322589232755
303,-5.78927196291238,2.2251626435192975,-0.13580252020012973,0.9997699438602501,352,312,0.8863636363636364,0.39119373368176946,ok,1285.891634190992,451.31814193195294,-0.5653297387231463
304,-0.3452772195050784,0.6386666246270352,-0.37982482557107916,1.0000197473323742,328,284,0.8658536585365854,0.2873195149724245,ok,1286.2348418116871,450.6783607624751,-0.18550491315206863
305,0.7626689856460871,0.9077159858187542,-0.3822971216122811,0.9999464264167516,353,308,0.8725212464589235,0.3007105123812136,ok,1285.4752950251611,449.7680306181566,0.1967922084602111
306,0.5469413260639158,0.24648979896323908,-0.15770901125889863,1.000011259967938,368,351,0.9538043478260869,0.3936169554637037,ok,1284.9298892432396,449.51816151603384,0.3545012197191091
307,1.0700503342377488,1.3991324094845368,-0.296050908256144,1.0000302117217477,341,300,0.8797653958944281,0.2862434951634713,ok,1283.8757936785146,448.1069699069675,0.650552127975252
308,0.41445673575549336,0.3012080973093134,-0.06736044764821124,1.0000178933545527,347,332,0.9567723342939481,0.32826678523325614,ok,1283.465143497138,447.8005924726917,0.7179125756234629
309,-0.2209095576361051,0.6636476585331366,0.018855359129223648,0.9999870487184829,373,359,0.9624664879356568,0.2216637188457154,ok,1283.6941334773028,447.13968942661324,0.6990572164942394
310,1.4920436250267812,-2.930046728794082,0.2772855308699397,1.000098247832534,306,267,0.8725490196078431,0.4286836719797935,ok,1282.1805615064432,450.0586734794865,0.42177168562430073
311,-8.215871398261697,11.649574198721325,0.21827376333469312,0.999502042748737,312,271,0.8685897435897436,0.7018183504756714,ok,1290.4377568924483,438.4383530793588,0.20349792228960845
312,-4.46668025895292,12.308667479166616,0.417369654815469,0.9994944940065827,333,305,0.9159159159159159,0.6126818291131767,ok,1294.8584607654395,426.11309831867607,-0.21387173252585892
313,-0.010373095319664571,1.2683559848929917,0.09010372682061747,1.0000367054825154,372,345,0.9274193548387096,0.284012333417137,ok,1294.8621046452383,424.8447051510578,-0.30397545934647596
314,0.5027567595318487,0.7506319674596398,0.04253697069390702,1.0000869726960575,377,357,0.946949602122016,0.28917956513469967,ok,1294.354817448582,424.097127456142,-0.3465124300403828
315,0.3214528715961933,0.3105874942276614,-0.13363804704066534,0.9999923116508198,365,352,0.9643835616438357,0.37398220364027435,ok,1294.0322128542846,423.787736415602,-0.212874382999718
316,-0.10486080082750959,0.4351610640551371,-0.21207235455688436,1.0000484832151648,365,333,0.9123287671232877,0.2665216108994711,ok,1294.1370675637013,423.35257388374424,-0.0008020284428344351
317,-0.2706236121885013,0.3982783031310646,-0.3413357992348629,0.9998923597806025,362,317,0.8756906077348067,0.33678868395007205,ok,1294.4100535235675,422.955911039587,0.3405337707920271
318,-0.3384496802175363,0.14875100799122265,-0.15596796017924489,0.999964584601326,388,370,0.9536082474226805,0.37433458810765197,ok,1294.7497794954638,422.8100984460404,0.4965017309712714
319,-8.414261680944946,4.905717202906317,-0.33638371314689813,0.9995300218033237,308,259,0.8409090909090909,0.8166266906028632,ok,1303.2344620768154,418.0272099459797,0.8328854441181683
320,2.6500484763196255,11.87579306792179,0.055324308163586376,0.9994898216361354,288,238,0.8263888888888888,0.563988357683003,ok,1300.7458190932025,406.1165477469643,0.7775611359545821
321,3.1202715283077396,2.5731168279099847,0.09358987768133877,1.0001899174152884,330,308,0.9333333333333333,0.4776348116315846,ok,1297.6564858719676,403.50636674392695,0.6839712582732437
322,2.1676987573991937,2.8630995193407216,0.4793161596278825,0.9998772924460194,346,298,0.861271676300578,0.30611949898977453,ok,1295.4990276414621,400.63554269078423,0.20465509864536258
323,-2.7819316804589107,0.6782006338268047,0.1203688969546871,0.9997939664901154,370,347,0.9378378378378378,0.35518588445515564,ok,1298.2819539932214,399.9614352103715,0.08428620169067579
324,-5.469304582686391,1.1178853531259847,0.18956355072751624,0.9996414513929064,364,341,0.9368131868131868,0.5254225006911409,ok,1303.749195301205,398.83350225083603,-0.10527734903683987
325,-1.3761966170986852,0.7802070802903245,0.1083012564912815,0.9999590727901645,370,352,0.9513513513513514,0.26820749073400607,ok,1305.1224740248392,398.0481706239023,-0.213578605528121
326,-0.31782029489431807,0.6808151409788934,0.006595328690583459,1.0000120284324194,385,350,0.9090909090909091,0.2726523098181529,ok,1305.4376757703353,397.36613920551355,-0.2201739342187044
327,-0.27379335230625657,0.6164362367594549,-0.10628635147146225,1.000016748038355,354,337,0.9519774011299436,0.44790884125321867,ok,1305.7102432840652,396.7491599641964,-0.11388758274724259
328,-0.8055797891338443,0.9275201499630157,-0.19382264172481126,1.0000099425294566,357,310,0.8683473389355743,0.2820152888507343,ok,1306.5171162999504,395.8227646050299,0.07993505897756789
329,6.0225652291176175,3.7687605120569287,-0.3552256936358721,0.9996744697076114,259,210,0.8108108108108109,0.8202811082762017,ok,1300.5233481876792,392.008371920403,0.4351607526134386
330,-1.8605468970256425,6.611049037585531,-0.14488621549438385,0.9996759978943125,314,272,0.8662420382165605,0.4282813569667764,ok,1302.4507270702165,385.416497014389,0.5800469681078219
331,-13.674285848489944,8.924404173087282,-0.26690225750066443,0.9996452315483578,299,253,0.8461538461538461,0.829307075849868,ok,1316.2554351756069,376.69519450640354,0.8469492256084854
332,-1.7845081334155566,0.8419909032702435,0.010340441855912335,0.9998630859093975,323,311,0.9628482972136223,0.27929696309377955,ok,1318.0520470372505,375.8793490688247,0.8366087837525732
333,-0.9175157857030172,1.4553325388977782,0.12930546868793807,0.9999809923840772,312,286,0.9166666666666666,0.32469654988248475,ok,1318.9874582037448,374.43545365523454,0.7073033150646355
334,0.25975000464177356,1.3559660725109097,0.24408842067010822,1.0000315299001568,316,299,0.9462025316455697,0.49305062108817255,ok,1318.738679045697,373.0774319377229,0.463214894394528
335,0.8635770008231702,0.939436955370752,0.40073237856395916,0.9999171320735384,292,256,0.8767123287671232,0.333196946852394,ok,1317.8761270382474,372.1370537883002,0.06248251583057029
336,0.6767059143664937,0.8714639992923594,0.3084133806379997,1.0000162836931425,283,235,0.8303886925795053,0.3433285079943812,ok,1317.1956867813076,371.2685024349902,-0.2459308648074283
337,-0.22424617531919466,0.862725389172283,0.16777866284154141,1.0000510722880194,300,288,0.96,0.35651018779784904,ok,1317.4136977757696,370.40418035927905,-0.4137095276489691
338,-0.31304157192471394,0.4701743002474359,0.024525174977041597,0.9999951436355327,326,306,0.9386503067484663,0.21579534483123491,ok,1317.7231340328408,369.9316254934952,-0.43823470262601066
339,1.5107532990041364,-3.618199103003235,-0.15212209916375094,1.000102569795351,255,232,0.9098039215686274,0.4769239362646617,ok,1316.230467359093,373.55732356152396,-0.2861126034622602
340,2.042131306107194,17.358189411818557,-0.319474787539899,0.9992247256211652,272,232,0.8529411764705882,0.810775981476053,ok,1314.198443724405,356.19794800028836,0.0333621840776378
341,-12.603986704686577,7.633560211076201,-0.45130550421478266,0.9999414816508725,264,215,0.8143939393939394,0.7761128454468549,ok,1326.8665513637022,348.6712773427388,0.48466768829241913
342,-5.888753928089045,1.5459546251202028,-0.32968982442107203,1.000168015370084,255,225,0.8823529411764706,0.40962985722073786,ok,1332.7766827448804,347.20917420488297,0.8143575127134902
343,-0.9376044381876909,0.7120066879737124,-0.1461349398396247,0.9998944773739578,292,280,0.958904109589041,0.43370690173078036,ok,1333.7260907888733,346.51298459548764,0.9604924525531144
344,0.10708488470618249,0.4948184837522831,0.025552834006196585,0.9999926978456045,297,269,0.9057239057239057,0.28511859712546705,ok,1333.6270941387752,346.01648467840334,0.9349396185469179
345,0.33216541053684523,0.3781877185895155,0.07496145974432446,0.9999879570004131,270,258,0.9555555555555556,0.374665347169692,ok,1333.3006423199065,345.6333541257108,0.8599781588025938
346,1.0387869068511009,0.38780698097127697,0.4891034947846388,1.00004308816376,299,268,0.8963210702341137,0.3180635796437738,ok,1332.2643874261694,345.23883126510344,0.37087466401795627
347,-0.05820761547033726,0.23823627682281767,0.145005342555506,1.0000200056059212,318,289,0.9088050314465409,0.40209207315004897,ok,1332.323533753232,345.00082630278513,0.22586932146245065
348,-0.9751435373818822,0.7638522653248856,0.20909369884151244,0.9999670989025474,279,259,0.9283154121863799,0.5436646381693488,ok,1333.2989008970023,344.237259582326,0.016775622620938714
349,-7.957385238226607,5.53898558266701,0.14522941562787675,0.9999471501659294,286,254,0.8881118881118881,0.5834255815881066,ok,1341.2438480651924,338.680447941717,-0.12845379300693774
350,1.7170218605986065,11.724826684974346,-0.005112309707835868,0.9994517426655843,279,236,0.8458781362007168,0.4963348054660408,ok,1339.501589992448,326.95934468006055,-0.12334148329910187
351,5.607664727137035,3.6856827106348646,-0.1365149811450744,0.9996775414005422,275,240,0.8727272727272727,0.4739877681414902,ok,1333.894772829052,323.27237274747114,0.013173497845972217
352,-1.5430402084875823,0.7850859410732483,-0.22525473636171758,1.000065421809327,315,283,0.8984126984126984,0.2477876823151078,ok,1335.4410666912343,322.49371472776096,0.23842823420768922
353,-3.2733269118552926,0.5610536404965387,-0.11849118075180808,1.0001101305906697,303,268,0.8844884488448845,0.3176768636357551,ok,1338.7178251070673,321.9530627660892,0.3569194149594969
354,-7.162330922063347,0.7083668104505705,-0.35062809940260314,1.0004446185558145,289,239,0.8269896193771626,0.5048494937533936,ok,1345.8883573365392,321.33319558563824,0.7075475143620991
355,-0.5833348912553902,0.13343858805751552,-0.05147815744520624,0.9999195445875749,323,314,0.9721362229102167,0.2823912175382023,ok,1346.473408717622,321.2074962076302,0.7590256718073053
356,-0.5175556770923322,0.36210501626976566,-0.018282097325668586,0.9999562794398004,309,300,0.970873786407767,0.29206726441260306,ok,1346.9958291427765,320.85244575898975,0.7773077691329738
357,-0.6054437746333861,0.4610110126936888,0.10284584596429444,0.9999907489940146,314,305,0.9713375796178344,0.3742120029417176,ok,1347.6066576729404,320.398593553085,0.6744619231686798
358,-0.13301410483882137,-2.306100653353951,0.2518491569301427,1.0000221165226173,308,267,0.8668831168831169,0.32063814642778987,ok,1347.7226585516496,322.70561257589856,0.4226127662385377
359,-10.076009772024236,7.682719779601257,0.2128268089131705,1.0000348244022461,296,263,0.8885135135135135,0.6155743621093853,ok,1357.8267306580776,315.059837075277,0.2097859573253678
360,6.360553167342914,11.164402794164175,0.4929122056493752,0.9993425961342376,282,247,0.875886524822695,0.6580438252452696,ok,1351.4110866404371,303.92700104020247,-0.28312624832400624
361,2.211826184052825,0.755620723460197,0.07801668144139648,1.000119856087009,324,306,0.9444444444444444,0.3562478729534969,ok,1349.1945416470721,303.1853366696324,-0.3611429297654025
362,-4.706782466477307,1.2144443518523076,0.0019264141295909677,0.9995574500145291,303,284,0.9372937293729373,0.6600398196822259,ok,1353.8935340293087,301.9410911704763,-0.36306934389499346
363,-0.01048232901848678,0.016858339332998185,0.0008987765864743048,1.0000003523405636,454,448,0.986784140969163,0.02142669589270812,ok,1353.9039090559247,301.92416658334884,-0.3639681204814678
364,-7.449637491071826,1.5204668733233575,-0.4070601139072228,1.000110055437962,335,291,0.8686567164179104,0.4222010889547067,ok,1361.3546879787716,300.4093029907721,0.04309199342575414
365,-1.043899390300112,1.2367908960092109,-0.2811654912306604,1.0000394058876896,341,301,0.8826979472140762,0.2817537854020445,ok,1362.4055700603883,299.17843967258557,0.324257484656414
366,-0.34983875062152947,1.1015621741419181,-0.154010505261695,1.0000019452849833,347,320,0.9221902017291066,0.37862806685304873,ok,1362.764591642478,298.07983606867265,0.47826798991810865
367,-1.005271639873854,1.2960627821612434,-0.05048216678614712,0.9998817581264031,320,302,0.94375,0.3884943454807349,ok,1363.7817809325977,296.79310542346974,0.5287501567042557
368,-7.025188824745555,7.669910797263697,0.017464851921354763,0.9998234513778627,269,230,0.8550185873605948,0.6069158678324051,ok,1370.8751324478733,289.18618923213086,0.511285304782901
369,-0.3169799179202073,5.870340911954941,0.03461714343341308,0.999744640671292,299,265,0.8862876254180602,0.3735544745121594,ok,1371.2409387165126,283.3186885321088,0.47666816134948786
370,3.9203132129878213,5.67501332020845,0.11715418704627607,0.9996788967543649,280,244,0.8714285714285714,0.407482878270889,ok,1367.3563114652807,277.6191882916088,0.3595139743032121
371,0.003888578013402366,-0.0014154545789324402,-6.214222375418018e-05,0.9999935212457631,413,413,1.0,0.004001960119574309,ok,1367.3524140808106,277.6205793145858,0.35957611652696625
372,-4.0244496346706455,2.0154179454036694,0.523276996586776,0.9998062735462573,280,243,0.8678571428571429,0.3971761084144546,ok,1371.3710890076711,275.5936712779744,-0.1637008800598086
373,-5.193108671441905,0.5807589179332808,0.18681307674764394,1.0000722669946505,305,271,0.8885245901639345,0.3766043182234642,ok,1376.5605476608418,274.98115394663193,-0.3505139568074522
374,-1.5992835711808766,0.7857714474188242,0.025325097743914716,0.9998559613526339,303,282,0.9306930693069307,0.3146286334278233,ok,1378.1546424923963,274.1849087729325,-0.3758390545513668
375,-0.61696922162173,0.8342985552355913,-0.12211030000837006,0.9998561181058728,304,289,0.9506578947368421,0.5681518104449734,ok,1378.7679110669544,273.34788621938,-0.253728754542997
376,-0.6550954496697159,1.2374152171238393,-0.2857733558525775,0.9999861851047657,335,301,0.8985074626865671,0.28065658227715656,ok,1379.4236984804172,272.11083758004037,0.032044601309579965
377,-0.8459283897486785,1.408511040225676,-0.3255860044182599,0.9999984381760564,322,292,0.906832298136646,0.2877872131527486,ok,1380.2784020229371,270.7076340860936,0.35763060572783933
378,1.5238376143372534,-3.2619679077006367,-0.19291982727638998,1.0001235744944723,328,314,0.9573170731707317,0.3658944975246794,ok,1378.7232912580073,273.95480919910136,0.5505504330042289
379,-3.948897525284792,19.716280557114942,-0.29316131136146334,0.9993495076244119,215,162,0.7534883720930232,0.9743371431800452,ok,1382.9620831887748,254.2988138378961,0.8437117443656917
380,0.007002306586855411,0.0007200619718332746,-0.00022610905834303933,0.9999940559088843,318,318,1.0,0.0073078673335513055,ok,1382.9550922475428,254.2979907173297,0.8439378534240348
381,-10.520482562404368,4.037013760939885,0.1806986856288459,1.0000201489813343,222,178,0.8018018018018018,0.6473020598848402,ok,1393.5216002069303,250.38302673332151,0.6632391677951894
382,-1.2868928980396959,1.5850253970285166,0.25600348081645163,1.0000590186916454,232,213,0.9181034482758621,0.6329176872686255,ok,1394.8197262367764,248.80718801984693,0.4072356869787383
383,-0.5637116754105591,1.1126868225887847,0.3696651663039314,0.9997927999277911,224,190,0.8482142857142857,0.333637450158053,ok,1395.3841674122793,247.69487107870395,0.037570520674807845
384,0.23210143930668892,0.6060949471518597,0.3882742433327258,0.9998608071646521,240,202,0.8416666666666667,0.3510928197487708,ok,1395.1483604764935,247.0902081543183,-0.35070372265791716
385,0.022432001231436516,0.9576815660915372,0.1892489990264709,1.0002151396420762,269,252,0.9368029739776952,0.582784423371785,ok,1395.1169044590706,246.13278050917802,-0.5399527216843875
386,-0.5485277790003238,0.5328152185469435,0.016628003721975704,0.9998893285781254,287,268,0.9337979094076655,0.3576523501505918,ok,1395.6602305831657,245.59466202378076,-0.5565807254063632
387,-1.1813526957525937,0.6763115031831148,-0.17822911316842913,0.999867723842782,279,242,0.8673835125448028,0.45395992151734543,ok,1396.8370915440491,244.91056428233708,-0.37835161223793456
388,-0.032279289648613485,-0.002440178072333765,-0.0011061034527159676,0.9999691454679576,443,441,0.9954853273137697,0.040390013862307034,ok,1396.869386200471,244.91279187652145,-0.37724550878521856
389,-6.121010957121371,11.845019114428055,-0.6123296913335513,0.9996679237207009,298,255,0.8557046979865772,1.0124217117243068,ok,1403.0389455296358,233.09298685942076,0.23508418254833063
390,6.000455570175973,8.967273736668744,-0.5314663334548634,0.9996320170259466,306,277,0.9052287581699346,0.5608005873233146,ok,1397.1589950269029,224.04623896841485,0.7665505160031921
391,-2.184344233218326,1.5361153237183771,-0.14358126278396935,0.9999550404047081,320,285,0.890625,0.2606366808465458,ok,1399.3674635343293,222.54501384583614,0.910131778787161
392,-2.727748015777024,0.7732654031997299,0.014023989033440508,0.9998773473323807,332,320,0.963855421686747,0.3973330038557964,ok,1402.1069713410236,221.81450334048873,0.8961077897537204
393,-4.693086227259528,1.313923900114105,0.15850156635579327,1.0000095567305103,333,298,0.8948948948948949,0.3650713785714955,ok,1406.8165832172344,220.56110383225712,0.7376062233979276
394,-1.6323180459553441,1.0942866797552142,0.33220739501627355,1.0000150023004275,338,302,0.893491124260355,0.28481874159612935,ok,1408.4566030130422,219.47839398654565,0.4053988283816551
395,-0.5396023378036716,0.6490282251388635,0.311646171307199,0.999955267616888,333,296,0.8888888888888888,0.30648405701324133,ok,1408.9972666280405,218.8302495771685,0.09375265707445724
396,-0.7172439062383091,0.8972300759498921,0.15717940080277756,0.9998898712164299,351,345,0.9829059829059829,0.40723660965837505,ok,1409.7135168563648,217.93222605818357,-0.06342674372831983
397,0.08618964285756192,-0.56359220045033,0.07817815652887512,1.0000863843741175,347,337,0.9711815561959655,0.35054801554146375,ok,1409.6287203775198,218.4960295524258,-0.14160490025719466
398,4.2757868382291235,8.474942060701778,0.006970790767277185,0.9995650619655425,268,216,0.8059701492537313,0.49852605114175896,ok,1405.3309712710006,210.03220366600527,-0.14857569102447182
399,-1.5359964818883327,6.251768894810084,-0.008457516418554705,0.9997777153107282,297,251,0.8451178451178452,0.41402857562019885,ok,1406.8516743273733,203.77669715407296,-0.14011817460591716
400,-13.598049269472767,8.333321566954282,-0.22103347834989634,0.9998896462230511,269,224,0.8327137546468402,0.7680994313685267,ok,1420.461478670106,195.46258757903036,0.08091530374397848
401,-1.095826076517369,1.3079995164262073,-0.1419935998222242,0.9997432716898441,324,304,0.9382716049382716,0.5958264752471509,ok,1421.5623852052768,194.1588612558453,0.22290890356620227
402,0.40916317456435536,0.893885132332116,-0.11179084621611969,1.0000747691104677,345,329,0.9536231884057971,0.49766453698399826,ok,1421.1584507129132,193.26260121595578,0.3346997497823216
403,0.7549784476150307,1.0875578924797082,-0.056273857493735036,0.9999779200036238,353,336,0.9518413597733711,0.3588973806263612,ok,1420.4109110372628,192.16991687947666,0.39097360727605646
404,0.5693454268428013,1.1853059839788784,0.012668627415503418,1.0000387650541913,337,327,0.9703264094955489,0.3781035280275503,ok,1419.8494041451486,190.98087756102177,0.37830497986055306
405,0.05699598295564101,1.3162656286850734,0.07495932447766011,1.0000722831473812,367,359,0.9782016348773842,0.29189886110517044,ok,1419.7993777394688,189.6643286230534,0.30334565538289315
406,-0.8792899970987946,1.788394759067728,0.14397210082068307,0.9999664744218089,352,333,0.9460227272727273,0.39501328538951147,ok,1420.6836389153282,187.87838660660225,0.15937355456221058
407,5.271495756055401,5.410601369745564,0.11495883121661511,0.999759639335049,261,219,0.8390804597701149,0.7750498313265217,ok,1415.4163389497576,182.46370048817369,0.04441472334559582
408,-5.451048838193401,11.43956758771742,0.13873383968472874,0.9995430764195017,309,262,0.8478964401294499,0.7296699616489603,ok,1420.848548833151,171.01517500175896,-0.09431911633913259
409,-8.422185455337967,4.387265037160887,0.08281226575624905,0.9999652796754296,295,246,0.8338983050847457,0.6163698134863349,ok,1429.2571307193043,166.6018935679217,-0.17713138209538143
410,-2.59181111783073,2.006271570307945,0.004100015041467865,0.9997712679727894,325,316,0.9723076923076923,0.4090442292521335,ok,1431.8425828753745,164.5874339299521,-0.18123139713684927
411,-0.04878533810574481,1.5534895374294138,-0.07742451678638398,0.9999050933137107,343,328,0.956268221574344,0.4378645522925163,ok,1431.88855356634,163.03385855434624,-0.10380688035046544
412,0.5821618404190758,1.2109717057519447,-0.11790921903579885,1.0000239380940752,348,322,0.9252873563218391,0.4915338536569246,ok,1431.3066898027332,161.8227435964776,0.014102338685333185
413,0.3680377787334237,0.5372578898396796,-0.05893179731295616,0.9999433843667058,371,353,0.9514824797843666,0.3236758593293175,ok,1430.9393371579981,161.28501701058474,0.07303413599828922
414,0.7202014140866595,2.21281341801091,-0.14025078390981985,1.0000002852615284,330,291,0.8818181818181818,0.4063041132049767,ok,1430.227377966135,159.06953796331243,0.21328491990810883
415,-0.677840613154558,1.2696649578856523,-0.016230771168221494,1.000006430217366,332,314,0.9457831325301205,0.4865674655509311,ok,1430.9102991568147,157.80259848194612,0.2295156910763303
416,-0.3481899786188478,0.6824797550350468,0.008770148249806074,0.9999606737431016,346,324,0.9364161849710982,0.2734499858404738,ok,1431.2611159594233,157.12146527305765,0.2207455428265242
417,1.8941358206634504,-3.6807592299410317,0.03999542425389175,1.000162184072306,306,270,0.8823529411764706,0.6352131569607704,ok,1429.355377948466,160.79623079612293,0.1807501185726325
418,4.791717380664068,8.466344887430296,0.033246385019708655,0.9997764817432448,261,211,0.8084291187739464,0.5660024787583657,ok,1424.585472399464,152.31757805746952,0.14750373355292395
419,-6.596856669510771,12.689901705690318,0.16223422244309277,0.9995673744143346,306,262,0.8562091503267973,0.7750853788908513,ok,1431.1790663339661,139.6259807488152,-0.01473048889016859
420,-5.628224532775221,2.462784438602057,0.1803724722546694,0.9999861648838653,361,313,0.8670360110803325,0.3763800149550582,ok,1436.7988720058602,137.1440454570511,-0.19510296114483763
421,-4.000501144101463,2.87695689369275,0.25063187017984273,0.9996333318274605,328,297,0.9054878048780488,0.5854596680482194,ok,1440.7768709162913,134.23605387509417,-0.44573483132467984
422,-0.07492896333610588,2.8364798754092817,0.06811957737563283,0.9999593821129907,366,345,0.9426229508196722,0.29281843062827445,ok,1440.8263583756338,131.39901608463094,-0.5138544087003125
423,0.8251521136648989,0.8097947982831784,-0.04808266993601563,1.0000666449868265,366,348,0.9508196721311475,0.2900114307249557,ok,1439.9946505746034,130.59595583800103,-0.46577173876429706
424,1.3372472079504405,2.040174799051897,-0.2078694193486767,0.9999577694833726,336,291,0.8660714285714286,0.39839609323655484,ok,1438.6482336189167,128.5618209635894,-0.2579023194156207
425,0.6160815323996758,1.787360526706948,-0.29813560063467964,0.9999181906953427,349,308,0.8825214899713467,0.3490688052195178,ok,1438.0334073286333,126.77402826314278,0.040233281219058364
426,-0.3038883772048848,0.8299140727157237,-0.11665537411425678,0.9998878806299837,367,354,0.9645776566757494,0.36864056386264044,ok,1438.3395670540372,125.94494941500307,0.15688865533331492
427,1.3380070220773632,-2.4251082790220835,-0.20864569941476963,1.0000010550527716,284,265,0.9330985915492958,0.6533318681000869,ok,1436.9861157138187,128.36147221145472,0.3655343547480842
428,3.326116870222222,13.054246126932185,-0.00683032035154591,0.9995790169784621,315,270,0.8571428571428571,0.5924343397637181,ok,1433.7449078982977,115.28588552199756,0.3723646750996301
429,-8.868633592282777,6.090122780570937,0.15005968829714247,0.999932616377638,323,276,0.8544891640866873,0.6669420180841079,ok,1442.637104073003,109.2302183855744,0.22230498680248792
430,-5.377073342504673,2.672252030371965,0.22210786330838464,0.9996745892468265,324,308,0.9506172839506173,0.5510351554716476,ok,1448.0141866092358,106.5579848547917,0.00019712349410370292
431,-0.29377641148698785,2.3826718827534705,0.2202218132501441,0.9999696329817113,347,331,0.9538904899135446,0.3959304238565755,ok,1448.2988110470924,104.17420239613807,-0.22002468975603998
432,0.7814122349632271,2.2742517090898673,0.18187992671417696,1.0000716274037744,343,325,0.9475218658892128,0.42700589674071654,ok,1447.5014652947698,101.9054878551475,-0.40190461647021664
433,1.217161955325082,2.148276150288666,0.1045161801652023,1.000143093488298,340,328,0.9647058823529412,0.42806228009987213,ok,1446.2653631398755,99.7680536208245,-0.5064207966354186
434,0.5172522922885037,1.2721833520143946,0.016184654592271974,1.0000191519564354,350,336,0.96,0.3570716440680304,ok,1445.736528704263,98.50064107759692,-0.5226054512276905
435,0.8517892742565891,1.8847330719568163,-0.07051490473468848,1.0001537039833173,336,316,0.9404761904761905,0.5195855145952116,ok,1444.869894673132,96.62268762334111,-0.4520905464930023
436,1.740997222690794,1.058786787461031,-0.2883122907676599,1.0001899045272973,315,271,0.8603174603174604,0.5127222844364024,ok,1443.1258780572084,95.56888174268636,-0.16377825572534294
437,8.375175592636424,8.06157280800403,-0.14399211884077215,0.9996085081977254,278,238,0.8561151079136691,0.5898802040442167,ok,1434.7479190350023,87.5102016417967,-0.019786136884571058
438,-3.664297481683434,9.758277027686404,-0.22925922832381518,0.9998026685464543,286,232,0.8111888111888111,0.719084367309829,ok,1438.447868161573,77.76538645400933,0.2094730914392438
439,-7.772593927905973,4.008868781389879,-0.13435344640915098,1.000049973554825,294,243,0.826530612244898,0.6393360984017694,ok,1446.2443788378898,73.80323217273678,0.34382653784839456
440,0.7198930765937348,1.2723001375640024,0.024566800485852906,1.0000628842610721,314,294,0.9363057324840764,0.3941269635862417,ok,1445.5315863267715,72.52694046710428,0.31925973736254165
441,4.549996410623862,1.3861087259633678,0.143847567400758,0.9998340154498053,324,277,0.8549382716049383,0.4010376205037964,ok,1440.9858548323093,71.12690835420926,0.17541216996178388
442,0.8654986742819801,1.8844405414545236,0.21767713691268342,1.0002205189613194,311,286,0.9196141479099679,0.6687594971390336,ok,1440.1189663118869,69.24310677160531,-0.0422649669508991
443,-0.8452868908329947,1.9575193211371698,0.1859464754721779,0.999951047891537,309,296,0.9579288025889967,0.41815246892054153,ok,1440.9564496384346,67.28223617460151,-0.22821144242307662
444,-0.5679431443579688,1.071197412356696,0.06642698826818937,1.000037336149924,321,302,0.940809968847352,0.2528284494113208,ok,1441.5188767605785,66.20813234175284,-0.2946384306912658
445,-1.271801615072036,3.24203587732336,0.15209826122915326,0.9999127456707284,329,306,0.9300911854103343,0.5537148755073574,ok,1442.7653617347028,62.95627884148064,-0.4467366919204187
446,2.043710549912248,-2.8552002007077135,-0.03709962820730112,1.0001571562145846,312,287,0.9198717948717948,0.8248102689217376,ok,1440.7421165414694,65.82601748567856,-0.40963706371311764
447,-9.547875706817194,14.82895743927179,-0.04131075720324082,0.9998195994809626,221,165,0.746606334841629,0.8863636909866924,ok,1450.1944675659324,50.93598829299765,-0.3683263065098769
448,-1.2304155097951934,7.2308737426269545,-0.10004384958079002,0.999825787758415,304,246,0.8092105263157895,0.44166661928316386,ok,1451.3910117796343,43.69943252708151,-0.2682824569290871
449,1.5292705302781542,3.238808020500187,-0.29371361274745994,1.0000481124296388,294,247,0.8401360544217688,0.41107202496191575,ok,1449.8631789688613,40.459946047597555,0.025431155818372356
450,1.2408888201689479,2.4769850755955076,-0.30221052229555145,0.9998225237085742,323,272,0.8421052631578947,0.38299458399310227,ok,1448.6364748161996,37.97590557880778,0.32764167811392336
451,1.212622817914962,2.018868285291319,-0.129135674481015,0.9999878220118664,335,316,0.9432835820895522,0.6853271485510171,ok,1447.4399853235097,35.94743419725819,0.45677735259493824
452,0.6953832078174855,1.85581737801067,0.07477871409498012,1.00014424083367,310,280,0.9032258064516129,0.5322653966835644,ok,1446.7569904621987,34.08702188659606,0.3819986384999582
453,0.3396715307685554,2.0293807173574123,0.23301682460606044,0.9999802168230058,345,324,0.9391304347826087,0.5510516574967275,ok,1446.4225969165486,32.056764808927255,0.14898181389389803
454,0.10385583818379018,1.0213312114091195,0.19280642666843767,1.0000718575980618,342,313,0.9152046783625731,0.43869120406110407,ok,1446.3179599091372,31.035513333920562,-0.0438246127745394
455,-0.36026935309246255,1.6452913017370747,0.36618208901257415,0.999946736451674,309,269,0.8705501618122977,0.4291309685551073,ok,1446.6664464883427,29.38768610436523,-0.4100067017871131
456,1.003203537094123,-0.6006466641331372,0.26373817578624514,1.0000981002155804,319,261,0.8181818181818182,0.4042859786636885,ok,1445.6703751910088,30.000087706747536,-0.673744877573358
457,6.935481919628501,15.223595054826887,0.1197325794794562,0.9995354363790279,271,221,0.8154981549815498,0.7217968556526168,ok,1438.5247366403232,14.873997479798732,-0.7934774570528139
458,-5.195832268886079,6.134611796751415,0.009703111322397128,0.9999287018389931,268,228,0.8507462686567164,0.5699580211235451,ok,1443.634065341505,8.667154877757184,-0.8031805683752111
459,-3.778308264373891,1.653948901009585,-0.1359177731639717,0.9999771899471498,311,266,0.8553054662379421,0.38979510547064855,ok,1447.3928560447764,6.969317206838809,-0.6672627952112397
460,2.9168334976438928,1.0809134452442777,-0.24319229352150729,0.9998244319282056,298,251,0.8422818791946308,0.37321758523826315,ok,1444.4681022120726,5.910021899961976,-0.424070501689733
461,3.708760499842583,0.9223517050590999,-0.2933146138049284,0.9998568867462413,300,258,0.86,0.38565857295445527,ok,1440.7572464538307,4.996136428723958,-0.1307558878848052
462,0.2722742627615844,0.532110049905782,-0.10817280833435183,0.9999250940117942,316,298,0.9430379746835443,0.49515550056147556,ok,1440.4847624815302,4.464133736801841,-0.022583079550453536
463,-1.3329802523476246,1.98415175366722,-0.22094014131100742,0.9998842247734624,301,261,0.867109634551495,0.40489058934590416,ok,1441.824603833331,2.4846086203324376,0.1983570617605536
464,-0.8880358324604458,1.5176686524093839,0.06512016972611938,0.9999795063264226,339,301,0.887905604719764,0.37841055024309206,ok,1442.7161664823027,0.9690091279868511,0.1332368920344343
465,-0.23770833861908613,0.8923555038347786,0.08092148580223305,1.0000151543786076,352,325,0.9232954545454546,0.2617003368786239,ok,1442.9546895101917,0.07687104190392802,0.05231540623220132
466,1.930044929563337,-1.6228026846093826,0.24803243062376684,1.0001337101046468,313,264,0.8434504792332268,0.4925915800703843,ok,1441.0301991723243,1.706257098909191,-0.19571702439156533
467,-7.898987762939214,16.144793911222678,0.3151534213500478,0.9999602789923011,289,225,0.7785467128027682,0.804323817064845,ok,1448.784921875816,-14.508324422267037,-0.5108704457416129
468,7.2414366336877265,6.253669029026696,0.19537999804425502,0.9997479966762974,332,287,0.8644578313253012,0.5578328522304393,ok,1441.4669521209191,-20.672259813779192,-0.7062504437858677
469,4.870352615231923,1.5420515131968386,0.12489462084925178,0.9998857189581866,315,257,0.8158730158730159,0.4901667269222618,ok,1436.574743380924,-22.14350116392052,-0.8311450646351192
470,-3.2065115637578856,1.0644287978293505,0.03266621704187009,0.9998331249780851,302,280,0.9271523178807947,0.6149432192887917,ok,1439.7648434431562,-23.25614965608179,-0.8638112816769892
471,-4.937496367991571,1.0252201215577088,-0.08922016976400063,1.0000023282452342,304,258,0.8486842105263158,0.4501395006230672,ok,1444.6880289122162,-24.34802488650689,-0.7745911119129887
472,-0.7346904127166454,0.6100542412790446,-0.17338196245802096,0.9999073887653975,320,283,0.884375,0.7027699486189021,ok,1445.4162776488952,-24.965754566355145,-0.6012091494549681
473,0.31019248072266237,0.9863992836122861,-0.2605838943076556,1.0000092210205982,308,271,0.8798701298701299,0.3341540977209753,ok,1445.1002265088086,-25.950292325233818,-0.34062525514731273
474,0.3284543125851087,1.226654805081921,-0.250776468601941,0.9999345400791424,315,279,0.8857142857142857,0.35778589526337773,ok,1444.7698490133573,-27.176430554303124,-0.08984878654537203
475,-0.3648756657021295,1.3179821611506668,-0.12916682744427935,0.9999687588511998,316,293,0.9272151898734177,0.5817131266574873,ok,1445.1356290310118,-28.49416201678605,0.039318040898907176
476,8.18648020865271,2.7321126565456098,-0.03612956170795961,0.9999048741662788,281,232,0.8256227758007118,0.7172528794583717,ok,1436.9527535896893,-31.237052332951407,0.07544760260686674
477,3.087478944237546,9.191464261536794,0.145102890058499,0.9996461967572485,290,237,0.8172413793103448,0.5296242960924062,ok,1433.8541027370193,-40.42475631139291,-0.06965528745163212
478,0.12351629616205173,2.73732349764623,0.11846823035594478,1.0001387293679773,283,255,0.901060070671378,0.49596688028489816,ok,1433.7215994638382,-43.161659504562294,-0.18812351780757672
479,-1.8116890176213474,3.8168230952503563,0.5373473092717956,0.9999228777433058,279,227,0.8136200716845878,0.39750365762834977,ok,1435.4848164885123,-47.00111537237808,-0.7254708270793719
480,-1.2221959081971363,2.3267921924044686,0.28604573509311654,0.9999337781907672,277,258,0.9314079422382672,0.7092692852927553,ok,1436.665746197544,-49.34912085937651,-1.0115165621724882
481,-0.6246499950041198,0.9758669028578879,0.09870687642949483,0.9999765665241771,295,273,0.9254237288135593,0.3178234475659955,ok,1437.2713706846755,-50.336907683007325,-1.1102234386019831
482,-0.9344411235531425,1.8216308781550197,0.07360378193039471,0.9999417262609616,297,274,0.9225589225589226,0.35466427916363286,ok,1438.167977075049,-52.177455495582876,-1.1838272205323777
483,-0.7966744835471218,1.6703195709272904,-0.13507105585316212,0.9999067337639082,290,243,0.8379310344827586,0.2975030716183381,ok,1438.9339458645977,-53.86207697092834,-1.0487561646792154
484,-0.36702706485493763,2.4825158792137927,-0.460869431247516,1.0000157099501785,274,229,0.8357664233576643,0.44447897219402865,ok,1439.2754820554674,-56.34822800962468,-0.5878867334316996
485,-0.0798572396624877,0.7017278680356185,-0.08499281512118169,1.0000197790919372,307,286,0.9315960912052117,0.34844208676214966,ok,1439.3491771241636,-57.05062975816634,-0.5028939183105179
486,6.137109174531815,5.572068839783469,-0.12039255009972591,0.9998488488576627,256,198,0.7734375,0.5679425854205649,ok,1433.1750063635693,-62.5816039575667,-0.38250136821079206
487,-3.9270491047022915,8.88829286122575,-0.0373065403583828,0.9999441218498494,272,216,0.7941176470588235,0.5339443148383117,ok,1437.0484344552128,-71.49339499397058,-0.34519482785240935
488,-7.521491937582596,3.316536615847781,0.025859760813786086,0.9998442897761366,273,220,0.8058608058608059,0.7356381777214931,ok,1444.548290513803,-74.85857183803137,-0.3710545886661954
489,-1.599621850215044,1.3173203888782155,0.060032409651290905,0.9999559554978974,314,283,0.9012738853503185,0.41801491394205975,ok,1446.1379558109552,-76.18789020233328,-0.43108699831748626
490,0.7492745282561373,1.2954576160556144,0.08598753720505888,1.0000166616875599,309,281,0.9093851132686084,0.30017915101880965,ok,1445.3770208976596,-77.47653321396115,-0.5170745355225452
491,1.3038306669500344,1.4105009556369623,0.1466470120520605,1.0001532199393277,276,258,0.9347826086956522,0.515284274391014,ok,1444.0569386557295,-78.87183613034654,-0.6637215475746057
492,1.3760446942112594,1.7075848193918546,0.18991431194969718,0.999983721484699,290,265,0.9137931034482759,0.6053577498919054,ok,1442.655606732034,-80.55873083823894,-0.8536358595243025
493,0.764116938612915,1.6904384915450237,0.11063905425505989,0.9999972154957676,292,261,0.8938356164383562,0.42311472983794257,ok,1441.8631496539504,-82.23607062759822,-0.9642749137793626
494,-0.10598057240372327,1.9171160993097374,0.004455861291232282,1.0000044677938225,308,281,0.9123376623376623,0.447145743071274,ok,1441.9367029027683,-84.15470450083922,-0.9687307750705948
495,1.3028108893390709,0.2270900010665855,-0.12727401713442837,1.000209138234625,278,253,0.9100719424460432,0.610435825831802,ok,1440.6306975415398,-84.36263737078968,-0.8414567579361665
496,7.545772798437838,15.689653984236884,-0.2364298381634433,0.999404669873482,263,214,0.8136882129277566,0.7481488964640278,ok,1432.919670298895,-99.97173690067655,-0.6050269197727233
497,-2.390475154442811,4.117289199283391,-0.13541085220392787,0.9999586279197173,318,260,0.8176100628930818,0.3776060972815661,ok,1435.276318806133,-104.10848074431453,-0.4696160675687954
498,-7.445657208811554,3.8369754395287146,-0.45511885914679695,1.0001051991563685,272,210,0.7720588235294118,0.7510256969204944,ok,1442.7210049296675,-107.94733999111281,-0.014497208421998836
499,2.8962241798449213,0.39804551715769776,-0.14463549882052193,1.0002416798179494,287,247,0.8606271777003485,0.5290756654585866,ok,1439.825692317204,-108.35196279046613,0.13013829039852307
500,4.197700283386666,0.557815769621584,0.030086095034580755,0.9999040960310425,243,210,0.8641975308641975,0.4823730830119896,ok,1435.628972513799,-108.91710789899412,0.10005219536394233
501,0.226840047865835,0.5045489274482406,0.21774112733345471,1.0000102754977733,280,235,0.8392857142857143,0.38747043143260335,ok,1435.4010965717541,-109.42118981946146,-0.11768893196951224
502,-0.9085293080884185,0.9989956884737694,0.3254490092320236,0.9998368007538885,288,251,0.8715277777777778,0.8215489963379998,ok,1436.3018723352077,-110.42718232103346,-0.4431379412015355
503,-0.965692408554105,0.9462088552053274,0.38034300647270697,1.000033958098736,278,222,0.7985611510791367,0.31712582347285695,ok,1437.253866130254,-111.38717234171168,-0.8234809476742422
504,-0.6037156397617309,1.3240276636580575,0.26683442039871946,0.9998627568185755,267,227,0.850187265917603,0.925508198025495,ok,1437.8322782759303,-112.72244805015521,-1.0903153680729611
505,-3.870147506775538,4.2678469941995445,0.17761103208729767,0.9999602989601166,247,209,0.8461538461538461,1.0694961616485152,ok,1441.6070406174526,-117.07488747593936,-1.2679264001602588
506,-2.1220637566618734,5.820446275912218,0.013927461496876807,0.9999260318419168,269,217,0.8066914498141264,0.33798680299404754,ok,1443.5983658346008,-122.94134921344914,-1.2818538616571358
507,-0.5038009193515336,5.64564098259666,-0.2930935367267209,0.999793989779942,253,189,0.7470355731225297,0.4582609581916674,ok,1444.0046690515974,-128.59484328053486,-0.9887603249304145
508,0.5566715616050715,-0.3365274679019876,-0.16387370750083188,1.00009865254851,277,252,0.9097472924187726,0.589464353715713,ok,1443.4528999949111,-128.25033657198458,-0.8248866174295827
509,1.1794580476307601,-0.12376372489018195,-0.3078538165839553,0.9998408822034662,257,196,0.7626459143968871,0.417153457630498,ok,1442.2746067886849,-128.11593468999808,-0.5170328008456272
510,1.4821082311432292,-0.50118753811023,-0.2379224078472499,1.0000423930546662,260,233,0.8961538461538462,0.7380492985243712,ok,1440.7949576160645,-127.60753319202274,-0.27911039299837714
511,0.274112755985243,-0.12167466162020446,-0.046912345376788324,1.000040726391672,282,257,0.9113475177304965,0.2828109552870765,ok,1440.5213402109255,-127.4847486576582,-0.23219804762158877
512,0.3966462077678443,0.009749822442586265,-0.015742833485014138,1.0000012635084652,306,288,0.9411764705882353,0.28485863956284196,ok,1440.1246600003212,-127.49299994176613,-0.21645521413657462
513,-0.023428327682495365,0.35797089022571527,0.07902676391152601,0.9999805626935135,263,241,0.9163498098859315,0.41867228139096657,ok,1440.1462419210043,-127.85108689417655,-0.29548197804810067
514,-0.2696206640634955,0.8535884384128849,0.16266130206137017,0.9998498433674338,245,212,0.8653061224489796,0.7126675198615963,ok,1440.4090286524524,-128.7068039376303,-0.45814328010947103
515,11.680674238585652,2.161488924332616,0.24245230500737402,0.9999479943220577,220,173,0.7863636363636364,1.0803368840981453,ok,1428.7027982517438,-130.72530705714712,-0.7005955851168453
516,-4.470372552148547,8.858094931582855,0.3623774260863709,0.999743260066369,229,198,0.8646288209606987,0.9544256482150577,ok,1433.0080721890888,-139.6648088831082,-1.0629730112032163
517,-7.504848086620086,2.168126021971034,0.17490125789111205,0.9998201632553125,245,172,0.7020408163265306,0.6036667001319271,ok,1440.464330126204,-141.99455840303608,-1.2378742690943285
518,0.14926224754458417,0.3168496673750951,-0.03205143334815485,1.0000384976969463,271,238,0.8782287822878229,0.40439496038666223,ok,1440.30843314042,-142.30819682555682,-1.2058228357461738
519,5.113967027746185,0.30375001570052973,-0.22136219790232634,0.9998737628753753,241,179,0.7427385892116183,0.5857946623362559,ok,1435.1900021765146,-142.52403774069217,-0.9844606378438472
520,1.888355758057287,0.2872874867674682,-0.3601075363936549,0.9999737930809002,225,160,0.7111111111111111,0.5480237399450416,ok,1433.2986280189757,-142.7907311325033,-0.624353101450192
521,-0.23197414034893882,0.04344765508324144,-0.13281487094700767,0.999944306274894,244,220,0.9016393442622951,0.6594459605288824,ok,1433.5302208917497,-142.8361672613347,-0.4915382305031842
522,-1.0526725859492672,0.8082873467759555,-0.2949782119370499,0.9998481956151869,258,202,0.7829457364341085,0.34684581794265656,ok,1434.5801143622782,-143.64806116370642,-0.19656001856613395
523,-0.7440100932026326,0.6649400554709928,-0.15820563811242908,0.9999098035525928,249,198,0.7951807228915663,0.45116771004169187,ok,1435.323679171145,-144.31349911811833,-0.03835438045370465
524,-0.1740776385991012,1.0304617782912828,0.021969410665379576,0.9999522771093068,260,230,0.8846153846153846,0.4445449014027015,ok,1435.4966717930447,-145.34414360267544,-0.060323791119084265
525,-5.050037800432619,2.6065592468603427,0.21754538006572216,0.9993017897488714,173,133,0.7687861271676301,1.4824119447354034,ok,1440.5340091413561,-147.97516343013717,-0.27786917118480664
526,0.4506118470819729,4.4963010593414765,0.14831384778960133,1.0001752104435997,206,173,0.8398058252427184,0.7976526072391623,ok,1440.0499652461895,-152.46798834999754,-0.42618301897440813
527,9.460653845452043,5.524784726787175,0.4045900802996555,1.0000944087066321,189,141,0.746031746031746,0.7538668088933469,ok,1430.5102008396268,-157.85502023481956,-0.8307730992740641
528,0.39981154545148456,1.0981223504707032,0.18359620655023398,0.9998518470040265,235,194,0.825531914893617,0.7490990558303305,ok,1430.0910117149278,-158.9458925675027,-1.0143693058242982
529,-4.588480554085436,0.8315442883040305,0.11719025085032692,0.9993886408423553,233,205,0.8798283261802575,0.8088645862584868,ok,1434.6621759853228,-159.86788872351156,-1.1315595566746253
530,-2.3882598650670843,0.36158348607591506,-0.0036599849204722516,0.9997340917002713,217,194,0.8940092165898618,0.6096785707421435,ok,1437.0428556004179,-160.27641335038822,-1.127899571754153
531,-0.05858073924741802,0.18515847136325192,-0.12305471084716738,0.9999064356798909,243,213,0.8765432098765432,0.5918245448331823,ok,1437.0981802156002,-160.4625706749374,-1.0048448609069853
532,0.428009596268339,0.5909421568358084,-0.21573855634212,0.9999665155879692,232,191,0.8232758620689655,0.537958368917014,ok,1436.662072716084,-161.04756220999502,-0.7891063045648652
533,0.07042203157197946,0.16367961911271323,-0.1397095261066142,0.9998981258371268,249,221,0.8875502008032129,0.49716415042920453,ok,1436.5898000843392,-161.2104331618075,-0.649396778458251
534,-0.07383695301336957,0.16036133279476417,-0.11658697238231609,0.99993939037909,224,202,0.9017857142857143,0.5655945234168642,ok,1436.6621426204788,-161.3714741818951,-0.5328098060759348
535,0.9188725504418471,-2.6600634848813343,-0.23141389585311553,1.000089196927853,189,142,0.7513227513227513,1.062260900875871,ok,1435.757275586244,-158.70661393079206,-0.3013959102228191
536,8.44555965501354,12.338174104986024,-0.11143571662065478,0.9993711159066777,190,118,0.6210526315789474,0.673902333609119,ok,1427.270856060504,-171.01671960720603,-0.18996019360216418
537,-7.681889610048984,4.47244185851298,0.1508591573511003,0.9999707722029467,196,157,0.8010204081632653,0.7624445378187591,ok,1434.926005959178,-175.5347771751866,-0.3408193509532646
538,-2.6504761887558743,1.0920878837404189,0.207733246699149,0.9997347068802368,184,150,0.8152173913043478,0.8633332405723251,ok,1437.5659051312157,-176.65219040870818,-0.5485525976524138
539,4.876200826346121,0.19160713132350793,0.2942238549704848,1.0000109509453483,201,143,0.7114427860696517,0.6843001006094046,ok,1432.6874135152832,-176.77205426860803,-0.8427764526228986
540,3.723135885285501,0.39201362168500964,0.41134212088958616,0.9997062781354228,213,156,0.7323943661971831,0.6109453548139445,ok,1428.9565895790813,-177.08248663958398,-1.2541185735124851
541,-0.3312373668932196,0.2062293244759985,0.06163341046582934,0.9999330769860711,248,220,0.8870967741935484,0.447649499828791,ok,1429.2830041339319,-177.29626752245667,-1.3157519839783145
542,-1.6035896283644888,0.4422072971437956,-0.01161350881444113,0.9996975960617078,246,216,0.8780487804878049,0.5852754471561656,ok,1430.8761139444289,-177.77485724397525,-1.3041384751638732
543,-0.30914032288501403,0.20874679555379316,-0.0722970757884537,0.9999337479900082,241,215,0.8921161825726142,0.4788601695757336,ok,1431.1806951767908,-177.99020170473568,-1.2318413993754196
544,6.95489251129834,6.204904503988246,-0.501168420561443,0.9999045912090616,164,96,0.5853658536585366,0.936685206142466,ok,1424.1472413692243,-184.10591076290302,-0.7306729788139761
545,-1.0876192498371893,6.0421913980067075,-0.12166776325603403,0.9998924701740263,209,144,0.6889952153110048,0.7038475534154321,ok,1425.1705770544374,-190.15932109082007,-0.6090052155579421
546,-3.645412371768316,3.8960834258336945,-0.11080872089738,0.9997474617673614,207,155,0.748792270531401,0.7471542911698873,ok,1428.7819749420696,-194.08695431179422,-0.498196494660562
547,-10.32708130090623,2.1859527509211603,-0.17292394321096066,0.9998841244860485,200,138,0.69,0.7700573182540349,ok,1439.0964800712204,-196.33149915775118,-0.3252725514496012
548,0.30658881272074723,-0.19471748466776262,0.001022390658013889,1.0000869189434356,247,207,0.8380566801619433,0.38144192988401304,ok,1438.7910051248623,-196.1350388409735,-0.32629494210761517
549,1.3823486246685661,-0.12187577008580774,0.11276771690545644,0.9999718494608095,223,193,0.8654708520179372,0.8769440474106571,ok,1437.4096310235134,-196.0025736924266,-0.43906265901307173
550,2.030747819097087,-0.5135400369784975,0.2144400169025134,1.0001868766393813,232,165,0.7112068965517241,0.4905362192286066,ok,1435.3848724889463,-195.4659053115381,-0.6535026759155855
551,0.6835707182137867,0.040955129696385484,0.1379771897516101,1.000062302353382,219,188,0.8584474885844748,0.6428462655349272,ok,1434.7008012574813,-195.49741403619828,-0.7914798656671957
552,0.9890702861605405,-0.14643555402028596,0.5231748248244348,0.9999158443209233,201,145,0.7213930348258707,0.6058593166730593,ok,1433.7153509972245,-195.32832474911197,-1.3146546904916314
553,-0.32049363327564606,0.29227566760789614,0.08804830444826352,0.9999045833490529,238,206,0.865546218487395,0.43499818961099224,ok,1434.028593874612,-195.6283583049218,-1.4027029949398955
554,0.8807378400113066,-2.907427664468287,-0.023743682518563607,1.000175191939502,194,162,0.8350515463917526,1.1812382112027457,ok,1433.2180785131115,-192.70057764105456,-1.3789593124213317
555,-4.071819032558778,13.932405311978982,-0.18211493339910614,0.9994256742259361,219,169,0.771689497716895,0.7325577482021288,ok,1436.997998109773,-206.7149929286768,-1.1968443790222256
556,14.150959954767814,4.6388441814309544,-0.644933912081091,1.0000932173353094,215,153,0.7116279069767442,0.8999877915579942,ok,1422.803010976083,-211.21731269246743,-0.5519104669411335
557,-0.003385896392273935,-0.008409885496575953,0.001032576416483388,0.9999969346172849,320,310,0.96875,0.08478736204029677,ok,1422.806477874629,-211.20893587428168,-0.552943043357617
558,1.93002384132501,-0.831378483630715,-0.3959805122986064,1.0001008810769643,240,192,0.8,0.4827542398589131,ok,1420.8787388449368,-210.3722731916373,-0.15696253105901004
559,-1.6475988572667575,-0.5186947947850058,-0.09314317625471999,0.9998015205832562,240,216,0.9,0.702411861868995,ok,1422.5269144322913,-209.85541390919013,-0.06381935480428988
560,-2.256371198203624,-0.045159819680748114,0.03300443891470655,0.9995945171465954,255,232,0.9098039215686274,0.5256456488049609,ok,1424.7833587239604,-209.8140671803145,-0.09682379371899649
561,-1.9653498547372692,0.3338533301745201,0.149217197338428,0.9996767648721581,267,233,0.8726591760299626,0.6782285489364307,ok,1426.7472568207938,-210.1563570616097,-0.24604099105742483
562,-1.134928978283142,0.9275876502695155,0.23346663426002423,0.9997342356965399,266,210,0.7894736842105263,1.0445911482515406,ok,1427.8743831759016,-211.09341032279656,-0.47950762531744956
563,-0.5548778675361064,1.1020015920109927,0.2493669373643921,0.99966464331001,244,210,0.860655737704918,0.6070642704321648,ok,1428.4151976742548,-212.20238130305142,-0.7288745626818423
564,-6.678187518850564,2.365586585831011,0.2041051246519853,0.9999371850535108,251,188,0.749003984063745,0.8613693055291581,ok,1435.0539813503797,-214.67639418370038,-0.9329796873338281
565,3.7716110830183425,8.467099881856711,0.0845629931720128,0.9997203113758724,222,160,0.7207207207207207,0.6895815715502861,ok,1431.132601730048,-223.07518055103537,-1.017542680505841
566,7.353137714682816,2.5733008269157835,-0.054937200568142,1.0002220420196661,240,175,0.7291666666666666,0.632933650183547,ok,1423.7372706900105,-225.52458664336768,-0.9626054799376988
567,0.14675503604030382,0.47310637520138243,-0.10298020516545113,1.0001572538487222,237,206,0.869198312236287,0.7792226022907843,ok,1423.5834342843425,-225.99543804577672,-0.8596252747722476
568,-4.889247963888465,0.4013367401638561,-0.18347308948898228,0.9999642929021001,253,200,0.7905138339920948,0.5696077769483561,ok,1428.4676057025188,-226.4544439163957,-0.6761521852832649
569,-1.616017234738365,0.047135884979866205,-0.11628547904208014,0.9997173500178265,240,209,0.8708333333333333,0.8585714816650984,ok,1430.0830852053555,-226.51736824029592,-0.5598667062411846
570,-0.6322349869965365,0.33851763545999347,-0.29986367210449555,0.9999109519388576,252,204,0.8095238095238095,0.5287747027950277,ok,1430.7137775257202,-226.8587514052773,-0.26000303413668846
571,0.15301342554312214,0.06869073455902708,-0.1881141289351564,1.0001470826645569,260,208,0.8,1.009352272817795,ok,1430.5606780345083,-226.92725010016488,-0.07188890520153168
572,-0.0544773311642075,0.23499352946168983,0.002237714500542603,0.99999983734055,280,254,0.9071428571428571,0.24808728413174191,ok,1430.6148512964457,-227.1623139131833,-0.07412661970207429
573,-0.5707504366157536,0.8757494471836935,0.11759738905922049,0.9998629441229567,250,227,0.908,0.5979306147673223,ok,1431.182668097024,-228.03996830764686,-0.191724008761295
574,-2.836859931917388,3.6667047283502825,0.275579717694244,0.999749080128484,241,211,0.8755186721991701,0.8744472055258115,ok,1433.9895284047557,-231.72968822264102,-0.4673037264555396
575,9.410504660768765,10.421430816040925,0.4263425505950447,0.9997202281769407,238,172,0.7226890756302521,0.7058842145332218,ok,1424.417631166381,-242.00308111310687,-0.8936462770505854
576,3.0589449555288866,0.6245904373878375,0.0765521587887448,1.0005525285594243,246,203,0.8252032520325203,0.5770030823903616,ok,1421.3485489662019,-242.57578688746037,-0.9701984358393303
577,1.6249889315010932,0.95928570733372,0.12678864812682913,1.0001952591883128,237,214,0.9029535864978903,0.6928186662062381,ok,1419.7054924652273,-243.50378658056366,-1.0969870839661597
578,-0.8288145368771893,0.35608995622192197,0.004105766276643587,0.9999309749739489,239,224,0.9372384937238494,0.3670851207797784,ok,1420.5273111508236,-243.87573770835638,-1.101092850242803
579,-1.502561897857504,-0.002844758346554954,-0.1132733907934207,0.9998056471175102,222,194,0.8738738738738738,0.7471760281536693,ok,1422.0296987853083,-243.89879731134806,-0.9878194594493821
580,-1.8840012702578406,0.3703752707590411,-0.2202702570258976,0.9998368431883248,248,195,0.7862903225806451,0.4630997093603677,ok,1423.9085695115446,-244.2943771662657,-0.7675492024234843
581,-1.3986646600719723,0.08710876360032671,-0.14361942983816223,0.9998267277892948,228,201,0.881578947368421,0.7628642349016275,ok,1425.3062026794437,-244.39671140305063,-0.6239297725853219
582,-0.36604601098792955,0.18699248511074984,-0.04273625311463263,1.0000919169488385,259,233,0.8996138996138996,0.44695033313596727,ok,1425.6703330876376,-244.58740727997656,-0.5811935194706892
583,2.049410994721484,-3.7253552966271855,-0.10771459508065774,1.0002850729332011,239,208,0.8702928870292888,0.9278961895479843,ok,1423.651777184165,-240.8452435240797,-0.4734789243900313
584,3.7689900940329153,13.814047218806309,-0.0020543674692534717,0.9994941789478087,194,153,0.788659793814433,0.88851090837971,ok,1419.7692552025414,-254.6278125862881,-0.4714245569207779
585,-7.519010297806062,5.092282440019744,0.12770938346323374,0.9999791866751884,209,161,0.7703349282296651,0.6036228987939289,ok,1427.234606103824,-259.7984404232309,-0.5991339403840117
586,-4.858740747076581,0.631092270289173,0.1318920027600257,0.999464864964565,214,180,0.8411214953271028,1.0295961077838447,ok,1432.0848996181344,-260.49147139365164,-0.7310259431440376
587,-0.008953510521678254,0.26839183650372433,0.10291090215455238,0.9998869563513846,227,196,0.8634361233480177,0.5711075918621116,ok,1432.089945890143,-260.75996511497726,-0.83393684529859
588,0.4422080950957934,0.1293643643100495,0.040913637696425004,1.0000095063595664,230,212,0.9217391304347826,0.4105953426755916,ok,1431.645814152416,-260.8825625768818,-0.8748504829950151
589,1.3847454982467298,0.32835846258581114,0.04724694291836324,1.0001565955347107,231,208,0.9004329004329005,0.5760385277584337,ok,1430.2559637248937,-261.1885938889758,-0.9220974259133784
590,1.5464362486143273,0.21938746981868462,-0.007801538966460679,1.000183120866673,232,208,0.896551724137931,0.4935817966280191,ok,1428.7062236439342,-261.38327725860404,-0.914295886946918
591,0.8504742747347791,0.463716407152333,-0.0609705179731154,1.0000489929917604,228,198,0.868421052631579,0.579427467605678,ok,1427.8489376604002,-261.83427630592485,-0.8533253689738025
592,-0.26465137082414003,0.8640068497596758,-0.08258292484374202,1.000012498663693,238,202,0.8487394957983193,0.6963320587048291,ok,1428.1019428225854,-262.7017649643051,-0.7707424441300604
593,1.2885131264019947,-0.8623372818090047,-0.11087937196061115,1.000205332499094,232,190,0.8189655172413793,0.5640187838337495,ok,1426.8234462790404,-261.8246456721615,-0.6598630721694492
594,-3.151316719223132,9.130851531185158,-0.07552668917997223,0.9996380049955155,199,131,0.6582914572864321,0.9733749696937609,ok,1429.8814788816449,-270.9871607936119,-0.5843363829894768
595,8.319889370503688,2.788721326500763,-0.09272744399577677,0.9997806857604618,223,149,0.6681614349775785,0.8989893133672284,ok,1421.5379682851833,-273.70439407417996,-0.4916089389936999
596,5.765412165251291,-0.38393661828820314,-0.03076950273928005,1.0003646547926084,221,164,0.7420814479638009,0.7569427651673375,ok,1415.7758306408828,-273.27409821058586,-0.4608394362544198
597,-0.11327920414032633,-0.04726137101738459,0.059486703811818295,1.0000537243670955,241,204,0.8464730290456431,0.6251887908822431,ok,1415.8895343675995,-273.2278675085373,-0.5203261400662381
598,-1.459896983579256,0.3271756910487511,0.10724934183397287,0.9998272514992734,216,189,0.875,0.5551341855999222,ok,1417.3457602090577,-273.57101388276635,-0.6275754819002111
599,-1.8255609112836737,0.8407651179829827,0.2031224848561579,0.9998878005908374,247,210,0.8502024291497976,0.8068370706055504,ok,1419.1589399193574,-274.4381574479162,-0.8306979667563692
600,-1.6505302556358856,1.4411217516466195,0.2087323892616422,0.9997572069261769,230,203,0.8826086956521739,0.766843626401969,ok,1420.7830559262911,-275.90898348244923,-1.0394303560180116
601,-0.7061990765434984,0.831114206242205,0.08596966060705274,0.9998422608038049,263,231,0.8783269961977186,0.4390345395726828,ok,1421.472795137303,-276.7538075945113,-1.1254000166250644
602,-0.4103486633848661,1.6299317852237891,0.053804238534159284,0.9997726135289621,245,216,0.8816326530612245,0.6603631826304703,ok,1421.8495136438182,-278.3918389790929,-1.179204255159224
603,0.6532367985953442,-4.067150543800153,-0.1283565650167617,1.0002625948026018,223,175,0.7847533632286996,1.2102751310450024,ok,1421.2709771290893,-274.3133922941281,-1.0508476901424617
604,-5.888760571590865,13.20806230254891,-0.1869464723004349,0.9993460557560584,195,145,0.7435897435897436,0.8694213169145876,ok,1426.959925757399,-287.6087401407244,-0.8639012178420267
605,6.057164311116367,4.943327427946315,-0.2666330591214095,0.9998383033632455,196,154,0.7857142857142857,0.5541865376079983,ok,1420.8515607725353,-292.4886584559673,-0.5972681587206171
606,4.579596386093272,0.6701153856446354,-0.2132354470072923,1.0002824348425163,213,171,0.8028169014084507,0.692193869109523,ok,1416.267575750594,-293.12806365473716,-0.3840327117133247
607,-2.368217216493804,0.028082689982056763,-0.08703752402245211,0.9995950440481831,218,182,0.8348623853211009,0.6830712155330967,ok,1418.63561558399,-293.1684216703459,-0.2969951876908726
608,-3.4775979210801324,0.057005301641993356,0.020213748533445614,0.9996368130875245,231,206,0.8917748917748918,0.6783163036568622,ok,1422.1128446100274,-293.2446791657037,-0.31720893622431817
609,-0.6338268663143936,0.2554982558190204,0.0862212184973919,0.9999258134168817,218,180,0.8256880733944955,0.6353306460333865,ok,1422.7448567688903,-293.5046339429979,-0.4034301547217102
610,0.1449401320942343,0.5191612561560532,0.15448595774259272,1.000025742221391,226,183,0.8097345132743363,0.8736586833859624,ok,1422.5948682693524,-294.02235925799744,-0.5579161124643032
611,-0.11316701459008982,0.533976041952883,0.28175067807372084,0.9999098442535598,216,168,0.7777777777777778,0.5778789426939674,ok,1422.7001980197044,-294.5579363582003,-0.8396667905380242
612,-0.7477403392967972,0.7307263800910277,0.33732864312998323,0.999956354480337,218,167,0.7660550458715596,0.5339551046431998,ok,1423.4327707431164,-295.3038678982796,-1.176995433668008
613,8.260365287120067,3.918118301422055,0.16963153508189108,0.9994022880285189,185,132,0.7135135135135136,0.9813372424750211,ok,1415.0826074931283,-299.0267779696002,-1.3466269687498995
614,3.1515480124176065,8.08810971057494,-0.03854422278406429,0.9995788735824899,188,142,0.7553191489361702,0.7508360084415313,ok,1411.7472424363261,-307.04083521314,-1.3080827459658348
615,-0.3451596827408139,2.2379164532304685,-0.19199016543757033,0.9997135309154764,191,142,0.743455497382199,0.5800637352016017,ok,1412.0487459206843,-309.2850501999784,-1.1160925805282642
616,-1.309862782958362,0.2676376508834437,-0.364522985735716,1.0004152961576476,185,144,0.7783783783783784,0.7089136473325697,ok,1413.3549854145267,-309.5698462797893,-0.7515695947925477
617,-1.3044751395632375,0.28470315701656546,-0.3561951735799349,0.9998438561820366,205,157,0.7658536585365854,0.5087885362583355,ok,1414.657464893048,-309.86354422902366,-0.3953744212126125
618,-0.7123123122303241,-0.09006847523301076,-0.12419727676813888,0.9999772279270679,205,187,0.9121951219512195,0.5715761215661234,ok,1415.3701955137183,-309.776848077179,-0.2711771444444735
619,-1.700289719167813,0.11566090835049181,-0.2463323269341961,0.9999953441859915,226,184,0.8141592920353983,0.493441494971386,ok,1417.0704349197047,-309.8932462608367,-0.024844817510277204
620,-0.7351532480447531,0.3512320858588964,0.0344033430120216,0.99997086992879,225,191,0.8488888888888889,0.3774154210587992,ok,1417.8052245742733,-310.2452383627174,-0.05924816052229884
621,-0.19565546744615858,0.3741524499657771,0.0745164763860114,1.000011542162483,220,192,0.8727272727272727,0.3897807833668079,ok,1418.0000060005193,-310.61984657638413,-0.1337646369083103
622,-0.43130154501864126,0.9814734607648461,0.2868761180057283,0.9997266183687162,211,164,0.7772511848341233,0.5827479288777583,ok,1418.4240904347166,-311.6044599876237,-0.42064075491403885
623,-4.0388281125349295,1.3294031315647317,0.41009690943920146,0.9996892927537128,186,129,0.6935483870967742,1.1175652825519409,ok,1422.4432195416282,-312.992280736421,-0.8307376643532409
624,-1.430418639366735,5.310182338009099,0.15725604504321822,0.9997071380518191,213,179,0.8403755868544601,0.7421932802011852,ok,1423.7818626382814,-318.32633816079647,-0.9879937093964591
625,0.3482934959265549,4.304329171876589,0.19353274370424398,1.0001265206919345,202,162,0.801980198019802,0.6866340527711057,ok,1423.3448876465993,-322.6225703281516,-1.1815264531007035
626,0.4069337882963282,0.7534102006438843,0.011233489421223824,0.9999770918741975,237,198,0.8354430379746836,0.43650409283822805,ok,1422.9223589815022,-323.3673465130976,-1.192759942521927
627,1.696913860887662,0.12018706743697294,-0.20793770585943408,1.0000846838091182,189,150,0.7936507936507936,0.9175782156912153,ok,1421.2236300626748,-323.4583500448522,-0.9848222366624927
628,0.2947925119310639,0.06296079318690317,-0.10118397138673166,0.999906393229327,199,175,0.8793969849246231,0.5777626074285557,ok,1420.9279016404334,-323.516757123601,-0.8836382652757607
629,0.2763992405175486,0.6012654388905503,-0.3281194667654795,1.000017959648135,210,169,0.8047619047619048,0.5269653697526128,ok,1420.6456858341598,-324.1153144782901,-0.5555187985102809
630,-0.07596473613057242,0.7014833572306998,-0.3782450567175251,0.9999777295733254,206,159,0.7718446601941747,0.5712541788941233,ok,1420.7194798132994,-324.81702951322234,-0.17727374179275512
631,-0.49042265016737474,0.5856363532292335,-0.17385808013909423,0.9999121228112989,212,162,0.7641509433962265,1.0633874095428144,ok,1421.2098675501522,-325.40269510173266,-0.0034156616536607314
632,1.808689725059594,-3.7320612700060565,-0.0019265782842677705,1.0001413227706097,203,153,0.7536945812807881,0.9008628916074238,ok,1419.4012748197651,-321.67058682621234,-0.0014890833693929591
633,9.071682775444515,14.92235362278143,0.14951588221721016,0.9990977259076997,175,116,0.6628571428571428,1.119979956327243,ok,1410.2902952280701,-336.5689799241728,-0.15100496558660328
634,-7.333587181162784,5.959423314277728,0.41492343511840346,0.9995393215562067,213,164,0.7699530516431925,0.6384045883675649,ok,1417.5646625371287,-342.6005475011275,-0.5659284007050073
635,-5.04933197993978,0.46978201190381697,0.3895462571172314,0.9997649205621095,207,140,0.6763285024154589,0.60808776604766,ok,1422.6054586308344,-343.15446385224107,-0.955474657822239
636,1.293824429588085,0.18480041943178094,0.09112841705250989,1.000159889251684,228,201,0.881578947368421,0.6022404222371744,ok,1421.30847455075,-343.3156008921418,-1.0466030748747492
637,5.829102483343377,-0.08572159961727266,0.12275264118091728,0.999982117276419,227,175,0.7709251101321586,0.6168635425631852,ok,1415.4823354080254,-343.1109386250522,-1.1693557160556665
638,0.9334526000211554,-0.26218647083578617,-0.01862658125388494,1.0000212096642151,215,178,0.827906976744186,0.5771686296064543,ok,1414.554336466199,-342.8300588181163,-1.1507291348017814
639,-1.010996034230402,-0.051946861944429656,-0.12998225065821511,0.9997006463038701,206,166,0.8058252427184466,0.7451898144768141,ok,1415.5660974703926,-342.79613053950834,-1.0207468841435658
640,-0.5209856722985933,-0.03489453385998331,-0.09383666890525842,1.0000891165215562,223,182,0.8161434977578476,0.5584312609224849,ok,1416.0875794554802,-342.76966852025555,-0.9269102152383073
641,-0.5380643529881581,0.6106266824183422,-0.2968808769910022,0.9997302400297811,207,154,0.7439613526570048,0.5087869157055801,ok,1416.6188969106552,-343.3861747692622,-0.630029338247305
642,2.086187183648235,-2.0388554933913383,-0.30593898334917774,1.0003060088189766,181,145,0.8011049723756906,1.190638875964115,ok,1414.5442757110177,-341.3355515551722,-0.324090354898127
643,-6.489235554844754,10.576558025222312,-0.16723680417293546,0.999447278158522,190,141,0.7421052631578947,0.8504606619006344,ok,1421.00453248464,-351.9298349271621,-0.1568535507251913
644,4.87095460501223,3.3465877589682123,-0.011763773976135471,1.000243756616058,234,179,0.7649572649572649,0.9811082972010198,ok,1416.1251189610523,-355.26407727864114,-0.14508977674905582
645,3.5974949017152085,0.5659931176317059,0.17166667352596843,0.99989868346168,191,149,0.7801047120418848,0.7814967279364238,ok,1412.524549990801,-355.8101733027389,-0.3167564502750245
646,-2.79598060105036,0.09939656437904887,0.34623219932233046,0.9999269801867905,206,153,0.7427184466019418,0.4533787785552076,ok,1415.3191932836628,-355.94191571855026,-0.6629886495973555
647,-4.183421512952009,0.42042450503129203,0.3606440643042477,0.9999167773943639,214,159,0.7429906542056075,0.5117019815192718,ok,1419.4944363665575,-356.437009162458,-1.023632713901604
648,-0.7888256159412776,0.5619996519693586,0.27255083611764663,0.9996165252184339,221,178,0.8054298642533937,0.5902028905399246,ok,1420.2703472878616,-357.0167088289918,-1.296183550019251
649,0.05011137622841488,0.31836600607221044,0.07642841422985688,1.0000457200184565,222,193,0.8693693693693694,0.40797649651699747,ok,1420.2126240539274,-357.33378309807426,-1.3726119642491081
650,0.1548689887447381,0.9258004495097794,-0.0009656873775929229,0.9999754942189494,223,196,0.8789237668161435,0.47292075952208446,ok,1420.0356381331244,-358.2556110971201,-1.3716462768715152
651,-0.26192232555126793,0.9878812075564838,-0.19106326170346224,0.9998151789880306,219,179,0.817351598173516,0.574125215792756,ok,1420.277150946744,-359.24867914399454,-1.1805830151680528
652,1.1848027062401343,-3.3282129501067175,-0.16562870751512498,1.0001745891773213,227,198,0.8722466960352423,0.7458493822166257,ok,1419.1514879896997,-355.90000152423,-1.0149543076529277
653,7.218725709640694,11.723078941844165,-0.3521520937461044,0.9994971535094963,189,132,0.6984126984126984,0.6853750725776648,ok,1411.7976347801691,-367.5387911400113,-0.6628022139068226
654,-5.17191535741722,3.886577498881934,-0.19778915550160583,0.9999935155805333,208,150,0.7211538461538461,0.6284274644212773,ok,1416.9378366511091,-371.467215486373,-0.4650130584052164
655,-3.0807998360683087,0.423614979961485,-0.1074021673747854,1.0000716314804599,214,179,0.8364485981308412,0.623971784605854,ok,1420.015932508866,-371.9100508639416,-0.3576108910304308
656,3.336246948910457,0.07083426818735461,-0.018430263237808463,1.0002368435681468,231,198,0.8571428571428571,0.5460746857544789,ok,1416.6793246943498,-371.9611340291965,-0.33918062779262226
657,3.287384504162219,0.4156967085641554,0.09470869570546378,0.9998402030710576,217,175,0.8064516129032258,0.6322154716394518,ok,1413.3888864941644,-372.3519243597784,-0.4338893234980862
658,-0.08184635498946591,0.6274243196484122,0.19961137598461215,0.9998455128450051,225,180,0.8,0.7474814775478378,ok,1413.4637907621438,-372.9802152584472,-0.6335006994826985
659,-0.4345281151245217,0.6003536986254403,0.1253565508308666,0.9998045085619346,218,196,0.8990825688073395,0.5826971782342537,ok,1413.8903295790774,-373.5862712657073,-0.7588572503135652
660,-1.397832259701545,0.9908719552079219,0.4191657637891683,0.9999431034063595,211,164,0.7772511848341233,0.6011129919534703,ok,1415.2674951280426,-374.6056717309925,-1.178023014102734
661,-0.22026181747878582,0.7675976225490331,0.12527833572191518,0.9999511273146732,214,191,0.8925233644859814,0.5639789997980365,ok,1415.4702410034515,-375.3780806177789,-1.303301349824649
662,1.7001547360846416,-1.7965601141781917,0.05982598096779019,1.000184131341807,159,122,0.7672955974842768,1.233598832023882,ok,1413.8133054383827,-373.5415842514069,-1.3631273307924394
663,-7.85555110617247,9.844879673349737,-0.08645528964712182,0.9997513638908341,202,134,0.6633663366336634,0.5843542293434615,ok,1421.4475597680866,-383.5590439989588,-1.2766720411453176
664,9.28434810736394,2.737991466516519,-0.40489319702884835,0.999823342008314,193,127,0.6580310880829016,0.7926889610781505,ok,1412.122628285286,-386.1554588137569,-0.8717788441164687
665,2.787353515066343,-0.2067382126610937,-0.28368497238685336,1.000147570224704,224,174,0.7767857142857143,0.6066224691763993,ok,1409.3375435571463,-385.9201221111125,-0.5880938717296151
666,-1.775203109677932,-0.05015671415912948,-0.05808166740314306,0.9998178357146618,241,204,0.8464730290456431,0.5976339671481262,ok,1411.113134680399,-385.8863887505996,-0.530012204326472
667,-7.021054619196093,0.5915321656912056,-0.11172421568940828,1.0002921171439796,227,163,0.7180616740088106,0.7117015594849293,ok,1418.129683754897,-386.52916192517023,-0.4182879886370635
668,-0.27532815329254845,0.4462938777553518,0.0006019193801150918,0.9999474451413877,259,236,0.9111969111969112,0.35127599526147785,ok,1418.4017417208743,-386.97745678401395,-0.41888990801717857
669,0.15362204614189068,1.3136421395975049,0.058942461859413334,0.9999579749519346,220,203,0.9227272727272727,0.5053890832230237,ok,1418.2371696994362,-388.28977208673155,-0.477832369876592
670,-0.27822875192669017,2.735773235541501,0.19079445205195758,0.9998966139779831,235,204,0.8680851063829788,0.8929366545592344,ok,1418.4834544701914,-391.02860582509504,-0.6686268219285498
671,0.2590360977967521,-0.5712866702834845,0.16078039365501737,0.9999860506859793,207,158,0.7632850241545893,0.6757643580742063,ok,1418.2327151049135,-390.4536293644418,-0.8294072155835672
672,6.211094980303642,6.48002871029496,0.049505805443237495,0.9996303389632899,170,110,0.6470588235294118,0.6926563746912812,ok,1411.9229516241874,-396.8376216700368,-0.8789130210268049
673,3.461496804641911,6.912336167193644,0.08855941738781485,0.9998824493782807,191,141,0.7382198952879581,0.7071891253305694,ok,1408.3452350284008,-403.69052582645645,-0.9674724384146198
674,-0.06447656522777834,0.09350465704960698,-0.021785129633641324,1.0001595381674393,216,177,0.8194444444444444,0.5317660041799667,ok,1408.408159553561,-403.7850819076301,-0.9456873087809787
675,-0.29210540548274366,-0.316634792075547,-0.047836176908478176,1.0000101475107568,209,186,0.8899521531100478,0.4992457207525456,ok,1408.7051907038795,-403.47306322997497,-0.8978511318725003
676,-0.9908180921797793,-0.5612196487339816,-0.1305983437112336,0.9999729378803391,195,177,0.9076923076923077,0.7367854605245079,ok,1409.7034350767622,-402.9251616348647,-0.7672527881612667
677,-1.1287470302718248,0.0024881036511033017,-0.2604282994703478,1.0001859303789262,207,142,0.6859903381642513,0.5881694408316467,ok,1410.8321159376906,-402.93763413184183,-0.5068244886909188
678,-1.1954081553444666,0.7920652463000124,-0.2735103056270857,0.9999880358807137,202,158,0.7821782178217822,0.5530557669325645,ok,1412.0242888213984,-403.7345606200528,-0.2333141830638329
679,-1.102792143696206,1.0767780369060347,-0.11305937401704523,0.9996674710872008,215,182,0.8465116279069768,1.0906437235001951,ok,1413.124818550423,-404.8136508704463,-0.12025480904678762
680,-0.6919535412732785,1.8321560522737173,0.05181808216860005,0.9999998199595542,195,166,0.8512820512820513,0.7482545032476915,ok,1413.8112665778492,-406.6478767586093,-0.1720728912153877
681,7.472899591043642,6.632481808557145,0.16833379247458757,0.9998861424484935,189,131,0.6931216931216931,0.8451446746400799,ok,1406.2990940911834,-413.23584365054523,-0.34040668368997534
682,-4.21806161277982,8.189365566942342,0.3683059366779423,0.9998334014981696,203,174,0.8571428571428571,0.8864006125774941,ok,1410.4155383248255,-421.47675616249114,-0.7087126203679176
683,-8.74940895941495,1.5089673556042271,0.4156657073166125,1.0001967721344807,208,133,0.6394230769230769,0.6402542162777777,ok,1419.1336523842533,-423.1571212615636,-1.1243783276845298
684,-1.7008867237891536,0.11766335859442734,0.21574602356506895,1.0000074972080684,211,173,0.8199052132701422,1.2983239071438484,ok,1420.8313220291393,-423.31453183919496,-1.3401243512495986
685,0.16672211708623763,0.0010898929921268063,0.07290194560555133,0.9999135271378752,223,191,0.8565022421524664,0.5913702212644865,ok,1420.664623734533,-423.3115101231465,-1.4130262968551501
686,1.203729309693017,-0.1724436889687695,0.021029413892047412,1.0000291453345986,211,194,0.919431279620853,0.7270735219072707,ok,1419.4655870849913,-423.10899545716984,-1.4340557107471974
687,1.3103862207124166,0.30065648810057155,-0.12006308076628962,1.0000758449660314,230,199,0.8652173913043478,0.831980719915571,ok,1418.1486509444267,-423.3795237790607,-1.3139926299809077
688,1.631120483795712,0.12747605743231816,-0.37191535682134813,0.999785843851794,208,151,0.7259615384615384,0.521788725494012,ok,1416.5156550315535,-423.48016435942304,-0.9420772731595594
689,0.02688220471054592,0.8350216187607202,-0.25446951013021935,0.999836193030979,193,149,0.772020725388601,0.6842026506457648,ok,1416.4787538925443,-424.31480324101676,-0.68760776302934
690,-0.6616695440434341,1.1520547455677388,-0.17801677401467234,0.9999731447564902,211,165,0.7819905213270142,0.5755971241362827,ok,1417.1301509798316,-425.4726972590396,-0.5095909890146678
691,-4.456242995596085,1.1015865591404008,-0.01643931350336712,0.9995387333049454,204,169,0.8284313725490197,1.1910655086443187,ok,1421.5767475404543,-426.6125979609153,-0.4931516755113007
692,1.509909396495459,4.503790342873344,0.025741534929941426,1.0004422682869243,192,163,0.8489583333333334,1.224031270051193,ok,1420.0261125168981,-431.1025294594915,-0.518893210441242
693,10.46005916582044,4.852957429602611,0.026401442605124077,0.9992262323290109,210,151,0.719047619047619,0.8631244384362029,ok,1409.5203412605492,-435.8557182707284,-0.5452946530463662
694,6.209312101279465,1.3243124189268656,0.21339244231652904,0.9996786573375908,210,164,0.780952380952381,0.5641060790086825,ok,1403.29403803389,-437.09769584045875,-0.7586870953628954
695,-0.39568386821724744,0.48654546481827765,0.11730079555105377,0.9999487911303758,211,191,0.9052132701421801,0.6168119728326429,ok,1403.6822372155514,-437.59023376616597,-0.8759878909139492
696,-1.9707489010770587,0.6366002516544995,0.2757936027011165,0.9995937117568445,191,147,0.7696335078534031,0.7017667601149302,ok,1405.6397916167962,-438.2663194690681,-1.151781493615066
697,-2.377576986812983,0.6961755278379087,0.15128610031313883,0.9996793862356977,181,162,0.8950276243093923,0.7890429756405881,ok,1408.0009221162993,-439.0163831051011,-1.303067593928205
698,-2.2762297565445806,0.5324206967047758,0.021700765292119638,0.9998668963096565,198,173,0.8737373737373737,0.6411328350970694,ok,1410.2642341503822,-439.601286805922,-1.3247683592203248
699,-1.4515862558280332,0.5079466930343415,-0.13575190237202733,0.9999088356700139,180,162,0.9,1.136477073591472,ok,1411.704967569072,-440.1392456494618,-1.1890164568482975
700,-0.34468942046942175,0.22841550380564968,-0.09697089502294547,1.000075599437172,197,174,0.883248730964467,0.6886001011914171,ok,1412.0452410947098,-440.37418897605824,-1.0920455618253522
701,1.8823034108286265,-3.306006819319464,-0.23451156203428342,1.000336379614698,209,180,0.861244019138756,0.8949011242638227,ok,1410.212626970782,-437.04038143923435,-0.8575339997910686
702,-6.576883368215931,15.032059184979971,-0.05900837928239911,0.9997277105534507,169,124,0.7337278106508875,0.5658730381050417,ok,1416.5793780693532,-452.16263916183334,-0.7985256205086695
703,-0.9245578848560854,5.6370439142535815,-0.058870406589576464,0.9996827412727783,194,142,0.7319587628865979,0.6421787721362874,ok,1417.4310899755442,-457.8111485406454,-0.739655213919093
704,1.0277829233896227,0.24172493104879322,-0.011238150848122743,1.0001015488809488,226,196,0.8672566371681416,0.585367871834835,ok,1416.40031707697,-458.03978780119985,-0.7284170630709702
705,0.8527186057735889,0.054803740974534776,0.04393632467414654,0.9999080612815561,217,192,0.8847926267281107,0.5426837861477044,ok,1415.5469372071411,-458.08309217081717,-0.7723533877451167
706,0.8037406248586194,-0.10613508288088269,0.06756203930707752,1.0000094480778103,207,172,0.8309178743961353,0.6698213650175546,ok,1414.7448387497627,-457.9651866470407,-0.8399154270521944
707,0.4587616848257312,0.06524010409316361,0.19780643376722906,0.999939325036554,195,164,0.841025641025641,0.9314871014104797,ok,1414.284970765023,-458.0221075681328,-1.0377218608194236
708,0.29309693535992665,0.0917242764448929,0.2761643466335811,0.9997503180489397,219,173,0.7899543378995434,0.5043834789365145,ok,1413.9898476865096,-458.10708712411736,-1.313886207453005
709,-0.005618953567591234,0.3102530608186953,0.1310048422765143,0.9998899928296993,226,198,0.8761061946902655,0.7536454353193265,ok,1413.9876416881114,-458.41738322134984,-1.4448910497295195
710,0.6683744441002091,-2.639812843272921,-0.02449397960609423,0.9999534362121234,198,156,0.7878787878787878,0.8992760216185512,ok,1413.3849084722492,-455.7618138067927,-1.4203970701234252
711,-1.9577503281482223,11.014093040710463,-0.22268442605978955,0.9995474923681166,191,149,0.7801047120418848,0.576295007898639,ok,1415.1120089147291,-466.81442236397845,-1.1977126440636352
712,7.642074200698744,3.3889828462383775,-0.38376993266795756,0.9996777234136875,183,138,0.7540983606557377,0.5665429273467073,ok,1407.422563620045,-470.09450374728806,-0.813942711395677
713,2.630092824914982,0.0694357621182462,-0.11446918234195991,1.0002986236530707,187,156,0.8342245989304813,0.7520138517108673,ok,1404.7918191259228,-470.131826654149,-0.6994735290537171
714,1.365061699045782,0.4330184122082983,-0.22419440113822348,0.9999707726389467,199,152,0.7638190954773869,0.3987403706957824,ok,1403.4232124647024,-470.55350685806764,-0.4752791279154933
715,-1.072788966000644,0.46847183732722897,-0.029285728655178922,0.9999234711792161,200,183,0.915,0.4936087150038851,ok,1404.4923223570222,-471.0303150648821,-0.4459933992603142
716,-0.7514893315269546,0.31666369517290605,0.012099834981641444,0.9999990082897684,213,197,0.9248826291079812,0.4215755916849358,ok,1405.2412558959008,-471.35297690889513,-0.4580932342419557
717,-1.6622713325791665,1.0372303823723996,0.0969249464305463,0.9998775430425489,202,182,0.900990099009901,0.5846956705999975,ok,1406.893401854386,-472.40626062238016,-0.5550181806725021
718,-1.330543666288122,1.2471927709169677,0.14626643163285424,0.9999782375888173,194,177,0.9123711340206185,0.6695817230715723,ok,1408.2085809409737,-473.66964505553165,-0.7012846123053565
719,-0.46883989652565106,1.5296528282877944,0.2456585188652195,1.000144610392408,188,164,0.8723404255319149,0.8170536426724091,ok,1408.6520769641938,-475.20683726896846,-0.9469431311705764
720,-0.2567704599055105,0.9268764158025533,0.13294765460399646,1.0000596820747425,197,172,0.8730964467005076,0.5648499854454037,ok,1408.8913334108654,-476.13838829386043,-1.079890785774573
721,-4.395565048046592,4.047948406620776,0.3105867714454945,0.999610054191787,115,90,0.782608695652174,1.2838120207210775,ok,1413.1873764904358,-480.2918076385388,-1.390477557220068
722,-2.1104373208477227,11.62320829803366,0.0060856824810010335,0.9997980351276271,178,116,0.651685393258427,0.7399266086915256,ok,1415.0139036021758,-491.9629993315401,-1.396563239701069
723,0.6155671755043386,0.21460895126574542,-0.07790877774390768,1.0001153762930044,176,156,0.8863636363636364,0.7287667650687106,ok,1414.3935606880937,-492.1633855048889,-1.318654461957161
724,2.086650074665158,0.41322539617522125,-0.41540934644432703,0.9997423122177511,179,130,0.7262569832402235,0.7005529368428974,ok,1412.3006558342026,-492.54366571039986,-0.9032451155128337
725,0.36050178766549834,-0.04344112966987268,-0.10119556114399632,0.9999614383528268,196,176,0.8979591836734694,0.5313787295405974,ok,1411.9407974537764,-492.4951825515302,-0.8020495543688372
726,0.5972241851104627,0.29182702890580003,-0.1417510262737313,0.9998774368952844,190,163,0.8578947368421053,0.8167326834290881,ok,1411.3402498752073,-492.7801077135566,-0.6602985280951057
727,0.42475946151125754,0.0652571281341352,-0.10376041358162683,1.000125284230134,204,178,0.8725490196078431,0.687282191992058,ok,1410.9148765915986,-492.84123595995516,-0.5565381145134788
728,-0.2577391016798174,0.5375205995718488,-0.005472130960328913,0.9997809854640296,212,187,0.8820754716981132,0.6000735085123099,ok,1411.167434024215,-493.38121057299657,-0.5510659835531498
729,-0.7039832261834817,0.8940395370540273,0.07701268930049424,0.9998372225512474,210,184,0.8761904761904762,0.5699748708311849,ok,1411.8615746516746,-494.28291333215486,-0.628078672853644
730,1.7196039419759472,-2.8625280372092448,0.16562883470050044,1.0006264885770502,196,145,0.7397959183673469,0.8427196206400211,ok,1410.181788490108,-491.3968393669769,-0.7937075075541447
731,7.308544114377128,12.680446388586574,0.19524524171429747,0.9992703704398437,184,135,0.7336956521739131,0.7428082126943159,ok,1402.655473300682,-503.9492541687205,-0.9889527492684423
732,0.6658465502434865,3.60162372681566,0.1848513524052153,1.000260752269117,201,171,0.8507462686567164,0.6480076599845205,ok,1401.9159860852496,-507.5364820338335,-1.173804101673658
733,-1.116831009154339,-0.2239677349186877,0.09282904215779672,0.9998810487211371,220,199,0.9045454545454545,0.5657265930711508,ok,1403.0374950322482,-507.33725670639103,-1.2666331438314546
734,-1.2434744901352133,-0.41967024125756325,-0.027916791190380118,0.9998991993967494,231,210,0.9090909090909091,0.39686708678292126,ok,1404.2897513562207,-506.9445659653675,-1.2387163526410747
735,-1.2239004853563529,-0.16964374042913732,-0.14650704028395478,0.9997700421982906,208,185,0.8894230769230769,0.7004170123439082,ok,1405.516663138196,-506.79828241888185,-1.0922093123571197
736,-0.5637507919625477,0.10706187369351028,-0.09180677289832974,0.9998445355952967,226,189,0.8362831858407079,0.5398686422309085,ok,1406.0784587596477,-506.91517074146,-1.0004025394587897
737,-1.235758083891369,0.6667900193085643,-0.26493782634898516,0.9997373557230097,236,187,0.7923728813559322,0.6351895106589195,ok,1407.3055561680817,-507.59776793011986,-0.735464713109804
738,-0.9260732463426393,1.1432901028998685,-0.27800971799580504,0.9998012967174044,209,171,0.8181818181818182,0.6950746759515716,ok,1408.2224718571676,-508.7484153722535,-0.4574549951139987
739,-0.7279689650777073,1.6693237574678506,-0.1578566613440281,0.9996897314551971,215,168,0.7813953488372093,0.7688319692072177,ok,1408.9417020537774,-510.421522824167,-0.29959833376997036
740,-4.5830200824564145,5.847232421087483,0.029228933917852393,1.0001692513999298,211,164,0.7772511848341233,0.667504571908998,ok,1413.491088884379,-516.2949612998779,-0.3288272676878227
741,-1.5824458744305048,8.336901458730836,0.21469173562472457,0.9998364775467532,229,175,0.7641921397379913,0.5723885492550866,ok,1414.9943792623944,-524.6464988180512,-0.5435190033125478
742,0.6857784164442364,1.3631260394622586,0.2561389748697372,1.000173732132788,219,186,0.8493150684931506,1.1089603756300463,ok,1414.2896435604093,-525.9999212304076,-0.7996579781822853
743,1.2986229653783994,-0.23930346769111566,0.26550414230189545,0.9998332895357148,216,169,0.7824074074074074,0.4588514482251288,ok,1412.9956935324976,-525.7365183429422,-1.0651621204841812
744,1.1684336654088838,-0.1401933593411968,0.17664826454995386,0.9998774605256345,215,178,0.827906976744186,0.47869812742080686,ok,1411.8305725593805,-525.5710356354866,-1.2418103850341353
745,0.5321497074521631,0.11634994901578466,0.08813920194396671,0.9998696155861787,218,190,0.8715596330275229,0.6702010378490643,ok,1411.2958657333947,-525.6750030920382,-1.3299495869781022
746,0.2224422708311522,0.10527924091275054,-0.02742558927515762,0.9998349934527698,219,206,0.9406392694063926,0.3989856772367354,ok,1411.071087797831,-525.7751987112205,-1.3025239977029446
747,-0.4069464710992179,0.40604286613836393,-0.12917391584203944,0.9997733535079774,208,194,0.9326923076923077,0.6781535174336906,ok,1411.4696342404045,-526.1894896387024,-1.173350081860905
748,-0.2424093822278337,0.150788797264795,-0.08517529738924297,1.00001944836402,231,201,0.8701298701298701,0.6511167490803371,ok,1411.7091362610367,-526.3448548603118,-1.088174784471662
749,-0.7562293913099438,1.2183424326166232,-0.24366145666505745,0.9997175910861474,222,176,0.7927927927927928,0.6308607712497634,ok,1412.4473263523746,-527.5742110188135,-0.8445133278066046
750,10.592684380997525,3.343823738347851,-0.2999885719152229,0.9999671004070622,179,116,0.6480446927374302,1.2283134993196345,ok,1401.823341954117,-530.8172150419605,-0.5445247558913814
751,-4.006712497393892,10.22598271344907,-0.11352990783455724,0.9996537629894223,224,174,0.7767857142857143,0.40596436776655886,ok,1405.7530191215722,-541.073047765446,-0.4309948480568239
752,-6.983969400095248,0.699455525063513,0.0487915483930738,1.0001739899262199,228,176,0.7719298245614035,0.48926235582457533,ok,1412.7308865914104,-541.8309608121662,-0.47978639644989785
753,2.001109081272716,-0.08433565951315813,0.1043749483771612,0.9999404243968529,233,188,0.8068669527896996,0.4305039730651078,ok,1410.730741348487,-541.726227504044,-0.5841613448270592
754,4.460635574430853,0.11780435317257343,0.15938888366619253,0.9999130217780522,222,175,0.7882882882882883,0.5606289388840814,ok,1406.2689526318152,-541.786136111785,-0.7435502284932518
755,0.6090533432641223,0.5532185769384341,0.23383997456688443,0.9997194155588497,201,160,0.7960199004975125,0.580540210664283,ok,1405.650551183809,-542.3288850573531,-0.9773902030601366
756,-0.8372704437297216,0.7846256044878146,0.18809497190739097,0.9998098241202741,219,204,0.9315068493150684,0.7916234585404722,ok,1406.4716890079353,-543.1303785438832,-1.165485174967528
757,-1.074712341693612,1.1994198464757346,0.10654243676811435,0.9996246906991914,210,198,0.9428571428571428,0.7550897929089001,ok,1407.519510287805,-544.3533606169166,-1.272027611735642
758,-0.6324638748478719,1.4728893344174594,0.00781663620728648,0.9998669462400067,209,189,0.9043062200956937,0.8794868622423119,ok,1408.1189184572438,-545.8400089918989,-1.2798442479429286
759,2.2640925999571664,-1.7951528770738605,-0.12582196282779318,1.0006023370794732,212,186,0.8773584905660378,0.9268669786336297,ok,1405.8914396962182,-543.9996211190776,-1.1540222851151354
760,3.0238458005692337,9.996474098140084,-0.23793313961593965,0.9996952387034728,191,152,0.7958115183246073,0.7216755216729451,ok,1402.7081558629807,-553.9464719703499,-0.9160891454991954
761,-6.732722815368561,3.5482528655821852,-0.12709379163865656,1.000127422389987,225,175,0.7777777777777778,0.5610889555997104,ok,1409.391380421805,-557.5870988947985,-0.7889953538605389
762,-5.260404331186237,0.1381880439695351,-0.0880356582568974,1.000362286832713,215,165,0.7674418604651163,0.5329897785962996,ok,1414.6497005321362,-557.7896310659469,-0.7009596956036414
763,-0.24189288275192666,0.06425558958585498,-0.04999675559062834,0.9999194754807867,208,190,0.9134615384615384,0.45221136662658923,ok,1414.8908477822458,-557.8566307023904,-0.6509629400130129
764,0.24686053638697558,0.133646783846757,-0.005816094878809391,0.999985621525079,250,238,0.952,0.2364574823598043,ok,1414.64249807243,-557.9874894387905,-0.6451468451342036
765,1.4618507039278938,0.9741948224932457,0.07317725647450042,0.9999822542380646,224,197,0.8794642857142857,0.6849888978298263,ok,1413.1685489753086,-558.9432807820455,-0.7183241016087042
766,0.6892614990642869,1.1924628342864025,0.10996382971088739,0.9998528142769391,215,189,0.8790697674418605,0.8313591641787073,ok,1412.46212143651,-560.1256551549385,-0.8282879313195917
767,0.1615056538225872,0.7911223419864655,0.10777817828787015,1.0000558817023293,205,185,0.9024390243902439,0.5733013112842561,ok,1412.2877130007146,-560.9140334484816,-0.9360661096074618
768,-0.29818726364464965,1.9450687262735755,0.386492264181174,0.999759022141544,195,155,0.7948717948717948,0.7260299065192698,ok,1412.5409267962707,-562.8654664521658,-1.322558373788636
769,2.4678558831976716,-0.3960453196209528,0.20176388938841106,1.000234423811719,195,151,0.7743589743589744,0.6893407195755162,ok,1410.0844795532194,-562.4039130993093,-1.524322263177047
770,-3.3049502683916216,14.302391470070688,0.028445149725176335,0.9995894789862091,162,117,0.7222222222222222,0.6147241680443138,ok,1413.0006559295466,-576.7906088068665,-1.5527674129022235
771,7.504851034337662,4.6634826744464135,-0.2605363653138699,0.9996454194498208,190,142,0.7473684210526316,0.6797664263051686,ok,1405.3925437464854,-581.2836577396538,-1.2922310475883536
772,5.46064160227661,-0.24167228165322285,-0.380334675826593,0.9996324346377533,213,159,0.7464788732394366,0.7692653974734341,ok,1399.9364399321867,-580.9551103795565,-0.9118963717617603
773,-0.25679656768215864,-0.4389685960119323,-0.3034809755998463,1.0000795276405199,203,162,0.7980295566502463,0.5060255388468143,ok,1400.197883276713,-580.5188933658343,-0.6084153961619135
774,-1.4495030590010174,-0.4565343701915481,-0.1582710165181603,0.999681637196589,218,194,0.8899082568807339,0.9587366392287703,ok,1401.6509283270152,-580.0737609911282,-0.45014437964375303
775,-1.874001928676762,-0.02503584253850022,-0.06902945137280428,0.9997055243375527,213,182,0.8544600938967136,0.7755487933927276,ok,1403.5250553279473,-580.0611909285061,-0.3811149282709488
776,-1.9494748396914474,0.292486423426908,0.0340291140597671,0.9997605102003985,222,197,0.8873873873873874,0.6378275712256771,ok,1405.472359764986,-580.3677947249073,-0.4151440423307159
777,-1.3178280431443454,0.8831305240861411,0.14238804038035813,0.9997315743291486,194,176,0.9072164948453608,0.720744350197621,ok,1406.7815320125808,-581.2637067183518,-0.557532082711074
778,-0.7151221492736113,1.6662860134985067,0.21708852292731134,0.9997244420912819,200,178,0.89,0.877244153303362,ok,1407.4740618397511,-582.9395083789433,-0.7746206056383854
779,1.6439864009612393,-2.4228512972741783,0.1421593101826036,1.0006106875484908,215,163,0.7581395348837209,0.8430942226642373,ok,1405.869051859097,-580.4906632108592,-0.9167799158209888
780,-5.8702866246599115,12.13670945829972,0.4210649201508396,1.0001365525318258,180,127,0.7055555555555556,0.7672802527585285,ok,1411.4543743233105,-592.7611218209354,-1.3378448359718285
781,-0.529430761619551,3.434599329348316,0.2475055683526848,1.000251029526872,240,218,0.9083333333333333,0.736177634615958,ok,1411.8885806202998,-596.2090537193585,-1.5853504043245137
782,1.460978820531409,-1.1015494254029363,-0.04228775582410913,1.0003343899631612,241,222,0.921161825726141,0.7999890232115794,ok,1410.4577944152759,-595.0685621208974,-1.5430626485004044
783,0.27694843429844695,-0.04002542602529502,-0.09426056956620907,0.9999242838312637,246,221,0.8983739837398373,0.4444076268038001,ok,1410.1819465064584,-595.0215472169829,-1.4488020789341955
784,0.4620051045976652,0.0019494668239303792,-0.36893861766116387,0.9997286396916961,213,172,0.8075117370892019,0.3984818704171236,ok,1409.7199867154543,-595.0147893629996,-1.0798634612730318
785,0.01591352836067017,0.9888677996822253,-0.3793340380652902,0.999705073583845,212,161,0.7594339622641509,0.6072113332488804,ok,1409.6919842411562,-596.0033886888474,-0.700529423207742
786,-0.1784025663180273,1.6210373807795122,-0.3256445517296642,0.9995034044632417,204,163,0.7990196078431373,0.7164731105260489,ok,1409.8597766568312,-597.6255586462795,-0.37488487147807803
787,-0.7810458116771315,2.2556681142133357,-0.17525116931843304,0.9995603220709423,206,168,0.8155339805825242,0.8331855461449742,ok,1410.63295839706,-599.883934433874,-0.19963370215964515
788,-0.7768998773422027,2.219129833036618,0.033559962956136724,0.9996873092184811,218,186,0.8532110091743119,0.8777781072445598,ok,1411.4008200124008,-602.1062078587644,-0.2331936651157818
789,11.769493755930853,3.3844784916404933,0.133464336928887,1.000252504960414,186,141,0.7580645161290323,1.2302382650951427,ok,1399.6099088010494,-605.4152999906502,-0.3666580020446686
790,-0.908212440201396,4.32926629806343,0.166591674700932,0.9999534815276471,236,217,0.9194915254237288,0.531603792560796,ok,1400.477790169241,-609.7528313676927,-0.5332496767456003
791,-8.212374241168618,3.809346338858745,0.43184195378562834,1.000061562244681,222,186,0.8378378378378378,0.699200372785463,ok,1408.6248377287832,-613.6999602316831,-0.965091630531228
792,-3.325310667485155,0.4640562419431262,0.1950861542360225,0.9996441323312615,254,235,0.9251968503937008,0.7344672155336102,ok,1411.940070702885,-614.2312506968739,-1.1601777847672505
793,3.4099445630442915,0.34089593882902136,0.08451519167872625,0.9999196070030654,257,214,0.8326848249027238,0.45688034189186316,ok,1408.5235257010825,-614.4979944218263,-1.2446929764459767
794,3.003488623798148,0.3780630510634637,-0.011784171132738157,1.0002274848087558,274,258,0.9416058394160584,0.6235962785083504,ok,1405.5125977619934,-614.811344911658,-1.2329088053132382
795,-0.41290025539569797,0.9232808399832493,-0.08053007636713502,0.9995864404655412,283,267,0.9434628975265018,0.5615941580306618,ok,1405.906845992267,-615.7427430345422,-1.1523787289461036
796,-1.3818358377318418,1.1797181918254864,-0.12343130322336915,0.9995887545115972,271,246,0.9077490774907749,0.8265442288662979,ok,1407.2672741546507,-616.9470853901691,-1.028947425722735
797,-1.0328485002528396,1.7585540848097025,-0.2916644808157598,0.9995988959421189,271,219,0.8081180811808119,0.6957070104609638,ok,1408.2774086678828,-618.7187842242978,-0.7372829449069753
798,-0.7057692185219366,2.2826024472187783,-0.33950229617848804,0.9995552129491756,251,196,0.7808764940239044,0.5954174655353007,ok,1408.967313850223,-621.0062314829777,-0.3977806487284878
799,-3.664090356640145,0.009362613553321353,-0.2556804928563146,1.0012283391474792,217,130,0.5990783410138248,1.4119398584447342,ok,1412.631369717668,-621.0246814260281,-0.1421001558721735
800,-2.627184743103271,8.617935900261045,0.06921269258907045,0.9998524319963821,252,196,0.7777777777777778,0.6233791676976441,ok,1415.2267528130908,-629.6522480263735,-0.21131284846124385
801,0.679552920524884,2.858898463603282,0.23142491735592224,1.000360859101161,253,218,0.8616600790513834,0.6433529888235373,ok,1414.5251290294618,-632.5058101271928,-0.4427377658171658
802,1.477358932025254,0.9719259154566089,0.36562649107982104,0.9999585921348866,254,198,0.7795275590551181,0.3913919257915058,ok,1413.0342050550405,-633.4567965107268,-0.8083642568969863
803,1.1409632243260148,0.8431889642014312,0.4078532701393434,0.999856058762209,264,211,0.7992424242424242,0.4818893081245149,ok,1411.875601843554,-634.2755781097804,-1.2162175270363291
804,0.3485171880147391,0.77094696864242,0.15171544154477817,1.0001851867549194,274,253,0.9233576642335767,0.6839288156769312,ok,1411.508779420798,-635.0379853296859,-1.3679329685811072
805,0.39754456470336663,1.3310105853694267,0.2282661301652775,0.9999945406836813,291,264,0.9072164948453608,0.7183757125260309,ok,1411.0743133831106,-636.3574057029509,-1.5961990987463843
806,-0.11300929111075675,0.6556250543428632,0.050215036174703236,0.9998775992508275,352,336,0.9545454545454546,0.3135111347843415,ok,1411.168438999236,-637.0160070088626,-1.6464141349210872
807,-0.5710656037731496,1.359029765965488,-0.0763185498000214,0.9994581816345535,309,277,0.8964401294498382,0.8653587609267469,ok,1411.702052907124,-638.3901736748467,-1.5700955851210658
808,1.798842407990378,-5.45845424276763,-0.6232022508391057,1.0010748655571227,275,217,0.7890909090909091,1.1993851893406144,ok,1409.9936606719343,-632.9027377800122,-0.946893334281961
809,-4.641382601847226,8.761636063691867,-0.14524184471508036,0.9994763162324478,247,203,0.8218623481781376,0.7640166504056671,ok,1414.5120049176771,-641.7284538555654,-0.8016514895668808
810,4.598375966337926,10.000407414455594,-0.37472308505943996,0.9994349105599414,245,196,0.8,0.7576813663191526,ok,1409.839241196671,-651.69432005929,-0.42692840450744146
811,7.479768324778661,1.973428535338826,-0.2741658986551075,0.9997826575836036,272,216,0.7941176470588235,0.5780802871494678,ok,1402.3542378913771,-653.6477989806485,-0.15276250585233453
812,0.7809018283758178,0.5452086833478234,-0.009367352795572001,1.0000422290287854,270,251,0.9296296296296296,0.38740394805422,ok,1401.5719740067098,-654.1910515818419,-0.14339515305676254
813,-1.3188768262846224,0.6448418891479832,0.18165368936258308,0.9998355159181094,267,255,0.9550561797752809,0.588331587285455,ok,1402.8871713294327,-654.843365269582,-0.32504884241934523
814,-2.1409507167873016,0.9523691790363955,0.32089400886891084,0.999720388729969,312,278,0.8910256410256411,0.722883906065289,ok,1405.0172493707257,-655.8198101286973,-0.6459428512882555
815,-1.1426574642086962,0.5437117801659497,0.16159977982593535,0.9999035186560326,324,301,0.9290123456790124,0.5288427663167512,ok,1406.1521303719826,-656.3795723044377,-0.8075426311141903
816,-2.0607723480634377,1.0135809488150471,0.22219525515048288,0.9997100581977723,283,258,0.911660777385159,0.6983401899055748,ok,1408.194354492969,-657.4300244213881,-1.0297378862646727
817,-1.1171322381253503,1.1300023665542085,0.1518088283086743,0.9997610521863131,286,266,0.9300699300699301,0.5241791428177895,ok,1409.287948080494,-658.5828222576112,-1.1815467145733465
818,3.499303054148868,-3.1411489303354756,0.01624280075942214,1.001215419735383,271,223,0.8228782287822878,1.388061347836151,ok,1405.8550717567052,-655.3692107980702,-1.197789515332769
819,-8.682611651076968,8.728666946154135,0.03964478755465347,0.9995469125724288,271,230,0.8487084870848709,0.5582170443400492,ok,1414.3471575040014,-664.2833485242259,-1.2374343028874222
820,5.351310295804296,9.129194346755412,-0.2469843407757252,0.9994615926742572,290,228,0.7862068965517242,0.710163808991349,ok,1408.8388417570234,-673.3186774576076,-0.9904499621116977
821,5.7971079048707,0.15154096693186148,-0.2614865088912,1.0000029345344321,290,237,0.8172413793103448,0.5153212197268607,ok,1403.040275059345,-673.3964526332729,-0.7289634532204982
822,-2.169257211623517,-0.5246872881580202,-0.1470675663488376,0.9996339791215789,297,280,0.9427609427609428,0.6083857248743103,ok,1405.2147490306895,-672.8938229997658,-0.5818958868716609
823,-6.4237139987772025,0.39372800296700916,-0.07141282069717106,0.9999367141882839,292,244,0.8356164383561644,0.4747113687869077,ok,1411.6347001535817,-673.3447674066286,-0.5104830661744899
824,-0.3353237179023836,0.2564171903651413,0.009082517983741876,0.9998168464726562,323,310,0.9597523219814241,0.3390474245040731,ok,1411.967684891998,-673.6042147717804,-0.5195655841582318
825,-0.1239208304798467,1.2819873292310149,0.08799855312164766,0.999708578968981,328,310,0.9451219512195121,0.5269701799158253,ok,1412.0780048234546,-674.887444056538,-0.6075641372798793
826,-0.17659196815839096,1.956182687904743,0.16891787873686767,0.9998074493007183,290,267,0.9206896551724137,0.7015769170207434,ok,1412.2280708708358,-676.8458402404343,-0.7764820160167468
827,-0.952974726130833,2.696842546723474,0.2499777113237968,0.9995681577497063,276,260,0.9420289855072463,0.8969955343637321,ok,1413.1325810474113,-679.5593217478219,-1.0264597273405434
828,3.8976936332824152,-5.795327218556622,0.09959586464787899,1.001500061691257,295,238,0.8067796610169492,1.6966948717422436,ok,1409.3495305644713,-673.6885158174067,-1.1260555919884223
829,7.425489386975869,12.707751620408999,0.1463571581430323,0.9993492571518522,270,229,0.8481481481481481,0.8349269492023501,ok,1401.6436842686157,-686.2282437549161,-1.2724127501314544
830,-7.695409307306818,4.553766314343079,0.12419406604762102,0.999769646053535,270,222,0.8222222222222222,0.6343269774602815,ok,1409.2258187128486,-690.968217312038,-1.396606816179075
831,-4.067117166315711,0.5089153796482151,-0.06428286299572207,0.9994770403478916,308,277,0.8993506493506493,0.7899362692196049,ok,1413.2800033712901,-691.5715610477635,-1.3323239531833528
832,4.005095036546209,0.3072134618792006,-0.318430407836622,0.9998092227249382,298,253,0.8489932885906041,0.4195186578639672,ok,1409.2700992991088,-691.8078568260395,-1.0138935453467313
833,2.95735434520725,0.6151081486474368,-0.3263049621226455,0.9997481219888161,288,249,0.8645833333333334,0.4611206682047181,ok,1406.3055763634038,-692.3874312572625,-0.6875885832240863
834,-0.8039427746412002,0.8990906780187515,-0.28190299387057544,0.9997432570930606,270,221,0.8185185185185185,0.5288539445123642,ok,1407.10313298298,-693.2921917066458,-0.40568558935351146
835,-1.5543220516974543,1.09507802676535,-0.13964648207135807,0.9996976688226344,302,257,0.8509933774834437,0.5666608821012252,ok,1408.6523535673011,-694.3944750215036,-0.2660391072821536
836,-1.1526007075194684,1.5438065870387163,0.030092965268583842,0.9995948289063673,297,276,0.9292929292929293,0.6214540118159475,ok,1409.7969597825775,-695.944218155416,-0.29613207255073737
837,-0.9354753624415935,1.9646793654353587,0.18540701358883868,0.9997808982618138,242,230,0.9504132231404959,0.7276632869914716,ok,1410.7158902662934,-697.9166901904018,-0.4815390861395756
838,2.4792183777535683,-5.086461456011648,0.10526764766329476,1.0009960201474655,279,228,0.8172043010752689,1.1218597913697845,ok,1408.2888950635543,-692.8051045074686,-0.5868067338028702
839,-5.741616134116612,12.60700489785836,0.41301926869471994,0.9995068068044929,266,217,0.8157894736842105,0.7160133549404772,ok,1413.8096527320602,-705.5103775502571,-0.9998260024975896
840,8.76084554413319,4.732172601280126,0.4798238808284193,0.9999266107969838,259,210,0.8108108108108109,0.4703808094961498,ok,1404.9295347608188,-710.0147506468492,-1.4796498833260086
841,0.4469585045751501,0.1803272781683063,0.0705395641852267,1.0000707976068146,294,272,0.9251700680272109,0.4001368328164052,ok,1404.4778615146874,-710.18292053355,-1.5501894475112348
842,-2.97943765567652,0.2620385551697382,0.062057241618634955,0.9996303809278043,293,271,0.9249146757679181,0.49277085846420976,ok,1407.4487471494745,-710.5286827256349,-1.6122466891298697
843,-3.4076146248578425,0.45069339002748166,-0.15237751102372607,0.9999555823605544,297,256,0.8619528619528619,0.3614894058946817,ok,1410.8437735015361,-711.0660448308935,-1.4598691781061437
844,-0.7445307892362507,0.8982038945630393,-0.3165763022967412,0.9997824693854894,278,231,0.8309352517985612,0.474813404746535,ok,1411.570234297142,-711.9789254609742,-1.143292875809403
845,-0.4286316393004199,0.9384437681057989,-0.4120967347967447,0.999637580187121,301,254,0.8438538205980066,0.5513429182812727,ok,1411.9868551448285,-712.9227627654814,-0.7311961410126591
846,-0.19766961197751698,0.53457324499891,-0.14293260975309996,0.9997575738385346,293,268,0.9146757679180887,0.5996372464624418,ok,1412.1790258988106,-713.4593372999891,-0.5882635312595595
847,-0.9932231989184857,1.6318619638492464,-0.19916628871098144,0.9996213404307501,264,218,0.8257575757575758,0.5769429977715441,ok,1413.1611442599558,-715.0979065895306,-0.38909724254857864
848,-2.3003618581192313,0.6881132724187182,-0.058924593569446605,1.000359269021083,262,225,0.8587786259541985,1.194005113865482,ok,1415.4575026240057,-715.7992644281743,-0.3301726489791322
849,4.755440031477292,8.029507999239058,0.09149953512259867,0.9995867892541421,274,218,0.7956204379562044,0.5856681083792544,ok,1410.643098200479,-723.7935573080697,-0.42167218410173063
850,8.57499335195007,1.991812864614758,0.21169756160067182,0.9998313507480502,280,221,0.7892857142857143,0.5339159609749345,ok,1402.0466109503766,-725.6904591063856,-0.6333697457024019
851,1.7351623253730395,0.6809284549527774,0.2620784754351919,0.9998967638147406,292,256,0.8767123287671232,0.30697693532253495,ok,1400.3010190573455,-726.3441874896937,-0.895448221137593
852,-1.1557662498855734,0.9641343628065897,0.15798928097012677,0.9998474487797456,277,259,0.9350180505415162,0.568135162764746,ok,1401.4388644329817,-727.3294075641247,-1.0534375021077194
853,-2.0734187635684975,1.127791598037902,0.1215836906173805,0.9996116142472415,275,256,0.9309090909090909,0.5367039704468729,ok,1403.488720079067,-728.4994806763423,-1.1750211927250998
854,-2.666545396244146,0.8524669396230138,0.05352432037327797,0.9995511346248566,309,287,0.9288025889967637,0.5517099875834696,ok,1406.1363751693193,-729.4089237787084,-1.2285455130983773
855,-1.9395812553848373,1.1038437177357991,-0.04371920850168478,0.9994647557806539,275,257,0.9345454545454546,0.6783736875284062,ok,1408.0527168418341,-730.5526374638621,-1.184826304596693
856,-1.1781491401770836,1.5132451869532133,-0.13792830130213726,0.9996421532121039,266,229,0.8609022556390977,0.45672692292503453,ok,1409.2030211186857,-732.0871557801407,-1.0468980032945556
857,2.6007891680283137,-4.635910956552607,-0.24640277386662437,1.0011059456728573,274,259,0.9452554744525548,1.2127436411622794,ok,1406.6672532699818,-727.4153621084234,-0.8004952294279317
858,-7.154030614095063,6.028634588223667,-0.0205225477842998,0.9997707688479262,271,223,0.8228782287822878,0.4927562026209606,ok,1413.7385551964826,-733.540823567775,-0.779972681643632
859,6.6254976600091595,6.903476774864544,-0.23661657810919678,0.999714022868799,290,236,0.8137931034482758,0.6426899583174966,ok,1407.0478883369353,-740.3811589249367,-0.5433561035344359
860,3.3205042892213896,0.09094417630444696,-0.02243361185499847,1.000265865551636,279,261,0.9354838709677419,0.42465675011279175,ok,1403.7266944489463,-740.4419103555828,-0.5209224916794374
861,-0.8590656619232959,0.20810539903322933,0.04938676832120061,0.9998945251664384,277,266,0.9602888086642599,0.42093224935861995,ok,1404.583646154153,-740.6585562499499,-0.5703092600006379
862,-6.359341035967873,1.278896452706249,0.3032197822924655,0.9998423614930745,273,235,0.8608058608058609,0.413381929198263,ok,1410.9227508781275,-742.0342545624336,-0.8735290422931025
863,-0.7286793941050291,0.7523628189452438,0.12730795656397442,0.9999289594148829,273,255,0.9340659340659341,0.4267664478390333,ok,1411.6381775741404,-742.7992304531366,-1.0008369988570767
864,-0.43793507725263225,2.5854795297052533,0.4573087526614601,0.9994956924029524,293,240,0.8191126279863481,0.6694170607914501,ok,1412.0101789245314,-745.39501675515,-1.4581457515185352
865,-0.18570296107327522,1.292639723028401,0.09872320115515627,0.99985478592353,280,270,0.9642857142857143,0.3758762195098453,ok,1412.1606934166361,-746.6922246918235,-1.5568689526736914
866,-0.8622392856443639,2.5978915770801905,0.06272515315895238,0.9995341688271925,285,258,0.9052631578947369,0.7225823563015754,ok,1412.9491627738078,-749.3134483192109,-1.6195941058326435
867,3.282897979783911,-5.69520477976539,-0.2597795266255804,1.00137559252891,237,201,0.8481012658227848,1.5890489849840903,ok,1409.8023423067143,-743.5419409271152,-1.3598145792070642
868,-3.6909561772242796,12.406741343681006,-0.31200347559123304,0.9993268262565624,228,176,0.7719298245614035,0.7127697239748327,ok,1413.2658025127905,-756.0141031964301,-1.047811103615832
869,7.683049216263498,3.982154996898771,-0.43383493370995296,0.9996648754313191,295,244,0.8271186440677966,0.5498034181837133,ok,1405.5405228362895,-759.9137003036572,-0.6139761699058802
870,4.091233653351992,1.0819621901538312,-0.32761312659477704,0.9998780894872583,271,217,0.8007380073800738,0.5245646518560311,ok,1401.4439326812287,-760.9752011697427,-0.28636304331110435
871,-0.6387416639302046,0.859707764176278,-0.11754118306497263,0.9997306172858053,274,250,0.9124087591240876,0.5752714731750919,ok,1402.0801384494825,-761.8367872498679,-0.16882186024613208
872,-1.7068889636018412,1.2182064832271635,0.05183736298930814,0.9997039403084611,271,257,0.948339483394834,0.48694569314508196,ok,1403.7823231731145,-763.0615583045868,-0.22065922323544002
873,-2.297369927485306,1.6041313589926176,0.21280770367992521,0.9997229053851604,264,249,0.9431818181818182,0.6091702352491238,ok,1406.0674915353388,-764.6830241712967,-0.43346692691536465
874,-2.301143527008662,1.8621581486514742,0.343147821363703,0.9996502512416261,270,250,0.9259259259259259,0.6964501666608418,ok,1408.343183857227,-766.5762011198628,-0.7766147482790667
875,-1.4730648718118573,1.7668824636327827,0.39618656124903245,0.999756250800582,250,216,0.864,0.6082502187399084,ok,1409.7797759168086,-768.3728638626184,-1.1728013095280982
876,-0.27576661577472805,1.0538438195650315,0.1627848175017253,0.9998771756224725,262,242,0.9236641221374046,0.4796592465783367,ok,1410.0309043434675,-769.4328490208799,-1.335586127029823
877,0.9329528983048476,-7.779343098819595,0.13076239891885882,1.00075434044775,247,189,0.7651821862348178,0.9050785797014874,ok,1409.2973289210508,-761.6321793535222,-1.4663485259486817
878,3.4030568658240554,12.708286977475495,0.03461804727879211,0.9997207830972984,238,190,0.7983193277310925,0.5444499490202233,ok,1405.562561215981,-774.246966871474,-1.5009665732274735
879,-9.036985892972098,6.204316126687445,-0.1722799230615739,1.0000305373607281,250,198,0.792,0.48073373083965,ok,1414.4532523618905,-780.6591633420834,-1.3286866501659
880,-1.2461578636018658,1.307213123536485,-0.3409727165173969,1.0000608288003492,260,221,0.85,0.39153604717709733,ok,1415.676691316367,-781.9876635099542,-0.9877139336485042
881,0.778991463580951,1.2281239340796901,-0.319227609648997,0.9998746063561696,257,233,0.9066147859922179,0.32448020538529004,ok,1414.8834243227573,-783.2066153443762,-0.6684863239995081
882,1.204292712478491,1.1727262610777416,-0.24743989674121597,0.9997366791854231,253,222,0.8774703557312253,0.40675273567648557,ok,1413.6705462544833,-784.3704600987351,-0.4210464272582928
883,0.43649852869884853,0.5262905832563547,-0.062018243163714105,0.9999393916745741,264,246,0.9318181818181818,0.3504571307380252,ok,1413.2307584623768,-784.8940051698559,-0.3590281840945788
884,0.6334702438352906,1.9800715956761223,0.03818274033397311,0.9995652734329112,265,245,0.9245283018867925,0.7630078105036032,ok,1412.583576430705,-786.8696375981453,-0.3972109244285519
885,-0.17096182881277855,0.8709029813603593,0.0833260381048751,0.9997781086567643,267,252,0.9438202247191011,0.39555767253091256,ok,1412.7472281107214,-787.7419437814784,-0.4805369625334267
886,-1.1974571173436743,2.044466093708138,0.2846790871345895,0.9996412856918565,244,226,0.9262295081967213,0.6536105070918978,ok,1413.9172742981182,-789.802219752206,-0.7652160496680155
887,-2.637728296809655,1.192886124751908,0.31788764076704457,1.0008421423820633,237,207,0.8734177215189873,1.104105182970473,ok,1416.5319826628704,-791.0447526659398,-1.0831036904350593
888,4.5376793962464035,7.402147455456316,0.17014587002505233,0.9996090963904315,265,224,0.8452830188679246,0.4963676274826222,ok,1411.833492020652,-798.3458831907573,-1.253249560460111
889,7.9139075010120905,1.915436909556547,0.02929733174394976,0.999688356654235,251,209,0.8326693227091634,0.6216588936818911,ok,1403.878694325624,-800.0837048502617,-1.2825468922040606
890,1.5745249975504976,0.6063851409124936,-0.033156465050421365,0.9999872872779391,273,249,0.9120879120879121,0.3694196693956454,ok,1402.2913218847366,-800.655614494298,-1.2493904271536393
891,-1.4846281931147587,0.6336403190776991,-0.12345265884979167,0.9998095748619639,228,216,0.9473684210526315,0.5504278451380661,ok,1403.763212356319,-801.318305497268,-1.1259377683038478
892,-2.4073726801284465,1.0631883571151093,-0.2094865362716114,0.9998078503994258,268,229,0.8544776119402985,0.3744213852277343,ok,1406.1532720184925,-802.4198623568917,-0.916451232032237
893,-1.2839490843139174,0.4552100600326412,-0.13614086947316234,0.9997275950695922,267,249,0.9325842696629213,0.5235919678723381,ok,1407.4309027259499,-802.8925157449346,-0.780310362559075
894,-2.6482045782186105,1.4605882037891433,-0.3147058085925966,0.9997719404846452,243,211,0.8683127572016461,0.4221513566802058,ok,1410.0671507698125,-804.3745756763732,-0.4656045539664795
895,-1.4876270613397082,1.545209606954586,-0.1654123909549258,0.9998628122728229,254,226,0.889763779527559,0.4773304116283189,ok,1411.5466615690098,-805.927558225571,-0.30019216301155427
896,2.177428914013717,-0.9456423037040622,0.023557755417944616,1.0006476894858878,238,219,0.9201680672268907,0.798861903881975,ok,1409.37461074089,-804.969627517116,-0.3237499184294988
897,-6.596719868724449,8.15913415023806,0.16598732757490686,0.9998095168310106,251,223,0.8884462151394422,0.5314058270963393,ok,1415.9013500585575,-813.1848485724021,-0.4897372460044052
898,5.105488130078811,9.554664190611334,0.4120593988237681,0.9996151870196028,250,215,0.86,0.6083936647177206,ok,1410.646116582714,-822.6579757200815,-0.901796644828172
899,2.3709596600490386,-0.22125518573614045,0.16362045693845784,0.9999717389620894,272,242,0.8897058823529411,0.2839409935526289,ok,1408.2796808317087,-822.3926732452364,-1.0654171017666292
900,-0.6331795806436276,-0.7961582450499236,0.31884501115992103,0.9999698426462995,274,242,0.8832116788321168,0.36160414333731344,ok,1408.9319088846719,-821.6120434357667,-1.384262112926549
901,-4.5793200120917845,-0.5249957881593446,0.21985620836561565,1.000094431270319,285,247,0.8666666666666667,0.3779430075893615,ok,1413.524130750198,-821.2154445344671,-1.6041183212921641
902,-1.82324884007312,-0.03786435911035824,-0.004049316050511025,0.9997795357392942,301,289,0.9601328903654485,0.2943798628539866,ok,1415.347725952198,-821.2285052297975,-1.600069005241653
903,-0.40854068947146516,0.18476546740566846,-0.17754233745386866,0.9997250428526451,288,264,0.9166666666666666,0.534761557500973,ok,1415.7515538881385,-821.4233558676042,-1.422526667787785
904,-0.23408461536405412,0.9636816894710591,-0.31467038742074693,0.999719916702309,273,243,0.8901098901098901,0.4970831657286807,ok,1415.9669624088947,-822.3913833336183,-1.1078562803670389
905,-0.9118400547649799,1.5181002807664754,-0.2796830032938941,0.9997787432276929,259,231,0.8918918918918919,0.41337309585431686,ok,1416.856764821334,-823.9225046269044,-0.8281732770731455
906,-0.3882084534363912,0.7582357508651967,-0.10036565116785046,0.9998981368599592,273,252,0.9230769230769231,0.4506068564727957,ok,1417.2353106188075,-824.6856103446296,-0.7278076259052952
907,10.166074113753211,7.866952137417229,-0.3548510656269984,1.0005031102792135,251,206,0.8207171314741036,0.8070100097535151,ok,1407.0182437320907,-832.4862220546871,-0.37295656027829754
908,1.0074601091248496,3.4250022061668233,0.0039465537897104596,1.0000072348084572,260,235,0.9038461538461539,0.6138667500759977,ok,1405.9882752326025,-835.9045229299448,-0.37690311406800797
909,-1.0668170819187708,-0.3958690606142454,0.1220521806792702,0.9999698448698225,250,231,0.924,0.5344689956643084,ok,1407.0584992105532,-835.5179590459041,-0.4989552947472779
910,-1.3605941957011964,-0.6869670187895736,0.23997503762386238,0.9999889191437822,263,229,0.870722433460076,0.33195072228802996,ok,1408.4278396644634,-834.8485959369972,-0.7389303323711397
911,-1.3659954399593062,0.002289679564796643,0.18028370193063148,0.9998249286147323,270,249,0.9222222222222223,0.48657714702227445,ok,1409.7936225804178,-834.8727994720534,-0.9192140343017707
912,-1.385468031786104,0.29657278150250477,0.12603919245113201,0.9998028212721973,257,242,0.9416342412451362,0.4515085356345716,ok,1411.1734499591764,-835.1945967477689,-1.0452532267529024
913,-1.2847708987187616,0.893016781237634,0.08080303453888617,0.9998468039764539,264,250,0.946969696969697,0.5137400786663464,ok,1412.4404230641878,-836.112689545336,-1.1260562612917884
914,-0.9661069691271678,1.420347535399742,0.021542003558697266,0.9997210203093205,287,267,0.9303135888501742,0.509619504868846,ok,1413.3778894888646,-837.5521014042962,-1.1475982648504857
915,-0.8730139329629765,1.8797776172292515,-0.03595317226496608,0.9995797092055069,238,217,0.9117647058823529,0.6471003220920494,ok,1414.2142702044323,-839.4484622655277,-1.1116450925855197
916,-3.048281586726489,-1.0719483322812948,-0.14001595281414703,1.0009278428718777,240,204,0.85,1.5215134782606041,ok,1417.2802908574943,-838.4283587344803,-0.9716291397713728
917,-2.353056648204756,6.027328931691613,-0.08820548598378898,0.999753706582812,258,219,0.8488372093023255,0.3962449874197765,ok,1419.5401382077382,-844.4912507501823,-0.8834236537875841
918,-0.7454896466742866,4.619947982071949,-0.26093222229923274,0.9997867294575423,264,228,0.8636363636363636,0.42371667506533073,ok,1420.235391303721,-849.1190253020458,-0.6224914314883521
919,0.9665023645497968,0.556377923941568,-0.12115671534018634,0.9999262123209199,293,273,0.931740614334471,0.4676163894601462,ok,1419.2640577252196,-849.6669251963745,-0.501334716148166
920,1.193166555988455,0.8293164100165313,0.042463388400586985,0.9999509532705346,300,274,0.9133333333333333,0.4583285749653247,ok,1418.0630739295002,-850.4848799999373,-0.5437981045487529
921,0.0008220618278755865,-0.0009120089229099904,0.00011034954013910385,0.9999984213127283,441,440,0.9977324263038548,0.002673831473673064,ok,1418.0622605622775,-850.4839602283977,-0.543908454088892
922,0.3163176634297997,0.4227597794219946,0.0702456756705884,0.9999621076824641,298,287,0.9630872483221476,0.37474172196400257,ok,1417.7414295904464,-850.9033051732921,-0.6141541297594802
923,0.4120579947202714,1.6439215026591683,0.3560965270655544,0.9997180079040816,271,234,0.8634686346863468,0.5407973700186969,ok,1417.3015937268326,-852.5400134890883,-0.9702506568250336
924,-0.8963959233710739,2.478494662286721,0.2851560051795514,0.9997352353851894,301,270,0.8970099667774086,0.8453288931612701,ok,1418.1434725819693,-855.0375525649978,-1.255406662004584
925,-0.3419671527021819,0.8260378917502749,0.04701551394153875,0.9999201594028988,282,265,0.9397163120567376,0.2940246049780068,ok,1418.4665758783306,-855.871149825079,-1.3024221759461228
926,10.601910429381633,1.8167566306366325,-0.14027435451907316,1.000643345803952,230,180,0.782608695652174,0.8990769962719696,ok,1407.8299989496513,-857.4725057030415,-1.16214782142705
927,-3.9071410991023185,9.91938214814968,-0.06497313195400432,0.999777917639301,235,196,0.8340425531914893,0.5264695977475073,ok,1411.546485980961,-867.4648836940619,-1.0971746894730459
928,-5.834820963263155,1.3697002425011533,-0.09879626820518395,1.000061322952779,275,234,0.850909090909091,0.46660011177679517,ok,1417.3565553463006,-868.9360425561784,-0.998378421267862
929,0.3798982891257765,-0.3021682445458964,-0.1934784655460613,0.9999534406494573,284,254,0.8943661971830986,0.32143476570165985,ok,1416.9809393096696,-868.6285674334152,-0.8048999557218014
930,4.285869473835646,-0.19605441458634232,-0.20985574280322059,0.9999773768283737,248,209,0.842741935483871,0.4540081079755249,ok,1412.6973370495996,-868.3880135771637,-0.5950442129185812
931,0.8921432738620751,0.2576157635231766,-0.09866237344799685,0.9998075713605773,272,258,0.9485294117647058,0.5245060327288277,ok,1411.8029954303745,-868.63789068863,-0.4963818394705847
932,-0.5430463157774739,0.4669662616729511,0.024180071082855827,0.9997981981231648,285,273,0.9578947368421052,0.2997803377914509,ok,1412.3417767603623,-869.1097714670865,-0.5205619105534405
933,-1.6062197020116855,1.1468760006605407,0.13242340832984004,0.9996599245162746,282,261,0.925531914893617,0.6827642357160836,ok,1413.9348217819804,-870.2748782652468,-0.6529853188832803
934,-1.1615926627716817,1.7641800926929818,0.2094412770895926,0.9997233527200403,296,270,0.9121621621621622,0.5547614281349393,ok,1415.0697290972128,-872.0563423539926,-0.8624265959728723
935,0.58067872023571,-5.325562460708056,0.15583504466133843,1.0004559843693652,263,222,0.844106463878327,0.7075922998797753,ok,1414.5837830879134,-866.7213016067177,-1.0182616406342102
936,3.629909013435963,15.141010252741808,0.13386983796359195,0.9995895402746258,241,196,0.8132780082987552,0.5315600231812141,ok,1410.6501656281343,-881.7862637573365,-1.1521314785978016
937,-7.9053645388369205,4.918946746123652,0.16937027518676367,1.0000361668585984,254,209,0.8228346456692913,0.6384944212983577,ok,1418.4399842696394,-886.8862197488683,-1.321501753784565
938,-5.2746459402249,0.07625469720790079,0.04214066910892573,1.000278601867042,275,233,0.8472727272727273,0.49142795590534877,ok,1423.7113216945847,-887.0879778365545,-1.3636424228934907
939,-0.04361022348643928,-0.09259620501779864,-0.04162450633558682,0.9999516897594015,286,269,0.9405594405594405,0.2864011068122685,ok,1423.7570566447969,-886.9964124331241,-1.322017916557904
940,1.4493556947111301,-0.05484442027136538,-0.27278136574193523,0.9998880119580145,278,239,0.8597122302158273,0.36104888893829734,ok,1422.308948255403,-886.9150371740207,-1.0492365508159696
941,0.5157527963106077,-0.030347816102676006,-0.09598519268699256,0.999957562744602,287,267,0.9303135888501742,0.4336156338048124,ok,1421.7937717229083,-886.8761131812747,-0.9532513581289772
942,1.589808913506431,0.7538474192315334,-0.2857191433963689,0.9996576460321771,271,230,0.8487084870848709,0.6665096497317188,ok,1420.1952881039192,-887.6113875741172,-0.6675322147326093
943,-0.25333126082909985,0.877225157830253,-0.059510958527378026,0.9997113981755993,299,273,0.9130434782608695,0.44883293471289204,ok,1420.4392961857322,-888.4912516325113,-0.6080212562052314
944,-1.1931901868204022,1.59352804646187,0.048429625277628494,0.9996854703142024,289,274,0.9480968858131488,0.46612486047561574,ok,1421.614151042777,-890.0983454448517,-0.6564508814828598
945,2.2404754985348063,-9.068842116532778,-0.030725134743536345,1.0009605521704563,279,224,0.8028673835125448,1.2798568652038078,ok,1419.472847775819,-881.0055764434393,-0.6257257467393235
946,7.934728892591465,14.254150777479936,0.09889425341202628,0.9994763988915542,223,176,0.7892376681614349,0.7888091440345377,ok,1411.3584859336584,-895.158239404188,-0.7246200001513494
947,-6.719900072075234,4.7884292601950165,0.26665822106466575,1.0000261634048488,253,197,0.7786561264822134,0.596402255269195,ok,1417.9945394961144,-900.0622076825096,-0.9912782212160145
948,-2.8005742118059516,1.1321315268346552,0.24105154458721859,0.9997853480193769,248,212,0.8548387096774194,0.6059537108873958,ok,1420.7701177082308,-901.2543080550913,-1.2323297658032324
949,1.9934530952591558,0.22019495658264532,0.01113611568300064,1.0000054753186407,291,276,0.9484536082474226,0.4184280010646999,ok,1418.7723556322917,-901.4311914908385,-1.243465881486233
950,3.8190138969589498,0.7206848885635964,-0.06284746770188636,1.0001017092915514,252,211,0.8373015873015873,0.6935961178024628,ok,1414.9393033215422,-902.0730355815876,-1.1806184137843472
951,-1.093411043326796,0.8529347235837577,-0.10993472929739156,0.9997067440941801,279,240,0.8602150537634409,0.5200386765439771,ok,1416.0165856339606,-902.9462527205138,-1.0706836844869556
952,-1.8181866935703965,1.1663517717258856,-0.13911489630846227,0.9997003685439448,276,235,0.8514492753623188,0.41548492652324237,ok,1417.8155692001194,-904.1420108217933,-0.9315687881784938
953,-0.716989872078102,0.5239714321197653,-0.10872969646179645,0.9997646370746947,266,241,0.9060150375939849,0.6256016192743206,ok,1418.5249605087015,-904.6762247392911,-0.8228390917166977
954,-1.241762629653067,1.90126721868387,-0.22828394721931702,0.9995752440499467,265,210,0.7924528301886793,0.6191347978079118,ok,1419.7469272908354,-906.5902750648065,-0.5945551444973811
955,-0.8827443209777357,1.1941698098480629,-0.09225165498808187,0.9994667567857466,299,278,0.9297658862876255,0.7238576287465606,ok,1420.6191687160238,-907.792137772089,-0.5023034895092995
