frame,step_center_dx,step_center_dy_down,step_rotation_deg,ransac_scale_diagnostic,good_matches,inliers,inlier_ratio,median_reprojection_error_px,status,center_x_in_reference,center_y_in_reference,rotation_to_reference_deg
169,0.0,0.0,0.0,nan,0,0,0.0,nan,reference,1280.0,720.0,0.0
170,-0.04658909675140421,-0.03346378839864883,0.0005097474340965102,0.9999893334274808,832,814,0.9783653846153846,0.10374494205069862,ok,1280.0465893944693,720.0334633739049,-0.0005097474340965102
171,-0.0169867069864722,-0.005833112138589058,0.00013561910301042519,1.0000004458041012,888,884,0.9954954954954955,0.018539810637885335,ok,1280.0635761671572,720.0392962947087,-0.0006453665371069355
172,-0.1528748054688549,-0.08608786723073081,-0.0005122272532115023,1.0000037119191876,760,740,0.9736842105263158,0.16225142073719215,ok,1280.2164511726696,720.1253838067008,-0.0001331392838954332
173,-0.024182823162846034,-0.03003345018305481,0.00011421213436447301,1.000000457340636,803,792,0.9863013698630136,0.09691329383751235,ok,1280.2406341254896,720.155417152484,-0.00024735141825990624
174,-0.015071934661136765,-0.038304901421042814,0.0011345313034478853,0.9999876892664705,802,784,0.9775561097256857,0.10087345781226999,ok,1280.2557069839995,720.1937216903831,-0.001381882721707792
175,-0.18626617310223992,-0.10219210243360521,-0.00014864340461776367,1.000017461827462,719,700,0.9735744089012517,0.1704552126852863,ok,1280.4419753566501,720.2959097835837,-0.0012332393170900284
176,-0.021391390713233704,-0.021742002211112776,-0.00047933826453922895,0.9999800522738732,784,776,0.9897959183673469,0.08230685920569147,ok,1280.463367033444,720.3176515043237,-0.0007539010525507995
177,-0.02467036311600168,-0.05080063224022524,-0.0003983830647036002,0.9999802184023152,790,764,0.9670886075949368,0.12162726342053663,ok,1280.4880377117754,720.3684519834845,-0.00035551798784719935
178,-0.1276394677358894,-0.049319122296992646,0.00018718079976877056,1.000000516686336,757,736,0.9722589167767504,0.15535233938073403,ok,1280.6156776466505,720.4177698967936,-0.0005426987876159698
179,-0.07614733158879972,-0.06252378069825681,0.0004362070795657741,0.999992150174952,764,751,0.9829842931937173,0.12132332800622796,ok,1280.6918260464556,720.4802923764958,-0.0009789058671817437
180,-0.02723608525570853,-0.026005889971202123,-3.86679212789645e-05,1.0000143681539126,800,789,0.98625,0.09778734474181676,ok,1280.7190625584708,720.5062978195126,-0.0009402379459027791
181,-0.16955908025420285,-0.04790140676925603,-0.0019823380668199213,1.0000063351856283,775,751,0.9690322580645161,0.15104719659352162,ok,1280.8886207674627,720.5542023102279,0.0010421001209171411
182,-0.016363292318601452,-0.006233439276002173,0.000942834446186807,1.0000094995714925,834,823,0.986810551558753,0.07848081643396265,ok,1280.904984048982,720.5604357778533,9.926567473033453e-05
183,-0.014222931641143077,-0.015744580897944616,-0.00012688734630700413,1.000011125174004,866,859,0.9919168591224018,0.026722265993545883,ok,1280.9192069184771,720.5761804148908,0.00022615302103733863
184,-0.1176118514567861,-0.06447671493128837,5.95092084599526e-05,0.9999903395544598,742,719,0.9690026954177897,0.17131442710386635,ok,1281.0368185824038,720.6406574718939,0.00016664381257738603
185,6.157259417160503,6.830128844778301,-0.6183296600710667,0.9994105075658725,537,485,0.9031657355679702,0.7269394584079272,ok,1274.953646329073,713.744461498548,0.6184963038836438
186,-0.9143201771407803,5.8426975652467945,-0.1668119088277678,0.9996114748412143,605,543,0.8975206611570248,0.45076665262760407,ok,1275.947959380904,707.9148442057725,0.7853082127114117
187,-1.948794584438474,4.133806329392428,-0.10659512842048738,0.9997434628304407,631,576,0.9128367670364501,0.3904642980137427,ok,1277.9608647706818,703.8118736973402,0.8919033411318991
188,-6.314981550837729,6.158035310336118,0.015503051577025672,0.9996110097127219,634,566,0.8927444794952681,0.5546005434195955,ok,1284.3692976484501,697.7511494071334,0.8764002895548734
189,-4.873956585639917,3.179355798762799,0.3305054985623689,0.9996728983529107,622,582,0.9356913183279743,0.4695639200036549,ok,1289.2733243832663,694.6183746182219,0.5458947909925044
190,-1.0344961136213442,2.291621532495128,0.5273206392734567,0.9998270567191341,606,551,0.9092409240924092,0.34366034741575463,ok,1290.308563340621,692.3270885691942,0.01857415171904724
191,-0.09767913939026585,1.18920943534431,0.15648133898921024,1.0000025749543207,658,637,0.9680851063829787,0.2806468628896985,ok,1290.403379850637,691.1376474715302,-0.13790718727016302
192,0.2928297854602988,1.9968279213826463,0.25165191889600147,0.9999839375703865,665,634,0.9533834586466166,0.3480237510675491,ok,1290.0969803273413,689.142856664706,-0.38955910616616474
193,0.5226787876792969,1.570482267680859,0.07120884051096144,1.0000007693624555,617,594,0.9627228525121556,0.3297276178616343,ok,1289.5616888879233,687.5766284747299,-0.4607679466771263
194,0.49856448310106316,1.4477825412477614,-0.10500207223273797,0.999988724451328,673,648,0.962852897473997,0.34675160149576,ok,1289.0541443780085,686.1319695526977,-0.35576587444438823
195,0.27976554573660906,0.7197413898859395,-0.12849321174821585,0.9999289838683564,648,619,0.9552469135802469,0.2988182429511476,ok,1288.771526074029,685.4133435559843,-0.2272726626961723
196,0.34503594677880756,1.5921253233177595,-0.33018861053005233,1.0000167089045908,622,573,0.9212218649517685,0.32256904489374844,ok,1288.429350493086,683.8206010402192,0.1029159478338803
197,-0.16231624534975708,1.383985061583985,-0.579843812529649,0.9999730711882961,656,593,0.9039634146341463,0.2800925046882075,ok,1288.608146951387,682.4386484213894,0.6827597603635297
198,-0.27665842263331797,0.6356944091762671,-0.1832833727620079,0.9999307396775099,669,633,0.9461883408071748,0.3302490750338356,ok,1288.8943821186622,681.8072082471156,0.8660431331255378
199,-0.5561370766115488,1.4305337782968763,-0.20997102635221118,1.000003670890049,633,574,0.9067930489731437,0.3789057924115516,ok,1289.4772849574379,680.3873703622227,1.0760141594777493
200,6.774289947767329,6.015923135313415,0.18942161550264702,0.9995261073790133,590,534,0.9050847457627119,0.6382732214330146,ok,1282.7968924561358,674.2673465473206,0.886592543975102
201,-0.8160718086808174,5.409252089826737,0.18625836633199044,0.9996832462577404,657,624,0.9497716894977168,0.4918871934990048,ok,1283.679019687344,668.8684732466977,0.7003341776431115
202,-6.133175642484048,8.458785072513365,0.5662714174937828,0.9993610088408463,605,578,0.9553719008264463,0.7432154450171249,ok,1289.8319706973543,660.424061944958,0.13406276014932794
203,-7.001071826398174,4.4216645440315006,0.7005315787112316,0.9996616170055955,635,582,0.9165354330708662,0.534607635083496,ok,1296.7889851950115,655.9333968118485,-0.5664688185619047
204,-3.35300965816964,2.8391980978688025,0.44312635457200694,0.9997943029280943,635,593,0.9338582677165355,0.4125105325518798,ok,1300.091448087623,653.0355599548731,-1.0095951731339123
205,-0.44318846357009534,2.603371260028098,0.09763954932934085,0.9998553959450205,682,652,0.9560117302052786,0.32516548817355007,ok,1300.484247063276,650.4241107601716,-1.1072347224632535
206,0.5078252013488509,2.094156107424169,-0.16895890336009564,0.9998846657994966,725,672,0.926896551724138,0.270679273407204,ok,1299.942197580484,648.338551220002,-0.9382758191031576
207,0.8803393029127164,2.897065502828127,-0.5570072406278211,0.9998682022363983,663,612,0.9230769230769231,0.29018143460854867,ok,1299.0425997013094,645.4474079389254,-0.3812685784753354
208,0.596052717530938,1.1413881839930582,-0.36650602097312857,0.9999546225005982,650,595,0.9153846153846154,0.27872913626789625,ok,1298.4462529189266,644.3061733689196,-0.014762557502206073
209,1.2811042469656968,2.553404544542218,-0.712030658552985,0.9998656306384106,675,614,0.9096296296296297,0.2755837152748778,ok,1297.1963167429633,641.7373677289964,0.6972681010507803
210,0.9609425399657994,2.601018464098388,-0.4744189538111981,0.9999202872619135,666,612,0.918918918918919,0.3060120257347772,ok,1296.2887617184067,639.1172434012024,1.171687054861979
211,0.5927948858352465,1.7240123180009732,-0.12485237664845865,1.0000011199170507,693,674,0.9725829725829725,0.3663427511585736,ok,1295.735127743071,637.380259327975,1.2965394315104382
212,-0.07989240770848482,0.9562080178639007,0.0913787784327154,0.999997514833339,702,677,0.9643874643874644,0.24207750571063366,ok,1295.8351138948924,636.425943164599,1.2051606530777228
213,-0.5290391182049916,2.034841414094899,0.40550818734914634,1.000068829125181,683,653,0.9560761346998536,0.45480717727704445,ok,1296.3924999706976,634.3986832573338,0.7996524657285754
214,-0.6937332060510926,1.8257250814244799,0.6706467630506759,1.0000292065303908,639,593,0.9280125195618153,0.3692843949710455,ok,1297.0903421704154,632.5745247942571,0.12900570267789802
215,1.5350265421695894,-4.132149127351568,0.43830331262420985,0.9998879050872593,643,580,0.9020217729393468,0.6503751719819388,ok,1295.577644308348,636.7149001484896,-0.3092976099463128
216,8.957138085533643,26.034800099333324,0.57799600504275,0.9987674187441848,596,536,0.8993288590604027,1.2257781765476876,ok,1286.2184163853772,610.8219282916044,-0.8872936149890641
217,0.9317228596762561,5.086989751342571,0.04919593574927111,0.9997600030158513,691,647,0.9363241678726484,0.3535761467217423,ok,1285.2036757187275,605.7508461983078,-0.9364895507383353
218,0.7402714859447315,8.248058204881204,-0.2057723540828956,0.9995904954631325,710,657,0.9253521126760563,0.47516933067371864,ok,1284.3582763273996,597.5128994945985,-0.7307171966554392
219,0.12739402042529946,2.7748249338667392,-0.19938129657870718,0.9999036513758855,733,681,0.9290586630286494,0.23348123164770104,ok,1284.205155645652,594.7393752551388,-0.5313359000767316
220,0.05257580778470583,4.895522786547872,-0.6178951630390572,0.9997436350034856,667,599,0.8980509745127436,0.37316912334813407,ok,1284.1599757773981,589.8437786266696,0.08655926296232716
221,-0.05765748268686366,4.384812161892455,-0.3401248198271849,0.9998182870948725,688,631,0.9171511627906976,0.2894982656653764,ok,1284.2502852402906,585.4595174253608,0.4266840827895129
222,-0.11515318351280257,1.4669195588026014,-0.1179981839120463,0.9999023269334136,717,686,0.9567642956764296,0.2688986321643139,ok,1284.379378279615,583.9937588385296,0.5446822667015595
223,-0.17806165430670262,3.1336845219823317,-0.0995150515581176,0.999827942329637,705,647,0.9177304964539007,0.3263659529918721,ok,1284.5926610935282,580.8622743539224,0.6441973182596774
224,-0.16629465452751901,2.9800913173851313,0.11654303928486673,0.9999168921879449,696,671,0.9640804597701149,0.296327345388162,ok,1284.7863928766615,577.8838408447966,0.5276542789748104
225,-0.30389224726741304,2.1225090035510448,0.3514348977150326,0.999938177004769,702,642,0.9145299145299145,0.28535418425892006,ok,1285.096811682863,575.7622765321111,0.17621938125977704
226,-0.11804158909080797,0.9228196417129766,0.174877983349856,0.9999769428499938,703,679,0.9658605974395448,0.3126914876702003,ok,1285.2148748767997,574.8394596542184,0.0013413979099205881
227,-0.13196259670803556,1.6947475285783185,0.27837210869656936,1.00004467246575,709,674,0.9506346967559943,0.2991503655590769,ok,1285.3386416924757,573.1440938860462,-0.27703071078664937
228,-0.05676245757013021,1.3458332923519265,0.2170700402627031,0.9999997984666206,693,673,0.9711399711399712,0.33486584539153386,ok,1285.3837961409595,571.7978211413267,-0.4941007510493529
229,-0.12548428519312438,0.5612426138804949,0.049699665073856314,1.000019570876503,726,705,0.9710743801652892,0.24539882572806226,ok,1285.5039480401724,571.2354128389507,-0.5438004161232094
230,0.9236510332214038,-4.086000533511651,-0.05898437444488244,0.9998363009161831,656,622,0.948170731707317,0.7436796299790374,ok,1284.614903910553,575.3290826017208,-0.4848160416783268
231,10.06609978410006,15.978360300432087,-0.18514546293441228,0.9993191354421229,688,636,0.9244186046511628,0.7511020239835602,ok,1274.465371556669,559.4035887082384,-0.2996705787439142
232,-3.4837739961076295,9.123629800724188,-0.24474718148413277,0.9995764015450382,676,609,0.900887573964497,0.603110745534791,ok,1277.9403980956247,550.2766235746262,-0.0549233972597811
233,-1.941745702595199,4.14306143031888,-0.056963504460627014,0.9997989150651062,715,657,0.9188811188811189,0.3519034333985471,ok,1279.8822913172694,546.1336312858723,0.0020401072008460366
234,-4.216185713187542,4.802683963425352,-0.10712840369264115,0.9998082778262471,679,614,0.9042709867452136,0.4460950477562752,ok,1284.1076201654612,541.3389893445731,0.10916851089348739
235,1.8276149228333907,3.7192127336163594,0.009389770045494687,0.9999899855464082,714,694,0.9719887955182073,0.4184465719349435,ok,1282.2864848989577,537.616599520125,0.09977874084799268
236,1.8559058519088012,1.4903132868238345,0.0321238937554335,1.0000866550195502,761,737,0.9684625492772667,0.22696740179251088,ok,1280.4323401021593,536.1240958194467,0.06765484709255912
237,5.079477101614657,3.6688665958442925,0.12729604113630133,0.999873910045301,708,652,0.9209039548022598,0.34788336528618025,ok,1275.3490467007528,532.4605186168828,-0.05964119404374246
238,1.9394725939109776,2.5923506538582615,0.1616836298832811,1.000136593095639,681,657,0.9647577092511013,0.3582169357093392,ok,1273.39957474806,529.8756791710459,-0.22132482392702388
239,0.26551332339045075,2.4679696969521956,0.27786020869332134,0.9999723675359977,745,713,0.9570469798657718,0.3285528159714235,ok,1273.1125697792352,527.4101163756902,-0.4991850326203457
240,-0.44005148453516085,2.245671123283273,0.19196091463173567,0.9999710059589167,693,671,0.9682539682539683,0.3198756495093245,ok,1273.525500885433,525.1593005225994,-0.6911459472520816
241,-0.3593934005564279,0.8727947047989346,0.04599555384661869,0.9999763110206198,756,727,0.9616402116402116,0.24143159765089672,ok,1273.8736358717251,524.281954385429,-0.7371415010987004
242,-0.5765507578212237,1.5416685071515985,-0.04510573424875306,0.9999374755192083,706,677,0.9589235127478754,0.3361851240230864,ok,1274.4315242887849,522.7334347451281,-0.6920357668499472
243,-0.21085212275238518,1.3366945795223728,-0.19029855994292122,0.9999475904580504,706,663,0.9390934844192634,0.2775783484257793,ok,1274.6306630873453,521.3949450158057,-0.5017372069070256
244,-0.12338111212216063,0.516071922779247,-0.11927276460963009,0.999976018900683,708,678,0.9576271186440678,0.35134651192062044,ok,1274.7505965599635,520.8780609954922,-0.3824644422973955
245,1.836487443728629,-2.126144886201132,-0.4190560015459967,0.9999614908432859,647,598,0.9242658423493045,0.48836300949504785,ok,1272.9127516429,523.0030325879884,0.03659155924860144
246,-4.321108195834768,10.419066047627211,-0.1923473606157386,0.999438386080069,712,654,0.9185393258426966,0.6560338270654873,ok,1277.2754570902425,512.6013156852524,0.22893891986434015
247,3.700678938373585,11.049342988968647,-0.16803911176200523,0.9994569901993215,645,577,0.8945736434108527,0.5874059163892755,ok,1273.651422552139,501.5265976861597,0.3969780316263455
248,6.437697551151814,4.231331957565999,0.12431116526834889,0.9998377229569066,685,631,0.9211678832116789,0.42052485816531016,ok,1267.2339344555544,497.26467717711466,0.27266686635799653
249,4.252033896510284,2.520217524925897,0.3051389222782524,0.9999444086648742,643,600,0.9331259720062208,0.32167908415684576,ok,1262.9804729231018,494.7468698727403,-0.032472055920256024
250,0.5419550394144608,0.652692811121824,0.22031716672356713,1.0000985419128678,598,559,0.9347826086956522,0.4681062771299589,ok,1262.4356434843546,494.09657451437505,-0.2527892226438233
251,-0.029313306372159786,1.8364693363317883,0.32059876221905426,1.0000159515544715,631,598,0.9477020602218701,0.4298981616050659,ok,1262.4465771476462,492.2599037904226,-0.5733879848628778
252,-0.5514808876880579,1.5839882604054765,0.21980210147655443,0.9999881789917836,643,615,0.9564541213063764,0.35058112855320045,ok,1262.976077508105,490.66843297797845,-0.7931900863394322
253,-1.1259514153987311,1.0457058091521958,0.06449298136712228,0.9999715314192873,665,650,0.9774436090225563,0.2559631997584939,ok,1264.0862497756186,489.60599014865664,-0.8576830677065544
254,-0.6228798696802187,0.5644852384704109,-0.04062366861619526,0.9999553337317325,668,639,0.9565868263473054,0.28462954270183943,ok,1264.70101681315,489.03268010507776,-0.8170593990903592
255,-1.2251450395006032,1.0958990490233873,-0.2139704655494491,1.0000026542398313,664,609,0.9171686746987951,0.30365289927309974,ok,1265.9145588865538,487.92394626436453,-0.6030889335409099
256,-1.1069514574890036,0.9355853504190463,-0.3188007528135304,0.9999658348097263,709,661,0.9322990126939351,0.26212998568348883,ok,1267.0168545826,486.9828800203445,-0.28428818072737916
257,-0.23523738231165225,0.5629951216562858,-0.15293646592026583,0.9999471745617737,651,616,0.946236559139785,0.35465743171652153,ok,1267.2508006703592,486.41934709223136,-0.13135171480711325
258,-0.33720609230863374,1.0710005688828232,-0.32804640833011217,1.0000362875985758,629,579,0.9205087440381559,0.33981468643959667,ok,1267.5916814812608,485.34951045049763,0.1966946935229993
259,-0.15226230769917493,1.081743410176614,-0.08906090182943198,0.9999910706298762,649,616,0.9491525423728814,0.3463806279829149,ok,1267.7493369340343,484.26853988012226,0.28575559535243134
260,1.7112420444132113,-4.2680491262985925,0.02944680402077589,0.9998471022843356,528,471,0.8920454545454546,0.6632121602157038,ok,1266.0190192467503,488.52889120133256,0.2563087913316554
261,8.617886254347013,17.938111810800024,0.27093759278991825,0.9992688824116915,589,539,0.9151103565365025,0.7622059964178528,ok,1257.3965533011672,470.5929803003807,-0.01462880145826309
262,-4.755573210993134,7.71047065592461,0.440343013296,0.9996025039911652,596,571,0.9580536912751678,0.5874889957757475,ok,1262.090750256171,462.84499028692426,-0.45497181475426357
263,-2.4614187566858163,2.0443654593127576,0.20977726841695707,0.9998318442961027,658,634,0.9635258358662614,0.3232951707179963,ok,1264.5282850326207,460.7722055319157,-0.6647490831712207
264,-3.099470055102529,2.4213998279517455,0.3289659052549477,0.9998525285070776,628,602,0.9585987261146497,0.46357647858579976,ok,1267.585295257725,458.2974166049786,-0.9937149884261686
265,1.3354383004866577,1.9537251244823892,0.11820972244624506,1.0000752665438364,645,615,0.9534883720930233,0.3211645519650243,ok,1266.212195357214,456.3699742635175,-1.1119247108724137
266,3.822163992190781,1.8682780461131188,-0.1193132501079324,0.9999619904858205,653,601,0.9203675344563553,0.2780432728562198,ok,1262.3582398671988,454.56818972540856,-0.9926114607644813
267,3.3188988520321345,0.8745757742226488,-0.35580663132896345,0.99998233625712,631,574,0.9096671949286846,0.3153317808416197,ok,1259.0298258692458,453.73055458221745,-0.6368048294355177
268,0.44557900092240743,0.48936657425429075,-0.17696044348649895,1.0000257158451178,655,630,0.9618320610687023,0.40977586747299555,ok,1258.5803337034922,453.24477985769335,-0.45984438594901866
269,0.1367125843200938,1.1680867477691663,-0.3118263562629576,0.999982234474363,664,616,0.927710843373494,0.24221595121666722,ok,1258.4406039411303,452.0770501909744,-0.14801802968606076
270,-0.44969425664089613,0.7503162665151422,-0.21477790658587734,1.0000463128854429,632,588,0.930379746835443,0.3184159308238821,ok,1258.8911721455636,451.3272584082727,0.06675987689981676
271,-0.4811038494087825,0.8628536984031143,-0.04791814285902709,0.9999674799968558,645,624,0.9674418604651163,0.30508434266444623,ok,1259.3740020396235,450.465369371235,0.1146780197588439
272,-0.2513816500018038,0.42249581339933684,0.03724371917983522,0.9999826409000668,754,729,0.96684350132626,0.17978357695708425,ok,1259.6259544559966,450.04321368173004,0.07743430057900863
273,-0.10149077677579044,0.9863305192741336,0.18678075995099513,1.0000147552514156,643,616,0.9580093312597201,0.3607053772736104,ok,1259.7255626809474,449.05669126812546,-0.1093464593719867
274,-0.08155494337279379,0.5668340772178908,0.1530982192728861,1.0000353586892172,680,635,0.9338235294117647,0.3305066387238332,ok,1259.8045203808897,448.4894895742777,-0.262444678644873
275,1.1198911001322358,-1.433179384786854,0.21582879272663852,1.0000802339399546,597,540,0.9045226130653267,0.5788302026980656,ok,1258.6966315471989,449.93196715029626,-0.47827347137151166
276,-4.145772666031917,16.113884617067583,0.13076735650230067,0.9992008737432089,565,507,0.8973451327433628,0.9207125981730588,ok,1262.670886370963,433.7749251237873,-0.6090408278738124
277,6.893540843288292,7.474994061142979,0.0327987106919143,0.9997258051830313,591,546,0.9238578680203046,0.5482895799777607,ok,1255.6940433309867,426.37762137392383,-0.6418395385657266
278,4.358325155473267,1.8671823347904137,-0.021904901142472948,0.9999941298010558,660,610,0.9242424242424242,0.29745838806393476,ok,1251.3157709551076,424.5577040585503,-0.6199346374232537
279,6.253492370014101,2.1005187332380046,-0.10231635774084619,0.9999526374115918,568,515,0.9066901408450704,0.45283038405420567,ok,1245.0435576460693,422.5137652198298,-0.5176182796824075
280,1.0823152820057658,0.660853321141758,-0.061587773499115046,1.0000721655949898,607,587,0.9670510708401977,0.31602866478710023,ok,1243.9560168153255,421.86154714035564,-0.45603050618329244
281,0.4173326510278912,1.6118201962261764,-0.2893769156229618,0.9999324707786316,583,531,0.9108061749571184,0.28146997183560624,ok,1243.5339977092356,420.25094763685667,-0.1666535905603304
282,-0.014634805370405957,-0.007388440479303426,-0.0005014370962356947,0.999986411559151,840,836,0.9952380952380953,0.020760136930577985,ok,1243.5486538787954,420.2582936068258,-0.16615215346409473
283,0.01257530595580647,0.02230908146452748,0.0019782910577395836,1.0000147653796103,835,831,0.9952095808383233,0.03473018908835458,ok,1243.5360131626417,420.2360215227118,-0.16813044452183432
284,-0.4949659003355009,1.9569723992653962,-0.33064968413077456,0.9999115110827554,571,515,0.9019264448336253,0.31583722033538303,ok,1244.0365280084072,418.28046096288506,0.16251923960894035
285,-0.002265005003209808,0.004177619616598349,0.00014214680953663153,0.9999979386209843,859,859,1.0,0.0036657993492709194,ok,1244.038804843735,418.27628977909444,0.16237709279940374
286,-1.9460075311505989,4.030954046043462,-0.03815927482635235,0.999825821128372,575,518,0.9008695652173913,0.3736811536067355,ok,1245.9989088459781,414.2521714740494,0.2005363676257561
287,-3.2970811860629965,0.025587719131976883,0.611540251941132,0.9999794334310649,618,553,0.8948220064724919,0.31096775453977804,ok,1249.2957216544078,414.2029334294584,-0.411003884315376
288,-0.9480014518110238,0.6882392339938406,0.1980234790878466,1.0000148882212627,593,566,0.954468802698145,0.3839739880153426,ok,1250.2363540271197,413.5046564534305,-0.6090273634032227
289,-0.32029220241702205,1.457902093957614,0.1351434590665439,1.0000006099653105,561,516,0.9197860962566845,0.4002190049414513,ok,1250.5376841773452,412.0427174153513,-0.7441708224697666
290,1.764350426913552,-2.540264287518198,-0.020647845025303882,1.0000262902147052,511,476,0.9315068493150684,0.5144486970738746,ok,1248.8055516672941,414.6050585415513,-0.7235229774444627
291,-8.72128019283673,16.744055767403893,-0.14146886713835927,0.9991573563697734,559,499,0.8926654740608229,0.8269831049381346,ok,1257.356285914973,397.77327088932975,-0.5820541103061033
292,-2.2465404895854135,8.695652523436706,-0.18491898988279346,0.9995957891822523,594,546,0.9191919191919192,0.5446304991523423,ok,1259.542500611482,389.0622558921859,-0.3971351204233096
293,-0.40507251409894707,3.116702480350341,-0.24867356558868187,0.9998647811576403,655,600,0.916030534351145,0.29121993006688446,ok,1259.9394959531435,385.9445142750213,-0.1484615548346275
294,0.12532197193172578,7.28165559769559,-0.5501195983546248,0.9996810008586189,580,513,0.8844827586206897,0.4610444228643941,ok,1259.8652229074314,378.6621590684429,0.4016580435199979
295,0.06683828162999816,1.478045441652057,-0.025392096216709195,0.9999246138914966,642,623,0.9704049844236761,0.30730640676476895,ok,1259.809402890075,377.18365651208984,0.4270501397367071
296,-0.10766734645335418,3.5827914826686538,0.11744019679754525,0.9999699035331963,598,575,0.9615384615384616,0.3385590435640383,ok,1259.9364289469192,373.6014991388499,0.3096099429391617
297,0.0766296160938964,2.8902494627958504,0.333733331180496,1.0000540609288946,587,544,0.9267461669505963,0.47995462350586565,ok,1259.8585824485472,370.71128219579083,-0.024123388241334667
298,-0.07131778199868677,2.5824339122216315,0.30145156175066606,1.000007728095389,591,572,0.9678510998307953,0.41140346600132827,ok,1259.915224852285,368.1284847250008,-0.3255749499920012
299,-0.14341619569859176,2.137171444005048,0.11052648698284473,0.9999573904249132,615,588,0.9560975609756097,0.2443793163776054,ok,1260.0423701713278,365.9902835992634,-0.4361014369748461
300,-0.11115723203943162,1.0123332816384618,0.03313105557192482,0.9999507520788478,631,618,0.9793977812995246,0.20914341584056034,ok,1260.1452331111475,364.97707393736755,-0.46923249254677096
301,-0.22702020583437843,1.7660835561434851,0.017563433218781486,0.999958260952036,686,658,0.9591836734693877,0.3059590257639171,ok,1260.3572403193627,363.20912533947154,-0.4867959257655524
302,-0.4564102433023436,1.5898424031990999,-0.05537165915424874,1.000007916203717,596,574,0.9630872483221476,0.3314746620902976,ok,1260.801666583316,361.6158913726264,-0.4314242666113036
303,-0.42434106488167345,1.124872085531024,-0.121669034431095,0.9999357153049802,581,558,0.9604130808950087,0.380276095401177,ok,1261.219920138393,360.48874164352344,-0.3097552321802084
304,-0.19531494259103965,0.5909210071280313,-0.06674419348503134,1.0000568413926334,566,534,0.9434628975265018,0.3849168691868626,ok,1261.4127270332162,359.89699755629215,-0.24301103869517698
305,-7.52938016300709,6.214390786470517,-0.21236811751515736,0.9995521962208398,430,371,0.8627906976744186,0.8095993090988242,ok,1268.9387825399047,353.67858079667434,-0.03064292118001924
306,1.3078639355444466,10.941161734820753,-0.13324176447093042,0.9995865240798624,488,428,0.8770491803278688,0.5837854629267005,ok,1267.6505128936749,342.7350946290949,0.10259884329091147
307,1.7239514570562733,2.7976617569687505,-0.010848318282633216,1.0000894968547949,522,495,0.9482758620689655,0.4666370788279119,ok,1265.932104256785,339.93402488891445,0.11344716157354473
308,1.7631273706062984,2.7384690714740145,0.006836216501762547,1.0000845318584823,535,504,0.9420560747663551,0.35392861562973665,ok,1264.1740754377215,337.1922798876893,0.10661094507178218
309,3.4095439476309366,4.711077942742122,0.11981501172912432,0.9998740780848164,484,426,0.8801652892561983,0.39793884974761684,ok,1260.7634458918205,332.48198781457484,-0.013204066657342384
310,-2.985119900015434,1.8810321761581008,0.17628927906807101,0.9998226962209263,479,448,0.9352818371607515,0.41091453093603547,ok,1263.7423283720427,330.59109330820075,-0.18949334572541376
311,-3.871051984338237,1.8210112188867242,0.19746860526652202,0.9996899601735885,471,453,0.9617834394904459,0.38157261634256256,ok,1267.6009934915755,328.74397966252,-0.3869619509919362
312,-1.6597436518813993,0.7952048519489381,0.06886582935469572,0.9998698507571472,478,459,0.9602510460251046,0.32576611501428393,ok,1269.2543582775832,327.935595699966,-0.4558277803466321
313,-1.7618410554650836,1.5331140732886297,0.06982840762389672,0.999869899494193,481,456,0.9480249480249481,0.3753626029264848,ok,1271.0020599340282,326.3863824846542,-0.5256561879705289
314,-0.5639955793569698,1.3064781362185158,-0.06691453749326694,0.9999042923766096,503,484,0.9622266401590457,0.3674727878346631,ok,1271.55557716239,325.07543061221253,-0.45874165047726184
315,-0.09805705280359689,0.9548726934582419,-0.20324843918166885,0.9999968389750761,506,464,0.9169960474308301,0.28845771438683016,ok,1271.6493752882318,324.1201301579545,-0.2554932112955927
316,-0.015604495098386906,1.1769410492861425,-0.2791177514891664,1.0000100749458503,481,438,0.9106029106029107,0.3110092590311525,ok,1271.6654650653973,322.94319564285496,0.02362454019357425
317,-0.1037692823076668,0.40990395348899256,-0.10577739856151275,0.9999534586813826,504,485,0.9623015873015873,0.31824960005703884,ok,1271.7701598462004,322.53352709645566,0.1294019387550872
318,-0.5162605588725455,0.951572403371074,-0.17568138728330152,1.000016927451443,479,436,0.9102296450939458,0.2680819278975861,ok,1272.2914799081984,321.5847171068036,0.30508332603838906
319,-0.26963396193991684,0.3897663233426556,-0.042604954883011914,0.9999905008123495,437,401,0.9176201372997712,0.38430931772907645,ok,1272.5634741121278,321.1965941710312,0.347688280921401
320,-6.392863287129558,6.432241660845193,0.02860966015059366,0.9997673089254774,420,361,0.8595238095238096,0.6177709746561859,ok,1278.992059058926,314.80005374880017,0.31907862077080734
321,0.9856528964521658,7.693165268796179,0.13910111806923847,0.9996410672386867,471,417,0.8853503184713376,0.4699245264226754,ok,1278.03057675627,307.1038303069441,0.17997750270156862
322,1.9764972511179622,2.3418994272456075,0.09687593248219267,1.000186688110834,507,473,0.9329388560157791,0.3863601479796082,ok,1276.0574782644828,304.7590666402352,0.0831015702193758
323,4.05331154524265,3.272389464841808,0.23830454297370118,0.9998290598435091,485,432,0.8907216494845361,0.33579672182557485,ok,1271.9953173428696,301.49766878972395,-0.1552029727543257
324,0.0550635216441151,-0.018790661630191607,0.001813833900608272,0.999983313247401,651,645,0.9907834101382489,0.07618180150974928,ok,1271.9403055229895,301.51661027999796,-0.15701680665493395
325,-0.07736892575780985,0.053234331256362566,-0.0009211246685323949,1.0000323022343285,621,612,0.9855072463768116,0.10798656483222643,ok,1272.0175291310618,301.46316536392936,-0.15609568198640159
326,1.4769119660456909,0.5965027374229521,0.11509518525579163,1.0002269842489788,454,428,0.9427312775330396,0.4196248264563443,ok,1270.5378103681358,300.87365976272844,-0.27119086724219327
327,-2.864229225181589,2.3391078400727565,0.11874295467114725,0.999701240182324,445,423,0.950561797752809,0.46109791439217956,ok,1273.3860542855143,298.51511336102425,-0.3899338219133405
328,-2.777380005887153,3.947976523210855,-0.03206192347321106,0.9999091668856595,465,416,0.8946236559139785,0.42256452193696037,ok,1276.138721044037,294.54986632692277,-0.35787189844012945
329,-4.255019253409955,-0.12931997168277576,-0.6040055540945468,1.0000150119862097,500,443,0.886,0.327827172570337,ok,1280.3931454993358,294.69746394249484,0.24613365565441753
330,-0.03387874558757176,1.2078612531427098,-0.2395540949040868,0.9999004213758806,519,460,0.8863198458574181,0.32576553000333014,ok,1280.4372617642236,293.48993326734893,0.48568775055850455
331,0.21166439714897933,0.8486553054207207,-0.10887335541751605,1.0000409805355504,507,488,0.9625246548323472,0.3706837280311801,ok,1280.234415142871,292.63912724207347,0.5945611059760209
332,-0.2256350603163355,0.9668269656414168,0.0678586759588896,0.9999693451294094,554,533,0.9620938628158845,0.21217484304773204,ok,1280.4689282864756,291.6744152915865,0.5267024300171311
333,-0.007311383961905449,-0.006709730080387999,9.118502619980035e-05,1.0000080566438987,698,696,0.997134670487106,0.010622876607205196,ok,1280.4761776926875,291.68119193697805,0.5266112449909313
334,-0.5560604864406287,1.5159553594514819,0.35336810990625606,1.0000329461130901,430,379,0.8813953488372093,0.3665463613800508,ok,1281.0368193685463,290.1669248443813,0.17324313508467512
335,0.792144082385903,-2.0561220321903875,0.17775613899586792,0.999998384217115,520,470,0.9038461538461539,0.3125605187214386,ok,1280.2448372427239,292.22310926482976,-0.004513003911192842
336,-7.894799148130232,13.90193673570684,0.2896444476201637,0.9993630874700461,414,360,0.8695652173913043,0.7794435147340197,ok,1288.068159892283,278.280823895716,-0.2941574515313566
337,-1.5718079664370634,5.911790830044538,0.14018199741918688,0.9997658203260015,496,463,0.9334677419354839,0.5723499367768802,ok,1289.5951078875796,272.3572877118801,-0.43433944895054344
338,0.3740049012185409,2.18173836112328,-0.06512401301719752,0.9999825694453599,491,469,0.955193482688391,0.44446239391040826,ok,1289.207051672443,270.1780047296985,-0.3692154359333459
339,0.8058414864219685,0.9532091863884489,-0.2496549602712549,0.9999222214650246,492,445,0.9044715447154471,0.23055159365076724,ok,1288.3992228575048,269.22647918615814,-0.11956047566209092
340,0.29914480901402385,0.35001331195394414,-0.128516409998334,0.9999260116499881,522,500,0.9578544061302682,0.3523353738009194,ok,1288.1001327629153,268.87641911899317,0.008955934336243088
341,0.8359638677372914,1.616367302521212,-0.3767676294867138,0.9998924082823764,465,416,0.8946236559139785,0.3706149084030018,ok,1287.2750693775806,267.2544606562075,0.385723563822957
342,0.17649181758247323,0.5204409263371872,-0.07335071902528638,0.9999727071312429,508,491,0.9665354330708661,0.2714048733880867,ok,1287.102753139439,266.7326223349309,0.4590742828482435
343,0.43627369757928136,0.7685118129201101,-0.05757555460594527,0.9999846982071899,491,467,0.9511201629327902,0.2984264124625804,ok,1286.6734269407043,265.96020783424024,0.5166498374541888
344,0.050770658208648456,0.4664908736469897,0.030516535208051802,1.000026142167289,522,504,0.9655172413793104,0.2489544738436152,ok,1286.6266160633927,265.49330298665757,0.4861333022461369
345,0.02381451062274209,1.0721667040012335,0.15103750970012553,1.0000384364146437,498,482,0.9678714859437751,0.33880707332380067,ok,1286.6090725179656,264.4210153405016,0.3350957925460112
346,-0.19597398652535958,1.187017749990673,0.23639162560053198,1.0000582805511287,491,478,0.9735234215885947,0.4784112068349036,ok,1286.807091103231,263.2343369585981,0.09870416694547905
347,-0.45929023621897613,1.0292407384879425,0.3421464282738986,0.9999574900827847,472,420,0.8898305084745762,0.33804018700013855,ok,1287.2620040977906,262.20315405230554,-0.24344226132841992
348,-0.2380701361780666,0.6248408825598517,0.10965025970038916,0.9999972328453997,500,483,0.966,0.28328214122252954,ok,1287.4962190763167,261.57685790662686,-0.35309252102880917
349,-0.487928363050969,1.2656613026383638,0.11709426044846657,1.0000325943520838,470,443,0.9425531914893617,0.3779593178855111,ok,1287.9737447208788,260.3072351755563,-0.47018678147727594
350,6.656128693921573,4.974320763331889,-0.11541108094815943,0.9996148866748841,414,356,0.8599033816425121,0.5572172949298557,ok,1281.28694280994,255.3742242845869,-0.35477570052911633
351,1.6946589673179915,4.607472558035624,-0.13389554588802902,0.9997030969212036,506,461,0.9110671936758893,0.3420098845199745,ok,1279.5745342766215,250.7733190037124,-0.22088015464108712
352,1.7866194302812346,5.325721071630596,-0.2919341128875928,0.9998831749197657,491,441,0.8981670061099797,0.3916015255054001,ok,1277.7945207810806,245.44538639554622,0.07105395824650615
353,0.38793630717691485,3.4112186258955717,-0.19551427939091243,0.9998430936635828,517,471,0.9110251450676983,0.28287319825582563,ok,1277.4224592874548,242.03239982407484,0.2665682376374189
354,-0.11034593993872477,2.144002347110586,-0.1304734669465744,0.9999113221505751,491,446,0.9083503054989817,0.3117612951407447,ok,1277.5476597199918,239.8892136113139,0.39704170458399346
355,-0.20669794292257393,0.7019776288505,-0.01455046107902623,0.9999941525090595,492,477,0.9695121951219512,0.32278560806153617,ok,1277.7593950397743,239.1887389255673,0.4115921656630197
356,-0.4026634676793037,1.603619881918803,0.06336753153187873,0.9999692000962437,491,475,0.9674134419551935,0.27328971092464066,ok,1278.1717972773558,237.5875958999991,0.34822463413114085
357,-0.5874999696557097,1.4930755442094323,0.19161739124135452,0.9999543771940709,492,478,0.9715447154471545,0.3846082867070772,ok,1278.7633760886597,236.0961317518957,0.1566072428897861
358,-0.23218306492913143,0.865296042968339,0.1019083023267565,1.000054702121455,523,508,0.97131931166348,0.3335684113484254,ok,1278.99638512555,235.23105776295364,0.054698940563029465
359,-0.45409265338093974,1.1915030729262526,0.19240561399538805,0.9999425562639828,525,508,0.9676190476190476,0.3544898355091771,ok,1279.4476127701425,234.03846675032486,-0.13770667343235884
360,-0.373642032657699,1.3125902116498764,0.13729834974253893,1.000013861686439,524,502,0.9580152671755725,0.3392945084620357,ok,1279.8149504272728,232.7240982791792,-0.2750050231748979
361,-0.21712909346956621,0.5958903584709105,0.04297654264966787,0.9999347129930523,554,535,0.9657039711191335,0.21852672246904115,ok,1280.028769106501,232.12701207521621,-0.31798156582456577
362,-0.2688798730916915,1.5745046037322936,-0.020824291039868385,0.9999861981120801,537,516,0.9608938547486033,0.32484006242225816,ok,1280.2894794320662,230.55113414229402,-0.29715727478469733
363,-0.04012912617008624,0.5070167745218441,-0.03939040268354351,0.9999564637741952,588,562,0.95578231292517,0.2479903054547475,ok,1280.3273271518851,230.0439419632155,-0.25776687210115384
364,-0.21893205671153737,0.9011027076805931,-0.11774586322417217,0.9999129670004924,459,426,0.9281045751633987,0.5976053906840504,ok,1280.5440564173343,229.1423069146823,-0.14002100887698155
365,1.8575799775298947,-3.400492177074284,-0.2113229977858057,1.000112891015481,424,398,0.9386792452830188,0.45625863523837656,ok,1278.6822461215938,232.5404847855329,0.0713019889088243
366,7.681927390458895,12.399453329413518,-0.39599978405689906,0.9994643544093174,479,432,0.9018789144050104,0.6573257185133043,ok,1271.1017024855478,220.07879110118228,0.4673017729657235
367,1.3240359213534703,4.010628250767695,-0.06600320465705695,0.9997674021785397,461,401,0.8698481561822126,0.37150147307381415,ok,1269.8150540184351,216.05601273182526,0.5333049776227805
368,0.6338468961027957,4.338732520416102,0.13322695677809976,0.9999903773163035,492,462,0.9390243902439024,0.43058756265460696,ok,1269.2115183038463,211.71296007123863,0.40007802084468075
369,-0.18983040480293312,1.1943430960756132,0.17823034404677135,0.9999783187054591,468,421,0.8995726495726496,0.29314321643724756,ok,1269.4059717376128,210.5193609443005,0.2218476767979093
370,-0.5675537653830816,1.273991146645585,0.4616639631889515,0.9999143327120161,445,395,0.8876404494382022,0.363506674582691,ok,1269.9681881503527,209.24300542032705,-0.2398162863910427
371,-0.5244161633688691,1.3720900947947712,0.393509016325447,0.9999490782606658,458,416,0.9082969432314411,0.27034408378624086,ok,1270.4774060344787,207.86520257262998,-0.6333253027164901
372,-0.45732725970015053,1.5397626347006508,0.22060702466144785,0.9999984363426342,491,470,0.9572301425661914,0.4215589998346341,ok,1270.9117348366858,206.3187952248528,-0.8539323273779381
373,-0.5725302623518473,0.926365070014981,0.07107441432442776,1.000004238388056,509,483,0.9489194499017681,0.2836813064544594,ok,1271.469235517081,205.3833081134445,-0.925006741702366
374,-0.1526161930435137,0.4396612970002707,-0.03296358973638966,0.9999238001836223,540,522,0.9666666666666667,0.2488974459882324,ok,1271.6149883638793,204.94132410229798,-0.8920431519659764
375,-0.3484962785519201,0.9419623994483572,-0.206661723701902,0.9999977418279955,488,435,0.8913934426229508,0.31797660151566803,ok,1271.9521920703635,203.99526042660142,-0.6853814282640742
376,-0.2355973537794398,1.0123152843322032,-0.292002176178184,1.000046086222686,503,452,0.8986083499005965,0.3105923446807417,ok,1272.1808336089093,202.9813514588672,-0.3933792520858899
377,-0.14060977449730672,1.104155933897232,-0.19642101077304752,1.0000278727429512,524,478,0.9122137404580153,0.24458548462236662,ok,1272.3176469470052,201.8767186938436,-0.19695824131284223
378,0.005016239411361312,0.9942949601995679,-0.11570434054250553,1.0000021568828603,493,472,0.9574036511156186,0.3934641782328212,ok,1272.3112206556034,200.88243184724695,-0.08125390077033663
379,-0.038816253917048016,0.5870091384522311,-0.0189110168696795,0.999981762049754,486,458,0.9423868312757202,0.29806519127551534,ok,1272.3493981687232,200.2953808207708,-0.06234288390065712
380,5.42465069678974,7.31815210683726,0.07774285491826811,0.99950947911053,370,317,0.8567567567567568,0.6469204466364691,ok,1266.9068711335517,192.99051361373552,-0.1400857388189253
381,-1.0678903154557702,6.8612439787129915,0.08588889692795104,0.9995789895425012,446,401,0.899103139013453,0.42713202405152384,ok,1267.947692457585,186.12511124878245,-0.22597463574687646
382,-5.960650895517347,7.9831912817453485,0.2708495084129816,0.9997076220970059,465,404,0.8688172043010752,0.557631007365571,ok,1273.8388961463993,178.09053464288297,-0.4968241441598583
383,-3.0526306361205116,2.4137845345353526,0.21272902528330584,0.9997153081574462,526,502,0.9543726235741445,0.3664179596942784,ok,1276.8614010652368,175.63913226967986,-0.7095531694431643
384,-4.570384058468335,2.7141242730592694,0.3624338523619184,0.9996562057852434,484,450,0.9297520661157025,0.5943305123272804,ok,1281.3802077120881,172.83997748655622,-1.071987021805083
385,-1.0589897356451274,2.711670013633011,0.12021023154887907,0.9999427881318126,480,464,0.9666666666666667,0.3323407695791615,ok,1282.382548476783,170.10686085632085,-1.1921972533539622
386,0.20271160723473258,0.38486534267303796,-0.07125786567568648,0.9999638867601433,509,493,0.9685658153241651,0.27433837437697567,ok,1282.172346605381,169.72603477927578,-1.1209393876782754
387,0.4840734732724741,1.4969097937766946,-0.29707073035994863,0.9999120834227707,478,423,0.8849372384937239,0.2932059168790589,ok,1281.6667995207195,168.23624009428727,-0.8238686573183267
388,0.7201588679863562,1.1771106997969127,-0.41999087720036327,0.9999742870961379,477,419,0.8784067085953878,0.33746021414011984,ok,1280.9383611632923,167.06423499440734,-0.40387778011796327
389,0.7110012451832972,1.2339708219030854,-0.283532520910253,0.9999905316737466,510,454,0.8901960784313725,0.2908826408711431,ok,1280.2247696301577,165.83176029535707,-0.12034525920771015
390,0.758963966705096,0.8526195148208444,-0.2156916686106266,0.9999263082020408,475,425,0.8947368421052632,0.34113170344435273,ok,1279.4672255652963,164.97787896308455,0.09534640940291654
391,0.1707072901515403,0.38268418082623157,-0.03953679041890001,1.00002757978964,532,509,0.956766917293233,0.27884050536414545,ok,1279.297419645585,164.59479397147504,0.13488319982181657
392,-0.01887256456598152,1.1930332191213893,0.026365132620361536,1.0000257605154057,513,487,0.949317738791423,0.259820083471415,ok,1279.3185517769687,163.4017986367635,0.10851806720145503
393,-0.27361755702395385,0.5161282093665704,0.08862054062287596,1.000044441545442,504,493,0.9781746031746031,0.2615044312862427,ok,1279.5923485571277,162.88576547969853,0.019897526578579055
394,-0.6191696738774226,1.3274988331579607,0.23208440177274858,1.0000456397114739,439,399,0.908883826879271,0.5822101199149411,ok,1280.2065977907805,161.55598274705324,-0.21218687519416965
395,2.0663681493015247,-4.3477062369563555,0.11537208494867221,1.000196687747763,399,346,0.8671679197994987,0.5031929016407226,ok,1278.165119034277,165.91543126011777,-0.32755896014284197
396,8.22979787321242,16.057969129781327,0.1756027884855676,0.9992052830067883,452,393,0.8694690265486725,0.8037923695657917,ok,1269.7946219728135,149.9303530760435,-0.5031617486284096
397,2.036123507825323,6.973057315262849,0.06705360340697115,0.9996515585752459,477,425,0.8909853249475891,0.40681508084689616,ok,1267.6892036335182,142.97790452336665,-0.5702153520353807
398,-0.15441545645671795,2.157945378927252,-0.04563790046875093,0.9999839892791752,481,461,0.9584199584199584,0.4268969308447851,ok,1267.8238556013805,140.81863584180405,-0.5245774515666297
399,-0.21950171141588726,0.6171396561704796,-0.06424380090992143,0.9999266958163666,499,475,0.9519038076152304,0.2964334941173986,ok,1268.0383919731905,140.19975257195165,-0.4603336506567082
400,-0.6937733712468344,0.7001571932048591,-0.19625073831113504,0.9999493754963231,444,390,0.8783783783783784,0.35954566356027656,ok,1268.7289308806874,139.49640514494195,-0.26408291234557296
401,-0.6295728850168416,0.8234138693221666,-0.3877373363973218,0.9999933994177757,446,396,0.8878923766816144,0.2830168180173358,ok,1269.3602793708735,138.6743519217987,0.12365442405174912
402,-0.46942726917268374,0.9078952705092433,-0.23279770950393783,0.9998887297316006,444,393,0.8851351351351351,0.3356486162070671,ok,1269.835345774834,137.76939463270492,0.35645213355568717
403,-0.318234913139122,0.12326487408279263,-0.05282995656043251,0.9999807942134705,483,466,0.9648033126293996,0.3048781559098899,ok,1270.154453081675,137.6484061380288,0.40928209011611977
404,-0.4270596028241016,0.7242516198592739,0.0681601224122999,0.999989938174937,507,481,0.9487179487179487,0.2246702513298366,ok,1270.5858170680965,136.92670992461797,0.3411219677038198
405,-0.5455188546679892,0.7740172791707209,0.34794520764357306,1.0000158082248747,445,384,0.8629213483146068,0.29310489607001433,ok,1271.1312437427248,136.15262768618516,-0.006823239939753822
406,-0.21707293434656094,0.7157238006947182,0.379506027986598,0.9999142679022383,473,417,0.8816067653276956,0.3309304711300525,ok,1271.3434858555745,135.43545650491808,-0.38632926792635225
407,-0.08810692784959429,0.4541162322494756,0.08790935004078936,1.0000268247520476,500,470,0.94,0.2972967803391774,ok,1271.4278310767397,134.98062657319167,-0.4742386179671417
408,-0.08934097013002429,0.9974459559634852,0.13599803514622444,1.000019264451147,463,447,0.9654427645788337,0.3899567243651341,ok,1271.5065437439046,133.9822856694724,-0.6102366531133664
409,-0.2699612202595745,1.1858663412683654,0.07470155545127599,1.0000168500410624,489,462,0.9447852760736196,0.3244628316290449,ok,1271.7623096596874,132.7932769074688,-0.6849382085646424
410,1.5823241514324309,-1.887229942784188,-0.03180783359769216,1.0002147973215931,394,368,0.934010152284264,0.5410918874870552,ok,1270.201600901613,134.69842119324278,-0.6531303749669501
411,9.536784813008126,11.751779367353492,-0.13847794856248533,0.9994154194958648,411,360,0.8759124087591241,0.629302582809568,ok,1260.5596432941031,123.03277777491564,-0.5146524264044646
412,-1.235867393831768,3.241441305726994,-0.07181532959442552,0.9998595025624369,438,380,0.867579908675799,0.40418660260744266,ok,1261.7704210364386,119.78188140433201,-0.442837096810039
413,-8.140814297175211,5.246750840552636,-0.26328370879574203,0.9996128915298996,424,363,0.8561320754716981,0.6711320328985186,ok,1269.8947531300953,114.50964470290148,-0.17955338801429668
414,-1.7640969915084952,0.39820826505092555,-0.060424943417243485,0.9999132445494913,458,440,0.9606986899563319,0.40233422320494516,ok,1271.6580183610117,114.10776941970335,-0.11912844459705317
415,0.5093500856416995,0.8163028177293654,-0.044602677757540114,1.0000047289732608,448,425,0.9486607142857143,0.3483924677523893,ok,1271.1476069251385,113.29212981417504,-0.07452576683951304
416,3.5339491060519777,1.0909117668192039,0.051994219176970564,1.0001658266828297,445,421,0.946067415730337,0.5056429142590815,ok,1267.6112574961837,112.20902433293963,-0.12651998601648362
417,4.32001633152413,1.138041445147337,0.17838428399985093,1.0000412630492685,423,375,0.8865248226950354,0.4060716251901353,ok,1263.2852461804307,111.09398822075104,-0.3049042700163346
418,0.6374876184299865,0.4846696618651549,0.109394653919861,1.0000334530992936,417,389,0.9328537170263789,0.4466060157624684,ok,1262.6442706698738,110.61394078595879,-0.4142989239361956
419,0.11380773921428045,0.9874954077180291,0.36107002452048265,1.0000567367451614,418,370,0.8851674641148325,0.2708482926437651,ok,1262.5171102398208,109.62807588304463,-0.7753689484566783
420,-0.650139552079736,1.296784088950858,0.25367927800147894,1.0000481615468444,419,404,0.964200477326969,0.5589975268089515,ok,1263.1438555835884,108.31982488090478,-1.029048226458157
421,-0.3424734551617803,0.5855117855704748,0.05511912127760855,0.9999568687223445,434,409,0.9423963133640553,0.2798596306040146,ok,1263.4751891661697,107.72793791907327,-1.0841673477357656
422,-0.6528768577293249,1.034793115598859,-0.04589385453102421,0.9999850216082321,423,397,0.9385342789598109,0.3806189388335808,ok,1264.1092080697008,106.68148437810044,-1.0382734932047413
423,-0.2744998106938965,1.2779180089547708,-0.24554839925535807,0.9999480590789034,449,396,0.8819599109131403,0.3117405671607262,ok,1264.3660013289086,105.39989091459199,-0.7927250939493831
424,-0.1984030660883036,1.273801367658848,-0.3541179959718662,0.9999969661885358,389,325,0.8354755784061697,0.45864749714238634,ok,1264.5546475517087,104.12460808184233,-0.43860709797751657
425,-2.201345492259179,5.186791393240696,-0.48248181723772526,0.9996501580170333,357,301,0.8431372549019608,0.7012085670520698,ok,1266.7599642267699,98.9395039077699,0.04387471926020877
426,0.8451293858950066,4.20285771685667,-0.14014397965118383,0.9997778965508081,462,404,0.8744588744588745,0.3777121691980019,ok,1265.9283376298963,94.73395354302363,0.18401869891139258
427,4.667950782762546,5.758534989027339,-0.12268176150589877,0.9998321464404879,405,352,0.8691358024691358,0.44162109953595863,ok,1261.2912786283591,88.95051394824895,0.30670046041729143
428,2.727649521963258,1.3810316033459458,0.03594285173307362,1.0002420220275698,438,397,0.906392694063927,0.43995631907887855,ok,1258.5701857573413,87.55660800041676,0.2707576086842178
429,5.1851094331477725,2.3384188775736447,0.25841346571217255,0.9998465366617282,411,363,0.8832116788321168,0.40044485248515455,ok,1253.3855802473774,85.21707206635642,0.01234414297204523
430,1.425577990541342,0.5507854952089701,0.5025321451990107,1.000037283673527,388,333,0.8582474226804123,0.4248509533578206,ok,1251.9553422991862,84.67850296178221,-0.49018800222696546
431,-0.04470920084645513,0.3998907588033944,0.1330688422565712,1.0000593964452984,446,426,0.9551569506726457,0.3472366495253746,ok,1251.9956989753666,84.2781495300444,-0.6232568444835366
432,-0.8267455064142268,1.5380537699520573,0.27244822671568597,0.9999434950951647,404,378,0.9356435643564357,0.6160243155014966,ok,1252.798300040098,82.72735971110296,-0.8957050711992226
433,-0.5624304059936094,0.2864463572738032,0.03701730725572181,0.9999605278713063,442,422,0.9547511312217195,0.3068924716066024,ok,1253.3559930471554,82.43179586510587,-0.9327223784549444
434,-1.0324013067702253,0.5708094968196065,-0.047814675855495134,0.999887026660501,457,434,0.949671772428884,0.3533427718957377,ok,1254.379455677814,81.84511010294159,-0.8849077025994493
435,-1.0829254453278736,0.7914238367867483,-0.17997039386393748,0.9999242489445991,415,363,0.8746987951807229,0.3599059590500086,ok,1255.4525621406026,81.04042275428162,-0.704937308735512
436,-0.8387876686333584,0.6942114107118869,-0.2972306269218145,0.9999805245602753,416,360,0.8653846153846154,0.34119955847390204,ok,1256.2863887288245,80.34026030413963,-0.4077066818136977
437,-0.4262833232592129,0.8604532997958358,-0.3841940704336464,1.0000112433053159,413,353,0.8547215496368039,0.2968036182317658,ok,1256.7123189098406,79.47963214185495,-0.02351261138005128
438,-0.006788311465470542,0.30710388757506735,-0.10099482325862384,0.9999436338514309,443,421,0.9503386004514672,0.32681414376326423,ok,1256.7195225176122,79.17253771505546,0.07748221187857256
439,-0.016998911013160978,0.7436977318761819,-0.08321417322994477,1.000022830066212,391,363,0.928388746803069,0.5217786110449338,ok,1256.7386071939425,78.4288905846887,0.16069638510851736
440,0.6351265697715007,-1.3497608474737035,0.005525653029099265,1.000243102202299,319,279,0.8746081504702194,0.7770611921777383,ok,1256.0998274812696,79.77692640901978,0.1551707320794181
441,-9.43313341178441,16.47813513262747,0.2929436152840752,0.9994078030259662,371,311,0.8382749326145552,0.8521202382580273,ok,1265.4933104937268,63.27615611462693,-0.1377728832046571
442,5.77213001834366,6.977516651925839,0.4341140076584208,0.999648164066875,422,361,0.8554502369668247,0.558797855170701,ok,1259.6518244069398,56.35659949050432,-0.5718868908630779
443,2.8527975375109236,1.5020362605397395,0.1672254604071507,1.000351330580298,426,406,0.9530516431924883,0.4486371811476351,ok,1256.7798885847326,54.89148811210043,-0.7391123512702283
444,3.684435238338665,2.5099395007088106,0.29120780457128,0.9999095983798107,410,352,0.8585365853658536,0.4587850199256496,ok,1253.0509165453986,52.44820612825288,-1.030320155841508
445,-1.305862024199314,1.3013250576228756,0.13160583174462195,0.9998893891350639,419,392,0.9355608591885441,0.3944646852743864,ok,1254.330121730363,51.12066832216135,-1.1619259875861299
446,-5.046076616059054,1.4688326858683922,-0.1509693468014428,1.000014811683241,425,374,0.88,0.38577073071771406,ok,1259.3494973655663,49.56303328565821,-1.0109566407846873
447,-2.079597779355936,0.6924526681617635,-0.15067256621135708,1.0000009869380246,433,384,0.8868360277136259,0.2907308584342011,ok,1261.4184640925328,48.83943512075393,-0.8602840745733301
448,-1.7629578671758281,1.3073048254207151,-0.4402784934132697,0.9999382846691366,389,336,0.8637532133676092,0.37590615030201413,ok,1263.1717915064205,47.51924220768569,-0.42000558116006087
449,-0.2665874000533677,1.4527265796733673,-0.32736719001235365,1.0000054002405414,437,392,0.897025171624714,0.2963044978337949,ok,1263.436029725424,46.066086496560956,-0.09263839114770761
450,0.3301025454188675,0.9144911705685672,-0.2634228953136743,0.999960121695926,420,354,0.8428571428571429,0.40697242901997277,ok,1263.1086545137314,45.1506154362271,0.1707845041659664
451,0.07168423840721516,1.2353391555234339,-0.0347397414625167,0.999985383928799,459,429,0.934640522875817,0.3306772631146788,ok,1263.041401980933,43.91502709214251,0.20552424562848307
452,-0.033885948514353004,0.5878654613983372,0.03940009487277501,1.0000500578713662,489,470,0.9611451942740287,0.20168121982779486,ok,1263.0769922496215,43.327262350952424,0.1661241507557081
453,-0.49536482647044977,1.7266785414952892,0.22568949549433642,1.0000355558710892,432,403,0.9328703703703703,0.43922450635997784,ok,1263.5705617340507,41.60006975572617,-0.05956534473862819
454,-0.3164272558090033,0.9372719093391879,0.16901145947735077,1.0000548847067248,422,392,0.9289099526066351,0.5151896176886288,ok,1263.8832473124758,40.66154294774458,-0.2285768042159788
455,6.473488585471614,3.4025691074157294,0.3511601003099408,0.999676085229462,369,305,0.8265582655826558,0.7960712486236521,ok,1257.375662415171,37.32464771394689,-0.5797369045259194
456,-3.5696934231496016,9.252251955751717,0.24283449643094873,0.9996170931421726,401,346,0.8628428927680798,0.6098955989981196,ok,1260.8121618416633,28.02210241281,-0.822571400956868
457,-4.343420787466812,2.888698733427532,0.06496765276375652,0.9998195624453291,415,371,0.8939759036144578,0.3878384349212083,ok,1265.1103159901875,25.06647127462179,-0.8875390537206245
458,-6.786453033880662,3.278907473659274,-0.07939823933091177,0.9997900829316387,410,361,0.8804878048780488,0.4833715143963106,ok,1271.8498474444311,21.692172120850728,-0.8081408143897127
459,-3.2812942442260464,1.1576003495745226,-0.33570429941589947,0.9999794411271795,414,362,0.8743961352657005,0.40583937087089683,ok,1275.1214851728912,20.507555279739904,-0.4724365149738134
460,-0.3578157232668673,0.9951676511404912,-0.1763828975701123,0.9999450374328467,419,355,0.847255369928401,0.3924454492474428,ok,1275.4741540012778,19.510552048462387,-0.296053617403701
461,0.09544263508996664,1.1763351966961864,-0.45890354354908525,0.9999687456284476,417,363,0.8705035971223022,0.3593010768990368,ok,1275.3820552063803,18.33395033014085,0.1628499261453842
462,0.8788144011009535,0.9994159023083284,-0.3135762181705264,0.9998968051316743,406,347,0.854679802955665,0.3731359690025288,ok,1274.511581439077,17.327261541186317,0.47642614431591057
463,0.895335040126156,0.672204845981696,-0.06026295483442797,1.0000261526750556,409,378,0.9242053789731052,0.4113363500433945,ok,1273.622582122482,16.646699711421434,0.5366890991503386
464,0.9182496568141687,0.7739788384346866,0.13287481231217504,1.0002086196976927,406,379,0.9334975369458128,0.4234456807456517,ok,1272.7098101432432,15.866268427771047,0.4038142868381634
465,0.3408677539157452,0.5651184777067328,0.12382182084471746,1.0001376341694652,413,386,0.9346246973365617,0.3817119715134323,ok,1272.3717080639703,15.299490955127112,0.279992465993446
466,0.5748400970305738,0.809420412317877,0.39365678548442784,1.0000328554520828,379,327,0.862796833773087,0.3906897029383841,ok,1271.795263357478,14.491212512145694,-0.11366431949098184
467,-0.0498167642624594,0.7166342453717789,0.28266621669671504,1.000037918096328,431,382,0.8863109048723898,0.335245363931287,ok,1271.8401218148838,13.774250818301311,-0.3963305361876969
468,-0.17975076519246613,0.4829329312126447,0.09288857465234472,1.0000175203474622,452,413,0.9137168141592921,0.3245316295699478,ok,1272.0157425625657,13.289800710838676,-0.4892191108400416
469,-0.28331772490082585,0.9004177035195653,0.07957820636704284,0.9999451125946117,418,395,0.9449760765550239,0.39069657442490696,ok,1272.2901076794303,12.386614818177463,-0.5687973172070845
470,-7.475058560819889,3.8719961368982467,-0.10031542922332934,0.9997599229827686,374,320,0.8556149732620321,0.7101401729384514,ok,1279.733257142626,8.453628593897406,-0.46848188798375506
471,-1.4808629280869354,8.203789830009896,-0.2595419609192868,0.9996389726399179,416,372,0.8942307692307693,0.5386851194487636,ok,1281.1841936149208,0.24449307667532594,-0.20893992706446843
472,0.2140280954440641,3.102719585063028,-0.1727815485873643,0.9998901379302094,448,392,0.875,0.3540445517246046,ok,1280.9682074893979,-2.858090821103133,-0.03615837847710417
473,1.6975626975311116,3.5011884080014397,-0.37621225141918535,0.9998527445962503,455,402,0.8835164835164835,0.3386528836321524,ok,1279.2914543303336,-6.369292641554466,0.3400538729420811
474,0.2609204888874501,0.4550032318788908,-0.1430556266101706,0.9999623292301246,430,396,0.9209302325581395,0.4354172192517364,ok,1279.0343795907925,-6.8264797157715975,0.48310949955225163
475,-3.0377482444773705,1.3254926449657205,-0.08529345985056294,0.9996283636080822,424,390,0.9198113207547169,0.5887941035862212,ok,1282.0851276926319,-8.121771639550843,0.5684029594028146
476,-4.823502645629333,1.1911798364878905,0.08722916734972277,0.9995189653585773,439,408,0.929384965831435,0.4756113796444865,ok,1286.9184637348242,-9.272401848824643,0.48117379205309185
477,-4.456674381784978,1.479493742687282,0.22156590453868097,0.9997963737826014,411,370,0.9002433090024331,0.44209129384607404,ok,1291.3817959503197,-10.731687226682766,0.25960788751441105
478,-1.2509690470835721,0.47940472234404297,0.17257311793207802,0.9998972206745012,426,399,0.9366197183098591,0.4622661002309509,ok,1292.6334917903505,-11.20919112050558,0.08703476958233315
479,-1.5304726790825498,0.9769746592160118,0.1771547537869421,0.9998604484550064,468,447,0.9551282051282052,0.36917741178930935,ok,1294.1624259027765,-12.188571836074402,-0.09011998420460877
480,-0.9231699522515555,0.6810843294454116,0.11419644496807024,0.9999569433901246,439,408,0.929384965831435,0.3930160090601854,ok,1295.0831612476131,-12.87294384699021,-0.2043164291726789
481,-0.7845653954880163,0.7335007207958597,0.036046660411813564,0.9999466086258846,451,421,0.9334811529933481,0.3214192881791284,ok,1295.8646426194089,-13.609729455387424,-0.24036308958449243
482,-0.7761986850364337,0.5256547407939252,-0.060876635696578314,0.9999759040608346,444,417,0.9391891891891891,0.3941254197590814,ok,1296.6391908169887,-14.137813155947924,-0.17948645388791418
483,-0.46100782157691356,0.23769602047070748,-0.06870315416855761,0.9999897470885958,444,417,0.9391891891891891,0.3417049789693846,ok,1297.099738183922,-14.376400105535481,-0.11078329971935666
484,-0.5961153781129269,0.5538509893927994,-0.14735116437029214,0.9998543494824204,432,389,0.9004629629629629,0.5499089357535522,ok,1297.6962069247177,-14.929870523649583,0.036567864650935276
485,-0.004630207011359744,-0.01033721178362157,-0.0014065552566160618,0.9999896454327497,604,601,0.9950331125827815,0.028155907886025074,ok,1297.7008302794295,-14.919530245334158,0.03797441990755134
486,1.9980470993627932,7.523570366319518,-0.450344979520052,0.9997323516430215,385,326,0.8467532467532467,0.6851538955717238,ok,1295.7669767152154,-22.459856077843597,0.488319399427603
487,-4.259881491572514,7.606401737956617,-0.25623069409963395,0.999731766536527,416,365,0.8774038461538461,0.5518607361018283,ok,1300.1253398091167,-30.0102606274786,0.7445500935272367
488,-4.819526523272316,1.5244934925129883,0.020775321198825535,0.999897993608973,429,359,0.8368298368298368,0.4371904013174774,ok,1304.963739077445,-31.473752628644434,0.7237747723284113
489,-3.7213060541637333,0.6816280975931477,0.09353862921984228,0.9995602607500452,433,408,0.9422632794457275,0.5310598234509207,ok,1308.6923175578181,-32.11440708143641,0.6302361431085689
490,-4.6064456392164175,-0.41585869191840175,0.4413359621260446,0.9999514749259769,414,366,0.8840579710144928,0.45270012704704454,ok,1313.2973671070438,-31.68336354781445,0.18890018098252379
491,-1.0529510054166167,0.38553874811020705,0.22472671974710798,0.999943999762913,452,424,0.9380530973451328,0.5204098547382705,ok,1314.3500768326971,-32.069560621362484,-0.035826538764584394
492,-0.42359103896865236,-0.6592789626995454,0.4846960812863635,1.000049883409149,408,352,0.8627450980392157,0.3293396946802658,ok,1314.7796397486632,-31.41415706615453,-0.5205226200509485
493,-0.037992420963746554,-0.03948837265011207,0.1118369535687219,1.0000769053534515,426,399,0.9366197183098591,0.42164667180541365,ok,1314.8180656704324,-31.375090403109994,-0.6323595736196707
494,0.1655697793978561,-0.12326038450555643,-0.05666309178043657,1.0000127748378194,466,442,0.9484978540772532,0.2444097109256883,ok,1314.6537427235244,-31.25017265674137,-0.575696481839234
495,0.11515741362131848,-0.1089084160909124,-0.2560990538934905,0.9998448098690723,453,422,0.9315673289183223,0.6114562768915052,ok,1314.5391945924032,-31.14062358707838,-0.31959742794574336
496,-0.15429221495355705,0.4517720795239484,-0.4500481796494146,0.9999321750651297,434,376,0.8663594470046083,0.43149349455272024,ok,1314.6945149990283,-31.592043204195647,0.13045075170367165
497,-0.5750950764368099,0.6647290622071296,-0.3029155547743277,0.9999816589916383,437,390,0.8924485125858124,0.30526032343785037,ok,1315.2746213678174,-32.25240346494377,0.4333663064779996
498,-0.2915265396209179,0.4781122010627996,-0.10177719579316374,0.999982560958817,442,380,0.8597285067873304,0.2979993993348953,ok,1315.5706007024633,-32.72777198890299,0.5351435022711634
499,-0.5295654160377126,0.8497624525297169,-0.06426817012268309,0.9999296920750115,447,410,0.9172259507829977,0.40982608574599033,ok,1316.109026942862,-33.57194788244783,0.5994116723938466
500,0.989770331972295,-3.868509571928712,0.011077161869509852,1.0001481429119223,391,320,0.8184143222506394,0.6001040166269358,ok,1315.079586184632,-29.713805409255315,0.5883345105243367
501,-1.1154294527275397,18.333810855979095,0.34551646694165156,0.9993323150966616,406,339,0.8349753694581281,0.8533858534877317,ok,1316.2727036080296,-48.042724476696435,0.24281804358268477
502,-3.3228390396013765,3.123335117140414,0.15192099814227195,0.9996993951930898,435,394,0.9057471264367816,0.44986140122566654,ok,1319.6004934875411,-51.1607841385503,0.09089704544041269
503,-7.635678546678491,4.741296375021534,0.24134708136927238,0.9998075633560383,460,393,0.8543478260869565,0.5423300176384628,ok,1327.2236957983223,-55.92211427968721,-0.15045003592885986
504,-3.82558272169058,2.75173812991693,0.14692253177409312,0.9995938727863405,433,383,0.8845265588914549,0.5296158555340837,ok,1331.0349451787665,-58.693670531362045,-0.2973725677029531
505,-1.431260802874931,2.585310867124008,0.028334187931412947,0.9998650865290742,412,363,0.8810679611650486,0.5054222397564221,ok,1332.4514863339666,-61.28707580650496,-0.3257067556343661
506,-0.25649567691016273,0.9062297573119622,-0.031391015828249214,1.0000061997983645,443,408,0.9209932279909706,0.3319724471523392,ok,1332.7033235456306,-62.19461116346508,-0.29431573980611686
507,-0.48098303332471914,2.1348416472783356,-0.1363738662298431,0.9999799046440488,447,388,0.8680089485458613,0.27703272276872115,ok,1333.178419842247,-64.33077057845298,-0.15794187357627368
508,0.08826161270280863,1.6918789839943429,-0.21096168592730438,0.9999361013374489,416,347,0.8341346153846154,0.349056688350354,ok,1333.091723881664,-66.0227305127238,0.0530198123510309
509,0.11544657582612672,2.0083522777903227,-0.3186166046712053,0.99986713681186,417,358,0.8585131894484412,0.313144370950837,ok,1332.9893063764093,-68.0317893566089,0.3716364170222365
510,0.07815013573076612,0.7077190959139443,-0.09415677948126933,0.9998965189225872,421,386,0.9168646080760094,0.403160975310164,ok,1332.9169122505846,-68.74012039008267,0.465793196503506
511,-0.012717231998522038,1.3635288770117313,-0.09093626034564117,0.9999817894805493,434,392,0.9032258064516129,0.5239626506435684,ok,1332.9428777594171,-70.10346133012138,0.5567294568491473
512,-0.3572278490091776,1.3733299274579167,0.07032647683716682,1.0000274031120788,453,419,0.9249448123620309,0.2819816814563593,ok,1333.311751251728,-71.47370918085119,0.48640298001198035
513,-0.7369971142102258,1.496709354994323,0.2301043736762237,0.9999920026266903,429,393,0.916083916083916,0.46783590056795776,ok,1334.0554361318946,-72.96710679658975,0.2562986063357566
514,-0.34447102355375137,0.8329975961615901,0.15320314878079183,0.9998929730146214,421,365,0.8669833729216152,0.5228741942032188,ok,1334.4014054555344,-73.79948321887673,0.10309545755496463
515,0.7161869243120691,-2.66259165226154,0.17990835371523742,1.000057021417469,353,290,0.8215297450424929,0.49895678725372966,ok,1333.6887887451614,-71.1359338122868,-0.07681289616027291
516,-9.366816403721032,13.488222433663964,0.12492269503743365,0.9996231217560725,379,290,0.7651715039577837,0.7799411165078791,ok,1343.0080558258107,-84.65705266541897,-0.20173559119770668
517,0.7701799650487828,2.730647845667818,0.02403560263799026,1.0000878669186017,380,340,0.8947368421052632,0.5205208812534612,ok,1342.2271218847663,-87.3846444632029,-0.22577119383569696
518,2.9126895733011224,2.4618483691870097,-0.028250603648218783,1.0002672745658627,384,344,0.8958333333333334,0.6588260232802281,ok,1339.305962697879,-89.83643706212911,-0.19752059018747814
519,1.0930733407265052,0.2087734787229465,-0.04291329434500785,1.0001946572298377,391,366,0.9360613810741688,0.3364354719666195,ok,1338.2123299817015,-90.04226022829607,-0.15460729584247024
520,-0.4060090872328601,-0.2532114259232685,-0.12560034508534196,0.9998527579056476,409,372,0.9095354523227384,0.485956636690432,ok,1338.6184672094348,-89.78925438373392,-0.029006950757128103
521,-4.455403089968513,-0.12000770876920797,-0.30960450808367856,0.9999676841292091,377,307,0.8143236074270557,0.3760075860808436,ok,1343.0732291526535,-89.64742852743302,0.2805975573265509
522,-4.776905241724762,-0.17034761524678288,-0.20067257496094473,1.000002818822595,414,345,0.8333333333333334,0.42181270381312275,ok,1347.8485350159651,-89.43696259133173,0.48127013228749593
523,-1.3708886789659118,0.08795771886320836,-0.015910875202665677,0.9997970019566627,414,381,0.9202898550724637,0.384384184173011,ok,1349.2201353213634,-89.5130213361017,0.4971810074901617
524,-1.286444011954245,0.20131090811969443,0.08440244602219531,0.999927110516735,412,381,0.9247572815533981,0.33868453479969873,ok,1350.507996249261,-89.70505911367877,0.4127785614679662
525,-0.6265558989857709,0.14036339631252304,0.2959180685493889,0.9999027453361746,407,341,0.8378378378378378,0.3973613138905942,ok,1351.1348371300567,-89.84414429528226,0.11686049291857685
526,-0.16010465329668477,0.22095998005568163,0.13840122334013893,1.0000815785821944,392,349,0.8903061224489796,0.4624116900152136,ok,1351.2948587006624,-90.0651644521331,-0.02154073042156227
527,-0.5774444340947866,0.55882572335031,0.35409682164695294,0.9998957137710278,391,341,0.8721227621483376,0.36493521136742785,ok,1351.8686270269404,-90.6277639289417,-0.37563755206851573
528,-0.3086289075779405,0.4776650050482658,0.18536579190031674,0.9999327283428731,376,351,0.9335106382978723,0.42485998276102804,ok,1352.1725642272827,-91.10842788420416,-0.5610033439688327
529,-0.6128958633184993,1.0320620177465116,0.14284601245212078,0.9999969848785051,388,349,0.8994845360824743,0.4570525614900771,ok,1352.7727358102093,-92.14794095232571,-0.7038493564209536
530,1.4923161937526856,-0.9920015218752951,-0.036472763527884304,1.0002754082997745,365,326,0.8931506849315068,0.46230492220894387,ok,1351.2920753415704,-91.13862473916447,-0.6673765928930693
531,-11.494765446451538,18.291062666377684,-0.4079909886633413,0.9994323836595694,361,293,0.8116343490304709,0.9488985544789191,ok,1362.7039172086365,-109.48153812105011,-0.2593856042297275
532,2.0741642119933204,3.6202152618542414,-0.3480184258545802,0.9999502677866046,376,319,0.848404255319149,0.3657980102513467,ok,1360.6353557122666,-113.10495764633436,0.08863282162485302
533,0.6476083106583701,0.6875996734097498,-0.12247776191937389,1.000017628816407,397,364,0.9168765743073047,0.3933522161278399,ok,1359.9902853042731,-113.79493880813368,0.21111058354422707
534,-0.38153408935795596,0.7041909826460824,-0.1781212154830373,1.0000263421396627,411,364,0.8856447688564477,0.570039806781544,ok,1360.3765943874123,-114.49652165688792,0.3892317990272646
535,-4.2087141312913445,1.1262346282188673,-0.040156580883552576,0.9999069445784101,394,334,0.8477157360406091,0.4136040588072831,ok,1364.5936305256068,-115.59118383577834,0.4293883799108172
536,-5.330130882550975,0.813807153466314,0.1188370850857832,1.0000246273293223,408,348,0.8529411764705882,0.396508628514509,ok,1369.9280940434178,-116.37608910732547,0.3105512948250338
537,-2.54519662121902,0.8163240748012868,0.10325165092153432,0.999831036847477,393,355,0.9033078880407125,0.3714266468649217,ok,1372.4762275099945,-117.18319918177406,0.2072996439034994
538,-3.1205438599047284,0.519864527577397,0.30498875342945786,0.9998634241614925,402,341,0.8482587064676617,0.439844556486353,ok,1375.5958804673437,-117.70838346783262,-0.09768910952595862
539,-1.6721266952229143,0.7807329802910772,0.3392814645966009,1.0000004707921448,431,376,0.8723897911832946,0.3209374697454908,ok,1377.2620042723654,-118.50184621915207,-0.4369705741225597
540,-0.9751199532192913,0.8487359297465673,0.23041190426078384,0.9998295219196262,411,372,0.9051094890510949,0.54371343493462,ok,1378.2271722050389,-119.36188253428509,-0.6673824783833437
541,-0.2872004648274924,0.3219642834349088,0.0627738554490604,1.0000303963578163,424,393,0.9268867924528302,0.3310982639741329,ok,1378.5102464661645,-119.68748055254252,-0.7301563338324042
542,-0.9178105696603325,1.025120574134462,-0.1253272120661659,0.9999785044736287,436,373,0.8555045871559633,0.3758451849408787,ok,1379.4171846604563,-120.7222324769325,-0.6048291217662382
543,-0.3140964026920301,0.26225482653717336,-0.1149767199678868,1.0000430955762234,447,398,0.8903803131991052,0.3356987082686317,ok,1379.7290274537481,-120.98716306500751,-0.4898524017983513
544,-0.5954535046064393,0.787780266523896,-0.30818264640064114,0.9998923349605172,401,342,0.8528678304239401,0.37937610075465994,ok,1380.321980126563,-121.77682739386785,-0.18166975539770971
545,5.835212983995234,2.7681315009707532,-0.2801519973482113,0.9998395188662793,350,273,0.78,0.6775710191852997,ok,1374.491533733449,-124.55498459465366,0.09848224195050197
546,-1.834738124073283,4.448617409043095,-0.0841486534306615,0.9999040067116273,393,332,0.8447837150127226,0.3504263516449053,ok,1376.34044252728,-128.99773116722145,0.1826308953811636
547,-6.909409255265473,5.415920333627014,-0.06927667577411901,1.0000179187080918,357,283,0.7927170868347339,0.5528017478098309,ok,1383.2735966505295,-134.38322123036426,0.25190757115528273
548,-8.161494632526228,2.6197896105322798,0.06709917979576449,1.0000846679827828,415,352,0.8481927710843373,0.45298055300098605,ok,1391.4434989830252,-136.976672235818,0.18480839135951813
549,-5.43629872956717,1.816068860958012,0.19963205088934355,1.000028072499838,390,320,0.8205128205128205,0.46467433174045636,ok,1396.8793276742917,-138.7941475242435,-0.014823659529825778
550,-0.6562108836612879,0.5877664813720003,0.1257034312992307,1.000002746153239,391,368,0.9411764705882353,0.4392362176178623,ok,1397.5340949940799,-139.383521698599,-0.14052709082905673
551,-0.6912262856346842,1.1580106339819167,0.19004853379305825,1.0000245811332238,406,374,0.9211822660098522,0.44266638567833594,ok,1398.218628515358,-140.54550115823417,-0.3305756246221153
552,-0.20470809847688543,1.089453767576856,0.135252624760978,0.9999672441117751,389,349,0.897172236503856,0.5102177935499204,ok,1398.4144724287692,-141.6365832261141,-0.4658282493830936
553,0.2715763961648463,0.8950850349226585,0.04564937624704383,0.9999665203629118,402,369,0.917910447761194,0.39781026692502647,ok,1398.134916563708,-142.5292082745002,-0.5114776256301373
554,0.08922223913714333,0.4761445493301153,-0.015786412654791825,1.000049198754763,399,383,0.9598997493734336,0.27457071014982853,ok,1398.041578377186,-143.0045631132789,-0.49569121297534546
555,0.5790050105031241,0.489344815624122,-0.12749548464650431,1.0000012857483043,376,337,0.8962765957446809,0.4793316420330611,ok,1397.4594407024633,-143.4901770323903,-0.36819572832884095
556,0.1889721074105637,0.8226642243397464,-0.22058517810817993,0.9999124739100963,402,355,0.8830845771144279,0.3599091551213049,ok,1397.2683498028198,-144.31235168017565,-0.1476105502206608
557,-0.16669451941788793,0.29756119673538706,-0.12159995272104582,0.999975306348064,412,383,0.9296116504854369,0.42682929927335844,ok,1397.4349092210402,-144.60998852065188,-0.02601059749961479
558,-0.735291488590974,0.9895757294233363,-0.237849484163166,0.9999595413208633,392,340,0.8673469387755102,0.36937440895790935,ok,1398.173854420157,-145.59683890959627,0.21183888666355166
559,-0.21162250220504575,0.37319279700329844,-0.051304105517565216,0.9999949412733528,415,380,0.9156626506024096,0.34250993340103264,ok,1398.3871886513582,-145.96905585302102,0.263142992181117
560,-0.14708114968175323,0.4423803423250092,-0.012752644953257064,1.000043479383438,403,382,0.9478908188585607,0.3094365050165201,ok,1398.536398276053,-146.41072283137203,0.27589563713437404
561,-8.279536905843315,4.9984848904191495,0.18194129710209603,1.0001456851455026,338,265,0.7840236686390533,0.8553499261916331,ok,1406.8241206248538,-151.3956241186754,0.09395434003227769
562,-0.42394120245694467,7.725715634314611,0.370421404418151,0.9999717556006487,357,317,0.8879551820728291,0.6227864638169575,ok,1407.210778445793,-159.12329543252815,-0.27646706438587393
563,0.7918850762923739,1.5133301703314146,0.1017865004116217,1.0000209951797774,384,361,0.9401041666666666,0.34990382206695453,ok,1406.4089200406286,-160.63136481971048,-0.3782535647974959
564,0.3601499729613806,2.685658545764227,0.1990392807357948,1.0000535505754482,375,329,0.8773333333333333,0.49287831552510636,ok,1406.0217290215712,-163.31325835641587,-0.5772928455332912
565,-0.6637783065143594,0.2631536835813222,0.05726305855926412,0.9999572325590478,387,357,0.9224806201550387,0.3933983144553186,ok,1406.6825522286688,-163.58374715533876,-0.6345559040925554
566,-4.887466746190739,1.1203664015840786,-0.019717597671705302,0.9999863835455761,391,329,0.8414322250639387,0.481657066508026,ok,1411.5577152052283,-164.75649521903358,-0.6148383064208501
567,-2.5543755737301126,0.4983737476591159,-0.045477256519108604,0.9998553151353262,385,365,0.948051948051948,0.5271328206120871,ok,1414.107012289161,-165.28022734701187,-0.5693610499017413
568,-4.659537612673148,1.0398604861015883,-0.1983863507255056,1.0001812396615013,369,316,0.8563685636856369,0.5595054368096065,ok,1418.7597194645268,-166.35023507351264,-0.3709746991762352
569,-2.375091021344815,1.2372434349599644,-0.25853138603298137,0.9998783202917023,396,339,0.8560606060606061,0.39752050790112936,ok,1421.132377815974,-167.59213725336906,-0.11244331314325309
570,-1.1484153589046855,0.9378341967100141,-0.17597904789246005,0.9998346100184098,406,356,0.8768472906403941,0.6500053716676252,ok,1422.281832440198,-168.528697387016,0.06353573474920748
571,-0.005689536753379798,-0.0027176534279078624,-0.0002785789699781988,0.9999906304311464,538,532,0.9888475836431226,0.011176014412973995,ok,1422.2875189465828,-168.52597339844021,0.06381431371918568
572,-1.6257057175939735,2.266228339627901,0.07961764265914183,0.9999461647359404,387,359,0.9276485788113695,0.5406317621955984,ok,1423.9125995309669,-170.79265005420962,-0.01580332893995638
573,-0.4582115532068656,0.6798184011985313,0.09449894359486007,0.9999569018236346,429,405,0.9440559440559441,0.33170009353994234,ok,1424.3695014917603,-171.47334931550154,-0.11030227253481673
574,-0.4630423559690371,0.7716489759419574,0.12319191521165981,0.9999599316337228,396,362,0.9141414141414141,0.3940538056506723,ok,1424.8293953548337,-172.24687888843403,-0.2334941877464769
575,-0.07155361088393875,-2.7285142481804314,0.2035619127484136,1.0000895129678027,378,310,0.8201058201058201,0.6436365552511616,ok,1424.9217599742642,-169.51898983298634,-0.43705610049489113
576,2.9266984909111216,11.735603339598583,0.09640389862258747,0.9995529935602896,371,299,0.8059299191374663,0.5752489045648197,ok,1421.8859240151996,-181.22683548582722,-0.533459999117479
577,-8.23578068895722,5.625764656127558,0.06858143180374258,0.9998888282755514,385,321,0.8337662337662337,0.60510211924631,ok,1430.0621378268297,-186.93882631471024,-0.6020414309212216
578,-8.221849891866896,1.6089485368380565,-0.014654306264710534,1.0001421782650426,430,376,0.8744186046511628,0.4747910738991881,ok,1438.2670612704835,-188.63197790933054,-0.5873871246565112
579,-2.3838979180322895,0.13475127051731306,-0.03224588814491833,0.9998756249768903,413,375,0.9079903147699758,0.4257643477635621,ok,1440.6495417018077,-188.78982018143074,-0.5551412365115926
580,-2.13307067739629,0.4753058057531234,-0.11490753456314126,0.9998956705747142,378,339,0.8968253968253969,0.5122530441656802,ok,1442.7788974255652,-189.28150130314555,-0.4402337019484512
581,-0.3846351673787467,-0.013793013784493269,-0.1624779289564233,0.9999308520918502,411,388,0.9440389294403893,0.4091373535703356,ok,1443.1635949382126,-189.2695730603226,-0.2777557729920274
582,-0.22418785004742858,0.18040921444014657,-0.25857912700509816,0.9999427047823052,372,323,0.8682795698924731,0.3455406150048273,ok,1443.3877223935312,-189.4500572993461,-0.019176645986928507
583,0.025035994762447444,0.20132628379064954,-0.08105570012527624,0.9999839983122072,381,354,0.9291338582677166,0.44249904323275013,ok,1443.3629038443519,-189.65141050442423,0.061879054138347996
584,0.5735973468742941,0.08448052242204085,0.08456447457516304,1.000054600381982,386,357,0.9248704663212435,0.3397607040980649,ok,1442.7892730936192,-189.73566391280497,-0.022685420436815328
585,0.3116425220189285,0.3925685648283661,0.24517211916604625,0.999915459652319,377,333,0.883289124668435,0.38877131333661136,ok,1442.475798727377,-190.12677126549852,-0.26785753960286235
586,0.08207325077296446,0.30636481730721243,0.144572103734326,1.0000087919548322,371,346,0.9326145552560647,0.4781277862452536,ok,1442.391522329805,-190.43253736660904,-0.41242964333718884
587,-0.15176826601327775,0.4339810901212786,0.35072770163450395,0.9997832520699933,375,323,0.8613333333333333,0.329966056822783,ok,1442.5374968460178,-190.8685013946755,-0.763157344971694
588,-0.761262024440839,0.7908399761245164,0.24109434605702387,0.9998427090728098,380,349,0.9184210526315789,0.6006656076034175,ok,1443.284781201788,-191.672562231499,-1.0042516910287187
589,-0.3273744642976908,0.4325344589525457,0.0670010182235184,1.000020223324757,400,374,0.935,0.3116099932192815,ok,1443.6040118703243,-192.11114161806609,-1.0712527092522375
590,2.041613061140879,-5.29184936754757,-0.1095440158709722,1.0001953572436582,364,319,0.8763736263736264,0.7833808620688297,ok,1441.6515058317325,-186.78577085261725,-0.9617086933812649
591,-10.234876690798274,15.845451413042383,-0.2573889988183603,0.9997796119421393,394,334,0.8477157360406091,0.7762045786095367,ok,1451.6908307961723,-202.7558361504581,-0.7043196945629039
592,1.8417351165107902,8.669691063525534,-0.32652886993831004,0.999679912285565,384,325,0.8463541666666666,0.4661749854364322,ok,1449.7919708421311,-211.41319500009024,-0.37779082462459274
593,2.2129721888461518,2.487042649592013,-0.15182745332245942,0.9999577350174426,441,386,0.8752834467120182,0.3103126377066018,ok,1447.5692074777428,-213.89149080072173,-0.22596337130213276
594,2.3315905155197925,4.910099159403217,-0.25333975664376857,0.9998670538525471,376,328,0.8723404255319149,0.43746263140098507,ok,1445.2399633132466,-218.80270345233782,0.02737638534163672
595,0.016992223662782635,-0.014891417122726125,-0.0012051813475365612,1.0000209381878955,561,550,0.9803921568627451,0.03358892961252117,ok,1445.2229636632273,-218.7878205135098,0.028581566689173284
596,-5.199913201015761,3.6281924121220754,0.08503492334909787,0.9999265605469063,410,365,0.8902439024390244,0.4035204043346221,ok,1450.419299493849,-222.4211346222644,-0.056453356659924854
597,-4.628043669260478,2.143821817699859,0.20528391568278864,1.0000199160435912,408,351,0.8602941176470589,0.380628121143368,ok,1455.0375015497855,-224.5860757210412,-0.2617372723427141
598,-2.8663106338528905,2.098017462736834,0.2725821616156065,0.999885830794997,380,350,0.9210526315789473,0.4647378663613274,ok,1457.8841224886032,-226.71073172952117,-0.5343194339583215
599,-0.9892780941172532,1.477222519987663,0.3905352022640895,0.9998962317806893,399,357,0.8947368421052632,0.33180057259482204,ok,1458.84942777047,-228.20372979846138,-0.9248546362224123
600,-0.34904699715957577,0.9526960113698806,0.11791837728358598,0.9999540599852191,409,387,0.9462102689486552,0.33212905017493893,ok,1459.1810790201348,-229.1626202744294,-1.0427730135059985
601,-0.4201390010275645,1.4954128503212587,0.1328579032564726,0.9999966928196096,396,371,0.9368686868686869,0.38566745242674894,ok,1459.5704479116334,-230.66633841271982,-1.1756309167624714
602,-0.33585964761709874,1.143262574208734,-0.13918241122429428,0.9999008381690297,393,353,0.8982188295165394,0.35278272241403885,ok,1459.8855727587832,-231.81548911963012,-1.0364485055381767
603,-0.25167433588148924,0.4348328628227591,-0.1311593086413433,0.9999864792772394,400,372,0.93,0.35727819214982537,ok,1460.130345486335,-232.25424406464924,-0.905289196896833
604,-0.3873336635713258,1.0281724828514598,-0.36493637714611366,1.000000983416371,363,315,0.8677685950413223,0.4281423863037429,ok,1460.5079654398469,-233.2860236884734,-0.5403528197507184
605,1.4216981435563412,-4.290355264798677,-0.2488234608217835,1.000233095369901,359,318,0.8857938718662952,0.7636450586205155,ok,1459.1081155644406,-228.98849018239105,-0.2915293589289342
606,-8.710184800992693,11.252996254650611,-0.3719743496382353,0.9998210220911184,322,287,0.8913043478260869,0.5901017413832427,ok,1467.8340913188702,-240.22924598917393,0.08044499070930196
607,1.32630982076671,3.9888117681233553,-0.11342633106306751,0.9998721479173457,350,301,0.86,0.3658439705218699,ok,1466.5212859790718,-244.22252273915979,0.19387132177236982
608,1.211830738441222,0.8072847068242481,0.03201503290760621,1.0000689527890936,411,380,0.9245742092457421,0.3222322849077613,ok,1465.3117405917978,-245.033227551423,0.16185628886476347
609,0.40391791127626675,0.7200325296178107,0.4542930711139379,0.9999182082587577,373,313,0.839142091152815,0.3802400587931979,ok,1464.9041529226126,-245.75118912051005,-0.29243678224917563
610,-1.538461469127924,0.3005920869734382,0.19839893889782653,0.9999953586695908,333,302,0.9069069069069069,0.4707091423361544,ok,1466.4399828889595,-246.06494955334654,-0.4908357211470025
611,-4.196042068817405,0.33490582338924924,0.30979069178485236,1.0000549193431312,336,301,0.8958333333333334,0.4072655470393413,ok,1470.6309356269905,-246.4584544471105,-0.8006264129318555
612,-3.6468334640312605,0.38427032623621926,0.20143121201052866,0.9997436726363522,336,296,0.8809523809523809,0.5070590460033527,ok,1474.2704911327414,-246.90644297214533,-1.0020576249423847
613,-1.1340338368247558,0.2577518870980384,0.04643876866789907,0.9999233150848321,356,332,0.9325842696629213,0.3559702569024731,ok,1475.3996185698686,-247.1849030394652,-1.0484963936102838
614,-1.3617843381152852,0.33247711766739485,-0.03527014536146604,0.9999134912471478,358,334,0.9329608938547486,0.3339404600712892,ok,1476.7553107155918,-247.54140889261828,-1.0132262482488177
615,-0.6598535397554315,0.387026038476165,-0.19268714386123595,0.9999680373093036,353,317,0.8980169971671388,0.38722949405331386,ok,1477.4095541378197,-247.9378447548429,-0.820539104387581
616,-0.19946828993647614,0.2243339671429112,-0.14661169070403646,0.9999880681657185,356,327,0.9185393258426966,0.4348962804676259,ok,1477.6063700177638,-248.16450934604813,-0.6739274136835441
617,-0.4225979260409076,0.7573346116889752,-0.45534608454275094,1.0000115538758505,343,305,0.8892128279883382,0.3758720011762642,ok,1478.0260756713956,-248.92345063855066,-0.2185813291407919
618,-0.5847738234281223,0.907939440416726,-0.344961623794882,0.9999702322753626,362,325,0.8977900552486188,0.3767346846362527,ok,1478.6128507601024,-249.8300980051181,0.12638029465409098
619,-0.1827876255144929,0.42549602806548137,-0.06308972148213164,1.000014174672303,377,345,0.9151193633952255,0.371124234970386,ok,1478.7970444460625,-250.25498725185548,0.18947001613622283
620,2.0874762891342016,-4.165472875618207,0.08287927867032857,1.000272354992109,290,243,0.8379310344827586,0.9676122274817394,ok,1476.701822497419,-246.093405038186,0.106590737465894
621,-10.695436152800994,14.071948918132875,0.4016127560894995,0.9996581114852329,308,262,0.8506493506493507,0.7524713285463782,ok,1487.3246592342757,-260.2202390966462,-0.29502201862360655
622,-4.074073122707432,6.660422941977458,0.421592807670902,0.9998434882099669,318,289,0.9088050314465409,0.43474798592456854,ok,1491.315112045607,-266.93109537105136,-0.7166148262945099
623,-1.4615399527870068,2.2109244972165243,0.12906723681590376,0.9999183588939359,331,308,0.9305135951661632,0.3166661801616808,ok,1492.743860878712,-269.1633504948861,-0.845682063110414
624,-1.658246280012463,2.5417936916007875,0.17946240981082284,0.9999802616996516,313,291,0.9297124600638977,0.44106743833480005,ok,1494.3563660212144,-271.73440534868405,-1.0251444729212373
625,-1.7566551135764712,2.174924210534982,0.07888420874330675,0.9999083459044489,325,297,0.9138461538461539,0.46440391758343474,ok,1496.070789147927,-273.9427725854041,-1.1040286816645444
626,-0.004550386721803079,0.00158327346173337,0.0001514086643546513,0.9999976522758037,469,469,1.0,0.005064279041780853,ok,1496.0753081793928,-273.9444432525711,-1.1041800903288992
627,-2.049839376187265,2.5370351910693216,-0.18125763722081983,0.9997941510765124,330,278,0.8424242424242424,0.5550143448013062,ok,1498.0840167408442,-276.5141667676687,-0.922922453108079
628,-1.185544606138592,1.4298960984663154,-0.213007670885653,0.9998974401383254,319,272,0.8526645768025078,0.37058804599221656,ok,1499.2517538849588,-277.95864204534155,-0.709914782222425
629,-1.000219591378709,1.3147217340975885,-0.20457835789589493,0.9998706574957581,338,287,0.849112426035503,0.3659861978984601,ok,1500.2403391617966,-279.28213425140314,-0.5053364243265295
630,-0.9453765264315734,1.00064589286535,-0.12717713329483932,0.9999576779511467,323,294,0.9102167182662538,0.4481049760546677,ok,1501.1790907574746,-280.2889979071422,-0.3781592910316896
631,-0.36358299266544236,0.4020497173083868,-0.010036950261708347,0.9999130612372791,347,328,0.9452449567723343,0.31827532640824796,ok,1501.540083115512,-280.69337531153315,-0.36812234076998124
632,-0.7892581660200904,0.9392456826518583,0.059188243634388536,0.9999500562593132,358,325,0.9078212290502793,0.33195013223080894,ok,1502.3223145243946,-281.63848108760646,-0.4273105844043699
633,-0.7796953825611581,0.8698179160282962,0.12859722523465641,0.9998581985074686,358,323,0.9022346368715084,0.45347824066921977,ok,1503.0935340004155,-282.51582287758185,-0.5559078096390266
634,-0.5158128410555491,1.066289497259504,0.189956235651762,0.999701781011135,301,273,0.9069767441860465,0.7209139792165611,ok,1503.5954228029377,-283.5887365781498,-0.7458640452907892
635,2.422469005229914,-0.8843068142582524,0.13051382781122112,1.0005615894648716,266,203,0.7631578947368421,1.0332595770671202,ok,1501.1867627160384,-282.6674813427128,-0.8763778731020107
636,-11.078817786091122,11.770168012803992,0.28137530738733174,0.9998268499324406,284,234,0.823943661971831,0.7336390564800301,ok,1512.025499849998,-294.65909657703196,-1.1577531804893433
637,2.0866036436925697,5.6340826496324325,0.05222199219802713,0.9997447557296145,292,240,0.821917808219178,0.5970807357021943,ok,1509.8203894733174,-300.24786122545083,-1.2099751726873706
638,2.0804893259089567,1.3276752557565032,-0.0348393235179365,0.9999698860035175,327,306,0.9357798165137615,0.44635076856803146,ok,1507.7131090242954,-301.53258941815886,-1.1751358491694341
639,3.20484631344857,0.6082100650547773,-0.23279510108560522,0.9998905131286216,281,238,0.8469750889679716,0.5718749257245446,ok,1504.498693411159,-302.0880096573334,-0.9423407480838282
640,-2.065747513282986,0.011680533575599839,-0.24811522729042057,0.9998668229509569,285,235,0.8245614035087719,0.46441312173655974,ok,1506.5641477660463,-302.1247183943889,-0.6942255207934069
641,-2.3895175176760404,0.2934496701853959,-0.060001905534062906,1.0000051428030583,311,289,0.9292604501607717,0.4277636598677785,ok,1508.9502706791502,-302.4445998095641,-0.6342236152593438
642,-6.1004572116896725,0.6782028317444428,-0.11977564661366813,1.0001469092757953,311,279,0.8971061093247589,0.4632840988633096,ok,1515.044392612829,-303.17754941908436,-0.5144479686456751
643,0.00919822687001215,-0.00487935967487374,-0.00037577308900300883,1.0000185946338478,409,404,0.9877750611246944,0.012984479138789055,ok,1515.0352385344504,-303.17258772809964,-0.5140721955566722
644,-4.478891631737042,0.5462066748191319,-0.01629521156925368,1.0000255341598765,304,262,0.8618421052631579,0.5018988395148636,ok,1519.5092158363161,-303.75768522668466,-0.4977769839874185
645,-0.7591762248730447,0.9377788971332848,0.11416902506405523,0.9999494028323533,295,271,0.9186440677966101,0.5008073144104263,ok,1520.2583330295474,-304.7035188437261,-0.6119460090514741
646,-0.21290324183996745,1.0686789825342657,0.19850101139969095,0.9998733053758025,300,286,0.9533333333333334,0.569560470091192,ok,1520.4560990459718,-305.7751023266354,-0.8104470204511658
647,-0.15066253480267733,0.6392942327224773,0.120322327851386,0.9999602680203942,317,295,0.9305993690851735,0.41508158292522623,ok,1520.5963568298594,-306.4167596101165,-0.9307693483025523
648,-0.6200403038026252,1.45135341801074,0.20341263886620148,0.999749606675705,300,280,0.9333333333333333,0.712095385674024,ok,1521.1875476867071,-307.8801017071978,-1.1341819871687548
649,-0.6857163231595678,1.5443551654864223,0.09430726620422818,0.9997908998702261,298,274,0.9194630872483222,0.5126252629621857,ok,1521.839996132111,-309.43880333967945,-1.2284892533729834
650,4.2325197369498255,3.7659344426454027,-0.11598340267172226,1.0002326249655389,292,247,0.8458904109589042,1.1209329954468585,ok,1517.5351560927875,-313.12185069015015,-1.1125058507012606
651,-2.448944766650129,4.818925982911196,-0.11186593316932153,0.9998608376134315,311,280,0.9003215434083601,0.3559797732600586,ok,1519.8995717281605,-317.9828091143793,-1.0006399175319387
652,-7.213068286473799,4.978302910379966,-0.20025519813325707,1.0001930625579936,289,256,0.8858131487889274,0.47535037540554703,ok,1527.0423948500927,-323.06138488142426,-0.8003847193986806
653,-8.096369838477813,2.6099668114585484,-0.09381559510993703,1.0001563901461685,330,290,0.8787878787878788,0.5161513360451102,ok,1535.105963875531,-325.7709947962121,-0.7065691242887431
654,-2.7583804795740434,0.5912383209251857,-0.03227303679536046,0.9999604693695913,316,295,0.9335443037974683,0.5001932653471489,ok,1537.857195398675,-326.394653940524,-0.6742960874933824
655,-2.7138033134679063,1.2396693716514164,-0.020663381188093546,0.9997890173800245,281,264,0.9395017793594306,0.5387983476701421,ok,1540.5566802276787,-327.6652011585286,-0.6536327063052889
656,-1.7560550612392944,1.3220900376325062,0.049602367388686265,0.9998556567034323,310,293,0.9451612903225807,0.3997812137869849,ok,1542.2963764015444,-329.0087444843457,-0.7032350736939754
657,-0.9404863978213598,1.2740774184701422,0.11272080218530543,0.9998329899136418,316,297,0.939873417721519,0.46043941866101895,ok,1543.2186237594801,-330.29608583127856,-0.8159558758792813
658,0.010531237868462995,0.005286540127372064,-0.0006550776514828488,0.9999802018987045,427,420,0.9836065573770492,0.019062261053563165,ok,1543.2080183645435,-330.30122198507286,-0.8153007982277983
659,-0.549061596208503,2.1936612078811777,0.5798965349325751,0.9997892682310785,302,265,0.8774834437086093,0.5779532328445637,ok,1543.7035050844809,-332.5076016082926,-1.3951973331603764
660,-0.17548559592955826,1.2044605829395323,0.19946355619727724,0.9997630829105392,318,289,0.9088050314465409,0.6162613030584443,ok,1543.845404397911,-333.71647921792976,-1.5946608893576546
661,-0.42293415858398475,1.0453294199858192,0.030749262794979578,0.9999042491521906,332,313,0.9427710843373494,0.43321753504028954,ok,1544.2385176612836,-334.7733845405321,-1.6254101521526343
662,-0.33818192823696336,0.4942790751817938,-0.06170900218544496,0.999925192512243,321,310,0.9657320872274143,0.3528734356639129,ok,1544.563085593554,-335.27670797341614,-1.5637011499671891
663,-1.035632537542142,1.1581519213577849,-0.2843472851558197,0.9999511649469569,302,271,0.8973509933774835,0.5704352561040021,ok,1545.5726018155344,-336.4576938426451,-1.279353864811368
664,-0.6283451159374636,1.2924312682079062,-0.3615246364727516,0.9996778797874183,289,252,0.8719723183391004,0.5977671239362643,ok,1546.1801635579025,-337.76002440627883,-0.9178292283386149
665,2.1537330487176405,-3.8383716640341845,-0.14121377928201384,1.0006530641891231,259,236,0.9111969111969112,1.2012117389845174,ok,1544.0786539553922,-333.89281346466237,-0.7766154490566005
666,-8.066429320597763,10.262602756029764,-0.14005553003933882,0.9998799430041068,297,254,0.8552188552188552,0.6036680217810069,ok,1552.0305695937898,-344.24439957463005,-0.636559919017261
667,-3.1000923278011214,4.499527238435007,-0.01937893216353245,0.9999308624424335,321,288,0.897196261682243,0.5458605080339822,ok,1555.0820148159962,-348.7770588234795,-0.6171809868537284
668,-0.717152626853931,0.9096863738818683,0.035500771833553636,0.9999134334738652,333,316,0.948948948948949,0.36467682064211604,ok,1555.7887584939094,-349.6948554037517,-0.6526817586872821
669,-1.0879158127174833,1.2474931833677374,0.15391814106606888,1.000058246465407,318,298,0.9371069182389937,0.44784246778992887,ok,1556.8590050946489,-350.9575399533188,-0.8065998997533516
670,-0.8838617162048195,0.8364766396604182,0.2328650258140563,0.999845325583051,306,286,0.934640522875817,0.6936061932895603,ok,1557.7275467616219,-351.8099131549169,-1.0394649255674087
671,-0.2871540018190899,0.4011061122527053,0.16770857128346484,1.000029941203098,330,304,0.9212121212121213,0.4845349485234075,ok,1558.0061866901676,-352.2169798868747,-1.2071734968508743
672,-0.675852533416446,0.5102325520422255,0.27584478344691554,0.9999843925595638,320,284,0.8875,0.43574536340588343,ok,1558.6686076836095,-352.7445330420512,-1.483018280297791
673,-0.9547900480404223,0.8968389117322886,0.10855795883042026,0.9998790949517423,329,309,0.939209726443769,0.4107593131406981,ok,1559.5981199747198,-353.66754494344195,-1.5915762391282116
674,-0.7055427917307497,0.36931953839416565,-0.09289347718457192,0.9999235178458138,344,328,0.9534883720930233,0.4468059181245255,ok,1560.2937622483103,-354.0551908896307,-1.4986827619436396
675,-0.5707498489030058,0.3122577092985921,-0.10574275324847782,0.9998526553040633,346,322,0.930635838150289,0.4881051579785458,ok,1560.8567527654952,-354.38123067953245,-1.3929400086951615
676,-0.72954721008864,0.4810952242607982,-0.3530238149022028,0.999954988053029,309,269,0.8705501618122977,0.49443015547122804,ok,1561.5774484343503,-354.87548719132394,-1.0399161937929575
677,-1.0316968832914881,0.7871179569656306,-0.3841601603052085,0.9997781116190766,322,279,0.8664596273291926,0.48011035597907215,ok,1562.6000692986763,-355.67436121456933,-0.6557560334877474
678,-0.7022208872215288,0.7546027016544485,-0.20781614713563437,0.9999303704782124,351,311,0.886039886039886,0.5262211123914988,ok,1563.2963692822561,-356.4344307802413,-0.4479398863521122
679,-0.37223634680640316,0.4525980381451973,-0.03473257806765171,0.9998511213590348,357,324,0.907563025210084,0.5050915602398482,ok,1563.6653319180919,-356.8897015297674,-0.4132073082844603
680,1.4456056840940619,-2.606305598973222,-0.014128774523045125,1.0004449428913216,290,263,0.906896551724138,1.2532209539965622,ok,1562.2379146828669,-354.2733902513246,-0.39907853376141506
681,-8.165579995206599,17.189936153950384,0.2927062910421557,0.9996516669107489,320,273,0.853125,0.7567895446953888,ok,1570.1953545765557,-371.56066163732794,-0.6917848248035718
682,1.4017430745220736,7.732958535072839,0.3502767987678104,0.9997164661520981,344,310,0.9011627906976745,0.6291273246724849,ok,1568.6532086256002,-379.266848581471,-1.0420616235713838
683,2.913773350295287,3.1243267632645484,0.18255814894618594,0.999809298897522,385,345,0.8961038961038961,0.35441117941624906,ok,1565.6733276301627,-382.32818850274293,-1.2246197725175705
684,0.10567815171930306,1.2362635318497723,0.05926561503694619,1.0000624063526455,393,378,0.9618320610687023,0.2482961603780523,ok,1565.539976100234,-383.5617738307193,-1.2838853875545169
685,-4.474330029508565,3.3227674944529326,0.10999874096184206,0.999653071310741,352,332,0.9431818181818182,0.6395819692767023,ok,1569.932154266179,-386.99239826276516,-1.3938841285163597
686,-2.1826525977407982,0.5360359175504072,-0.01612854361925907,0.9998254340627855,367,354,0.9645776566757494,0.4450354303565399,ok,1572.1012873824254,-387.58075902907444,-1.3777555848971004
687,-3.643190776843767,1.8942422114976125,-0.08048592784320677,0.9998419249278686,372,330,0.8870967741935484,0.47622096051076324,ok,1575.700659309673,-389.55699644437675,-1.2972696570538933
688,-0.9684968273420509,0.4958918014124265,-0.07149400712475493,0.999892415762824,386,369,0.9559585492227979,0.43028182092983924,ok,1576.6583262959507,-390.07349303359376,-1.2257756499291383
689,-1.3575232771224819,1.670667582177657,-0.2693219245437107,0.9998034329221291,371,337,0.9083557951482479,0.4489450889226276,ok,1577.987772826076,-391.7665882883291,-0.9564537253854264
690,-1.0547814173494316,2.0494901294555348,-0.3699873468268629,0.999732858616602,352,315,0.8948863636363636,0.5243948623684022,ok,1579.021521246923,-393.8267673658653,-0.5864663785585619
691,-0.2879454410744984,0.5361272917341466,-0.01759343039034109,0.9999609982398908,358,344,0.9608938547486033,0.3881373961491711,ok,1579.304129532612,-394.36572711096494,-0.5688729481682208
692,-0.6309798610836879,1.3425303561948567,0.08430972731150432,0.9998538469245825,416,399,0.9591346153846154,0.3841243323107071,ok,1579.9197636243666,-395.7153633610217,-0.6531826754797254
693,-0.9288030293698739,1.6437631931518126,0.244563883380012,0.999845573052614,379,359,0.9472295514511874,0.5919176893321155,ok,1580.8226981738155,-397.3734772599862,-0.897746558859738
694,-0.35979983301558605,0.948993788091002,0.1776214211150522,0.9998907750958073,363,348,0.9586776859504132,0.5039593480342089,ok,1581.1646242910074,-398.3290564875001,-1.0753679799747906
695,1.2651314017095956,-7.187611076934786,0.3642956085145987,1.0007741320275845,328,271,0.8262195121951219,1.4610348286202992,ok,1580.0804754084247,-391.11192882774094,-1.4396635884893907
696,-9.908149954402461,8.3086913748499,0.24253845261069418,0.9997630581321387,363,317,0.8732782369146006,0.6962026400315214,ok,1589.740447382879,-399.70790052000393,-1.682202041100085
697,0.7226470299287939,8.656185508233193,0.19461769232269208,0.9996314428178584,367,313,0.8528610354223434,0.5684233330688113,ok,1588.7346907919205,-408.33577511126623,-1.8768197334227776
698,4.363895105907204,2.7033454531101597,-0.1163704824910096,0.9999267313735318,364,316,0.8681318681318682,0.3975124659889739,ok,1584.2898064846274,-410.90378224306926,-1.7604492509317677
699,2.038593475992684,0.6606971245042814,-0.3107894329497596,0.9999298011221952,385,346,0.8987012987012987,0.40731365485558835,ok,1582.2351507473973,-411.51269426639885,-1.4496598179820073
700,-0.699202647305583,-0.06989374069439691,-0.1946820149063105,0.9999517051449315,364,339,0.9313186813186813,0.40656469397135436,ok,1582.9357164703697,-411.45813104816943,-1.254977803075696
701,-4.237372373119115,0.4812433376393983,-0.3835766936508862,1.0000364979843845,362,332,0.9171270718232044,0.46479525477953587,ok,1587.1652799231338,-412.0037616718877,-0.8714011094248086
702,-4.998352131569618,0.34404268983121256,-0.2874595172274604,1.0001143724665977,374,339,0.9064171122994652,0.537326069417598,ok,1592.159866145128,-412.3987273345167,-0.5839415921973474
703,-2.8127938739753517,0.23492058239071412,-0.06893898371209753,0.9997325017501157,379,352,0.9287598944591029,0.5551601119534794,ok,1594.9704348397297,-412.65892085947326,-0.5150026084852496
704,-0.5907352530646222,0.16834679953240084,0.03928233266235481,0.9999528000617364,404,389,0.9628712871287128,0.28764303249169754,ok,1595.5595138721958,-412.8329745225617,-0.5542849411476046
705,-1.0531468122537717,0.6465139555004953,0.2784779462711388,0.9999428738522058,372,338,0.9086021505376344,0.38158361043379996,ok,1596.6031530509022,-413.49472656637124,-0.8327628874187444
706,-0.5015635658303381,0.6768518888497965,0.4702896734328664,0.9997799076239742,346,314,0.9075144508670521,0.45951867718876804,ok,1597.0891948959088,-414.18280927572437,-1.3030525608516121
707,-0.47960999339875343,0.8882254985173859,0.17412058357130136,0.9998251724067035,393,377,0.9592875318066157,0.4539813645671258,ok,1597.5457482227566,-415.0831033064321,-1.4771731444229144
708,-0.4139370443908774,0.49728998787770706,0.06071354196750286,0.9999617996800699,407,397,0.9754299754299754,0.29366390234650414,ok,1597.946189915302,-415.5913233961909,-1.5378866863904173
709,-0.9577963234928575,1.3644586352806982,0.07632987984786872,0.9997745633529307,380,361,0.95,0.5303553217552623,ok,1598.8651697978453,-416.9822213580013,-1.6142165662382861
710,2.1630152275095043,-5.069467836784497,-0.09544842278631296,1.0009128725406349,338,300,0.8875739644970414,1.3519684666397893,ok,1596.8372776508952,-411.8572050201767,-1.5187681434519729
711,4.4492537497847024,8.148724809395162,-0.09238434210707915,0.9995347055556695,349,320,0.9169054441260746,0.5947195203228073,ok,1592.18656026337,-419.89265166181326,-1.4263838013448933
712,-6.943545013488347,10.180886314023269,-0.11060181697415312,0.9996484120720737,344,308,0.8953488372093024,0.5377510010330442,ok,1598.8944936844905,-430.23029610874653,-1.31578198437074
713,-12.338668077607053,5.244843889931644,-0.3495252002890737,0.9999303951370722,360,320,0.8888888888888888,0.6798117974283511,ok,1611.1429604486864,-435.68246808746267,-0.9662567840816645
714,-5.129133224258339,1.2426735634021497,-0.17121758685006522,1.0000203104015795,380,344,0.9052631578947369,0.40725718178152914,ok,1616.254357037646,-436.9961918513269,-0.7950391972315987
715,-3.870031029056463,1.248941654429018,-0.11893140641863943,0.9999711610283293,358,311,0.8687150837988827,0.4306693484979674,ok,1620.1093810712725,-438.29071304551064,-0.6761077908129588
716,-1.7709904164962609,1.6002697989772514,0.1328309034072845,0.9998620259358539,361,339,0.9390581717451524,0.3948339168227986,ok,1621.8576020911012,-439.9158265032944,-0.8089386942202438
717,-1.1743362225104192,1.8373234572052297,0.3016151187602702,0.999975965864068,379,360,0.9498680738786279,0.5469274207867647,ok,1622.9961074441198,-441.7755653588986,-1.1105538129805148
718,0.00021576766994257923,0.5233761401901802,0.23552341199646493,0.9999298315758163,390,349,0.8948717948717949,0.4091589758409175,ok,1622.9835969404187,-442.2987920000145,-1.3460772249769803
719,-0.20314607276691277,1.4778637878880545,0.20697519629273348,0.9999375924621632,380,361,0.95,0.48038450976061675,ok,1623.1466144985059,-443.78161868516213,-1.5530524212697143
720,-0.06262384232900331,1.3328314423511074,0.14535609214010503,0.9999859678804186,377,352,0.9336870026525199,0.5402207417117264,ok,1623.1697077316253,-445.11572066849465,-1.69840851340982
721,-0.3151354730248386,1.5842541981573959,0.07254725353853146,0.9998957199837288,391,374,0.9565217391304348,0.4335099055596322,ok,1623.435732750962,-446.7089571292328,-1.7709557669483516
722,-0.4031412113481565,1.2897043682017966,-0.04949505969606262,0.9998409182938764,375,352,0.9386666666666666,0.6423246214109917,ok,1623.7999484749585,-448.0101900446017,-1.7214607072522887
723,-0.5144262254962086,0.6648595959117074,-0.06544313005816929,0.9998138783319671,380,360,0.9473684210526315,0.41305825488204456,ok,1624.2949461100748,-448.6896383244457,-1.6560175771941195
724,-0.7286257327521071,1.2793761039412175,-0.14673589293942374,0.9996427663162271,356,336,0.9438202247191011,0.7445124942977421,ok,1624.9896217172218,-449.9877617679591,-1.5092816842546952
725,-5.297973027811395,7.647262136874588,-0.264425482280157,1.0001674560422857,340,289,0.85,0.8348602040919809,ok,1630.1202065606042,-457.7483181628544,-1.244856201974537
726,-4.841843929499873,8.750115673306482,-0.16144936883259223,0.9997506870309973,336,276,0.8214285714285714,0.605055703318341,ok,1634.7957386921526,-466.58841862725706,-1.0834068331419444
727,-1.0839018879134983,1.7103178323563952,-0.00976409580255669,0.9998219343169703,343,315,0.9183673469387755,0.5890656770301632,ok,1635.8474032001297,-468.3187458081568,-1.0736427373393875
728,-0.983437148047642,1.4443367252542885,0.06188051440456415,0.9999242795876108,366,341,0.9316939890710383,0.42184893627806563,ok,1636.8020243322908,-469.7822879818266,-1.135523251743952
729,-0.7279094808563968,0.7741124758696287,0.18177587653660157,1.0000697273575867,378,355,0.9391534391534392,0.5460998004843446,ok,1637.5119452244858,-470.5729299137039,-1.3172991282805542
730,-0.4113179149389907,0.10468640533417783,0.3007977981132493,1.000016008637498,373,328,0.8793565683646113,0.37925790478858684,ok,1637.9201430565518,-470.68918910907473,-1.6180969263938048
731,-0.5295660367301025,0.31956584272950295,0.4087028295375216,1.0000004350715013,381,339,0.889763779527559,0.2938533509468767,ok,1638.438075723622,-471.0272841659429,-2.0267997559313278
732,-0.23449621461372772,0.2968632539131022,0.14330944991594247,0.9999899515956594,389,361,0.9280205655526992,0.48399304338919213,ok,1638.6611625880973,-471.33281406151866,-2.1701092058472704
733,-0.5487668668688457,0.6259435131701139,0.1565701359736911,0.9999912732810989,361,341,0.9445983379501385,0.4736452394141189,ok,1639.184065587932,-471.98051986558175,-2.3266793418209617
734,-0.5367209048351924,0.591638144104536,-0.0709156982560352,0.9998751650895074,384,358,0.9322916666666666,0.4467724204535873,ok,1639.6970835038942,-472.59282505186434,-2.2557636435649266
735,-0.6133624300859992,0.8522538622391949,-0.33143677296619345,0.9998792764310142,371,322,0.8679245283018868,0.46565164521129165,ok,1640.2814817467588,-473.46519470406383,-1.9243268705987318
736,-0.534812995232187,0.5963580165664553,-0.22380724137876096,0.9999205878585917,381,338,0.8871391076115486,0.37455521434032124,ok,1640.7983620969344,-474.077160820278,-1.70051962921997
737,-0.9525159801385144,1.4506731276568416,-0.2720729372518024,0.999782935494036,401,353,0.8802992518703242,0.5207550223381329,ok,1641.714418942327,-475.55112794058107,-1.4284466919681666
738,-0.8108887034782128,1.2450352214850682,-0.07966987593835491,0.999726458841152,388,365,0.9407216494845361,0.6615763533501672,ok,1642.4957768106156,-476.81490524447213,-1.3487768160298115
739,-0.2504862468970259,0.7051719632796676,-0.006846742105121626,0.999865995975573,378,355,0.9391534391534392,0.46735116517619424,ok,1642.729679966983,-477.525749932939,-1.3419300739246898
740,-7.781267816041691,4.0336838524682435,0.06860532830992486,1.0009239331874658,345,287,0.8318840579710145,1.4313122430111083,ok,1650.4092967430577,-481.7497551908972,-1.410535402234615
741,-1.3421064134145126,10.33024975855517,0.13608102642248512,0.999512411195596,392,334,0.8520408163265306,0.5670962670071,ok,1651.4720979825013,-492.11246541672585,-1.546616428657101
742,1.5747585638698638,2.7323740148283377,0.08240971951829082,1.000085054372549,414,379,0.9154589371980676,0.4806893826768848,ok,1649.820299834205,-494.7989678210939,-1.6290261481753918
743,2.259889585933024,3.223197087990343,0.22099356198548348,0.9997458734821626,391,345,0.8823529411764706,0.33210739263777445,ok,1647.4575326798358,-497.94752809253123,-1.8500197101608757
744,0.3878207018065041,1.2880525020868845,0.19497735306043387,1.0000343187582417,371,347,0.9353099730458221,0.46848998094767097,ok,1647.0239956550072,-499.2209211163005,-2.0449970632213104
745,-4.564800326388649,1.4987906270704343,0.09428244062363138,0.9996426208701961,380,360,0.9473684210526315,0.5775598320706412,ok,1651.5296664372336,-500.88906564414754,-2.139279503844942
746,-0.002475474590482918,0.005381083390034291,0.00043077917558503713,1.0000073230236042,512,512,1.0,0.009700225165795055,ok,1651.5319392760211,-500.89453540069997,-2.139710283020527
747,-11.057250487728425,1.9796433667247584,-0.2515046417737505,0.9999024012610581,347,292,0.8414985590778098,0.7118507197604235,ok,1662.5179577541078,-503.23743407689756,-1.8882056412467756
748,-1.0346455580654492,0.32489713385086816,-0.10722777644432335,1.0000047754540604,387,368,0.9509043927648578,0.47547639750811405,ok,1663.5420060569136,-503.59432993275675,-1.780977864802452
749,-1.6782233930148323,0.7760096343236,-0.1996136720130932,0.9998766340360591,397,351,0.8841309823677582,0.360743884601972,ok,1665.1981751322487,-504.4163571241129,-1.5813641927893582
750,-0.8215937800778192,0.6370987775634376,-0.08380885801846667,0.9997636079069582,353,324,0.9178470254957507,0.5356377426149603,ok,1666.0028381618692,-505.07471006942205,-1.497555334770891
751,-0.6402542611695026,0.6432066552838478,-0.011666185687478858,0.9998571836451062,399,368,0.9223057644110275,0.4146497794458829,ok,1666.6261983004408,-505.7343027149142,-1.4858891490834123
752,-0.8136328287391734,0.8503245988536037,0.0693678486023921,0.9998575076355853,376,356,0.9468085106382979,0.43103169649401707,ok,1667.4164527200455,-506.6063968931501,-1.5552569976858046
753,-0.4737203878614764,0.5220100750910888,0.06343740861069828,0.999914601755458,375,360,0.96,0.3133608537611223,ok,1667.8752384401023,-507.14158021449384,-1.618694406296503
754,-0.8383534514146049,1.2002779219761806,0.17251659037644523,0.999799799465875,364,336,0.9230769230769231,0.5981297886506622,ok,1668.675664632336,-508.36747642146577,-1.791210996672949
755,-6.642372037323412,4.334218575252407,0.2541305945723545,1.0006395439295763,347,290,0.8357348703170029,1.0231028699275138,ok,1675.1591149508104,-512.9360023224706,-2.0453415912453043
756,-0.923554481464862,5.289052130990399,0.1295736624743394,0.9999051340172042,362,341,0.9419889502762431,0.6729457329519756,ok,1675.8812829253307,-518.2562935495692,-2.174915253719644
757,1.3494456427386012,1.519433091836504,0.017665924819666865,1.000047130378472,388,365,0.9407216494845361,0.4372022582923934,ok,1674.4746941291962,-519.7229865719374,-2.192581178539311
758,2.592648531971008,1.0741994487507327,-0.04935830195145543,1.0001002528510725,371,351,0.9460916442048517,0.5332903708883766,ok,1671.8436867904131,-520.6994758188299,-2.143222876587855
759,0.9911928866868038,-0.4323577421697564,-0.13809558501460556,1.0000478430339717,398,384,0.964824120603015,0.4094595852692178,ok,1670.8682285460518,-520.2327020306415,-2.0051272915732494
760,-3.6532268016694616,0.2692367926207453,-0.19730340186797846,1.0000330793594219,378,329,0.8703703703703703,0.44443054886622335,ok,1674.5111433184788,-520.6170540512783,-1.80782388970527
761,-2.695493362044772,0.14667788775068402,-0.19045164947566387,1.0001439769032237,386,333,0.8626943005181347,0.34826936961490285,ok,1677.2014228619155,-520.8397530538521,-1.6173722402296056
762,-4.86101937741978,0.23827661736606842,-0.277539691949643,1.0000624452756612,378,332,0.8783068783068783,0.4094927153135367,ok,1682.055541744508,-521.1916266216206,-1.3398325482799616
763,-1.7120745773511317,0.12673692730663788,-0.060147830702852983,0.9998029122310003,382,342,0.8952879581151832,0.535791430391751,ok,1683.7643589171262,-521.3565674525864,-1.2796847175771084
764,-0.9882338768723002,0.5800775767554569,0.11209982788237093,0.9998073291363666,369,355,0.962059620596206,0.44269525518699404,ok,1684.7382118400087,-521.9604769450149,-1.39178454545948
765,-0.42048905927094893,0.503792956421421,0.12370766036310542,0.999962684795894,375,361,0.9626666666666667,0.3584185702011967,ok,1685.1452298810073,-522.4752144569643,-1.5154922058225857
766,-0.5079184866906417,0.8599319515909656,0.40926981557194403,0.9998487987245291,384,340,0.8854166666666666,0.3642277290027748,ok,1685.6239791622368,-523.3517207468511,-1.9247620213945313
767,-0.6734795820975705,0.973895584010279,0.4188691658564188,0.999847124922947,381,328,0.8608923884514436,0.4034165350235128,ok,1686.2570702129697,-524.3523420925854,-2.3436311872509523
768,-0.9200869082230838,1.2007934155478779,0.3243922426254322,0.9998715815807228,382,336,0.8795811518324608,0.4341057842577202,ok,1687.1202640630713,-525.5946629539791,-2.6680234298763854
769,-0.41252703934674173,0.8313279721352274,0.07667109024119306,0.9998123852052719,367,333,0.9073569482288828,0.44300199051729633,ok,1687.492509192279,-526.4447913673544,-2.7446945201175788
770,6.477226812261961,8.36940673225763,-0.14981114670763487,0.9999927377013326,322,273,0.8478260869565217,0.6490334448189867,ok,1680.6430093579604,-534.512367722562,-2.5948833734099432
771,-4.463650886980076,9.747925683262679,-0.2939588528744176,0.9998166908042564,357,296,0.8291316526610645,0.6353065697812518,ok,1684.7117025187017,-544.431640394033,-2.300924520535524
772,-4.114194191455908,3.4257753524451573,-0.1947094238827473,1.0000291384800974,376,333,0.8856382978723404,0.4349791729671483,ok,1688.6972127430922,-548.0063066528196,-2.106215096652776
773,-9.246409191771136,5.19635114881271,-0.2761825618991317,1.0000700165431806,372,311,0.8360215053763441,0.7885207168182312,ok,1697.7729621620074,-553.4952884061593,-1.8300325347536435
774,-3.4135236186391467,0.46271470200736076,-0.12131920445279151,0.9998984873412173,369,348,0.943089430894309,0.5946756914491462,ok,1701.1711705689881,-554.0595826673269,-1.7087133303008513
775,-1.9466373348718662,2.0152293706601085,-0.08441967976889403,0.9999736991126149,356,309,0.8679775280898876,0.36586692881720423,ok,1703.0599030843978,-556.1291806512658,-1.6242936505319567
776,-0.6275785119307784,1.5713602008281669,0.059186477690229576,0.9999274557263614,389,356,0.9151670951156813,0.39816765227539,ok,1703.6410472274501,-557.7182996381199,-1.6834801282221863
777,-0.38542965974124854,2.0979212284267987,0.18522544926830253,0.9999757048378245,378,363,0.9603174603174603,0.32456231983834555,ok,1703.9578601992666,-559.82767372637,-1.8687055774904897
778,0.5335125283975231,1.2083112714566369,0.2705304980611551,0.999881364585388,370,327,0.8837837837837837,0.34142143540117925,ok,1703.3796156038593,-561.0152279081102,-2.1392360755516453
779,-0.09075034635225165,1.07400464356067,0.09050257718237865,0.999914923214329,379,363,0.9577836411609498,0.3337161056407677,ok,1703.4285115218963,-562.0919501512873,-2.229738652734024
780,0.33300759649318934,1.40260610547341,0.16038270091048715,0.9999598267192467,391,368,0.9411764705882353,0.39309824027950435,ok,1703.0373002016308,-563.4794484933867,-2.390121353644511
781,-0.14567915804514087,1.6998360508277983,0.06380033522230143,0.9997694365132591,383,360,0.9399477806788512,0.4191104516651206,ok,1703.1100657234,-565.183963144431,-2.4539216888668127
782,-0.5764838936213437,1.3226321843949336,-0.05452996836982221,0.9999015194451937,368,348,0.9456521739130435,0.4851636490286505,ok,1703.630672140977,-566.5295702686616,-2.3993917204969906
783,-0.31510700474814257,0.7110842850486279,-0.06724278921186456,0.9998416633328564,407,393,0.9656019656019657,0.3352601370976478,ok,1703.916582395003,-567.2528880491199,-2.3321489312851256
784,-0.7097519823016682,1.5284587526172118,-0.17552504413959508,0.9998246300495879,343,296,0.8629737609329446,0.4960014998370861,ok,1704.568313763994,-568.8069730717319,-2.15662388714553
785,2.434923229224978,-3.7961422859924596,-0.17669694644784087,1.0007464533834554,308,278,0.9025974025974026,1.0981282072074345,ok,1702.2659985154787,-564.9289720552061,-1.979926940697689
786,-9.753154262301678,16.886632226403776,-0.20846154869459685,0.9996356277595968,325,287,0.8830769230769231,0.8347951903786393,ok,1711.4924754552796,-582.1090328610762,-1.7714653920030914
787,1.6876542032030102,1.5983296504495001,-0.022392945308302128,1.0000121146851735,385,362,0.9402597402597402,0.4199542506253009,ok,1709.7568228072612,-583.6551066841917,-1.7490724466947893
788,3.316911320745703,1.3858441154155798,0.04297998232941597,1.000081242330695,397,373,0.9395465994962217,0.5005873551782102,ok,1706.3981954841945,-584.9365461586395,-1.7920524290242055
789,0.30670711185371147,0.4335056455262247,0.1628945672767195,1.0000673778414715,388,361,0.9304123711340206,0.37040789307863176,ok,1706.076878431757,-585.3593365901507,-1.9549469963009254
790,-1.7146450475672737,0.25190222879336943,0.13335139373932717,0.9998319342783185,351,341,0.9715099715099715,0.41831072017590326,ok,1707.7812054895217,-585.6735525225752,-2.088298390040253
791,-4.7848988853909304,0.323082807671085,0.19631287805393524,0.9998466421915984,390,351,0.9,0.6969373681092486,ok,1712.549421853056,-586.1871209742427,-2.284611268094189
792,-5.105944108514677,0.26041713512938713,0.1626028835234754,1.000055716242157,391,350,0.8951406649616368,0.4728347841312745,ok,1717.639589716046,-586.6653191027713,-2.447214151617665
793,-1.9808922095062371,0.15155623109944827,0.04491748800266033,0.9998501899778732,388,371,0.9561855670103093,0.4459149029776313,ok,1719.612018405709,-586.9028655215211,-2.492131639620325
794,-0.7033389785269719,0.17759119583377014,-0.06145928566189618,0.9998072173076206,397,373,0.9395465994962217,0.38215914501596004,ok,1720.3071928352126,-587.1101258991092,-2.4306723539584287
795,-0.3963903275348457,0.27937584869744114,-0.10965436996293444,0.9998529373881767,393,367,0.9338422391857506,0.4419133224895542,ok,1720.6919437120207,-587.4053256948307,-2.321017983995494
796,-0.1736090704655453,0.23489234682585902,-0.0677341103809661,0.9998970991685455,382,365,0.9554973821989529,0.3204736568245696,ok,1720.8561832626724,-587.6468622219796,-2.2532838736145275
797,-0.43173887358034335,0.644197807727096,-0.21483344168205176,0.9998639293455301,364,334,0.9175824175824175,0.3453078919353175,ok,1721.2647347005022,-588.306009393018,-2.0384504319324757
798,-0.823699064844277,0.9780448705494109,-0.168092562381596,0.9998625517044156,387,343,0.8863049095607235,0.3451351692085566,ok,1722.0560733956067,-589.310417172689,-1.8703578695508787
799,-0.32796914161895074,0.46871831644352824,-0.021394206497673984,0.9999516244165052,361,333,0.9224376731301939,0.3845708765682679,ok,1722.3687486299123,-589.7894733446312,-1.8489636630532047
800,5.279362403085088,2.8938798982176195,0.0015119063793686976,1.0006013028800063,343,281,0.8192419825072886,1.232899527823838,ok,1716.998692333181,-592.5113667331298,-1.8504755694325732
801,-2.373763229064707,6.0049049889942125,0.11138023692908429,0.9998736681414372,392,367,0.9362244897959183,0.3967842704857102,ok,1719.165491321296,-598.5940156577029,-1.961855806361658
802,-7.784614576907643,7.696317042992405,0.308874000743738,1.000006952770823,380,331,0.8710526315789474,0.6435901276834666,ok,1726.6390547820224,-606.5927261372585,-2.270729807105397
803,-7.823533689350597,4.1033059158835385,0.3518069042273413,1.000091855549943,390,335,0.8589743589743589,0.6133558063782332,ok,1734.2666439537984,-611.0497074311755,-2.6225367113327396
804,-5.008132482668998,2.3465474812742286,0.2617023819217913,0.9999365438021347,379,339,0.8944591029023746,0.5230608146282892,ok,1739.150358246335,-613.645282657347,-2.884239093254532
805,-1.7539548434683638,1.6036477681519727,0.0660020679976029,0.9998988434231482,355,331,0.9323943661971831,0.35347404550943556,ok,1740.8194507951537,-615.3370786913601,-2.950241161252135
806,-1.407519896820986,1.3366429199780896,-0.04942397875551523,0.9999329314482595,362,337,0.930939226519337,0.4878208400922335,ok,1742.1575234113084,-616.7432395034194,-2.9008171824966196
807,-1.17929720158304,1.6575407636190675,-0.20374069437321343,0.9999016599476329,372,337,0.9059139784946236,0.2888945059673455,ok,1743.2575178983648,-618.4544365701438,-2.6970764881234053
808,-0.8770349263556909,1.6503081471742007,-0.27107328916764417,0.9999040437363421,374,329,0.8796791443850267,0.4293349334388893,ok,1744.0639107112552,-620.1403896756589,-2.42600319895576
809,-0.29041641562298537,0.6457244927368038,-0.17260439133802383,0.9998263174801456,392,352,0.8979591836734694,0.44068742438311104,ok,1744.3287132498187,-620.7970337425274,-2.2533988076177356
810,-0.5871749439347695,1.398135325414728,-0.24560607836836562,0.9997693109233255,382,343,0.8979057591623036,0.3871368396107201,ok,1744.8665434485365,-622.2148826344427,-2.007792729249369
811,-0.3317227023214855,0.9063178432966197,-0.07254417535181136,0.9998740736074744,378,351,0.9285714285714286,0.4266305381106734,ok,1745.167470558804,-623.1318858288861,-1.9352485538975575
812,-0.3281679611532127,0.49612234055905446,0.029064666165807964,0.9999617383913869,401,378,0.942643391521197,0.30196525766473287,ok,1745.478440084549,-623.6389652522383,-1.964313220063366
813,-1.1909550301586478,1.4579028860370045,0.22949039452098874,0.9997949608181484,398,376,0.9447236180904522,0.430581329183665,ok,1746.6127140733915,-625.1413890363987,-2.193803614584356
814,-0.9583183567606284,1.542814418653279,0.31212628070406706,0.9997495877560542,328,289,0.8810975609756098,0.6432177153300631,ok,1747.5026598491745,-626.7246284116907,-2.505929895288423
815,1.6665617508133437,-7.51742025020485,0.09708111669144574,1.0008659991156676,255,201,0.788235294117647,1.4230671332490374,ok,1746.1792249770565,-619.1392770403484,-2.6030110119798695
816,-8.923618491574416,14.251342916366639,0.3035111048519908,1.000391965166835,289,241,0.8339100346020761,0.9500389076448287,ok,1754.368726530104,-633.8247734982712,-2.9065221168318613
817,-2.838892549242928,6.537547854123773,0.09550141156620233,1.00003145747404,320,276,0.8625,0.4974461018887532,ok,1756.8613438368127,-640.502026063017,-3.002023528398064
818,-0.9962946138225561,2.857988356699707,-0.07559519258574289,1.0000050725687841,317,264,0.832807570977918,0.3783639163547234,ok,1757.7104285872188,-643.4071517902771,-2.926428335812321
819,-0.5055902261112806,1.5086751322307919,-0.1904853678350674,1.0000124722445827,339,301,0.887905604719764,0.3489115983799291,ok,1758.1434288120417,-644.9382405978432,-2.735942967977253
820,-0.41265385146857625,0.8093505328945412,-0.10101680153880532,1.0000117197495237,351,326,0.9287749287749287,0.3758125247495546,ok,1758.5184389727592,-645.7657059237554,-2.634926166438447
821,-0.5124837079977169,1.5011184535768507,-0.16877512622931934,0.9999618858919092,342,310,0.9064327485380117,0.4445663124143902,ok,1758.9658561512683,-647.2874858129007,-2.4661510402091267
822,-0.6954878746150825,1.577529915181458,-0.09989281242535032,0.9999546050480751,356,319,0.8960674157303371,0.4026794514219949,ok,1759.595619110941,-648.8923853834822,-2.366258227783776
823,-0.35105649239767445,1.0472349429280712,-0.029270745004869893,0.9999527035014845,342,311,0.9093567251461988,0.40974515516779086,ok,1759.903680714463,-649.9530642863454,-2.336987482778906
824,-0.3971141128272393,0.7490607854260816,0.0178760999969425,0.9999133186997035,356,340,0.9550561797752809,0.36396145244077727,ok,1760.2696816443427,-650.7178093407241,-2.3548635827758484
825,-0.6523940335705447,1.2331458140168934,0.10149874214340199,0.9999741483764972,370,344,0.9297297297297298,0.40023186082763407,ok,1760.8686254743382,-651.9777826984488,-2.45636232491925
826,-0.8281398574658851,1.4001045985298788,0.17095317564355533,0.9998008296885869,346,322,0.930635838150289,0.47546864169202685,ok,1761.6317150883965,-653.4143768482571,-2.6273155005628066
827,-0.9207004302352289,1.326959291387766,0.3574657346250355,0.9998237115714099,349,310,0.8882521489971347,0.46920218190293694,ok,1762.482070796911,-654.7874775045207,-2.9847812351878447
828,-0.50701585388083,0.7735186187599083,0.1617765760830992,0.9999450290405238,362,339,0.93646408839779,0.4182164156557033,ok,1762.9458636858112,-655.587660162331,-3.1465578112709447
829,-1.055817850387939,1.7373230542656302,0.15170875622303318,0.9997462383400386,331,301,0.9093655589123867,0.7218620580399391,ok,1763.8999777977663,-657.3828506785295,-3.2982665674939784
830,3.083653960868105,6.345645222334383,-0.16483913774873407,0.9998721698967385,295,240,0.8135593220338984,0.7492846116580693,ok,1760.4740724010896,-663.550452096515,-3.133427429745244
831,-2.491335680580505,5.486189641678038,-0.10152198865813727,1.0000317849081781,316,286,0.9050632911392406,0.5050248115749877,ok,1762.6717450389572,-669.160734195889,-3.031905441087106
832,-6.7331267223289615,6.498928365007146,-0.3614655317430443,1.0004175573986738,296,261,0.8817567567567568,0.724885619326892,ok,1769.0947676929256,-675.9663087740596,-2.67043990934406
833,-8.146938108057384,2.461618644884993,-0.2543135705926279,1.0005140094584482,328,286,0.8719512195121951,0.8176949033473221,ok,1777.1306890883332,-678.7691884033311,-2.416126338751431
834,-2.272329152324346,0.3658822657955625,-0.06886114297388211,1.0000447146214262,343,328,0.956268221574344,0.43138924335538487,ok,1779.3861265493413,-679.2278292959777,-2.3472651957775486
835,-2.931494815578162,0.7390580785177008,-0.055444538876365294,1.000140365569221,345,323,0.936231884057971,0.6242105174429567,ok,1782.2857221984252,-680.0835242001338,-2.291820656901183
836,-1.5041746335523385,0.7661370156773728,0.1006236362307265,1.0000454154965064,348,315,0.9051724137931034,0.49174785115020875,ok,1783.7566041638559,-680.9117835186952,-2.39244429313191
837,-0.8086528105641264,0.18259362616311137,0.25401033650977306,1.0000726284827477,324,282,0.8703703703703703,0.32618651267631893,ok,1784.5559636335183,-681.1315202671221,-2.6464546296416844
838,-0.6974080896998203,0.6972975458779729,0.23649127807975825,0.9999051321121077,325,291,0.8953846153846153,0.5712390441460257,ok,1785.2174180174316,-681.8630119000672,-2.8829459077214437
839,-0.2424497088161388,0.2743897754551199,0.08437767273428419,0.9999232686713285,337,306,0.9080118694362018,0.3465014263731617,ok,1785.445338478679,-682.1495845322638,-2.9673235804557283
840,-0.5043012984015149,0.6602396965290609,0.13121172590572636,0.999971891648338,335,305,0.9104477611940298,0.35223947089412944,ok,1785.9132143894628,-682.83611813563,-3.0985353063614554
841,-0.6575682267716729,0.7959649289759909,0.056303882948065126,0.9999122731377288,348,325,0.9339080459770115,0.36975570519078765,ok,1786.5259804992056,-683.66706568859,-3.1548391893095205
842,-0.963440457118395,0.8234601713714937,-0.049003253948132014,0.9997715231832647,326,300,0.9202453987730062,0.44160827960238547,ok,1787.4433903132003,-684.5415160310533,-3.105835935361388
843,-0.9662279091417076,0.964865137752895,-0.12422546060997405,0.9999026352834086,337,314,0.9317507418397626,0.4185659757892114,ok,1788.3581223407296,-685.5553337781199,-2.981610474751413
844,-0.814811463640126,1.1515079648559094,-0.20049596811408252,0.9998148255439925,325,281,0.8646153846153846,0.43298736735869175,ok,1789.1161023110287,-686.7450205768324,-2.781114506637329
845,1.108097645871112,-2.9466937343792097,-0.15616523646745506,1.0004341328171045,307,276,0.8990228013029316,0.898453963215717,ok,1788.1441199957112,-683.750670107077,-2.624949270169874
846,-9.937186568623929,12.47193951545205,-0.11544305431017755,1.0006976786276138,254,191,0.7519685039370079,1.0884566416537707,ok,1797.5256908487036,-696.6457498085372,-2.5095062158596964
847,2.8313759765671875,5.007967470088943,-0.09396617181100292,0.9999127433929175,285,234,0.8210526315789474,0.5313403101799143,ok,1794.4857617338157,-701.529934395406,-2.415540044048693
848,4.088209775875839,0.8531158063486828,0.06907715964685687,0.9998803259194803,307,261,0.8501628664495114,0.5059215044799394,ok,1790.36441173757,-702.2050195448903,-2.4846172036955503
849,0.8158801790932557,-0.30212410489377817,0.19853526332898316,1.000025970225276,320,275,0.859375,0.3449362066646867,ok,1789.5635692758353,-701.8650330850455,-2.6831524670245344
850,-1.2734224694768272,-0.2795760287891653,0.1477874112706971,1.000019136925771,320,295,0.921875,0.46696485518028924,ok,1790.8492456909412,-701.6486914633424,-2.830939878295233
851,-4.4961961362798775,-0.0954877577055413,0.31850065808418776,1.0001743512711585,301,255,0.8471760797342193,0.5860508486051861,ok,1795.3438970637667,-701.8003708770075,-3.1494405363794225
852,-5.114851997775986,-0.21214614469204207,0.2778060681387125,1.0001660620530732,307,271,0.8827361563517915,0.540403607054921,ok,1800.4622835358991,-701.894375492586,-3.4272466045181367
853,-2.400852267809114,0.1610392187992602,0.06798022910721196,1.0000154395929624,326,299,0.9171779141104295,0.4646905276487386,ok,1802.848852113872,-702.2014840474473,-3.495226833625349
854,-1.0000382278981306,0.29163735430779525,-0.09774966234746885,0.9998939786090549,315,292,0.926984126984127,0.46818411977834173,ok,1803.8298495777065,-702.551873515947,-3.39747717127788
855,-0.5972040382889645,0.5164346361644903,-0.2290620574441206,0.9999527401123021,334,296,0.8862275449101796,0.45521413471064803,ok,1804.3975968124723,-703.1005268438279,-3.1684151138337584
856,-0.2855503456567021,0.3802540962318517,-0.12981634453457824,0.9999155351519381,348,316,0.9080459770114943,0.42767185786264383,ok,1804.6625889147701,-703.4953829737357,-3.0385987692991794
857,-1.0125720885121154,1.8163333423439099,-0.5771651639432251,0.9996765185655481,292,245,0.839041095890411,0.6375181022870143,ok,1805.596220859386,-705.3535273268299,-2.4614336053559516
858,-0.4688302085914984,0.6847776843350175,-0.13428753878484528,0.9999200426886462,335,308,0.9194029850746268,0.38449585604166514,ok,1806.036858878063,-706.0567771956158,-2.327146066571106
859,-0.8162142275036786,1.4985140647532944,-0.09501453188362265,0.9998489913067764,299,265,0.8862876254180602,0.5979200952682049,ok,1806.7940893761838,-707.5859443022978,-2.232131534687483
860,-0.4818952998580244,1.05985335016328,0.074136534585056,0.9999410059517615,334,314,0.9401197604790419,0.4259606229855257,ok,1807.2329446728488,-708.6643311681611,-2.3062680692725386
