frame,step_center_dx,step_center_dy_down,step_rotation_deg,ransac_scale_diagnostic,good_matches,inliers,inlier_ratio,median_reprojection_error_px,status,center_x_in_reference,center_y_in_reference,rotation_to_reference_deg
377,0.0,0.0,0.0,nan,0,0,0.0,nan,reference,1280.0,720.0,0.0
378,0.015425656004708799,0.03796393458583225,0.0004050471394590404,1.0000066852097202,901,892,0.9900110987791343,0.08273179408432021,ok,1279.9845740756134,719.9620361744652,-0.00040504713945904047
379,0.030198804059864415,0.13496661012641198,0.0006404975325157486,0.9999870899080648,869,850,0.9781357882623706,0.1290822746192477,ok,1279.9543728086612,719.827070115435,-0.001045544671974789
380,0.012880041022299338,0.008666622818964242,0.0002785879822038619,1.0000015513492126,910,898,0.9868131868131869,0.08039652989844868,ok,1279.9414925673525,719.8184037902822,-0.001324132654178651
381,0.017946791461554312,0.04703600318498502,-0.00073172063445914,0.9999890711088154,882,874,0.9909297052154195,0.10508335293684168,ok,1279.9235452895614,719.7713679726612,-0.000592412019719511
382,0.017465021729549335,0.0854339178903274,0.0007314589859778319,0.9999953988181012,909,900,0.9900990099009901,0.09952611312471275,ok,1279.9060782938082,719.6859344583388,-0.0013238710056973427
383,0.004517338570849461,0.01586529105338741,-0.00018252646837639647,1.0000031598355685,941,925,0.9829968119022316,0.06762015578006611,ok,1279.9015606391984,719.6700692572753,-0.001141344537320946
384,0.019534010905545074,0.050408843467721454,4.584006712135901e-06,0.9999900037041103,896,883,0.9854910714285714,0.10445402822673701,ok,1279.8820256201084,719.6196608045024,-0.001145928544033082
385,0.032297706967028716,0.041877518997353036,-0.00042427872366765097,1.0000073128012237,916,903,0.9858078602620087,0.08600460196513386,ok,1279.8497273856897,719.5777836923033,-0.000721649820365431
386,0.008079305767068945,0.008667132628943364,0.00019247450347637484,0.9999988158225872,931,920,0.9881847475832438,0.06624268959016319,ok,1279.8416479416442,719.5691166885764,-0.0009141243238418058
387,0.006516301961482895,-0.0004514240547450754,5.3301283254863334e-05,1.0000057924509766,1000,998,0.998,0.006972220618687878,ok,1279.835131647306,719.5695682226573,-0.0009674256070966693
388,7.780092973771389,5.883072470315142,-0.2599654995517879,0.9997235530879729,637,585,0.9183673469387755,0.563176486797348,ok,1272.0817117303013,713.6513870863533,0.25899807394469115
389,0.12260093998247612,5.0830388194610805,-0.07434936280366179,0.999777310452631,785,719,0.9159235668789809,0.3129610824294696,ok,1271.9886858707803,708.5677210056501,0.33334743674835293
390,-3.246073185272735,5.851061502631637,-0.08138705361454703,0.9997605146048162,689,618,0.8969521044992743,0.4594290865904039,ok,1275.2770264521366,702.7403092257318,0.4147344903629
391,-2.9898980273408142,1.910013296436091,0.05286775045804162,0.999805569182011,702,678,0.9658119658119658,0.37394458742445275,ok,1278.2789279647654,700.8492173942931,0.3618667399048584
392,2.6230915816458946,1.2241333736214983,0.1678992966288097,0.9999464031200296,791,729,0.9216182048040455,0.2807884908398281,ok,1275.6599955515103,699.6162109154305,0.1939674432760486
393,4.072303399683051,1.1445523823291524,0.25028831063612134,0.9999230105656124,749,677,0.9038718291054739,0.34583409246222035,ok,1271.5865690421226,698.4756620968418,-0.056320867360072864
394,0.6156891843590984,0.40303655747311495,0.14174447071282972,1.0000497076806285,800,757,0.94625,0.27168691833944014,ok,1270.9694902853441,698.0747563144823,-0.19806533807290266
395,-0.09054290890617267,0.9768251759566056,0.2075896943336732,1.0000136186180146,723,693,0.9585062240663901,0.33907877404685144,ok,1271.0531150449142,697.0973145810153,-0.4056550324065759
396,-0.9685354638820627,1.4461856832717785,0.11945197460821003,0.999954272015242,766,730,0.9530026109660574,0.3204365861321019,ok,1272.008355949484,695.6423132787704,-0.525107007014786
397,-0.20717885867429686,0.44174724842878277,-0.022735948761766402,0.9999767048282169,800,769,0.96125,0.21725278428351913,ok,1272.2116536413546,695.1987664836565,-0.5023710582530196
398,-0.3305969428088247,0.9167446032549833,-0.12631935733133845,0.9999317009881009,737,697,0.9457259158751696,0.3427956499934172,ok,1272.536226599918,694.279871821162,-0.37605170092168116
399,4.169263988981811,4.938121777489073,-0.26050129219496126,0.9997113368676603,605,548,0.9057851239669421,0.5088714187170473,ok,1268.3570122129029,689.350168381147,-0.11555040872671979
400,-4.048384064175707,7.622316722331107,-0.5935316321670252,0.9997711406139688,732,661,0.9030054644808743,0.48536678312691933,ok,1272.4688426714886,681.7618895231684,0.47798122344030614
401,-7.3591655429033835,3.202114125324897,-0.4913428001312209,0.9999435569852747,743,665,0.8950201884253028,0.5356743393296446,ok,1279.8811255357405,678.6847292901331,0.9693240235715275
402,-1.7590429826016134,1.5201041051915354,-0.08074585777149212,0.9999292805997998,788,753,0.9555837563451777,0.42275727977846844,ok,1281.6677307653156,677.1971169552432,1.0500698813430196
403,-0.05996957040133566,0.708383370678348,0.08024379107952377,0.9999659319598639,812,782,0.9630541871921182,0.21988152978497683,ok,1281.7396817357283,676.489850098191,0.9698260902634958
404,0.6740779341810139,2.2659687457498876,0.7008014045576454,0.9998888224220552,752,686,0.9122340425531915,0.37135095580904093,ok,1281.0762507467753,674.2207412993536,0.2690246857058493
405,0.3905091680846908,0.6727855292526783,0.300565824006701,0.9999727468093675,790,746,0.9443037974683545,0.22717717973199034,ok,1280.6853712716581,673.5481708460463,-0.03154113830085214
406,0.5400676965136881,1.2951321699213167,0.27104040589981837,0.9999554506321168,757,692,0.9141347424042272,0.29834794585326047,ok,1280.1384714877718,672.2559088444508,-0.3025815442006709
407,-0.02232928294233716,1.5251954088112143,0.18834041411490487,1.0000040105928156,778,747,0.9601542416452442,0.3410502100443843,ok,1280.147731924744,670.7305781012207,-0.490921958315576
408,-0.3002810109544498,0.687034735983616,0.045165901941354246,0.99997372411473,857,843,0.9836639439906651,0.16361791700936532,ok,1280.4415716463775,670.0407639001651,-0.5360878602569303
409,-0.08900873232369122,-0.15789460198129746,-0.04504951331587878,0.9999584221304251,682,652,0.9560117302052786,0.2899379565792425,ok,1280.5319302873452,670.1978898870901,-0.4910383469410515
410,8.697940493901342,12.351634810670816,-0.22055710381390614,0.9994407210705508,658,598,0.9088145896656535,0.5980779605883799,ok,1271.7757774777308,657.8874536922873,-0.27048124312714494
411,-4.531772107842016,5.970979144571174,-0.30032895023100264,0.9997785223935175,753,693,0.9203187250996016,0.41150620725571696,ok,1276.31065949695,651.9188361426296,0.02984770710385828
412,-1.9853370921362057,0.9817288003093836,-0.07507352235963782,0.9998891939501564,760,728,0.9578947368421052,0.3363795126534652,ok,1278.297791021604,650.9407445771329,0.10492122946349625
413,0.9296774843041931,1.581943947179525,-0.15301094183745412,0.9999611322485503,756,693,0.9166666666666666,0.2928629822515379,ok,1277.3752444745019,649.3546314836652,0.25793217130095064
414,5.035356947782702,1.0989376330953746,-0.050280620718572616,0.9999284049724508,757,711,0.9392338177014531,0.3575317414086979,ok,1272.345871898522,648.2286230445325,0.30821279201952334
415,2.539100028704752,0.9006222693559494,0.0465049311528978,1.0000393903455664,727,689,0.9477303988995873,0.33530425731579966,ok,1269.8109120825734,647.316412455165,0.26170786086662545
416,-0.041848557300909306,1.0420519144527134,0.1310627291518126,1.0000123535225038,723,697,0.9640387275242047,0.2962551943559327,ok,1269.8551366029828,646.2744586721415,0.1306451317148127
417,-0.772484946109671,0.9075503708335191,0.19797299788490194,0.999965166886382,751,722,0.9613848202396804,0.3088906836577908,ok,1270.6265545599615,645.3660011865006,-0.06732786617008957
418,-0.3056974310584337,0.45931595372780976,0.16908348685685554,0.9999895705373735,719,694,0.9652294853963839,0.2691991019830653,ok,1270.9303541846186,644.9054277908697,-0.2364113530269453
419,-0.11364892787969438,0.5285708777009859,0.13223097039631043,1.000009565088127,728,703,0.9656593406593407,0.27700587433870877,ok,1271.040599946811,644.3761366389688,-0.368642323423256
420,5.287504267959321,5.049462922638895,0.2413932311820396,0.9996858703777698,580,519,0.8948275862068965,0.6109617475645638,ok,1265.6996341080735,639.3832555969017,-0.6100355546052958
421,-4.832755463000922,8.76923288558055,-0.08828696686097645,0.9997412515957421,659,587,0.8907435508345979,0.5888335698174706,ok,1270.452335643816,630.5703787182165,-0.5217485877443192
422,-6.1880955418382655,3.4310976807826137,-0.215966422916336,0.9999586565594045,670,602,0.8985074626865671,0.44400936578454564,ok,1276.6220317020607,627.1063047757506,-0.3057821648279829
423,-2.0276980883556917,1.9172700028102554,-0.2841939177593235,0.9999462335311355,698,634,0.9083094555873925,0.33287510150534916,ok,1278.6490072460217,625.1882709008197,-0.02158824706865903
424,-0.11206222980445091,2.1072329298535806,-0.19164197050737167,0.9999294910760884,757,699,0.9233817701453104,0.27473992134888686,ok,1278.7673232348789,623.0813798521916,0.17005372343871283
425,0.8331065513245903,1.1525413186868718,-0.13468641849759103,0.9999353584931837,729,687,0.9423868312757202,0.36753321972297115,ok,1277.9403584816298,621.924423796836,0.30474014193630405
426,0.3644162190564657,0.6584298600544116,-0.02152345199765182,0.999987923834832,740,711,0.9608108108108108,0.2646293061592582,ok,1277.5796974963941,621.2639295008337,0.326263593933956
427,0.7079509364539263,1.3306169336551648,0.03547885852668059,0.9999855481750419,744,705,0.9475806451612904,0.27543090196541686,ok,1276.8785087302572,619.9297367610844,0.29078473540727534
428,0.2677214970690329,1.2377454287016008,0.13162890716624462,0.9999999523067775,715,691,0.9664335664335665,0.3016469382306902,ok,1276.6142264625214,618.6912524336806,0.15915582824103053
429,-0.5570652207252351,1.4012440215125253,0.2073801244428879,0.9999457586669955,739,698,0.9445196211096076,0.3665013251255459,ok,1277.1701120971634,617.289540041938,-0.0482242962018577
430,1.005490786512837,-2.233949154333004,0.14055360947865175,1.0001586555003554,612,566,0.9248366013071896,0.6168403535561175,ok,1276.1719871617306,619.5267899517992,-0.18877790568050967
431,-4.531232407706511,5.617765732407406,0.09190449547201644,0.9998456204698959,621,563,0.9066022544283414,0.44027045963315503,ok,1280.6756448172714,613.8868939706174,-0.28068240115252624
432,-2.125618391176886,7.476688295839267,0.058601539457715034,0.9996905036233735,616,548,0.8896103896103896,0.5042022029290002,ok,1282.7569520783845,606.3977497269215,-0.3392839406102413
433,0.42352831812604563,3.7013317187954726,-0.05493980166820985,0.99985194499638,641,588,0.9173166926677067,0.34965038357253175,ok,1282.3150602988662,602.6985654406211,-0.2843441389420314
434,0.9386685119036429,1.732783027194273,-0.14548008027277962,0.9999553729551693,651,598,0.9185867895545314,0.3838662183626367,ok,1281.3721949142898,600.9680624902797,-0.1388640586692516
435,0.7871288764920337,1.829744514146796,-0.19675861130906608,0.9999351277008733,613,551,0.8988580750407831,0.3065001133629495,ok,1280.58691530569,599.1375235555462,0.057894552639814786
436,0.6562959417201455,1.8167251918991951,-0.2017342765632523,0.9999537498804504,639,578,0.9045383411580594,0.27379639114998583,ok,1279.938858342164,597.3178431006241,0.2596288292030675
437,0.43483674301160136,1.9896301568701347,-0.1622985036145401,0.9999612709539818,649,592,0.9121725731895224,0.29329490296872124,ok,1279.518684935594,595.3250647731097,0.4219273328176079
438,0.10023027906777315,1.6447520359954524,-0.029299737066568785,0.9999465210825171,662,641,0.9682779456193353,0.315817786787535,ok,1279.4314107078171,593.679574396985,0.4512270698841767
439,-0.08972784190495986,0.7946160313933888,0.023674472110894094,0.9999913565121016,701,672,0.9586305278174037,0.1869598647051735,ok,1279.5270655806726,592.8856500502999,0.42755259777328264
440,-0.41157117626494255,1.7027639921855098,0.11793076438263438,0.999965839114943,661,628,0.9500756429652042,0.29955652541316824,ok,1279.9478323038659,591.1851350074764,0.30962183339064797
441,1.5460333917444586,-2.006905339490345,0.19883538769767053,1.0001445317180466,621,563,0.9066022544283414,0.4695321511438351,ok,1278.397921276094,593.1890472051675,0.11078644569297713
442,3.1476850619353627,13.835316251814106,0.31472353651943835,0.9994705384159733,544,487,0.8952205882352942,0.5934050934957568,ok,1275.2010111965294,579.3650223578221,-0.20393709082646166
443,-6.016874861158385,7.0541739941819515,0.21450944024976143,0.9998801676990973,593,543,0.9156829679595279,0.4743310233368592,ok,1281.1662075178347,572.2670940203902,-0.4184465310762234
444,-4.917653433679334,3.6087605199463724,0.08015955866239195,0.9999523264784287,604,558,0.9238410596026491,0.4017738744467403,ok,1286.0522705598898,568.6156757023705,-0.4986060897386155
445,-0.3549432794752647,2.7361836284925403,-0.10930238458991372,0.9998560720523723,614,560,0.9120521172638436,0.31325188359806616,ok,1286.38861442979,565.8771435441413,-0.3893037051487016
446,0.7258414480356805,2.3792001223328043,-0.23949756893184743,0.9999181149204871,634,584,0.9211356466876972,0.23547770085030317,ok,1285.6565547886494,563.4998493445084,-0.149806136216854
447,1.3116464941053891,1.671340256699068,-0.3044086707404315,0.9999245909883184,609,558,0.916256157635468,0.2997138485959979,ok,1284.3494228803725,561.8249759303284,0.15460253452357775
448,0.5834490895103954,0.7844532777969562,-0.10564054897491065,0.9999798295466605,659,633,0.960546282245827,0.36490496277662465,ok,1283.7695428612542,561.0378806701951,0.2602430834984884
449,0.9953776545689834,1.3363320579967422,-0.20315026543337605,0.9999460750008266,604,555,0.9188741721854304,0.25711425396135534,ok,1282.7850055490692,559.6935420501443,0.4633933489318647
450,0.23071898012153724,1.0755984288223317,-0.08322571492139502,0.9999447554546832,624,596,0.9551282051282052,0.3320396591816438,ok,1282.5645584472147,558.6157914745668,0.5466190638532598
451,-0.24121134801566768,0.5539584411042142,0.02054983682977262,0.9999052805157524,555,527,0.9495495495495495,0.29667227589039397,ok,1282.810845803516,558.0640710680126,0.5260692270234871
452,-6.859195317161493,6.092869290059866,0.15809158974428147,0.999937560644905,561,505,0.9001782531194296,0.5106642003163011,ok,1289.709030363616,552.0153797748877,0.3679776372792056
453,3.613377502620324,7.927320942366123,0.24681738711468365,0.9996848992920124,528,483,0.9147727272727273,0.4935901686923784,ok,1286.1124243993904,544.0804355508985,0.12116025016452193
454,6.2457498974006285,2.2946727761999455,0.3511214128832316,0.9997761080401315,560,525,0.9375,0.4214605584713901,ok,1279.8575149810003,541.8108490029897,-0.22996116271870976
455,-0.10860359002458608,1.5187252485397948,0.2353237988374181,1.0000164691088893,584,560,0.958904109589041,0.362750666054921,ok,1279.953781930622,540.291291898196,-0.46528496155612786
456,-4.095802920715187,1.1273676117606328,0.07656433169485759,0.9998510803749353,608,587,0.9654605263157895,0.3283362147718683,ok,1284.0387402791382,539.1252410467001,-0.5418492932509854
457,-2.706415493795703,1.142221929756147,-0.10291717288055283,0.9999725972145502,571,525,0.9194395796847635,0.3369075907911956,ok,1286.7363260958546,537.9623195001959,-0.43893212037043255
458,-0.4641657553240748,1.159992785361851,-0.2572483616149959,0.9999425529279049,610,564,0.9245901639344263,0.24674307425746578,ok,1287.1968112100494,536.8008606889969,-0.18168375875543677
459,0.06583387593491352,1.0744826082242298,-0.33177813347289903,0.9999314234721302,584,542,0.928082191780822,0.28596168852090453,ok,1287.1337923155118,535.726209306674,0.15009437471746206
460,-0.20080009294360934,1.1829229986415157,-0.26487978029777626,0.9999050378425071,577,528,0.9150779896013865,0.3494123752979368,ok,1287.3431545823441,534.5447716488741,0.41497415501523804
461,-0.6418921848385253,1.1941837368531196,-0.19171314757821964,0.9999495030709633,594,548,0.9225589225589226,0.26678820390273816,ok,1287.9976553891718,533.3574515285262,0.6066873025934575
462,-3.8102718543123046,6.187303109666118,-0.07028278357404923,0.9998851828747284,498,446,0.8955823293172691,0.5282290928272803,ok,1291.8807647783447,527.2155989703508,0.6769700861675066
463,-2.17800096406404,7.849819493687278,0.08102358723812046,0.9997798314552586,543,479,0.8821362799263351,0.5095106860404173,ok,1294.1402942239747,519.3888575687669,0.5959464989293863
464,0.13736200604535043,2.957717712831027,0.2224541739742879,0.999983818810366,554,530,0.9566787003610109,0.3833430657527511,ok,1294.0222153879322,516.4303072856083,0.3734923249550987
465,0.8941092508907786,1.0507717525692897,0.30554893473357797,0.999984165245149,569,522,0.9173989455184535,0.2619782066127298,ok,1293.1293528082301,515.3784760052722,0.06794339022152096
466,0.6398481870451178,0.8524242769228749,0.3625692859667199,0.9999504241278719,542,490,0.9040590405904059,0.31253396218120744,ok,1292.4851297707125,514.5293532059766,-0.29462589574519865
467,0.2614905546697628,0.47456007029848024,0.1285928511667,1.0000452000097702,568,541,0.9524647887323944,0.3687566584702042,ok,1292.2201410148032,514.0567375801825,-0.4232187469118985
468,0.49985765307951624,1.3185044406745874,0.13070651473727768,0.9999874356718864,582,553,0.9501718213058419,0.2987131936605373,ok,1291.707559857035,512.74312721553,-0.553925261649176
469,0.0716078019336237,0.3193897443899232,-0.06251752528096269,1.0000140333239598,616,590,0.9577922077922078,0.24240345069534366,ok,1291.6332154178042,512.4243633680275,-0.49140773636821344
470,-0.13392037081439412,0.9147557271267033,-0.264120153193349,0.9998996150517396,554,513,0.9259927797833934,0.35246953725551716,ok,1291.763505984675,511.5090835888262,-0.2272875831748644
471,-0.6586791831557548,1.48348448390459,-0.5823136460614381,0.9999167056695585,544,499,0.9172794117647058,0.31835767508928714,ok,1292.4313646883209,510.02970898032686,0.35502606288657373
472,-0.17115055391150236,0.3307334393431347,-0.190276996154868,0.9999438403561879,511,487,0.9530332681017613,0.49843606877434593,ok,1292.605655143935,509.70061939209023,0.5453030590414417
473,-6.191226883748186,3.039358821838391,-0.32434127809699564,0.9999947239551825,529,473,0.8941398865784499,0.6439326532809566,ok,1298.8422989790672,506.755578467478,0.869644337138437
474,3.007688403324437,7.777191661502911,-0.13158483197226403,0.9997228037785746,553,492,0.8896925858951176,0.4543122725617693,ok,1295.9709673168882,498.9270183088657,1.001229169110701
475,5.301588722408042,3.235854081953903,0.11041843912341726,0.9998431125060413,586,531,0.9061433447098977,0.36252291771348594,ok,1290.720327024979,495.6091317607378,0.8908107299872837
476,0.6301143998093721,2.0423216678595963,0.29541117764900027,0.9999198665176809,571,521,0.9124343257443083,0.3371562718539814,ok,1290.111469423441,493.5603725330819,0.5953995523382835
477,-4.094328377529564,1.9316363190768016,0.40968405885106096,1.000058606099382,614,559,0.9104234527687296,0.3164760945420455,ok,1294.2120373851108,491.6420174762825,0.18571549348722266
478,-3.224619087675819,1.8559744174569914,0.3203331852643454,0.9999345654050579,608,570,0.9375,0.3881822856488668,ok,1297.4322869238074,489.7784718751817,-0.13461769177712257
479,-0.633909636463386,1.4334373563067402,0.22942405534500054,0.9999618561467883,594,569,0.9579124579124579,0.3810768310242909,ok,1298.057076156395,488.341035790864,-0.36404174712212317
480,-0.0018448967593940324,1.189197157380363,0.058659770131105786,0.9999857201526827,624,608,0.9743589743589743,0.2359706914620962,ok,1298.0501477409887,487.1518573854827,-0.42270151725322896
481,-0.0946694654685416,1.1031115361089405,-0.12431307632209772,0.9999356518580045,565,552,0.9769911504424779,0.38374637727016175,ok,1298.1390710973594,486.0482677853684,-0.29838844093113126
482,-0.2589935407338544,0.435000658935337,-0.11165287300238269,0.9999346900381384,559,542,0.9695885509838998,0.40110067220063245,ok,1298.3966455324705,485.612425339302,-0.18673556792874854
483,1.1117562184194867,-3.0946838683803435,-0.35120895479146763,1.0000167835943314,531,512,0.9642184557438794,0.5369389033854723,ok,1297.2760103007697,488.7039050516532,0.16447338686271926
484,2.0752617500552333,10.98534099720382,-0.3953198690939589,0.999711408141118,530,484,0.9132075471698113,0.4581686667761503,ok,1295.3081752600265,477.69881289354214,0.5597932559566785
485,-6.161533557801704,5.797276617974944,-0.31762082950317483,0.9999181061545798,520,468,0.9,0.417010513853461,ok,1301.5577610171747,471.99656861314827,0.8774140854598538
486,-4.730817956578903,2.32011283250813,-0.11649323655045808,0.9999576177831305,556,516,0.9280575539568345,0.3074830731258285,ok,1306.328112075137,469.75886602396116,0.9939073220103117
487,-0.9218491629546861,2.385545921727612,0.1993510663418584,0.9999644049758208,517,489,0.9458413926499033,0.3371478645587601,ok,1307.2829533892439,467.3863329285573,0.7945562556684532
488,0.31071142015366604,1.3003363990715116,0.3368257224660384,0.9999021517300634,512,484,0.9453125,0.30822876998778176,ok,1306.9826400375612,466.08355580711054,0.4577305332024146
489,0.6134223671911059,1.052441222649918,0.3885367068776096,0.9999358519434228,513,478,0.9317738791423001,0.22498159782702176,ok,1306.370489108645,465.0303745463912,0.06919382632480446
490,0.21128853577943119,0.6062641447527994,0.17342410676024606,0.9999914768148883,538,512,0.9516728624535316,0.31581667059316954,ok,1306.1580980306514,464.42449577258117,-0.1042302804354418
491,0.37854856608373666,0.9232388225561863,0.28798035862121,0.9998824694940746,542,497,0.9169741697416974,0.29396616343449905,ok,1305.7732384745225,463.50386986461683,-0.3922106390566523
492,-0.22398606554997968,0.8277135333503338,0.09963920612661639,0.9999828938006343,553,530,0.9584086799276673,0.24103631136517273,ok,1305.9901109509976,462.674264066783,-0.4918498451832689
493,-0.4519845958861879,0.7954316128342498,-0.09280440179112553,0.9998534681061867,544,521,0.9577205882352942,0.2976584796769297,ok,1306.436544721399,461.8757038534869,-0.3990454433921432
494,-4.9510005879280925,3.9048215797897683,-0.3400537573540292,1.000034832576577,463,412,0.8898488120950324,0.6307917525141526,ok,1311.3835222848336,457.96578679828815,-0.05899168603811355
495,-3.5759237749734893,8.791143609727897,-0.3764770358155623,0.9998610711444855,548,505,0.9215328467153284,0.4181077961863055,ok,1315.0081040866464,449.1945928331973,0.3174853497774493
496,-0.9206449489306578,3.4827108443585075,-0.28828638956996294,0.9999983628677719,553,503,0.9095840867992767,0.368807808761804,ok,1315.9655185907202,445.7218101715853,0.6057717393474127
497,0.036854693453506115,1.2542767292653707,-0.2049868135117615,1.000082616881239,535,479,0.8953271028037383,0.2945199479953569,ok,1315.9464155198716,444.46713752316646,0.8107585528591742
498,0.05579369537144885,0.9792017398210646,-0.054522904719635355,1.0000638758254226,602,584,0.9700996677740864,0.26679087699550075,ok,1315.9054155395743,443.48720487990596,0.8652814575788097
499,-0.1375948341712956,0.8610079552661318,0.08522923562819297,1.0000534146153268,561,542,0.966131907308378,0.277236087591033,ok,1316.0547194351916,442.62814994326004,0.7800522219506165
500,-0.23786722623094647,0.7993526787074643,0.2078400618322162,0.9999792533896179,494,455,0.9210526315789473,0.5455122994132314,ok,1316.3005577905724,441.83121266511614,0.5722121601183999
501,-0.4741710391087963,0.6828473093025877,0.27268823206108594,0.9999472750229055,583,539,0.9245283018867925,0.2630851816828138,ok,1316.7782920405723,441.15085348899794,0.2995239280573133
502,-0.6153250204652068,0.7759724973464017,0.18458364545743747,1.0000161016315423,536,508,0.9477611940298507,0.3923140525952329,ok,1317.395172489696,440.37611694736773,0.11494028259987547
503,-0.796468028129766,0.7959000142465129,0.1292019090059892,0.999931773814511,551,532,0.9655172413793104,0.28868235330560177,ok,1318.1914423838211,439.58001870706045,-0.014261626406114059
504,-0.3606011674980891,0.4531744467366252,0.0350426023163663,0.9999693745898697,571,550,0.9632224168126094,0.19837813145317235,ok,1318.5516534516703,439.1265341232264,-0.049304228722480435
505,-4.199276881474361,11.169340152684754,-0.09002765067773894,0.9997361980851283,433,383,0.8845265588914549,0.7782547390683542,ok,1322.7588679673754,427.9601814603154,0.040723421955258673
506,-1.2341842238015488,6.948396067928343,-0.16264427201172116,0.9997647610207018,498,439,0.8815261044176707,0.37607865704939514,ok,1324.0177072510844,421.01620981054066,0.20336769396698015
507,0.3150256875865125,3.1137443763060446,-0.23642467200078382,0.9998892579458436,520,458,0.8807692307692307,0.34820916493182025,ok,1323.726591165483,417.90013910378184,0.43979236596776433
508,0.3621077241093644,2.2392355564383024,-0.2968686757949298,0.9999576933753834,512,459,0.896484375,0.3517331563608282,ok,1323.393302788443,415.6564330760661,0.7366610417626948
509,0.3340739182970083,1.8250407086302403,-0.19847401336646675,0.9998639959095549,527,482,0.9146110056925996,0.26176035459232483,ok,1323.089058870471,413.82618319984135,0.9351350551291621
510,0.18504229708696585,1.4208632657204134,-0.025409275981182405,0.9999589967483855,557,528,0.947935368043088,0.3317233336380879,ok,1322.927861751666,412.40241757289493,0.9605443311103443
511,-0.0328488648997336,1.3565137527203888,0.12844295341083672,1.0000371736932578,514,494,0.9610894941634242,0.34927560597250595,ok,1322.980406985405,411.0465239164247,0.8321013776995074
512,-0.12090936897766369,1.269197557856387,0.2488248190937853,1.0000868621368375,504,486,0.9642857142857143,0.4329605345931556,ok,1323.1142304195728,409.778622972012,0.5832765586057218
513,-0.39942660551946574,1.1299694717670263,0.3318315326596966,0.999869257529539,523,473,0.904397705544933,0.2852498239661049,ok,1323.518612083122,408.6504172768893,0.25144502594602464
514,-0.47159686798067924,1.0893741915650708,0.28709379170985555,0.9999175332229203,536,498,0.9291044776119403,0.34280494329273314,ok,1323.9895310639479,407.56074987413064,-0.03564876576383137
515,-5.984713296195196,3.664992729270921,0.17904884574065988,1.0000138112757098,504,431,0.8551587301587301,0.715104670134421,ok,1329.9604689873256,403.8733571287839,-0.21469761150449151
516,0.13933516036354376,8.164703244222324,0.036788156504074424,0.999740826312115,552,504,0.9130434782608695,0.448959370600686,ok,1329.7852983223406,395.70934410875157,-0.251485768008566
517,3.165716708144373,2.8398319352007775,-0.12394507300777353,0.9997934816775359,596,535,0.8976510067114094,0.3431414158766047,ok,1326.6132679823806,392.8765661049562,-0.12754069500079226
518,0.06484132255400255,0.8240126756242034,-0.244481629161536,1.0000572435382977,613,559,0.9119086460032626,0.25163029899610373,ok,1326.5501086071538,392.05242280429746,0.1169409341607442
519,-4.750102270611478,0.9459264893765749,-0.26972216833022566,1.000033977675251,598,540,0.903010033444816,0.3652226728105953,ok,1331.3064862898811,391.13857388690263,0.3866631024909703
520,-0.0013091152306969889,-0.017840068218788474,-0.0013598858459885422,0.9999902814692051,768,759,0.98828125,0.046377984234900894,ok,1331.3076745581006,391.15642241164215,0.38802298833695886
521,-5.35555101252362,0.8271659683488224,-0.2753170127262484,0.9999873928963697,559,511,0.9141323792486583,0.40397380776500574,ok,1336.672442924479,390.39131420880983,0.6633400010632077
522,-0.8713000723992081,0.5742042860478023,-0.05793996276166635,0.9998694641949388,572,551,0.9632867132867133,0.3146747128067614,ok,1337.5509022583078,389.8281236752534,0.7212799638248741
523,-0.26353913222465053,0.6267558805350291,0.05257848930729743,1.0000029156891257,565,546,0.9663716814159292,0.28382508389500194,ok,1337.8217381703978,389.20448618702716,0.6687014745175766
524,-0.49373027833689775,0.908408878467867,0.14725309730315692,0.9999579638853666,558,536,0.9605734767025089,0.31645179435556375,ok,1338.323715308475,388.30060830198227,0.5214483772144194
525,-0.520338089543884,1.1122459242126297,0.20021513797102852,1.0000061381737542,556,522,0.9388489208633094,0.40042485225056784,ok,1338.850281080478,387.1912971593751,0.32123323924339053
526,-0.001445656067744494,-0.005042710681095741,-0.00041243709493965454,1.0000156088268235,766,761,0.9934725848563969,0.009955995872482986,ok,1338.8516984052665,387.1963479061439,0.32164567633833013
527,-5.74642831518122,7.674088615593746,0.3948396605420952,0.9997856954229551,364,310,0.8516483516483516,0.8439814507530974,ok,1344.5883185700288,379.5149246300352,-0.07319398420376562
528,7.383831549507704,6.191108319914974,0.10146714301401188,0.9995897864645494,494,427,0.8643724696356275,0.5859376840299768,ok,1337.1856483106942,373.34635400046557,-0.1746611272177776
529,1.2130617836269266,1.307425265207371,-0.08180861022105548,0.9998459023632965,597,556,0.931323283082077,0.5004454113658567,ok,1335.9704693308838,372.04089631749565,-0.09285251699672203
530,-4.055665925658786,1.4526281832605719,-0.1984482794622908,1.0000883534977605,545,470,0.8623853211009175,0.42217210042239195,ok,1340.0288055518745,370.5957451638969,0.10559576246556886
531,-4.011535431376615,1.4502733877565106,-0.254448600334605,0.9999086599868238,628,552,0.8789808917197452,0.35966126333697357,ok,1344.049375178835,369.17070857096763,0.36004436280017404
532,-0.7846078243499051,1.172509366183931,-0.3063344357998077,0.9999554437468665,553,484,0.8752260397830018,0.3866628528356054,ok,1344.847566504926,368.0074036845455,0.666378798599982
533,-0.04177003059112394,1.4594633524459368,-0.20071221879904194,0.999776024101112,571,512,0.8966725043782837,0.3790804295838925,ok,1344.9114178339548,366.5487395626967,0.8670910173990242
534,0.027907194992167206,0.5463607637267387,-0.026015047553784695,1.000053236620943,665,652,0.9804511278195489,0.23589045260063726,ok,1344.892030160048,366.0020101837779,0.8931060649528088
535,-0.2787269954119438,1.4693755375938053,0.0664146042708124,1.000004318968975,608,586,0.9638157894736842,0.2900515152331979,ok,1345.1919282746437,364.53680906129927,0.8266914606819962
536,1.3366167984004278,-2.894001302329002,0.22055681498721708,1.0003221153159179,461,380,0.824295010845987,0.5393506099963754,ok,1343.8247710703338,367.4165085564465,0.6061346456947788
537,-9.207163506453298,10.252426314656304,0.31700219475084446,0.9998225057947734,470,385,0.8191489361702128,0.6656094208674043,ok,1353.0835540806554,357.21067481589364,0.289132450943934
538,3.0676944018441645,5.0065841182452,0.15047145006867899,0.9996771738338882,501,410,0.8183632734530938,0.4396213848341148,ok,1350.02798503969,352.1966812666292,0.1386610008752548
539,1.7178875994352438,0.8987898944936887,0.053031065850525326,0.9999474161222387,613,582,0.9494290375203915,0.38798575206374286,ok,1348.3114426216357,351.29532495209133,0.08562993502472939
540,-3.785594238573367,2.048543534297096,0.07300000086937791,0.9997619604028997,624,591,0.9471153846153846,0.4317358775791213,ok,1352.097488336745,349.24761594099357,0.012629934155351347
541,-5.445601977944534,1.181825555613159,-0.037213940159147994,1.000174116253663,602,541,0.8986710963455149,0.5108587458444935,ok,1357.5441163709488,348.0705281774359,0.0498438743144994
542,-2.5215577486439997,1.1217516483269492,-0.08151551011601031,0.9995732374369993,602,558,0.9269102990033222,0.5891872815822028,ok,1360.0682392784959,346.95456053101077,0.13135938443050985
543,-0.9663204599830806,1.235394185307996,-0.1722466689489452,0.9998457593562472,620,572,0.9225806451612903,0.30154258158670677,ok,1361.0410924028636,345.72430412566996,0.30360605337945534
544,-0.5168381588364355,1.166358007503959,-0.3537425409682205,0.999918820400925,615,551,0.8959349593495934,0.3193371145926931,ok,1361.5712777591295,344.5639523806806,0.6573485943476765
545,-0.6263736727244122,1.3008279492219117,-0.23944086372254528,0.9998465597606325,554,488,0.8808664259927798,0.4129590766844683,ok,1362.2179343430566,343.2730873242851,0.8967894580702221
546,-0.622584661742394,1.1932019990324534,-0.04986685966070521,0.999961396281717,509,472,0.9273084479371316,0.4634565211214119,ok,1362.8601475366772,342.0903342285499,0.9466563177309276
547,-5.079483628393518,2.8200030334062376,0.13627765928478688,0.9993145263405104,469,417,0.8891257995735607,0.8960222538220202,ok,1367.9790072681365,339.34245393836545,0.8103786584461404
548,1.7675515164557964,6.990003175765196,0.33058257627576615,1.0002252380957906,575,525,0.9130434782608695,0.5152751486643371,ok,1366.2700514772898,332.3378945042922,0.47979608217037367
549,4.178162573829923,2.8764667994526008,0.39593431821262887,0.9999612228451994,567,497,0.8765432098765432,0.4082886061283922,ok,1362.096103558027,329.45531536244977,0.08386176395774407
550,0.23181239135396936,1.5352198318639694,0.36505318330684844,0.9999798666756011,561,493,0.8787878787878788,0.41530539556185575,ok,1361.856759565512,327.92125168379073,-0.28119141934910485
551,-3.372469295951305,1.4212685189950207,0.23071700073659576,0.999811523743523,636,604,0.949685534591195,0.4300150206951272,ok,1365.2163961218341,326.469909007286,-0.5119084200857009
552,-1.802067249990614,0.5523186230867623,0.04674732271633298,0.9998918745081224,655,622,0.9496183206106871,0.27876798972640315,ok,1367.0129924789962,325.90004607259993,-0.558655742802034
553,-1.8759028716517605,1.1041852505918541,-0.06297987941458467,0.9996858424660668,639,591,0.9248826291079812,0.5168224520984525,ok,1368.8792727705272,324.7796735787667,-0.49567586338744923
554,-0.4532153215452581,1.3249090034478286,-0.49161995158584687,0.9998489034749268,551,490,0.8892921960072595,0.388971300299633,ok,1369.3323943019336,323.45473249597245,-0.0040559118016013015
555,-0.2887457309332149,0.8653988480110684,-0.3110062774918538,0.9999430573656569,592,522,0.8817567567567568,0.36890456373475505,ok,1369.6257720636188,322.59089295518964,0.30695036569025314
556,-0.22802038407758118,0.27235649435419873,-0.08888875370376209,0.9999737013462338,566,522,0.9222614840989399,0.4597428752317335,ok,1369.8556686192414,322.3201182715784,0.39583911939401545
557,1.136078428939527,-1.5510406778989818,-0.15805999526053677,1.0000829259997364,551,506,0.9183303085299456,0.453129895763913,ok,1368.7046490375185,323.86010375972086,0.5538991146545524
558,1.0839543029144352,11.428879429337144,-0.04662003469675814,0.999504218850975,496,425,0.8568548387096774,0.5799605713587562,ok,1367.7405385793309,312.4204913114974,0.6005191493513107
559,-8.332646095224845,5.070740406312325,0.08086701502295007,0.9999427224347623,568,490,0.8626760563380281,0.5861239142244792,ok,1376.118831125019,307.4255325293507,0.5196521343283604
560,-3.9955797934787824,1.1796108325053183,0.08083068153176834,0.9997052456688242,633,602,0.9510268562401264,0.3793313235212604,ok,1380.1233281403718,306.27655765745396,0.43882145279659196
561,-5.4625832674030335,1.9470818690164151,0.29841696556609276,1.000078425998845,542,483,0.8911439114391144,0.4946006755409579,ok,1385.590666365666,304.3428677939539,0.14040448723049873
562,-0.3341274831016108,0.3596966218755142,0.06354351598395143,0.9999768933269638,626,582,0.9297124600638977,0.32491763523844297,ok,1385.925276072732,303.98361971993035,0.07686097124654717
563,-0.19709262228093394,1.002689470144901,0.09361869391630057,0.9999750283038642,627,585,0.9330143540669856,0.25837108229863126,ok,1386.1220754225421,302.9808726475281,-0.01675772266975357
564,0.3116982077688135,0.6619222307633663,0.03727814664742354,1.000031861453726,581,536,0.9225473321858864,0.32827629147986903,ok,1385.8097530920916,302.31924467486755,-0.05403586931717718
565,0.2536828542040439,0.6074948726025013,-0.015071306253159038,0.9999019021474306,595,552,0.9277310924369748,0.32508515728122644,ok,1385.5556571636685,301.7119224622701,-0.03896456306401812
566,-0.5131545581284627,1.0444252373049494,-0.11084309616324534,0.999843978160905,602,576,0.9568106312292359,0.4060044096571785,ok,1386.070121566931,300.668141807811,0.07187853309922744
567,-0.29096215797449076,0.39352737533977233,-0.049233393361319086,0.9999120205589783,660,631,0.956060606060606,0.29064314148216736,ok,1386.3619149131596,300.27523034754074,0.12111192646054661
568,1.5901677400388508,-1.6463794805318912,-0.33670709424018597,1.0002189285483332,539,504,0.935064935064935,0.6444433009937593,ok,1384.7586427650308,301.90885125044645,0.45781902070073327
569,-9.951106933470555,12.972182203709394,-0.29535825021544765,0.9996027460166109,495,423,0.8545454545454545,0.7727584734391896,ok,1394.8794098386702,289.06859758594504,0.7531772709161815
570,-1.945341723146612,3.2629109924757813,-0.07093730973750935,0.9999563652467155,593,535,0.9021922428330523,0.33646150382123974,ok,1396.871480837776,285.83400399491126,0.8241145806536908
571,-2.6246889908168214,4.54741375749245,0.04495857153250099,0.9997493699994956,564,501,0.8882978723404256,0.4299190138721841,ok,1399.5577647784687,281.32270232351715,0.7791560091211899
572,-1.692816730806726,3.102241479971667,0.23813518368257247,0.9998816837971656,582,549,0.9432989690721649,0.34163586815917635,ok,1401.2797988155985,278.23658348926585,0.541020825438617
573,-1.2680249309582905,2.5121800610854734,0.45119201035565865,0.9998259435110379,530,459,0.8660377358490566,0.34905439202757627,ok,1402.5517608039966,275.72639453523885,0.0898288150829577
574,-1.1316582019210273,2.0998969512377244,0.38365494409411116,0.999894549502334,525,456,0.8685714285714285,0.3619477339354955,ok,1403.6726354108982,273.62072181437384,-0.29382612901115396
575,-1.1109331718264457,2.155229708343427,0.23745113087580305,0.9999242367088348,566,528,0.9328621908127208,0.34952010969424824,ok,1404.7635366623208,271.4552837368397,-0.5312772598869574
576,-0.419854250817707,0.8138605640192509,0.05731015308125467,0.9999626040237425,616,563,0.913961038961039,0.24136242114756912,ok,1405.1750082894614,270.63715311789565,-0.5885874129682122
577,-0.911563690435969,1.487111657128139,-0.04428659194976289,0.999900655394437,553,516,0.9330922242314648,0.4522832887903527,ok,1406.0724037348004,269.141448983659,-0.5443008210184491
578,-0.462905033381503,0.6725072458347086,-0.09726845056917337,0.9998927117464239,590,558,0.9457627118644067,0.3354154014585069,ok,1406.530047704913,268.46535057199844,-0.44703237044927563
579,0.7420742632107249,-4.852301691339676,-0.36059671716136527,1.0000912500209125,566,508,0.8975265017667845,0.7393054723989942,ok,1405.795294401339,273.3187662247925,-0.08643565328790995
580,-5.3176925034522355,11.465251145658044,-0.3197805968624955,0.9999542189679691,489,430,0.8793456032719836,0.5646845326019612,ok,1411.1596364875775,261.87526713683445,0.23334494357458596
581,-0.4943673675691116,6.28835024109128,-0.20057887799647084,0.9998768258678382,530,473,0.8924528301886793,0.3022039089095635,ok,1411.7016134102714,255.5908412391077,0.4339238215710571
582,0.45680633623919675,0.8879132699996717,-0.029123097241335695,0.9999891512836586,551,514,0.9328493647912885,0.344820659550364,ok,1411.2519977564561,254.69926523689918,0.4630469188123928
583,0.5470661471774747,2.1776657067097176,0.04141358106887309,1.0000089982518552,573,536,0.9354275741710296,0.37018356693524573,ok,1410.7209714796327,252.51763273052012,0.4216333377435197
584,0.3530543526301244,0.9118005037361172,0.06835531192139653,1.0001032885085086,613,576,0.9396411092985318,0.258633766630853,ok,1410.3735458411113,251.60367268750804,0.3532780258221231
585,0.34083062911645357,1.9693143880533626,0.2347904278816843,0.9999889023056006,540,490,0.9074074074074074,0.4051233085902563,ok,1410.036788477501,249.6336576736586,0.1184875979404385
586,0.0048902174914928764,1.5508494913439108,0.2619480355416392,0.9998998563354237,538,508,0.9442379182156134,0.4650546002297481,ok,1410.0280151740683,248.08282528807467,-0.14346043760120095
587,-0.2034935459641929,1.5347928479897064,0.24913040670925243,0.9999476285622617,557,526,0.9443447037701975,0.38989486662232925,ok,1410.2209876203735,246.54667414171684,-0.3925908443104536
588,-0.6236465148094794,1.1978199502719917,0.11684539071361189,0.9998770764900834,561,535,0.9536541889483066,0.37869628772428077,ok,1410.8339594002036,245.34335655860122,-0.5094362350240657
589,-0.21319434361089407,0.5880494745159695,-0.004023257415760982,0.9999705139133278,577,528,0.9150779896013865,0.3083209443174263,ok,1411.041958261284,244.75344937402423,-0.5054129776083046
590,2.7900905891115144,2.4338148074618857,-0.22058117294243731,0.9999644840133717,533,470,0.8818011257035647,0.5917343517799696,ok,1408.239803089495,242.33353482890396,-0.284831804665867
591,-5.65125036473205,8.922356127265175,-0.2648336314412303,0.9998187193034396,508,450,0.8858267716535433,0.5738325876179788,ok,1413.887938904704,233.40920676682646,-0.019998173224636488
592,-4.415916871807212,1.9013311607769765,-0.10944096378994037,1.0000953168490607,501,445,0.8882235528942116,0.44099232381683734,ok,1418.3068185079305,231.51477148056227,0.08944279056530398
593,-5.6431679410334254,2.8833003944564553,-0.16140752772371839,1.0001212636889334,558,499,0.8942652329749103,0.43754133459307676,ok,1423.9625558856387,228.65620535577682,0.25085031828902243
594,-0.9773299897490233,1.5517051999167961,-0.011214629381763975,1.0000952128245364,526,490,0.9315589353612167,0.38067419445272144,ok,1424.9469729660336,227.1089865774075,0.2620649476707864
595,-0.11715815358638793,0.5502779754708627,0.028064596283955426,0.9999638554675072,557,530,0.9515260323159784,0.23357796442769962,ok,1425.066377513687,226.55919167270247,0.23400035138683103
596,-0.23820927888164078,1.2899462649052111,0.09724254498263143,0.9999447866742459,542,508,0.9372693726937269,0.2824132938603483,ok,1425.3076650502865,225.26981765730983,0.13675780640419954
597,-0.167095052965351,1.2495883594326642,0.17077408973988709,0.9999493261241982,532,495,0.9304511278195489,0.35820864145389614,ok,1425.4740181980571,224.0201303144188,-0.03401628333568764
598,-0.6623100863621403,1.2369098822638307,0.18616025205266193,0.9998626726595242,531,487,0.9171374764595104,0.448596574444026,ok,1426.1315702018348,222.7806844423991,-0.2201765353883497
599,-0.47315734555650124,0.5802842922643094,0.06647971498643404,0.9999147143529036,575,544,0.9460869565217391,0.24501691170851647,ok,1426.6018184200552,222.19804017119816,-0.2866562503747838
600,1.6444360876917017,-3.0564338197710867,0.059350693945167586,1.0002495097083521,502,449,0.8944223107569721,0.5022988672384764,ok,1424.9758698884318,225.2643488826061,-0.3460069443199515
601,-8.190404525419808,12.266402001106485,-0.01619953044616616,0.9998978124796146,472,404,0.8559322033898306,0.7341198558502707,ok,1433.0955309400217,212.951004546072,-0.32980741387378526
602,-1.5466664007506097,5.207388179804184,-0.1296758574220956,0.9998275079170708,515,452,0.8776699029126214,0.37642505561585043,ok,1434.6239987720555,207.73824570867947,-0.20013155645168954
603,0.40745440037426306,1.8748135695492465,-0.1777470089151433,0.9999846103659509,532,458,0.8609022556390977,0.355896617715701,ok,1434.215811943026,205.86359146814436,-0.022384547536546052
604,0.39196272021513323,1.4610310075330517,-0.14271594984402822,0.999929903663989,533,470,0.8818011257035647,0.3210277515609783,ok,1433.8269185118597,204.40174049140035,0.12033140230748232
605,0.3110746140582705,1.0587538575961162,-0.09843272774435456,0.9999083767137602,556,517,0.9298561151079137,0.3586720903769769,ok,1433.5198886410985,203.34180662320546,0.21876413005183698
606,0.2530716139078777,0.9492150046788765,-0.019007251555487346,1.0000155227472491,546,496,0.9084249084249084,0.34641349859714676,ok,1433.2707583361873,202.39154957479764,0.2377713816073243
607,-0.023119874129861273,0.4780390460974786,0.02415214603259672,1.0000352136525628,560,524,0.9357142857142857,0.24204466226083116,ok,1433.2956603466807,201.91360005021681,0.2136192355747276
608,-0.10286288296902057,0.7905295127828822,0.09494459826298413,0.9998385918804888,549,509,0.9271402550091075,0.3522351588823433,ok,1433.4001604024877,201.12328528911848,0.11867463731174344
609,-0.38973774870123634,0.9899956983443872,0.1376632547626073,0.9998582482644142,521,469,0.9001919385796545,0.3865629730947399,ok,1433.7895700314616,200.13316048063928,-0.018988617450863957
610,0.8343368507892137,-2.747913833649136,0.2910786076867156,1.0001390892517439,489,412,0.8425357873210634,0.5064358966931783,ok,1432.9701161941857,202.885549229766,-0.3100672251375796
611,0.05870301022491731,10.323570469598849,0.22617719105558862,0.9997629476659966,545,472,0.8660550458715597,0.4055747623906035,ok,1432.8147964883324,192.56298031146105,-0.5362444161931683
612,-3.4617419595074352,2.8023076295535247,0.06123019428119885,0.999859243866256,561,526,0.9376114081996435,0.4883097539708965,ok,1436.2471285810223,189.72472700170204,-0.5974746104743671
613,-10.766232602211176,4.430628683606869,-0.0840371413539689,1.0002365152907058,503,440,0.8747514910536779,0.6839710210530277,ok,1446.973225802962,185.1977994164174,-0.5134374691203982
614,-2.046206045054305,1.8839303431707322,-0.2533320152730145,0.9999692894597281,543,472,0.8692449355432781,0.3482115308314684,ok,1449.0108583203362,183.30459936336558,-0.2601054538473835
615,-0.5252918060032243,0.8436261987070566,-0.13731465724084888,0.9999756247906243,561,514,0.9162210338680927,0.36349384380754,ok,1449.534340942998,182.45984934805335,-0.12279079660653447
616,-0.4635138086805455,1.6251977627947554,-0.31537217817732927,0.9999166111980584,513,445,0.8674463937621832,0.3902377303523774,ok,1450.00331470401,180.83621871563946,0.19258138157079485
617,-0.23567334950007535,1.8845388298167336,-0.23387138485523043,0.999824168503388,501,456,0.9101796407185628,0.32985509792183637,ok,1450.2530080277818,178.95348618742014,0.4264527664260253
618,-0.08377116358269632,1.5439755069603507,-0.08096429744429363,0.9998751452978552,523,480,0.9177820267686424,0.374553667440625,ok,1450.3504493266294,177.4103131034077,0.5074170638703189
619,-0.592239805282361,1.575826506115959,0.09265887067056346,0.9999290070732234,512,473,0.923828125,0.3397436423913116,ok,1450.9540807594956,175.83881500999667,0.4147581931997555
620,-0.9294331052074085,1.7577398115580536,0.22797494256273745,0.9997441038492177,596,542,0.9093959731543624,0.49099389775425184,ok,1451.889239117185,174.08411446909645,0.1867832506370181
621,2.157275539873126,-4.3587167898650705,0.14163470569836278,1.0004786348773,517,460,0.8897485493230174,0.6630221340460696,ok,1449.7285296188622,178.44112999271374,0.04514854493865533
622,-5.634308084564964,14.794067148237218,0.5845176868471255,0.9996368214573509,456,359,0.7872807017543859,0.7610458435613038,ok,1455.2233222016237,163.59467907504393,-0.53936914190847
623,2.7143647647485523,1.8050438182777953,0.11572142446991325,1.0002181494559967,562,522,0.9288256227758007,0.3957928182306699,ok,1452.488497356214,161.8207872161803,-0.6550905663783831
624,2.793531267231174,2.2628876686906096,0.10423960359348965,1.0001856811321097,567,504,0.8888888888888888,0.4538045633831235,ok,1449.6652226631218,159.59511932778025,-0.7593301699718727
625,-3.122854924957892,1.8678906817733605,-0.0648185275345796,1.0000009443047237,509,452,0.888015717092338,0.3821255246084947,ok,1452.7652070584115,157.6895130645794,-0.6945116424372932
626,-4.864353684076832,1.7802945185338785,-0.23951532921359092,0.9998919138524114,551,493,0.8947368421052632,0.4763774320029324,ok,1457.6152698670776,155.87064636014338,-0.4549963132237024
627,-1.7123641871201016,1.469461528803322,-0.37278213643113256,0.9998949279251101,497,437,0.8792756539235412,0.3990715971843521,ok,1459.3255237498597,154.39872925976238,-0.08221417679257013
628,-0.18311635048235075,1.2038395373232333,-0.28729335779376985,0.9999333428285556,536,438,0.8171641791044776,0.3817091029245091,ok,1459.5129478293563,153.19555286211255,0.20507918100119948
629,0.012025376714746017,1.123901032573599,-0.21752042791933454,0.9998897738630337,551,490,0.8892921960072595,0.3721711425956097,ok,1459.5092123227828,152.0715937050719,0.4225996089205339
630,-0.1969755807808724,0.5160775185426019,-0.04057168698730818,0.9999820703764141,626,580,0.9265175718849841,0.22515008586575075,ok,1459.7103533226286,151.55712535546218,0.463171295907842
631,1.3574775269473776,-0.46423064727162,0.11469522290511784,1.0002406504402412,491,438,0.8920570264765784,0.5306660704301329,ok,1458.3500774442477,152.01309121463237,0.3484760730027242
632,-7.261661259601851,11.229764296216672,0.2654576674098757,0.9999567236949836,495,438,0.8848484848484849,0.634070876400971,ok,1465.628002380854,140.79386044711043,0.08301840559284848
633,0.09045247692733938,3.678909813361429,0.15027299588583715,0.9999439863059075,529,483,0.9130434782608695,0.3544949628832117,ok,1465.5332316112501,137.1150593425849,-0.06725459029298866
634,1.9775785680822082,4.534902447197851,0.20359884854745466,1.0000607424337402,499,449,0.8997995991983968,0.45751949461165153,ok,1463.534237446529,132.58955610781095,-0.2708534388404434
635,-1.6739376151497254,2.6055435504613342,0.12098415297446803,0.9999337196210049,540,482,0.8925925925925926,0.3040812000537619,ok,1465.1903171183071,129.97262575843467,-0.3918375918149114
636,-4.5970850865696775,2.0831339367375676,0.05195502309339598,1.0001155343299204,454,384,0.8458149779735683,0.5095916902653947,ok,1469.7711292555102,127.85394728938809,-0.44379261490830735
637,-3.4252225207262654,2.0119420713383533,-0.03928090409809917,1.0000710130994046,493,431,0.8742393509127789,0.3949019712475357,ok,1473.1820620962142,125.81787328014389,-0.4045117108102082
638,-1.4281344747464573,2.0163310567590997,-0.12260031154506768,0.999842568933623,501,454,0.906187624750499,0.3434443891413822,ok,1474.6002584064067,123.79453983402925,-0.28191139926514047
639,-0.7800191523499507,1.6200305166590852,-0.14834998705899538,0.9999989890439924,483,414,0.8571428571428571,0.3679097414521644,ok,1475.3764990117804,122.17269542857332,-0.13356141220614504
640,-0.7973643446364349,1.681926029554802,-0.14074980756108507,0.9999153909029265,462,414,0.8961038961038961,0.4172651896130637,ok,1476.1740743665434,120.49086945051647,0.00718839535494004
641,-0.761571357848652,1.4364719999073259,-0.09087980400665636,0.9999680033684027,500,448,0.896,0.41020119041845415,ok,1476.9381032917418,119.05570306954382,0.09806819936159639
642,0.6920116073981717,-3.0492566917683916,-0.046599991226560326,1.0001470585086158,471,419,0.8895966029723992,0.5299248472231841,ok,1476.2383947196622,122.10320275801416,0.1446681905881567
643,4.035154868582367,6.79077398978643,0.017904213289652453,0.9997411377349471,455,367,0.8065934065934066,0.4358702646992795,ok,1472.2182739543255,115.30351782223158,0.12676397729850425
644,-3.9714836255116097,9.093117372727193,0.1296547969285044,0.9999117661915873,486,415,0.8539094650205762,0.6159438548591742,ok,1476.1892987877231,106.2102000825704,-0.0028908196300001703
645,-6.641226101471375,2.783502050776974,0.20809679742487344,1.0001552310308963,456,383,0.8399122807017544,0.5929441023369804,ok,1482.8202298364113,103.40226111865218,-0.21098761705487365
646,-1.615056442340574,1.52679171317061,0.26887533783943146,1.0000416642585181,407,359,0.8820638820638821,0.45217873468967684,ok,1484.4224426170579,101.86199670859617,-0.47986295489430525
647,0.15319984344819204,0.5443771399836805,0.08364585354332374,1.0000015693040765,455,425,0.9340659340659341,0.2883386575315968,ok,1484.2638962743501,101.31915260594474,-0.563508808437629
648,0.7791836164626602,1.415693724127891,0.08551249856547939,0.9999021905166036,427,380,0.8899297423887588,0.44618916716839124,ok,1483.4687266364265,99.91237576663343,-0.6490213070031084
649,0.348577095094015,0.4698852229992099,-0.03024170289792652,0.9999484105471842,455,430,0.945054945054945,0.25818656365924,ok,1483.1150953289102,99.44628241508087,-0.6187796041051818
650,0.6489576370456689,0.9408219923301431,-0.1557354717436031,0.9998752809228901,472,408,0.864406779661017,0.30026321084760504,ok,1482.458555578134,98.51073573448014,-0.46304413236157865
651,0.05242554675874089,0.9567771228876154,-0.23747947199433475,0.9999088115940021,420,354,0.8428571428571429,0.3722475422081848,ok,1482.4023637631815,97.55417241678163,-0.2255646603672437
652,-0.5771704921048695,1.1403562836761694,-0.24089916608635042,0.9999169602192006,431,367,0.851508120649652,0.3988009538925998,ok,1482.9798394368463,96.41397064647879,0.015334505719106873
653,1.611040468263127,-2.281166733123996,-0.14009033693631714,1.0002807062872852,490,445,0.9081632653061225,0.5313518506432207,ok,1481.3626168391518,98.69075876226805,0.1554248426554241
654,-4.066143441329359,16.0874890010773,-0.12227873196775224,0.9996095940310512,373,301,0.806970509383378,0.8855697738665859,ok,1485.506685727507,82.62316659997384,0.2777035746231764
655,-8.418770994992656,2.7301246724460952,0.12769381157303733,1.0001056477436743,460,372,0.808695652173913,0.6144571913166169,ok,1493.9325757748054,79.91509298500978,0.15000976305013897
656,-2.4677537656687036,0.6235611365747218,0.09882764601252143,0.9999189682395754,447,399,0.8926174496644296,0.5260615449392241,ok,1496.4008855807488,79.2937365326402,0.05118211703761745
657,-2.2388949910607607,1.0170269394999423,0.23548978326332604,0.9999437950795957,467,415,0.8886509635974305,0.4585844209918049,ok,1498.63649744636,78.2695128446677,-0.1843076662257089
658,-1.5094618328926117,1.2705083396054988,0.18402785746094036,0.9998947082711734,456,393,0.8618421052631579,0.4690904843964615,ok,1500.1377604684249,76.98932699700845,-0.36833552368664957
659,-0.316644883914023,0.7560073417282638,0.12494343068353216,0.999896071585776,440,394,0.8954545454545455,0.48967678253715224,ok,1500.4478849721631,76.23062160264465,-0.4932789543701819
660,-0.2328429287272229,0.9760509680038467,0.04502083790984254,0.9999311154966538,496,457,0.9213709677419355,0.2928023391723807,ok,1500.6715476594845,75.25242616005687,-0.5382997922800246
661,-0.23466979716431524,0.863582503267935,-0.035196704575545246,1.0000052026671298,480,413,0.8604166666666667,0.4624808054171656,ok,1500.8986255574605,74.38681638544551,-0.5031030877044792
662,-0.801815099029227,1.1519971598095253,-0.09411081278917317,0.9998207442010296,443,376,0.8487584650112867,0.5420310074700321,ok,1501.6921970409214,73.22912505789839,-0.4089922749153058
663,-0.4626526598467535,0.5229297788729355,-0.05653700057883056,1.00000057456283,414,370,0.893719806763285,0.45984411889586096,ok,1502.1516241623099,72.70335918088836,-0.35245527433647517
664,5.70210792868329,5.109007081344998,-0.2058162335093693,1.0000083142075586,358,291,0.8128491620111732,0.6427393087943127,ok,1496.4364592669294,67.60896241520584,-0.14663904082710558
665,-4.870097335411401,8.528451529101062,-0.14751485306054135,0.9996837537425669,403,349,0.8660049627791563,0.5924219674821612,ok,1501.3066869660368,59.08058533046972,0.0008758122334360163
666,-6.870792546662642,2.099865210040548,-0.030039247542214074,1.0001455873365164,427,341,0.7985948477751756,0.6229563439949657,ok,1508.1786115358718,56.984427696581065,0.030915059775650146
667,-1.2272731693092283,0.9267159816786261,0.057803895846026764,0.9999343788833039,414,359,0.8671497584541062,0.3866778717498076,ok,1509.405449663424,56.057135859244795,-0.0268888360703767
668,0.2108875322678614,1.1109799304891794,0.12799723505555402,0.9998741643693975,446,413,0.9260089686098655,0.4093878039695235,ok,1509.1915596245274,54.94673007374263,-0.15488607112593095
669,0.9540614419997837,0.6976966442840649,0.2084974493408289,0.9999430649676654,410,352,0.8585365853658536,0.5766917296035207,ok,1508.2330924414255,54.25509830649037,-0.3633835204667602
670,0.9598746266690341,0.7165574200535048,0.3431683571775773,0.9997833187794578,392,325,0.8290816326530612,0.43551153470269105,ok,1507.2644546816966,53.55043191337609,-0.7065518776443381
671,0.7362352079996981,0.7724719524217107,0.253684596968514,0.9997774774102238,403,347,0.8610421836228288,0.4203688263297944,ok,1506.515377391887,52.79040664230433,-0.9602364746128527
672,-0.029649521915644073,0.7677930516770175,0.05658010028579651,0.999963087733845,452,417,0.922566371681416,0.296575928794867,ok,1506.5313970925959,52.02220833877675,-1.016816574898649
673,-0.38764977165919845,0.8502252902862892,-0.1113767423584993,0.9999285420798312,406,356,0.8768472906403941,0.4890288238914826,ok,1506.9055629896834,51.165963472417616,-0.9054398325401499
674,-7.980345424767165,3.002760262919992,-0.31896296142115244,1.000536258133798,312,241,0.7724358974358975,1.0753711525541476,ok,1514.854754774509,48.081675505440785,-0.5864768711189969
675,-0.42085726558866554,4.60491278826737,-0.1787568532348317,1.0000584318676315,409,332,0.8117359413202934,0.4137194603532298,ok,1515.242832840284,43.47388449016978,-0.4077200178841649
676,2.6473842627196973,5.29397640150728,-0.20499339749201603,0.9998798038613048,365,297,0.8136986301369863,0.5758644017573902,ok,1512.5767337920272,38.18930830668114,-0.20272662039214856
677,2.764047798738602,1.3311060413037694,-0.14392938679809808,1.0001092461218224,406,350,0.8620689655172413,0.5794493496115424,ok,1509.8113214608366,36.86103944631975,-0.05879723359405027
678,-3.917370355229423,1.1978294858253093,-0.026461242591719062,1.0001693073269105,400,339,0.8475,0.4919116226874268,ok,1513.7280151737957,35.660999306986355,-0.03233599100233117
679,-5.395528869723194,1.3327251656478438,0.07450176797158521,0.9997780076670151,408,354,0.8676470588235294,0.6090598776123946,ok,1519.1210495713299,34.31821557973251,-0.10683775897391647
680,-2.488709781882335,1.2668419650411806,0.1328157010713907,0.999848623830321,432,409,0.9467592592592593,0.46894177060907616,ok,1521.6044387252748,33.04097509615258,-0.23965346004530733
681,-1.1279407417982839,1.5642111046738592,0.17514908722217137,0.9997746215766092,411,375,0.9124087591240876,0.4789209715053656,ok,1522.721025634332,31.468639136023057,-0.41480254726747895
682,-0.6167776681209034,1.4548593055200172,0.11123106283031832,0.9998796950385759,402,362,0.900497512437811,0.42435169709543624,ok,1523.324420405689,30.008178578304978,-0.5260336100977973
683,-0.39469897185631453,0.7364291266095506,0.04887962661274241,0.9999813707815026,468,433,0.9252136752136753,0.2833453500332609,ok,1523.711710207048,29.26782613070543,-0.5749132367105397
684,-0.972521916887672,1.6085912618391376,0.05250238553950332,0.999862237873319,357,311,0.8711484593837535,0.4873950802719386,ok,1524.6665593399043,27.64868195553902,-0.6274156222500431
685,3.5181662156776383,3.273482740055215,-0.047219232058952613,0.9998927463334194,305,243,0.7967213114754098,0.8366776715814063,ok,1521.1154256799202,24.410992578914602,-0.5801963901910904
686,-3.2359006055223745,8.200303489919634,-0.0666576866502373,0.9997922956686504,355,288,0.8112676056338028,0.5505442176716486,ok,1524.2776984553486,16.182015671097133,-0.5135387035408531
687,-5.060922300802076,3.2693218907788832,-0.08868785368490516,1.0000028082763457,361,307,0.850415512465374,0.6711754458213022,ok,1529.31423967409,12.875257029738805,-0.42485084985594773
688,-2.1156336985300186,1.9669855307013222,-0.19641061342100785,0.9998536039112208,427,356,0.8337236533957846,0.44579599284842975,ok,1531.4220141391763,10.89985205134235,-0.22844023643493963
689,-0.11618505189085226,1.0288865668346716,-0.08713605459608242,0.9999812294750545,411,376,0.9148418491484185,0.3298558384227186,ok,1531.535661376364,9.870682075500099,-0.14130418183885712
690,0.7094399681625418,1.941678924192388,-0.10445484217676884,0.9999208859048679,384,346,0.9010416666666666,0.4872392640963398,ok,1530.8249727791538,7.929459823702246,-0.03684933966208813
691,0.4878037531357222,1.2991059835782153,0.08386898251433147,0.9998951177343016,425,405,0.9529411764705882,0.40058588413542773,ok,1530.3344329825484,6.631384492264033,-0.12071832217641976
692,0.198463195196382,0.6856546362045037,0.08475009614412087,0.9999053460012198,407,378,0.9287469287469288,0.40026356292168946,ok,1530.13351224238,5.946445972273864,-0.20546841832054077
693,-0.05550327253308751,1.2035438021013078,0.22340074126971313,0.9997442548538924,360,311,0.8638888888888889,0.5983139728011959,ok,1530.1800053035108,4.742520437988219,-0.4288691595902543
694,-0.7315866077753981,1.3471462819142062,0.1380285584469391,1.000013394752155,394,356,0.9035532994923858,0.42894504775858167,ok,1530.8982273419672,3.388201726226953,-0.5668977180371938
695,1.1987395772989657,-2.6790210651428197,0.05912372960134791,1.0002608266529078,342,300,0.8771929824561403,0.7398543077068045,ok,1529.728830081612,6.080160212001829,-0.6260214476385418
696,5.672884126013059,5.556989712039581,0.0052490087069783885,0.9997008661032464,319,270,0.8463949843260188,0.6145766196543636,ok,1523.9950659967772,0.5860089230088761,-0.6312704563455201
697,3.759001407087908,9.571743208765724,-0.046890067544892555,0.9996578474420418,315,280,0.8888888888888888,0.6220229225172396,ok,1520.1386361266896,-8.94689767939417,-0.5843803888006276
698,-0.05741141195539967,1.0525343805197735,-0.035381399393276614,1.0000066252915993,354,327,0.923728813559322,0.3789647978788402,ok,1520.185959841488,-9.999933841364395,-0.5489989894073508
699,-0.5056279493262537,2.1234972782242494,-0.0775806324650048,0.9998913907304509,329,285,0.8662613981762918,0.3978520687758591,ok,1520.674099157181,-12.127519403037468,-0.47141835694234596
700,-0.7872169000406757,1.7193295638925292,-0.31250838715793333,0.9999311311911506,321,284,0.8847352024922118,0.35210609449842933,ok,1521.4565444712716,-13.849025699117192,-0.15890996978441177
701,-0.8153355317806472,1.8120192248802596,-0.22364120821979677,0.9998875815302842,311,274,0.8810289389067524,0.38685258379810883,ok,1522.2739266531046,-15.660122623508983,0.0647312384353857
702,-0.4863120537429495,1.7113391343442572,-0.03818896548774044,1.000048727141141,330,293,0.8878787878787879,0.4403531223714363,ok,1522.7633119929774,-17.370585436747547,0.10292020392312626
703,-0.6006610702852413,1.7785397190986032,0.14563786241116133,0.9998213194745348,332,308,0.927710843373494,0.4399601157308921,ok,1523.3626468816299,-19.149572492634206,-0.042717658488035555
704,-0.1491323154461952,0.8758020241857594,0.12651535553510124,0.999953146440729,343,316,0.9212827988338192,0.38161282145877695,ok,1523.5091917172558,-20.025811183990413,-0.16923301402313717
705,-0.21540325716819098,1.8511538105535692,0.33779329672534625,0.9998659638608156,329,278,0.8449848024316109,0.5865105343419637,ok,1523.708205378549,-21.878798651876878,-0.5070263107484844
706,0.7383736324181882,-4.136735793822368,0.25064329054827306,1.000272959600366,301,253,0.840531561461794,0.8240254560278841,ok,1523.024598197967,-17.732660705353624,-0.7576696012967581
707,-6.864061509495286,12.264269111876615,0.1787659706933016,0.9999819465163111,292,251,0.8595890410958904,0.564793257348739,ok,1529.687306087631,-30.107472252673233,-0.9364355719900601
708,1.3235466070686925,3.9537593108839246,0.05064014593062761,0.9999697216269218,315,284,0.9015873015873016,0.5452915889699432,ok,1528.2958449922985,-34.03784428718336,-0.9870757179206882
709,5.661865620217668,5.040793728299491,-0.03985551171167564,0.9997582176043672,317,281,0.886435331230284,0.5463241588730091,ok,1522.5514219115496,-38.984350850609985,-0.9472202062090124
710,-2.9630410744553046,1.997211946230891,-0.08422290085419129,0.9999241608121281,352,302,0.8579545454545454,0.4744136657592152,ok,1525.4840457251496,-41.02596431426616,-0.862997305354821
711,-2.2781681765161466,1.2070019743176772,-0.05112392749595081,1.000093096339919,335,311,0.9283582089552239,0.4668970355622392,ok,1527.7448827135056,-42.265125368600366,-0.8118733778588701
712,-3.4071880923238496,1.922294489269575,-0.28986196996923175,0.9998003490974969,330,299,0.906060606060606,0.5258910003083388,ok,1531.134415964016,-44.21838191694064,-0.5220114078896376
713,-0.7778379974604377,1.7924450978590585,-0.2243056303421751,0.9997982571614263,299,269,0.8996655518394648,0.44310996811113496,ok,1531.9029300554555,-46.014844404829546,-0.29770577754746197
714,-0.28296114259273963,1.39966929385173,-0.08841149766361936,0.999815830735994,329,299,0.9088145896656535,0.5308092245983408,ok,1532.180776505599,-47.41553797963866,-0.20929427988384236
715,-0.5455157468713878,1.4267548386733324,0.07711461836900124,0.9998401111000775,378,349,0.9232804232804233,0.4101381329875146,ok,1532.719153435471,-48.845001893539006,-0.28640889825284377
716,-0.41897935510451134,0.8353507206472841,0.09179156179417049,0.9998392347610602,370,343,0.927027027027027,0.3209891382201417,ok,1533.1326096837738,-49.683100012633076,-0.37820046004701446
717,7.4448425788423265,1.754526851654191,0.24081346065682854,1.0007618420166455,317,249,0.7854889589905363,1.615202672308096,ok,1525.6692463491206,-51.35709321210368,-0.6190139207038436
718,3.4783919877622793,9.509179844184246,0.3027620224365478,0.9995480676648277,321,275,0.8566978193146417,0.6429133840578648,ok,1522.0383271728117,-60.809084434310876,-0.9217759431403919
719,0.7326899948268419,4.214509686032557,0.25546535770649215,0.9999741230082592,345,322,0.9333333333333333,0.42936874393559754,ok,1521.2192035033797,-65.00765120600317,-1.1772413008468845
720,-0.11926407913824733,2.9006074213417605,0.12464211012140437,0.9998377480003383,369,342,0.926829268292683,0.4274474669315024,ok,1521.2725344245307,-67.91021957663042,-1.3018834109682893
721,-0.5063014188162924,2.168286023560995,-0.06399291926241514,0.9998588154470036,356,327,0.9185393258426966,0.48899455036006306,ok,1521.7318749310011,-70.0889374807615,-1.237890491705874
722,-0.5110782957931406,2.0795120220786885,-0.21983586928733226,0.9997781488124307,323,293,0.9071207430340558,0.4490592557722228,ok,1522.205924883224,-72.17720181201776,-1.0180546224185414
723,-0.6763616084201658,1.7224346028095852,-0.2791042104682195,0.9997208201740693,344,294,0.8546511627906976,0.5417970359473797,ok,1522.8600164149402,-73.90821603912207,-0.7389504119503216
724,-0.42750301461683193,1.6485099778765289,-0.17616796454447753,0.9997800640668278,346,312,0.9017341040462428,0.56029922058131,ok,1523.2713067319996,-75.56084553473147,-0.5627824474058437
725,-0.41099372286544167,1.6013304240348134,-0.11085152158140225,0.9996973800315253,353,322,0.9121813031161473,0.6377422818603519,ok,1523.6696570146069,-77.16536789964914,-0.45193092582444133
726,-0.15441998935534684,0.7560625949831774,-0.012553091700302882,0.9997882157987257,352,322,0.9147727272727273,0.423362322964804,ok,1523.8182745863485,-77.92259243571164,-0.4393778341241384
727,2.747032825360975,-4.227246660726678,0.03519111278217223,1.0010487590431796,310,277,0.8935483870967742,1.7632932900737952,ok,1521.1063489887983,-73.67273794083928,-0.4745689469063107
728,-4.982271098879892,11.155083564756524,0.20574108269236252,0.9997852139166666,322,270,0.8385093167701864,0.5898621755218565,ok,1525.9558204374448,-84.88619152607305,-0.6803100295986736
729,2.993779763451812,6.631412540601332,0.21724754589423198,0.9995081990209697,336,297,0.8839285714285714,0.6051488372053561,ok,1522.8585289577165,-91.46989375546514,-0.897557575492906
730,2.3031988300808734,2.4913974321759724,0.20500306953934694,0.9996248581884288,333,304,0.9129129129129129,0.45647960384302133,ok,1520.5078167747422,-93.91651147156938,-1.1025606450322536
731,-2.520946755380919,2.347375458800798,0.13601625675681175,0.999889914084391,350,318,0.9085714285714286,0.40122048323138115,ok,1522.977434688902,-96.31783016056318,-1.2385769017890653
732,-1.6872908148484385,0.9826507333035579,0.0342789217934329,0.99993642993952,315,291,0.9238095238095239,0.45284640586897057,ok,1524.6424808505667,-97.33771938840061,-1.272855823582498
733,-2.7036908907975885,3.144573911831685,-0.06174129000701554,0.9996185157351097,325,283,0.8707692307692307,0.6596156155921152,ok,1527.27910288961,-100.5387369989719,-1.2111145335754825
734,-0.3575831401592495,1.5301034390540735,-0.1407043796291239,0.9997923095173608,342,308,0.9005847953216374,0.4527098493700731,ok,1527.6080396216569,-102.07525346899138,-1.0704101539463582
735,0.004449792457080548,0.0144992165523945,-0.0008346698856565336,1.0000056125120298,463,459,0.9913606911447084,0.026802158731937697,ok,1527.6033199544536,-102.08966709709262,-1.0695754840607017
736,-0.08870494360621706,0.6891598041245288,-0.08054474967615365,0.9998609947277343,362,341,0.9419889502762431,0.3741996127407487,ok,1527.6801161052585,-102.78025536361815,-0.9890307343845478
737,-0.28624096866997206,1.2938643777305288,-0.11817247385739238,0.9998619721727876,351,327,0.9316239316239316,0.42099105762301875,ok,1527.946658878336,-104.07832079734078,-0.8708582605271552
738,-0.7377489458608579,1.333993557613553,-0.3291311255060938,0.9997543083556552,335,295,0.8805970149253731,0.6545924239168378,ok,1528.6717622313852,-105.41922998377743,-0.5417271350210605
739,3.453042466089528,-5.86209717477459,-0.1660264485497967,1.0015474781327083,294,247,0.8401360544217688,1.8757637049878615,ok,1525.2572327504502,-99.53461665893235,-0.37570068647126337
740,-4.10628818305986,7.282529383930523,0.042875180930550066,0.9999091168136613,343,287,0.8367346938775511,0.43741316801722624,ok,1529.3102091140038,-106.84695003936747,-0.4185758674018135
741,-2.5935647509281807,10.356824319494422,0.3129805091306401,0.9995691561831559,306,262,0.8562091503267973,0.6277817830899594,ok,1531.7713294233429,-117.2360440771115,-0.7315563765324544
742,0.45291989914016995,2.4201916962806536,0.2806095757279032,0.9998087476766079,327,294,0.8990825688073395,0.5059185048704533,ok,1531.2757282111702,-119.6478574447408,-1.012165952260358
743,0.08629825182856621,2.443689730149117,0.09993137977492436,0.9998021890231186,318,290,0.9119496855345912,0.4660468416615086,ok,1531.1420177616437,-122.08941194980355,-1.1120973320352827
744,0.023582255271094255,2.167771245393169,0.049536086659580446,0.9998082633184451,332,299,0.9006024096385542,0.5726894241218522,ok,1531.0744932588561,-124.25625959941829,-1.1616334186948634
745,-0.21479016377952576,2.6051765991157936,-0.023345301264637925,0.9996832964243147,350,326,0.9314285714285714,0.6742242658955898,ok,1531.237487721458,-126.86518902203545,-1.1382881174302257
746,-0.2741090458182498,2.092782239433973,-0.08437635177921811,0.9997251771877614,389,357,0.9177377892030848,0.7014013391610782,ok,1531.4730574486969,-128.96265896801754,-1.0539117656510073
747,-0.6051239799780888,2.04745478483278,-0.12075530893522317,0.9997099272650417,361,324,0.8975069252077562,0.6929964276941412,ok,1532.044756463733,-131.01969721833905,-0.9331564567157837
748,-0.45274744174662374,1.0418866933864592,-0.11100146000936666,0.9997694378657443,346,310,0.8959537572254336,0.430618027367146,ok,1532.4825074514847,-132.06797304110023,-0.8221549967064166
749,6.479691945560035,2.2027748148062756,-0.3260338473725627,1.000469680386361,316,267,0.8449367088607594,1.1697428348766112,ok,1525.98398494632,-134.21455866575366,-0.4961211493338531
750,-3.697356177058282,10.117754058877154,-0.07731127920279608,0.9996528080470596,356,289,0.8117977528089888,0.6465132062047408,ok,1529.607286158648,-144.35906842328745,-0.41880987013105686
751,-6.6139518565789785,5.426427057440378,0.10417942576828744,0.9999397921213735,385,350,0.9090909090909091,0.5422547697542427,ok,1536.1714313703405,-149.8456399766966,-0.5229892958993445
752,-1.8380922447765897,3.819574184661633,0.20405260782115267,0.9998800191791204,405,384,0.9481481481481482,0.3794447943506919,ok,1537.9609093078018,-153.68823008803815,-0.7270419037204977
753,0.13214487732761881,2.1081035713789333,0.14541159694841604,0.9999042053014741,438,416,0.9497716894977168,0.3327320402499244,ok,1537.796680505183,-155.79407714721776,-0.872453500668914
754,1.0852242538780956,2.794785590625679,0.20216092441033331,0.9998912583421057,393,369,0.9389312977099237,0.5072154446947751,ok,1536.659232425484,-158.56801839475042,-1.0746144250792478
755,1.359544422646195,2.3500987082684333,0.10913125533343879,0.9998692280651901,410,377,0.9195121951219513,0.5143232723762122,ok,1535.251427955406,-160.88952901281368,-1.183745680412687
756,0.735749196179313,1.869795182300095,0.035998959837150915,0.9997148340067991,407,384,0.9434889434889435,0.4735211218429516,ok,1534.4760432343592,-162.7432386550712,-1.2197446402498378
757,-0.13408957512001507,1.8062906611205563,-0.041182654238978766,0.9996810783238262,407,387,0.9508599508599509,0.5122028910143206,ok,1534.5729520485093,-164.55190519380824,-1.1785619860108592
758,-0.4304738533917316,0.666590403953478,-0.03860105908633677,0.999908149624146,430,409,0.9511627906976744,0.3871988727127779,ok,1534.9900790470213,-165.22692783950913,-1.1399609269245223
759,1.3274542050799027,-5.569271060335495,-0.21013025079795075,1.0006674869796672,384,362,0.9427083333333334,1.137818945725178,ok,1533.753177185276,-159.63684835935123,-0.9298306761265711
760,-5.231503868690879,11.607145252453279,-0.08285402280646315,0.9997505156106624,399,353,0.8847117794486216,0.5960962209835547,ok,1538.812532723029,-171.32005747253083,-0.8469766533201076
761,4.25810009249858,6.063837682651297,-0.10529401265306308,0.9996107478431125,422,382,0.9052132701421801,0.49807271750454396,ok,1534.4762963874987,-177.32826837775906,-0.7416826406670441
762,1.6696175674906044,1.3713182004520377,-0.02090465611867911,0.9999237305170536,475,450,0.9473684210526315,0.3799747969275118,ok,1532.7895602730036,-178.67847492070825,-0.720777984548365
763,0.11463062081861608,2.6879831705190327,0.016447083418103844,0.9999345406649149,438,404,0.9223744292237442,0.4143494751897122,ok,1532.6403538032466,-181.36476067125773,-0.7372250679664688
764,-1.9724294989134705,1.3731054596842114,0.0508692313816001,0.9998087676118391,449,423,0.9420935412026726,0.426675620623658,ok,1534.5937104667566,-182.7648658375649,-0.7880942993480692
765,-3.9644994612531264,3.2116890370120927,0.16131806761202547,0.99972272092693,442,409,0.9253393665158371,0.5038844216725317,ok,1538.5044492139289,-186.04180417999805,-0.9494123669600949
766,-0.5770570084546307,0.9292244105388363,0.11915736403451327,0.9998454992816591,417,399,0.9568345323741008,0.36574050524679547,ok,1539.064076781465,-186.9816285156062,-1.0685697309946087
767,-0.2741762586806544,1.0926406008586582,0.07950205442447342,0.9998590996092874,439,420,0.9567198177676538,0.36866879131760943,ok,1539.3163055342072,-188.07954324806929,-1.1480717854190823
768,-0.48710666659508206,2.3725509159087323,0.14176474090635988,0.9996353790054551,448,424,0.9464285714285714,0.5665715487983171,ok,1539.7498826727233,-190.46245776986325,-1.2898365263254425
769,-0.5143714799369263,1.0818329652905732,0.024676464492895865,0.9997962840940515,430,405,0.9418604651162791,0.42067198075498363,ok,1540.239300924054,-191.555806003239,-1.3145129908183386
770,-0.6469054840827084,1.0943214691304775,-0.011619400192359932,0.9998847941927989,376,336,0.8936170212765957,0.5916245074038948,ok,1540.8611566705451,-192.6645537715308,-1.3028935906259786
771,-4.494444241075598,3.4705360621120462,-0.20665836190990378,1.0008756127831675,362,310,0.856353591160221,1.509073247760237,ok,1545.2883808824581,-196.22044119550947,-1.0962352287160744
772,1.5330978145759673,7.47607532118559,-0.15485966226276934,0.9997158488563515,370,324,0.8756756756756757,0.5424032054756178,ok,1543.632662829578,-203.67031964058924,-0.9413755664533044
773,6.01972758439706,5.947292183494483,-0.2745765303397312,0.9994588968273707,359,307,0.8551532033426184,0.7471062994883539,ok,1537.5441308300394,-209.54715404329284,-0.6667990361135724
774,-1.539531138963639,0.8917514136207956,0.0013603732611550897,0.999853227661054,406,379,0.9334975369458128,0.4109179798137243,ok,1539.073158291661,-210.45679778297347,-0.6681594093747275
775,-4.4115036008668085,2.130475863810034,0.06159202626195242,0.9998537121638352,366,313,0.855191256830601,0.47226341294628466,ok,1543.4571698688294,-212.64328673057696,-0.7297514356366802
776,-2.257292935428495,1.7363858709063607,0.12658096093983207,0.9997068214206187,394,370,0.9390862944162437,0.4922095154136781,ok,1545.6882599505016,-214.41321450777127,-0.8563323965765127
777,-0.6571084616653025,1.4913854073544144,0.16435642251826882,0.9998542515135361,437,412,0.9427917620137299,0.41563420825862263,ok,1546.3186974455846,-215.9160686352418,-1.020688819094782
778,-0.3403765503719569,1.248836398017147,0.26664878591325686,0.9997978745181937,416,371,0.8918269230769231,0.4800335831872353,ok,1546.6309312396736,-217.1722368576086,-1.28733760500804
779,-0.8199886844163302,1.3197728256698156,0.1715974864762368,0.9998099174633757,401,376,0.9376558603491272,0.5062388426653655,ok,1547.417052072492,-218.51245914893047,-1.4589350914842774
780,0.9646605224331779,-3.6967882868876814,-0.016352393931313325,1.000571610563837,390,362,0.9282051282051282,1.0821803487909276,ok,1546.5457645222368,-214.79255705796334,-1.4425826975529639
781,3.039808782360069,11.142061969709857,-0.06354955425436871,0.9994759915978212,346,287,0.8294797687861272,0.5750008572887826,ok,1543.238687470981,-225.85823479352132,-1.379033143298595
782,-9.712163036582524,6.235427097212323,-0.2506716100211899,1.0002037883984818,371,306,0.8247978436657682,0.8805462813274288,ok,1552.8261769728276,-232.28370808237628,-1.128361533277404
783,-2.0247990667005524,0.7914211332190462,-0.11902336427894222,1.0000439534791075,381,344,0.9028871391076115,0.40894918640164885,ok,1554.836720695859,-233.11067398759644,-1.0093381689984615
784,-0.6751126674248553,1.3836363011171215,-0.19511416933863968,0.999945086637852,396,346,0.8737373737373737,0.30965947252089815,ok,1555.4921031541614,-234.50376420751616,-0.8142239996598212
785,0.1489876056164121,1.2102693509348228,-0.12257629649294574,0.9999443712282103,392,378,0.9642857142857143,0.5518617701299583,ok,1555.3285169562162,-235.71214691356636,-0.6916477031668751
786,0.5823923537157043,1.1064569262828172,-0.04899248133457492,0.9998447848489809,389,364,0.9357326478149101,0.49992210534153747,ok,1554.7337509790423,-236.81200200210435,-0.6426552218323001
787,0.4435267064100117,1.2229296853250844,0.041405803236176486,0.9998268579500513,421,389,0.9239904988123515,0.43031181787132106,ok,1554.2756555290255,-238.02954933720946,-0.6840610250684767
788,-0.09400093365002249,1.4980919852846455,0.12240783528052392,0.9998345173370514,394,378,0.9593908629441624,0.5408243187311446,ok,1554.3485613982718,-239.52881599332216,-0.8064688603490009
789,-0.9257581584636227,1.6021882572188133,0.20177376611150363,0.9997013646094084,406,380,0.9359605911330049,0.6523195129510133,ok,1555.2459837277693,-241.14704605794577,-1.008242626460505
790,-0.5439669934391986,0.9182192972878056,0.1757726164027277,0.9999102641438975,396,378,0.9545454545454546,0.4705403073269261,ok,1555.7708609587166,-242.07630956217668,-1.1840152428632333
791,3.018742331784324,-5.717297153786831,0.292450372838326,1.0010996443144957,387,320,0.8268733850129198,1.4464883866586096,ok,1552.9004346610136,-236.28312866737815,-1.4764656157015605
792,-7.8233822777554,11.800081874491411,0.20309081521068237,0.9996044072065997,379,312,0.8232189973614775,0.7234366033813987,ok,1560.3746002887729,-248.30744114990353,-1.6795564309122437
793,-2.4639243665576487,6.108131584050625,-0.07598189021707479,0.9997627649362789,399,348,0.8721804511278195,0.48369840096099415,ok,1562.6666297458783,-254.4821310773375,-1.6035745406951685
794,-0.3227821641191895,2.133453725210643,-0.2831305732542647,0.9998783182170519,394,346,0.8781725888324873,0.44138839356286164,ok,1562.9401627707498,-256.62245647488623,-1.320443967440903
795,-0.26303583752155646,1.7238110658006462,-0.37115448252522426,0.9997958598218306,393,346,0.8804071246819338,0.42200344604628987,ok,1563.1746033201161,-258.350388785832,-0.9492894849156774
796,-0.2839533784624564,1.5927799047096869,-0.3529427644265541,0.9997617686114484,403,350,0.8684863523573201,0.33405740982342,ok,1563.4419636238551,-259.9460378117684,-0.5963467204891221
797,-0.24068376028844796,1.5276583362219753,-0.2584583519050404,0.9999330543982278,390,341,0.8743589743589744,0.3937958068266852,ok,1563.6736342458275,-261.4750889514005,-0.33788836858408094
798,-0.32301669592493454,1.2879470419455856,-0.06414897933188668,0.9998202400709509,380,362,0.9526315789473684,0.5749269240370759,ok,1563.9904939137173,-262.7645645500713,-0.273739389252194
799,-0.5243178905614059,1.4751454410804854,0.11413028228545422,0.9997801573730448,387,352,0.9095607235142119,0.4229711735244921,ok,1564.50481371774,-264.2432255869197,-0.38786967153764845
800,-0.631888181337672,1.5759525664257126,0.2551457506713752,0.9998775438320823,376,357,0.949468085106383,0.5691125773226592,ok,1565.118975977655,-265.82617027446724,-0.6430154222090244
801,0.5002725280514824,-2.843368212872747,0.31338456488580485,1.0003615722661,384,324,0.84375,0.7471867117465821,ok,1564.666233377277,-262.9748478559917,-0.9563999870948299
802,-6.4213196409828015,10.294000057843846,0.20679178847809832,0.9999655956369555,368,299,0.8125,0.7821507567160262,ok,1570.8772602260922,-273.3970802754809,-1.163191775572929
803,2.2921904554618777,4.790023013580026,0.0932990575298336,1.0002539900397687,415,367,0.8843373493975903,0.6321982626611183,ok,1568.4805846132972,-278.13568804166823,-1.2564908331027629
804,2.1885887581070165,1.7001709799025093,0.007362448800484497,1.0002016007791297,414,378,0.9130434782608695,0.5471273249904635,ok,1566.2550282757195,-279.7871725560623,-1.2638532819032473
805,-2.3452226549879924,1.4972001163777122,-0.05837866246606551,1.0000657481112094,402,365,0.9079601990049752,0.41736229003677155,ok,1568.5682338613697,-281.3333799834363,-1.2054746194371815
806,-4.2729261858112295,1.5174441475302274,-0.11829841713707885,1.0000795982203727,439,387,0.8815489749430524,0.42852834612838964,ok,1572.8115993733209,-282.93162403934537,-1.0871762023001026
807,-1.3534630253020623,0.7435516077762259,-0.0683104771961811,0.9998568341016313,430,411,0.9558139534883721,0.42492496711541683,ok,1574.151626853187,-283.69912485855673,-1.018865725103921
808,-1.3924589164073495,1.6848099257708782,-0.32548468476924375,0.9998342548704168,425,373,0.8776470588235294,0.3579821896969894,ok,1575.523595100885,-285.40066223609676,-0.693381040334676
809,-0.860167270565853,1.8147439557473035,-0.2844772104219357,0.9998173596070078,416,361,0.8677884615384616,0.533762157081004,ok,1576.3707892600064,-287.2214986963601,-0.40890382991273905
810,-0.7393159174914672,1.7344051343117144,-0.0933277159888399,0.9997079595807481,409,377,0.921760391198044,0.6553324539557527,ok,1577.100541181921,-288.9599495378409,-0.31557611392389867
811,-1.0825569297785478,1.9808733264616194,0.096467378023571,0.9997263749767779,406,385,0.9482758620689655,0.4777665189568287,ok,1578.1688247594066,-290.94855679916054,-0.41204349194747014
812,2.39966187322284,-5.960661159658912,0.23329849560432073,1.0010001305202525,357,281,0.7871148459383753,1.3861552125699568,ok,1575.836450647138,-284.9612460867886,-0.645341987551792
813,4.0086221158344415,8.6743579266722,0.16340319942407366,0.9996207073853979,346,294,0.8497109826589595,0.5954509119588511,ok,1571.7057910586157,-293.5781589952103,-0.8087451869758663
814,-4.6000261476278865,10.051882239965607,0.47790123450404515,0.9996496129624695,355,326,0.9183098591549296,0.6203172078158758,ok,1576.07894912935,-303.73079735247325,-1.2866464214799136
815,0.010126034370159687,-0.0009345765322450461,5.1581118141964974e-05,1.0000001584302065,517,514,0.9941972920696325,0.010491477627033497,ok,1576.0688466343938,-303.7296356291737,-1.2866980025980557
816,-0.009495395638168702,0.0038841074374431628,-0.00020809725887865817,0.9999969761067541,515,514,0.9980582524271845,0.011609064810431776,ok,1576.0782524321194,-303.7337319443541,-1.286489905339177
817,-3.431413955747985,3.1228188149913194,0.19388934143088227,0.9998166606960581,374,349,0.9331550802139037,0.502519511815891,ok,1579.4278442575533,-306.94415772451987,-1.48037924677006
818,-4.533718406160688,3.503682054605747,0.26205117451803706,0.9996079526020331,331,297,0.8972809667673716,0.7453536236260796,ok,1583.8529317779823,-310.58407406458457,-1.7424304212880986
819,-1.3143609403368828,8.847810333292045,0.038323161444040806,0.9996801618467901,365,303,0.8301369863013699,0.7153555381055663,ok,1584.8917121625664,-319.46845517347447,-1.7807535827321395
820,2.8124853845515645,0.7146471048204148,-0.875700572990433,0.9994814787157245,361,307,0.850415512465374,0.9130814603621066,ok,1582.068289447366,-320.1385885139633,-0.9050530097417024
821,0.15041629002894297,1.8073133607869067,-0.31647577851009373,0.9996660179155284,379,336,0.8865435356200527,0.4745330044948664,ok,1581.8993155938863,-321.944261375039,-0.5885772312316075
822,-0.8112973141255679,1.5893300118532352,-0.13669299635535148,0.999763319976695,386,354,0.917098445595855,0.4825288958887256,ok,1582.6980529700645,-323.53994048512993,-0.45188423487625545
823,-2.63646162870873,4.219131575803203,0.1038199631929833,1.0004845719991546,366,337,0.9207650273224044,0.9819499613007189,ok,1585.2934704380057,-327.78444391199855,-0.5557041980692393
824,-2.050552617745552,4.798828427885951,0.14267633666535873,0.9999239499951126,405,377,0.9308641975308642,0.4803217639621464,ok,1587.2853790674571,-332.6079095053607,-0.6983805347345986
825,-3.039099286779674,4.8768251833053,0.571289490339172,1.0000774833882993,357,315,0.8823529411764706,0.476242549215978,ok,1590.2156709686967,-337.55087801800084,-1.2696700250737731
826,-0.5725343052351946,0.43318854103893045,0.19585598175284524,0.9999677002466125,385,361,0.9376623376623376,0.4212635608719865,ok,1590.7769389962798,-337.9985676917386,-1.4655260068266194
827,-0.7689663795242723,0.7540802578037074,0.32826465002688665,1.0000234875535932,389,355,0.9125964010282777,0.5341753985450068,ok,1591.5219239992489,-338.77634894209086,-1.7937906568535078
828,-0.8748793617439787,0.8437853047337285,0.16973812500392485,0.9998854772438336,385,345,0.8961038961038961,0.42435266074417494,ok,1592.367378768225,-339.6496150937912,-1.9635287818574334
829,-0.7875777153913077,0.7854850684593657,-0.031741090797928466,0.9998262726389614,391,362,0.9258312020460358,0.43145037328735203,ok,1593.128030436751,-340.4612027290606,-1.9317876910595049
830,-0.9537009489993125,1.079797135677154,-0.22957931987544136,0.9998547076273747,395,346,0.8759493670886076,0.40954111167552554,ok,1594.0492354066794,-341.56885283523945,-1.7022083711840625
831,-1.5515849741898364,2.045215495125717,-0.552168691541178,0.9996510426323891,364,312,0.8571428571428571,0.6607215090102337,ok,1595.5594590708242,-343.6447976413193,-1.1500396796428822
832,-0.4796547136697882,0.904681589307188,-0.21608775147028564,0.9998684560099704,372,323,0.8682795698924731,0.4376309032205141,ok,1596.0243039200313,-344.5571773257394,-0.9339519281725958
833,1.5190075477980827,-4.847375225904102,-0.338660303517051,1.0006984960488507,351,321,0.9145299145299145,1.197723112895587,ok,1594.5557407058473,-339.69428183057187,-0.5952916246555434
834,-7.441045753117578,6.0409742615914865,-0.02102085947013635,1.0001043313543378,322,263,0.8167701863354038,0.6703709975048651,ok,1601.9358655409794,-345.80953238529685,-0.5742707651854069
835,4.8551986469954045,9.535043246249188,0.052068207348000786,0.9995810680540586,353,307,0.8696883852691218,0.7590226514633377,ok,1596.9767250531809,-355.2909315031436,-0.626338972533408
836,3.2876785344494692,2.6818067313402025,0.27700878450905747,0.9996454575635042,354,296,0.8361581920903954,0.6307480679000084,ok,1593.6471744682062,-357.9205722375857,-0.9033477570424665
837,-2.9521684374853976,1.8308493781285051,0.36514773231698094,0.9999603663078721,378,338,0.8941798941798942,0.4442594062019873,ok,1596.558088789296,-359.8163269010255,-1.2684954893594487
838,-4.288936207023653,1.762876313733159,0.23090924859690726,0.9998575115993584,423,396,0.9361702127659575,0.5170958521787732,ok,1600.7994280377952,-361.6908263180909,-1.4994047379563569
839,-1.1912454772475485,0.8135648209902229,0.08475328998666362,1.0000391024037145,410,388,0.9463414634146341,0.36988276482768023,ok,1601.9677270138718,-362.537012472264,-1.5841580279430207
840,-0.9893201603788384,1.9237985332043763,0.09244106999915162,0.9996477792198857,394,368,0.934010152284264,0.5277948772586005,ok,1602.9003371447002,-364.48893294194716,-1.676599097942173
841,-0.17174503311548506,0.570356740130137,-0.01936887092796658,0.9998897851256318,442,408,0.9230769230769231,0.3100025481876951,ok,1603.055515572578,-365.064017999076,-1.657230227014206
842,-0.46586180333838456,1.037471862928669,-0.12797704131881119,0.9996671906734842,393,375,0.9541984732824428,0.5117961066767114,ok,1603.493524091305,-366.11355295499743,-1.5292531856953944
843,-0.6166887208876233,0.9542422078602613,-0.20024009262919087,0.9998057815095004,326,266,0.8159509202453987,0.6372469707134819,ok,1604.0879146309771,-367.0818416805748,-1.329013093066203
844,-5.460528462923776,1.3328106034981602,-0.29938927849593494,1.00085457950686,351,294,0.8376068376068376,1.2235058490017672,ok,1609.523611674831,-368.51255927906675,-1.0296238145702665
845,-0.17486966816045424,7.168493777967797,-0.19013509413806345,0.9998555725725956,373,319,0.8552278820375335,0.4600277224174876,ok,1609.5934346913732,-375.6828456884068,-0.8394887204322026
846,2.2134639090584187,3.05698185851179,-0.07548102530777548,0.999877581738643,353,323,0.9150141643059491,0.501435582828867,ok,1607.339405601584,-378.7100413250247,-0.7640076951244268
847,-0.7336695957460506,1.8375568662775095,0.09152651935516389,0.9999939404292966,375,353,0.9413333333333334,0.29732884425719003,ok,1608.0455562334962,-380.55834800887783,-0.855534214479591
848,-4.718837066429614,1.932940536284491,0.24389273377706613,0.9999658421572679,365,336,0.9205479452054794,0.48163262381619504,ok,1612.7264363956697,-382.58147511405275,-1.0994269482566579
849,-4.13887129976365,1.7317019978895587,0.31108488057418576,0.9998590019843083,368,334,0.907608695652174,0.5588716807227626,ok,1616.8214267133885,-384.4145331445825,-1.410511828830845
850,-1.7164371653977923,1.7208495564227633,0.22572180407919187,0.9998080478561231,375,336,0.896,0.4448535115869665,ok,1618.4880272502637,-386.1836918116013,-1.6362336329100375
851,-0.5439976904567629,0.711302183816656,0.07581136935288492,0.9998784545114598,384,363,0.9453125,0.3888471078589526,ok,1619.0105309695539,-386.9109291506129,-1.7120450022629228
852,-1.5874494416655125,2.3399877358049253,0.09657661170217982,0.9996449995876323,358,339,0.946927374301676,0.6801597522410215,ok,1620.5233368522443,-389.2998529030293,-1.808621613965103
853,-0.5897187888906501,0.6679976858126793,-0.02243424788552208,0.999872666370286,343,316,0.9212827988338192,0.3709302019214694,ok,1621.091947743899,-389.98590742864167,-1.786187366079581
854,-0.9913967388513356,1.3388213980956607,-0.1285057171675247,0.9996730512784491,347,306,0.8818443804034583,0.46139399744001564,ok,1622.044200201361,-391.3528476201134,-1.6576816489120558
855,-1.6652438832745702,2.8506266459201015,-0.23241087325596926,1.0011346136448096,315,264,0.8380952380952381,1.4242009837763203,ok,1623.6380249574056,-394.24401211080453,-1.4252707756560856
856,-3.028773479045185,7.700207381697055,-0.38935270999118854,1.0000457314466504,362,313,0.8646408839779005,0.7629983273290012,ok,1626.5270898491333,-401.9977187444023,-1.0359180656648956
857,-0.5020893470305055,1.2981483006770986,-0.272140594348824,1.0000642853516908,394,348,0.883248730964467,0.45658794551702925,ok,1627.0118302214287,-403.3024445755327,-0.7637774713160708
858,-0.02094182668929534,0.08020990555087337,-0.06720192518290526,0.9999640182787827,411,392,0.9537712895377128,0.38248223495453343,ok,1627.0317953696226,-403.38290314817186,-0.6965755461331653
859,-0.014320311486471837,0.4635562442945229,0.11990165395958588,0.9999725856736925,405,382,0.9432098765432099,0.3618017525103068,ok,1627.039508674364,-403.84661638701186,-0.8164772000927516
860,0.009897025870031939,0.27102125874375815,0.11989607791639474,0.9999262253231003,383,353,0.9216710182767625,0.43118056086214157,ok,1627.0251839219702,-404.117439715551,-0.9363732780091468
861,-0.21614623697519164,1.1074994901662194,0.3503378572533281,0.9998580244341012,371,337,0.9083557951482479,0.508030231257236,ok,1627.216406247934,-405.22951360631987,-1.286711135262476
862,-0.4973550599838745,1.4955264845070815,0.2108026439361878,0.9997298741048365,378,338,0.8941798941798942,0.6317366989396953,ok,1627.674507994544,-406.7375269720784,-1.4975137791986648
863,-0.6817711420430896,1.876630826006135,0.11369856991785667,0.9997903482509158,378,350,0.9259259259259259,0.5944862468792469,ok,1628.3032438798296,-408.6325853705962,-1.6112123491165222
864,-0.8150641823519891,2.026254537732598,0.06369956240520411,0.9997006119691659,371,338,0.9110512129380054,0.6084575679690138,ok,1629.058735318565,-410.6817973554903,-1.6749119115217266
865,0.09875065435335273,-5.6674458608248415,-0.09815335799554635,1.000647430841575,304,263,0.8651315789473685,1.0952443950183512,ok,1629.115968373042,-405.0137801841514,-1.5767585535261797
866,-7.7473728852453405,9.985295242160191,-0.03284269338609176,1.0001695520751883,270,227,0.8407407407407408,0.8533557919946171,ok,1636.5914933588847,-415.20418910048966,-1.5439158601400875
867,-2.307081209022499,4.653358433497488,-0.09054345724025624,1.0000317514674983,322,258,0.8012422360248447,0.6383276464297325,ok,1638.779807318535,-419.914565988768,-1.4533724028998312
868,-0.49867896484738594,2.0251458835310814,-0.11968124285993177,1.0000582127815751,310,244,0.7870967741935484,0.6668566856201685,ok,1639.2312155138357,-421.9507701044647,-1.333691160039899
869,-0.5264367826227954,1.5715948581228076,-0.05373361686461986,0.9999746392634659,345,309,0.8956521739130435,0.5698016476786534,ok,1639.7224152607837,-423.5337321674258,-1.279957543175279
870,-0.6003082820243435,1.7456501195076726,-0.005450261882833627,0.9999023006284586,367,325,0.885558583106267,0.4078963699458713,ok,1640.2837473821521,-425.29230278662885,-1.2745072812924452
871,-0.648265507431006,1.6992779801128108,0.056854709801771694,0.9997911603052761,339,301,0.887905604719764,0.5752106848689302,ok,1640.8923559096634,-427.0061841950295,-1.331361991094217
872,-0.9738504361966989,1.869544753925311,0.11096310121380588,0.9997647674827373,359,322,0.8969359331476323,0.5071405970023628,ok,1641.8188401183345,-428.8996490798618,-1.4423250923080235
873,-1.0395406197271768,1.7996987692046105,0.1962326029918824,0.9998263521871463,329,291,0.8844984802431611,0.59806557203927,ok,1642.8064944902458,-430.7283369158755,-1.6385576952999064
874,-0.6732946316456037,1.0423538583711434,0.18122215024630864,0.9998531303969928,341,306,0.8973607038123167,0.5439376156006793,ok,1643.4463487591343,-431.7915460870405,-1.8197798455462153
875,-1.2969063620985253,2.0265171567052676,0.3087702416480009,0.9997025759289521,311,281,0.9035369774919614,0.7719983224577852,ok,1644.6670920530526,-433.864834226404,-2.1285500871942173
876,-2.7188880746587074,1.8581818263347714,0.1509201980012494,1.0011268305072376,296,261,0.8817567567567568,1.7538326880511699,ok,1647.3099218085672,-435.82968611537956,-2.2794702851954676
877,-5.39819009351595,9.360035726576598,-0.07450001652601504,0.9997883916369765,289,242,0.8373702422145328,0.6953093161647954,ok,1652.343992363338,-445.39048413322905,-2.204970268669452
878,-2.9722345544164455,4.943577044515905,-0.2653252225461712,0.9997811203062539,289,241,0.8339100346020761,0.45578051524841706,ok,1655.1472000320982,-450.4318290933895,-1.93964504612328
879,-1.2088529636862404,1.7852512254017938,-0.165135829500657,0.9999119081263395,316,269,0.8512658227848101,0.4454805388817615,ok,1656.3001910458106,-452.25365761109094,-1.7745092166226224
880,-2.458274550136366,3.966102954405642,-0.26765083692394065,0.9997704666705551,281,237,0.8434163701067615,0.5194834941057874,ok,1658.6533204299558,-456.28303330842493,-1.5068583796986807
881,-1.840292897522204,2.815373589368278,-0.21130098067396,0.9999283892924599,284,241,0.8485915492957746,0.39978145280764993,ok,1660.4294878077555,-459.1392958738106,-1.2955573990247202
882,-1.1345672452446252,1.695202121911393,-0.04050424896694895,0.9998071812441927,296,273,0.9222972972972973,0.5581502590202433,ok,1661.526652758951,-460.85894180771174,-1.255053150057771
883,-1.5655592567650274,2.50905507107791,0.03420784134092184,0.9996806650900663,289,260,0.8996539792387543,0.6041517604212672,ok,1663.0353620705614,-463.40258670218964,-1.289260991398693
884,-1.570849422833362,2.610732827249876,0.20581492339251753,0.9998409742402236,356,329,0.9241573033707865,0.5601570579608914,ok,1664.5375600060452,-466.0534158492916,-1.4950759147912112
885,-0.6427390482117517,1.0996712503263097,0.11768145254078909,0.9998807730848894,309,287,0.9288025889967637,0.5612696001442992,ok,1665.1490950703376,-467.1707408727434,-1.6127573673320006
886,-0.663183890341088,1.0963665291346842,0.12053299929597507,0.999870232417291,304,283,0.930921052631579,0.5132638852933568,ok,1665.7788137147181,-468.286665093976,-1.733290366627976
887,-0.6444327624976722,1.1033959480082558,0.16647034560896115,0.9998494550633604,299,271,0.9063545150501672,0.5544880583037024,ok,1666.3863135837391,-469.4108181585542,-1.8997607122369375
888,-2.331361947726691,-0.20195590884168269,0.24306378827212344,1.0016545976031577,247,192,0.7773279352226721,2.1689704850918607,ok,1668.7235965285286,-469.29617455243965,-2.142824500509062
889,0.7415177029265578,6.855562830593726,0.014608536369273986,0.9997815532683338,288,234,0.8125,0.5710742534216153,ok,1667.7245239521142,-476.11896314765715,-2.157433036878336
890,3.413252399956491,3.852096790502287,-0.08450522766880403,0.9997192282027207,288,241,0.8368055555555556,0.5843087850674156,ok,1664.1741689889857,-479.84507657386894,-2.072927809209532
891,2.8398791001129666,2.386511203529608,-0.29710147501633344,0.9998266525178052,272,230,0.8455882352941176,0.6372406159999982,ok,1661.2616980893094,-482.1424364251702,-1.7758263341931975
892,-4.076941248246158,2.524992162930289,-0.203012315694463,0.9999929365873148,289,248,0.8581314878892734,0.4592542175838434,ok,1665.267799046107,-484.7783784746956,-1.572814018498734
893,-3.1671036838911277,1.3278317804048356,-0.15620149813193762,0.999897064042082,315,260,0.8253968253968254,0.4479263982857796,ok,1668.4011080464297,-486.1841016658202,-1.4166125203667959
894,-0.6520670855607023,1.4441425817389018,-0.019742877899791327,0.9997475663146894,305,275,0.9016393442622951,0.6070757629682977,ok,1669.0177766812037,-487.64371088590235,-1.3968696424670044
895,-0.410189566388226,1.3327464595851097,0.0651705921871351,0.9997104600928884,329,301,0.9148936170212766,0.460714286891469,ok,1669.3938281545986,-488.98648930964464,-1.4620402346541397
896,-0.7233016038712776,1.3802676259690543,0.1584429317162718,0.9998640518831915,274,240,0.8759124087591241,0.6329943941213771,ok,1670.0778079048819,-490.38665916743446,-1.6204831663704122
897,-5.794165277930233,2.2807086156501555,0.2628207711664869,1.0008757815589227,218,174,0.7981651376146789,1.764046530674817,ok,1675.7938903155205,-492.8565549005086,-1.8833039375369
898,-0.4066585786665655,4.280627349196493,0.09082249179265159,0.9998181149411025,260,234,0.9,0.5522635941316882,ok,1676.0528476751792,-497.148650284837,-1.9741264293295515
899,2.8072582320978654,6.353720381749895,0.12822246431626735,0.999627325584001,237,198,0.8354430379746836,0.6390143181484602,ok,1673.014394854315,-503.3951105565851,-2.102348893645819
900,2.169336018820559,2.3660202993131634,0.04756198992600242,1.000013264563556,269,238,0.8847583643122676,0.6109824477798634,ok,1670.757826440812,-505.6780844536095,-2.1499108835718213
901,-4.152883815956102,2.0801652988207024,0.0007659899519670243,1.0000843729156437,315,277,0.8793650793650793,0.46984873776287256,ok,1674.8297213669375,-507.9126321415861,-2.1506768735237882
902,-5.341323766318055,1.95108301985033,-0.058267149753994114,0.9999401873502444,278,236,0.8489208633093526,0.6014632031120137,ok,1680.0962471285225,-510.0574330483248,-2.092409723769794
903,-2.5138167184804843,1.7332431436930165,-0.13465240744294282,0.9998985930632223,267,231,0.8651685393258427,0.36626975857119054,ok,1682.5493842961585,-511.8755431456606,-1.9577573163268505
904,0.005796639096615763,-0.007077712156842608,-0.0003898595183678534,1.0000015654949004,416,413,0.9927884615384616,0.009087180017262306,ok,1682.5438327846553,-511.8682715740133,-1.957367456808483
905,-2.0932684178951604,3.010915896482288,-0.5581615982681427,0.9996559072944581,246,200,0.8130081300813008,0.6214272462493526,ok,1684.5629555356113,-514.9294038027189,-1.3992058585403389
906,-1.2066059142175618,1.131275355443222,-0.04797158343863328,0.999829708119389,275,249,0.9054545454545454,0.6946789967615654,ok,1685.7425489751358,-516.0888179131589,-1.3512342751017055
907,1.3848545221246695,-3.1637660363526265,0.08957955078602362,1.0005710523950513,220,179,0.8136363636363636,0.9467283702699095,ok,1684.43768296557,-512.8912309671468,-1.4408138258877292
908,-4.255386931285557,5.717248471263815,0.1983729203163884,0.9998443578164437,172,138,0.8023255813953488,1.000392052690044,ok,1688.5277849007807,-518.7278664857232,-1.6391867462041179
909,-2.3019057486860675,8.130328622492584,0.48743841911516655,1.0002045306967118,231,178,0.7705627705627706,1.0781101358495797,ok,1690.5264042678386,-526.9380147311069,-2.126625165319286
910,0.10886377967949556,0.9511876858408641,0.12534499291912338,1.0000275385710897,255,228,0.8941176470588236,0.5989043586746059,ok,1690.380248429856,-527.884190088662,-2.2519701582384095
911,0.25010348688829254,1.874442983164613,0.1987409935714704,1.0000606652734332,266,225,0.8458646616541353,0.5517082748281412,ok,1690.0502226290678,-529.7462242511045,-2.4507111518098803
912,0.4511346049898748,1.2239830096131072,0.07624004153252435,0.9999756815831428,261,233,0.89272030651341,0.3762041139730044,ok,1689.5455621296128,-530.9491268323351,-2.526951193342405
913,-0.009699425705321119,1.357532274484015,-0.06938665330188268,0.9999022488190155,257,219,0.8521400778210116,0.6314222920968717,ok,1689.4970424080204,-532.3058264275813,-2.457564540040522
914,-0.2420804863227204,1.7711656951444184,-0.1944473746491777,0.999767696222601,248,210,0.8467741935483871,0.4761312740462762,ok,1689.6689932658173,-534.0851700661226,-2.2631171653913436
915,-0.5728407504918778,1.8299770041594456,-0.2537267638837474,0.9996719082912556,247,201,0.8137651821862348,0.6943370065017845,ok,1690.1773167589222,-535.934107487328,-2.009390401507596
916,-0.634372250643537,2.2203107215460705,-0.3572718973249789,0.9996946088027222,242,182,0.7520661157024794,0.7219877341054264,ok,1690.747411720051,-538.1717847625164,-1.652118504182616
917,-0.5188762647123895,0.8780337951076262,-0.1228265032843947,0.9998165491633091,294,251,0.8537414965986394,0.6341181274381484,ok,1691.2426701909972,-539.0633535878961,-1.5292920008982211
918,1.27576449702633,-4.655115996489144,-0.20729345423056172,1.0002430472389996,216,178,0.8240740740740741,1.2440259092203545,ok,1690.074644290427,-534.3800432748548,-1.3219985466676587
919,-3.594104261374241,16.239287171709975,0.23468508525058832,0.9995300407454714,198,159,0.803030303030303,1.0386460038170644,ok,1693.2262670546627,-550.7109742721628,-1.5566836319182478
920,-3.5055522771012875,2.278391393566608,0.18073079513303866,0.9998273924798581,259,218,0.8416988416988417,0.6339288472299528,ok,1696.6611292943721,-553.0946029143776,-1.7374144270512866
921,-6.402567956351959,4.103626972114171,0.5023698288831113,1.0000085910675958,233,191,0.8197424892703863,0.7470346277498088,ok,1702.8984292884934,-557.445317745908,-2.2397842559343997
922,-0.7602338540773417,1.0606850825876109,0.07709042425884916,0.9999780374286591,260,238,0.9153846153846154,0.3999801404933885,ok,1703.6151623441006,-558.5358690213229,-2.3168746801932487
923,-0.9729681332257769,1.963119568661682,0.11980724372509341,0.9998618504413316,274,246,0.8978102189781022,0.44560264741318667,ok,1704.5037881098153,-560.5385796039191,-2.4366819239183424
924,-0.6041580314463317,1.7177706307752487,0.05822267130096495,0.9998596824752112,260,234,0.9,0.5334914337202399,ok,1705.032597974338,-562.2810212798724,-2.4949045952193076
925,-0.509987804622142,1.617904357555176,-0.025377750941718357,0.9997745488671383,226,210,0.9292035398230089,0.6509663395423966,ok,1705.4723998305044,-563.9193974266628,-2.4695268442775893
926,-0.5679749061678194,1.5744265637737271,-0.1242353360227499,0.9998628637800563,243,194,0.7983539094650206,0.4929292301035333,ok,1705.9754708779992,-565.5157476451064,-2.3452915082548387
927,-1.134169913265623,1.5767950707698901,-0.14916083258129378,0.9997640816310766,245,205,0.8367346938775511,0.47896278204137777,ok,1707.048384449234,-567.1348463314198,-2.196130675673545
928,-0.5762130444413742,0.721414892830353,-0.19097470595609223,0.9999239344223348,241,204,0.8464730290456431,0.44578034689592105,ok,1707.59900277212,-567.875980855433,-2.005155969717452
929,2.737222844730695,-6.477260149758877,-0.3813885530814702,1.0002802546281846,225,173,0.7688888888888888,1.0442105255665424,ok,1705.0464206181052,-561.3237589196025,-1.6237674166359803
930,2.960206474567258,11.212889231597046,-0.16977496197650957,0.9995019424952915,216,175,0.8101851851851852,0.7372407097280659,ok,1701.8026488114692,-572.4579248856105,-1.4539924546594698
931,-6.013630697465942,4.597272457012764,0.15688637484301296,1.000152381870846,226,188,0.831858407079646,0.8901827393801336,ok,1707.6846669664899,-577.2224322718488,-1.6108788295024834
932,-4.959165813500931,2.156425026692091,0.3202905722885139,1.000275756771025,218,176,0.8073394495412844,0.7104737824219767,ok,1712.5683470144672,-579.5447508655232,-1.9311694017909984
933,-0.727581212650648,1.906870576654569,0.3745215922843808,0.9999401453803491,218,181,0.8302752293577982,0.5365940939762223,ok,1713.2186237959534,-581.4793489955164,-2.3056909940753805
934,0.155760648535761,1.5617000070024005,0.11954378507723207,0.9999651364708306,230,210,0.9130434782608695,0.5687861247562889,ok,1712.9969182452746,-583.0330590522199,-2.4252347791526128
935,0.4186548359905373,1.8823237156386767,0.08942551988875228,0.9999486807788656,254,232,0.9133858267716536,0.6028062398251075,ok,1712.4960795848965,-584.8952016564325,-2.5146602990413656
936,0.36961426999187097,1.8860287622663918,0.02583249755732094,0.9999341225577812,256,226,0.8828125,0.6551956919922775,ok,1712.0432295442747,-586.7629934117915,-2.5404927965986865
937,0.05343388719848008,2.0181865598865443,-0.03146861750186854,0.999765865859005,242,215,0.8884297520661157,0.8036774132325817,ok,1711.90149725667,-588.7769060537547,-2.509024179096818
938,-0.31326148131483933,1.0445406996329893,-0.029829256621296055,0.9998622377649561,238,218,0.9159663865546218,0.5855430450424286,ok,1712.1692822307589,-589.8340196883831,-2.479194922475522
939,-6.233813724896436,7.027690028456732,-0.2249821095577993,1.0003261693204064,191,142,0.743455497382199,0.8716473632930666,ok,1718.121849754588,-597.1014676976247,-2.2542128129177215
940,0.5384205674656641,8.162641937159151,-0.3739115310246192,0.9996914991258465,202,144,0.7128712871287128,0.7530110822341967,ok,1717.3158900974372,-605.2420480904951,-1.8803012818931002
941,2.97263105821753,3.2995700317763976,-0.26981530692487127,0.9999915236157702,188,130,0.6914893617021277,0.5037202025560128,ok,1714.251700227989,-608.4567702008567,-1.6104859749682279
942,0.4888655137690421,0.6497230099981834,-0.03710022004638109,0.9999258625301076,213,194,0.9107981220657277,0.5133213914540224,ok,1713.7451793812681,-609.0928253180525,-1.5733857549218466
943,-2.5764203880862624,2.02733307410017,0.11218536157825641,0.999841368763151,235,212,0.902127659574468,0.6173058333386511,ok,1716.2608519162488,-611.1950653391325,-1.6855711165001033
944,-4.763916408760679,2.045845699416418,0.33451034328253954,0.9998069451771203,204,151,0.7401960784313726,0.6925246955052653,ok,1720.9496921243908,-613.4075665657972,-2.0200814597826446
945,-2.36895284532352,1.6453884539888577,0.443354645114104,0.9999845666450576,205,164,0.8,0.45651559458411517,ok,1723.2457339126572,-615.1532563590937,-2.4634361048967506
946,-1.4184113828778209,2.255022528021186,0.2847182541405936,0.9997465002653356,207,180,0.8695652173913043,0.8149360154147056,ok,1724.5543948209056,-617.4736925422679,-2.7481543590373456
947,-1.0194121215513405,2.2422130702952927,0.19861286887073049,0.9998803384277255,236,210,0.8898305084745762,0.6723268347692289,ok,1725.4571910443424,-619.7653468585027,-2.946767227908077
948,-1.147727657034011,2.0225825629013343,0.07996283333629182,0.9999353432197818,229,210,0.9170305676855895,0.6130404320909075,ok,1726.496521554331,-621.8457100694543,-3.0267300612443693
949,-1.3716421315589287,2.098150734748401,-0.0870035683734473,0.9997552985369199,219,182,0.8310502283105022,0.6158118517006328,ok,1727.7587541615696,-624.0114449304232,-2.9397264928709217
950,-4.963684631641627,4.037211275220557,-0.17306862269295392,1.0004001403703406,178,128,0.7191011235955056,1.1310373827955118,ok,1732.521782860551,-628.2835401559352,-2.766657870177968
951,2.6551316262864475,8.588429651091019,-0.31287962043776446,0.9995281391660256,201,152,0.7562189054726368,0.7062330930252136,ok,1729.50138572354,-636.7504196849815,-2.4537782497402016
952,2.62277874916208,1.6252759829325214,-0.13205905934095274,1.0000140453185267,212,184,0.8679245283018868,0.6404753442026323,ok,1726.8149191527455,-638.2681112714891,-2.3217191903992487
953,3.449247139290037,1.9207930387499346,-0.3112292150224696,0.9997975410971965,222,181,0.8153153153153153,0.5082650734147233,ok,1723.300409135953,-640.0667138033109,-2.0104899753767778
954,-3.3334636809754556,0.9286031085858895,0.032488242179275754,0.999730404482941,215,199,0.9255813953488372,0.7790941058750387,ok,1726.5986500551708,-641.11356177912,-2.042978217556054
955,-1.6432567382735215,0.5832797856218122,0.05513052305708562,0.9998341307326808,233,215,0.9227467811158798,0.5383027448415936,ok,1728.2194508645525,-641.7566113514736,-2.0981087406131396
956,-1.5105248578176997,1.2558293830910543,0.1661294295565888,0.999828663899283,212,198,0.9339622641509434,0.6100748525962485,ok,1729.6791809135066,-643.0711382510465,-2.264238170169729
957,-0.518191316429693,1.3237600247610999,0.2198388668268359,0.9999914391978005,229,207,0.9039301310043668,0.6488070084752389,ok,1730.1395112226999,-644.41611365975,-2.484077036996566
958,-0.49396147329252926,1.6472562143960658,0.2570960385556473,0.9999918547024232,217,194,0.8940092165898618,0.9754309387853102,ok,1730.5541287013198,-646.0851083629731,-2.7411730755522146
959,-0.7956261692602311,1.9558156845301937,0.23235698902282667,0.9998564423363878,205,179,0.8731707317073171,0.7814443930774781,ok,1731.247226495825,-648.079563536778,-2.9735300645750415
960,2.448078196945744,-2.2089692976210245,0.08586800690722328,1.0001724064084418,185,138,0.745945945945946,0.5889623419763574,ok,1728.9205327824156,-645.7430857217382,-3.0593980714822657
961,0.1189496274407702,9.081272139028556,-0.10250382157034726,0.9995349445409268,190,137,0.7210526315789474,0.6987611336089538,ok,1728.3332874101143,-654.8061313218484,-2.956894249911918
962,-7.272595852357881,3.7965691943977617,-0.1507215512832437,1.000327510246649,187,128,0.6844919786096256,0.5691729722302137,ok,1735.4112924046171,-658.9541951325165,-2.806172698628674
963,-6.211240302707438,1.595507952199,-0.23838136268737425,1.0001359715560298,184,126,0.6847826086956522,0.6294427367256893,ok,1741.5448150695288,-660.8263733939348,-2.5677913359412994
964,-2.0865166501255317,1.0920086794861845,-0.27329516474064847,1.0000993822514452,207,163,0.7874396135265701,0.4708884066605884,ok,1743.5859393938777,-662.0010419343643,-2.2944961712006506
965,-1.0861241804677775,1.5162176535939125,-0.17893470718294552,0.9998901534729304,224,177,0.7901785714285714,0.528541772823697,ok,1744.6153519147474,-663.5563205493854,-2.1155614640177047
966,-0.29331938534141955,1.2500704189599219,-0.03351676449605299,0.9999950944270212,238,218,0.9159663865546218,0.756241651075614,ok,1744.8630619276735,-664.8162221581119,-2.0820446995216524
967,-0.2938486670132079,1.626714102404776,0.10144422559502546,0.9998854040708133,259,241,0.9305019305019305,0.397917348699657,ok,1745.0947196832333,-666.4529507533155,-2.1834889251166776
968,-0.7536653791012213,2.150396324723488,0.2279483024636828,0.9998817289953954,252,229,0.9087301587301587,0.807922441416577,ok,1745.7572395249695,-668.6331533393947,-2.411437227580361
969,-1.1375356381263373,2.4546715308132434,0.3055459671751537,0.9999179529230433,230,219,0.9521739130434783,0.8666085566103839,ok,1746.7771387766397,-671.1389875654828,-2.7169831947555156
970,-0.49764991022038885,1.0604423899848143,0.1378571319472517,0.9999537498503125,238,221,0.9285714285714286,0.479873152687492,ok,1747.2213549379455,-672.222899691835,-2.8548403267027673
971,2.131076480038928,-3.7628999041852467,0.2680002837906337,1.0002810147428423,190,141,0.7421052631578947,0.6602678564734393,ok,1745.2984340424252,-668.3494931959633,-3.1228406104934017
972,3.1948433997226857,8.519130915257847,0.03597690261688347,0.9997336981211505,169,124,0.7337278106508875,0.9003015736049222,ok,1741.6390079562063,-676.679632247597,-3.1588175131102854
973,-6.031343241968216,3.360805623106671,-0.04252294396372443,1.0000066523313247,201,150,0.746268656716418,0.5438380882842305,ok,1747.4787295856115,-680.3633487173868,-3.116294569146561
974,-4.328244159656151,0.4336357934712396,-0.19513225621327399,0.9999071319826015,201,145,0.7213930348258707,0.5049132440983081,ok,1751.7792507680715,-681.016996226514,-2.9211623129332867
975,-0.49463713047362035,0.754798106502335,-0.31757718323841244,0.9999965751924302,211,162,0.7677725118483413,0.3585943671638686,ok,1752.2390902208363,-681.7934843140619,-2.6035851296948733
976,0.29494836235903676,1.072986198673334,-0.3948725023192301,0.9999808782026994,220,174,0.7909090909090909,0.3185970803118044,ok,1751.9030083539985,-682.8543061170922,-2.208712627375643
977,0.7496610467508162,1.6411817617536144,-0.25578953738434346,0.9998789628947535,227,190,0.8370044052863436,0.36561204946137205,ok,1751.0978539892685,-684.4689874197289,-1.952923089991299
978,0.5744224335553554,1.7291252840036577,-0.039728168399329335,1.0000962791111934,235,216,0.9191489361702128,0.811441468831731,ok,1750.4660243198152,-686.1779715181779,-1.9131949215919697
979,0.10915661953049494,1.1833050287511924,0.05589376599218916,0.9999074881872899,249,237,0.9518072289156626,0.35338690290479874,ok,1750.316273421319,-687.3568271611872,-1.9690886875841591
980,-0.3105989670684721,2.8855809477923913,0.2443330523418932,0.9999621800929742,240,216,0.9,0.42865222667388436,ok,1750.5151940625776,-690.2522510857771,-2.2134217399260527
981,-0.8926700536114822,3.1888941652928224,0.3592081552819636,0.9999576288999245,228,218,0.956140350877193,0.7750913234631921,ok,1751.2638284268335,-693.4779994347199,-2.5726298952080167
982,3.163371291245312,-1.7743533510453062,0.21148756006290423,0.999690627525211,188,130,0.6914893617021277,1.2081587443324229,ok,1748.190376532801,-691.5520863536831,-2.784117455270922
983,-4.367560711105625,7.752626763851936,0.20706035124117636,0.9997313319784424,196,146,0.7448979591836735,0.6965723174442796,ok,1752.1474377527597,-699.5220596790017,-2.991177806512099
984,-6.637569045203691,3.6921980779145542,0.12952578959498928,1.0000043047119838,226,166,0.7345132743362832,0.4481892725011273,ok,1758.5741618230454,-703.5701292437218,-3.1207035961070884
985,-2.9812610621120257,2.0788095092889307,-0.0029107249501843435,0.9995875050537447,238,209,0.8781512605042017,0.7975940893723016,ok,1761.4379459441673,-705.8080092682062,-3.117792871156904
986,-0.660189868019188,0.8900843344620171,-0.042287809663182886,0.999989929099236,245,233,0.9510204081632653,0.568751869797907,ok,1762.0494302096267,-706.7322320646064,-3.075505061493721
987,-0.9792761807966599,2.49936557963008,-0.18182977475201823,0.9999802716331477,236,188,0.7966101694915254,0.38939884930351965,ok,1762.9012830426154,-709.2778472927672,-2.8936752867417024
988,-0.4630159189132428,2.408370840763041,-0.3219357658396613,0.9999515646813824,227,189,0.8325991189427313,0.35495375649293204,ok,1763.2557684160838,-711.704568118862,-2.5717395209020406
989,-0.5114192283438115,2.090436049871073,-0.24094594483972046,0.9998781767886298,217,183,0.8433179723502304,0.44160361257841674,ok,1763.6817490061378,-713.8140735212294,-2.3307935760623195
990,-0.8069038025066675,2.152760595705786,-0.10500355706002779,0.9999232475062257,225,192,0.8533333333333334,0.4214175066329394,ok,1764.4044359864763,-715.9965481390365,-2.2257900190022917
991,-1.1015751709921915,1.9696888239670898,0.0846047275872429,0.9999997101549495,235,217,0.9234042553191489,0.4241716604016569,ok,1765.4257114846232,-718.0090436738121,-2.310394746589535
992,2.8208085735109307,-7.754673571326975,0.22822780402191709,1.0001746776176081,188,151,0.8031914893617021,0.5780224042939219,ok,1762.9511476885316,-710.1370390228162,-2.5386225506114526
993,-3.8522809801249878,13.729266527146933,0.41244018158170415,0.9994256513924288,195,161,0.8256410256410256,0.6332393753194496,ok,1766.091496339262,-724.0464257265905,-2.9510627321931575
994,1.4251653433398133,3.0186274989988533,0.08714344163438581,1.00001094128965,260,240,0.9230769230769231,0.5062512315047667,ok,1764.5083413338677,-726.9852738789223,-3.0382061738275428
995,3.9869961718225113,3.6055683830001044,0.15488280539117885,0.9998869193242044,224,186,0.8303571428571429,0.43077575913130295,ok,1760.3267009867752,-730.3631646181537,-3.193088979218722
996,-0.24693862368621922,1.4784505513687236,0.07218960094491847,0.9999666654352328,234,230,0.9829059829059829,0.30302878757315604,ok,1760.4890276180176,-731.8532803121519,-3.265278580163641
997,-4.395845824823937,2.296365678734219,-0.050953617386131196,0.999942395029498,219,181,0.8264840182648402,0.4351318223008145,ok,1764.7491979741665,-734.3925133425536,-3.2143249627775092
998,-1.2184295903239217,1.6694994490848103,-0.15686321528775019,0.9998170926593452,234,201,0.8589743589743589,0.3941696959519665,ok,1765.8768463380486,-736.1246242640898,-3.0574617474897594
999,-0.2675501841276855,0.675610117126439,-0.09998314312609473,0.999893595600281,229,217,0.9475982532751092,0.525184346076403,ok,1766.1091821893565,-736.8131387400357,-2.9574786043636645
1000,-0.13047246840005755,1.789413414456476,-0.2347024789917898,0.9999417769562124,187,149,0.7967914438502673,0.5945984824127892,ok,1766.1545039203313,-738.6067299346919,-2.7227761253718743
1001,-0.21646379074604738,0.8467544173967099,-0.07114539663735728,0.9999228486214747,235,225,0.9574468085106383,0.4562390821347422,ok,1766.33156239836,-739.4625920213878,-2.6516307287345167
1002,-0.7734666718645258,2.214521684796182,-0.10447143425688608,1.0000258939595004,219,175,0.7990867579908676,0.40278119285590985,ok,1767.0058478193102,-741.7092998697766,-2.5471592944776305
1003,2.137275490737011,-8.202858387500896,0.06197707990826917,1.0002847130680312,199,168,0.8442211055276382,0.5412202930091283,ok,1765.244200834492,-733.4176515324688,-2.6091363743859
1004,3.8034826221246476,7.377916101901178,0.04647081018203904,0.9995757574504102,199,160,0.8040201005025126,0.4747209179957331,ok,1761.1029656059716,-740.6114194496007,-2.6556071845679385
1005,-5.665485611407348,10.288517323760516,0.35410569843297895,0.9997114565316164,211,169,0.8009478672985783,0.5468017618819982,ok,1766.2204353979819,-751.1832129995261,-3.009712883000918
1006,-7.148239883493943,4.925414757004432,0.5399084446670868,0.9990972199915155,212,188,0.8867924528301887,1.0516780028928947,ok,1773.050014769164,-756.5417472742338,-3.549621327668005
1007,-0.4307824310997148,1.3623853959237522,0.10821517522629076,0.9999689115675107,247,238,0.9635627530364372,0.32428019049295587,ok,1773.3930022541338,-757.9288402974753,-3.657836502894296
1008,0.01295648565155716,0.018076467943387797,0.0015356767788910586,0.9999835613048618,327,320,0.9785932721712538,0.10993239643252908,ok,1773.3789184603193,-757.9460529662264,-3.659372179673187
1009,-0.11149284176190122,4.71217653318638,0.015811385356419495,0.9999125089951304,251,205,0.8167330677290837,0.282583911321518,ok,1773.1881311379639,-762.6556854923693,-3.6751835650296067
1010,0.2687532399829706,3.552785329246376,-0.39357125944345556,0.999766773277157,214,179,0.8364485981308412,0.44996829308149167,ok,1772.7164442589833,-766.1872606916123,-3.281612305586151
1011,-0.03464541453763559,1.1227512270703528,-0.15982383159760752,0.9999806901194214,237,209,0.8818565400843882,0.4346232220898617,ok,1772.6898948758949,-767.3102325313722,-3.1217884739885435
1012,-0.7280612677791396,2.4596590570765784,-0.35255269453692606,0.9998924170488607,222,191,0.8603603603603603,0.3200960037263543,ok,1773.2982712738237,-769.8021944181477,-2.7692357794516176
1013,2.423570513565892,-5.1058518369430885,-0.26313591116913343,1.00002998697227,219,206,0.9406392694063926,0.5119204473458172,ok,1771.100275924447,-764.595253525535,-2.5060998682824835
1014,2.7187859410785222,13.021114934135994,-0.09462410739589047,0.9993492489113771,197,166,0.8426395939086294,0.6214819187855776,ok,1767.8360242800354,-777.4904422532484,-2.4114757608865927
1015,-5.41280363770602,5.245012148952469,0.18490618184598065,0.9997616330543002,212,181,0.8537735849056604,0.4563667708579962,ok,1773.0056727510696,-782.9752695384924,-2.5963819427325734
1016,-4.412928775659111,2.238004448308402,0.3420190765128292,1.0000338196732572,215,195,0.9069767441860465,0.4700199462139521,ok,1777.2980742717605,-785.4365483676498,-2.9384010192454038
1017,-0.4087793308754044,1.1215615691016865,0.1695996741681796,1.00001134460487,247,232,0.9392712550607287,0.3698307082073333,ok,1777.6454432311534,-786.578623540608,-3.108000693413583
1018,0.23721279045821575,2.3239768009642603,0.1884709481390425,0.9999724218148923,269,249,0.9256505576208178,0.3808616181528732,ok,1777.2749883561949,-788.8851146559164,-3.2964716415526256
1019,0.26601728570130945,0.6989938798219555,0.029186986093296067,0.99995432311259,272,264,0.9705882352941176,0.29610953218988556,ok,1776.9688696520184,-789.56749942954,-3.3256586276459217
1020,0.6235387057756725,1.3749938720502541,0.024660492825606437,1.0001013499890465,241,228,0.946058091286307,0.3400400965423469,ok,1776.2660409325495,-790.9037031778007,-3.350319120471529
1021,0.4447940797845149,1.4922845080740217,-0.02789618521010021,1.000054831089849,239,224,0.9372384937238494,0.3225095667983545,ok,1775.7355095149603,-792.3677015525948,-3.3224229352614283
1022,-0.4899753864676768,2.145457495017695,-0.12487280551429902,1.0000408497888722,233,214,0.9184549356223176,0.44710475347461276,ok,1776.105051010218,-794.5371491379389,-3.1975501297471287
1023,-0.2895018426131628,0.7270129259869691,-0.05012853165297556,0.9999348831836613,241,230,0.9543568464730291,0.30856686643197223,ok,1776.3541993356337,-795.2789605852563,-3.147421598094153
1024,-0.324972981521114,0.5759080010805064,-0.09354948899961472,1.00004412911499,242,224,0.9256198347107438,0.3809334470076755,ok,1776.6480293825946,-795.8713636304294,-3.053872109094538
1025,1.3733805156957715,-0.4130932758359904,-0.1959627819796262,1.0000897957346124,245,221,0.9020408163265307,0.40900757781052144,ok,1775.2969535224297,-795.3903084199667,-2.8579093271149114
1026,4.091073710689216,-3.003660073859237,0.019463259276034903,0.9995180224370245,236,210,0.8898305084745762,0.5257484658748384,ok,1771.3618168809749,-792.1850693401674,-2.8773725863909467
1027,2.7173246411641685,-2.162543455696323,0.024833596596076042,0.999696925582706,225,205,0.9111111111111111,0.48543556129957066,ok,1768.7574700515167,-789.8877176049856,-2.9022061829870225
1028,11.221852570031615,-8.932846994144029,0.08193601250111365,0.9960279075887634,216,188,0.8703703703703703,3.3713533952207664,ok,1758.015874628025,-780.3827789790746,-2.984142195488136
1029,9.543553418372085,-7.561328423728696,0.04093956201427602,0.9957185931319547,226,196,0.8672566371681416,3.7694977186883527,ok,1748.884654699816,-772.3283440514402,-3.0250817575024125
1030,12.473361292060417,-10.11452299085056,0.0043903305287860675,0.9941932770197098,205,171,0.8341463414634146,4.8867553717728285,ok,1736.96327394788,-761.5687437697347,-3.029472088031199
1031,6.087471654907631,-4.934162330068716,-0.007600546109233164,0.9967970514789951,205,166,0.8097560975609757,2.705078824175659,ok,1731.144382044609,-756.3205282571225,-3.0218715419219655
1032,16.712988800334188,-10.435379256577335,-0.05744345170642428,0.99282477212081,198,161,0.8131313131313131,1.7100915455509376,ok,1714.9934335353328,-745.0347851659743,-2.964428090215541
1033,19.24491692630727,-11.621626352995236,-0.05620464727199713,0.9909036065603299,186,146,0.7849462365591398,1.7996932042357923,ok,1696.3629405276652,-732.4517109438161,-2.908223442943544
1034,19.36540781322128,-12.026683769545798,-0.10928155668677073,0.9905162463290864,164,125,0.7621951219512195,1.2642481369122387,ok,1677.607913779757,-719.4937360267897,-2.7989418862567734
1035,21.446302156357206,-13.395171358717562,-0.057078985434545426,0.988441197411286,193,137,0.7098445595854922,1.5261689558383744,ok,1656.8269386259133,-705.0879884388813,-2.7418629008222277
1036,10.354005530989525,-7.410975009389745,-0.022036730790643836,0.9948051118994434,213,174,0.8169014084507042,3.1756062248238575,ok,1646.8362630239712,-697.1940425217672,-2.719826170031584
1037,28.387236036834565,-25.05207945143809,-0.24393522108039345,0.9895859109623374,176,122,0.6931818181818182,2.522540568789318,ok,1619.5577516520452,-670.9390492446049,-2.4758909489511907
1038,19.295688198709513,-16.83451495888528,-0.13084563386964465,0.9928149600802632,220,184,0.8363636363636363,2.6214703754304516,ok,1600.9670464148744,-653.3291044477754,-2.345045315081546
1039,10.894823917424674,-10.475539109022634,-0.06255019460236304,0.9958489417971764,249,204,0.8192771084337349,3.2583981354063467,ok,1590.4980706051533,-642.4279736205709,-2.282495120479183
1040,25.597043130153907,-26.147587900225176,-0.2348846526048561,0.9902992148733031,229,130,0.5676855895196506,2.553006728009258,ok,1565.8516233386686,-615.3825006694956,-2.0476104678743265
1041,15.105211964963473,-18.299559538247195,-0.12163417531492217,0.9970425699871339,264,202,0.7651515151515151,3.010988557392511,ok,1551.369961627694,-596.585618430964,-1.9259762925594046
1042,14.015934995587713,-19.130310450530374,-0.12744150398763357,0.9997647337644353,245,203,0.8285714285714286,1.1228530266793377,ok,1537.9613399950313,-577.0248393655405,-1.7985347885717704
1043,13.726675545341095,-19.42002986372711,-0.143328597903347,1.000262371214321,264,208,0.7878787878787878,1.1935583480393563,ok,1524.8013352218377,-557.2164205542207,-1.6552061906684234
