frame,step_center_dx,step_center_dy_down,step_rotation_deg,ransac_scale_diagnostic,good_matches,inliers,inlier_ratio,median_reprojection_error_px,status,center_x_in_reference,center_y_in_reference,rotation_to_reference_deg
394,0.0,0.0,0.0,nan,0,0,0.0,nan,reference,1280.0,720.0,0.0
395,0.07062775082135886,0.014203646454689078,0.0011001947569272703,0.9999991745921054,444,441,0.9932432432432432,0.09942628540684777,ok,1279.9293719764528,719.9857977097436,-0.0011001947569272703
396,0.08963924842328197,0.005147434106902438,-0.0012687407241920314,0.9999911841339303,449,445,0.9910913140311804,0.11400294653019054,ok,1279.8397327431721,719.9806500119466,0.00016854596726476157
397,0.01596957198171367,0.000777393374391977,0.000383723837649243,1.0000003105014499,465,464,0.9978494623655914,0.05039721518027033,ok,1279.8237631682712,719.9798726785468,-0.00021517787038448168
398,0.044493228280998665,-0.014892859348833554,-0.0005793370160515678,1.0000261939603814,419,417,0.9952267303102625,0.12391869019799794,ok,1279.7792698453352,719.9947652551064,0.00036415914566708665
399,0.07363563304215859,-8.794918130661245e-06,-0.00045801952977062764,1.0000164392128539,442,436,0.9864253393665159,0.09486654397870307,ok,1279.7056342121741,719.9947729933733,0.0008221786754377145
400,0.016041051821048313,-0.009432750837277126,-0.0003448113325239891,0.9999877753306337,440,437,0.9931818181818182,0.05101974686828829,ok,1279.689592968232,720.0042054174876,0.001166990007961704
401,0.07829456619265329,0.0017260851356013518,0.0003387646255535454,1.0000196600404185,428,419,0.9789719626168224,0.11692377554621142,ok,1279.6112984269985,720.0024782005838,0.0008282253824081582
402,0.038498028718095156,-0.002362436146654545,-0.0004431046035608945,1.0000376001813496,447,445,0.9955257270693513,0.07878642314874605,ok,1279.57280034587,720.0048397825012,0.001271329985969053
403,0.014800716140143777,0.006824422105978556,0.00018600441126988274,0.9999842830096729,455,454,0.9978021978021978,0.04904333769121835,ok,1279.5579997590046,719.9980150800338,0.00108532557469917
404,0.07594929941501505,-0.008264082098321524,-0.0018189344253339553,1.0000206597663053,443,439,0.9909706546275395,0.11130913716606929,ok,1279.4820500407902,720.0062753123352,0.002904260000033126
405,0.0211932890404114,0.009700951095283017,0.0007228153790648891,0.9999979272684281,464,456,0.9827586206896551,0.05171769151270451,ok,1279.4608571211133,719.9965735543466,0.0021814446209682367
406,0.002319320157994298,0.004729414608732441,0.0007750532348081285,0.9999876338204942,461,459,0.9956616052060737,0.04428543164441682,ok,1279.4585379170453,719.9918440828088,0.0014063913861601081
407,-1.921424361670688,-10.894511742717441,-1.053349135064016,0.9942078642980933,96,66,0.6875,2.002986698410527,ok,1281.17909144465,730.9198792789673,1.0547555264501762
408,5.9372332809998625,11.022664308353342,-0.925436732025986,0.9979642696465643,282,242,0.8581560283687943,1.2238702929654273,ok,1275.6262807733738,719.698642219863,1.9801922584761629
409,2.1261814886431694,0.32149242570608294,-0.014148017040835195,1.0016926456330801,84,61,0.7261904761904762,1.558213503501429,ok,1273.5125753634666,719.3033517664439,1.9943402755169977
410,3.5281539802565476,7.351909752380607,0.41595271811701007,0.9985985412108397,215,179,0.8325581395348837,0.7056411929820865,ok,1270.188265282279,711.8570499998171,1.5783875573999875
411,-4.971767499077487,4.406711512586185,1.0794182477358902,0.9997379630615976,235,196,0.8340425531914893,0.4919926033598462,ok,1275.1982203067432,707.4938024623868,0.4989693096640973
412,-5.985723840453829,3.907463587491293,1.180074550227211,1.0000828309937095,247,208,0.8421052631578947,0.42245311598156,ok,1281.137072228127,703.5154611701366,-0.6811052405631133
413,-3.1264956324203013,1.8596702186541734,0.4388079470532161,1.0001137490058418,234,190,0.811965811965812,0.5339295761734554,ok,1284.2266235159761,701.5950390547042,-1.1199131876163293
414,-6.602657725087738,5.292493802856143,0.9313079929419578,1.001175192955188,219,178,0.8127853881278538,0.9355807622348893,ok,1290.6356166570065,696.0696081569225,-2.0512211805582865
415,-0.9915491616420695,3.176830104158171,0.13335424176599717,1.0010276983422577,219,206,0.9406392694063926,0.9547281447544458,ok,1291.5053482350247,692.8572902659228,-2.1845754223242833
416,0.28504498271240664,1.5494690008878251,-0.05670918163625288,1.0008935267457577,221,202,0.9140271493212669,1.1194862740100306,ok,1291.1629684300872,691.3194733405209,-2.127866240688031
417,4.365279453919811,4.017079390549952,-0.6692792428914168,1.0022833039428949,202,163,0.806930693069307,1.6673845244385035,ok,1286.6968510654724,687.4148110982412,-1.4585869977966146
418,5.648802394782933,3.1929415497722857,-0.8695943044545407,1.0022788177048592,239,192,0.803347280334728,1.5502496344591112,ok,1281.0155247185605,684.2801061399633,-0.5889926933420747
419,2.937981499356283,3.4670962327713823,-0.6140011746726745,0.9999771141853864,214,179,0.8364485981308412,0.6102207015563985,ok,1278.079056818364,680.8117278663354,0.025008481330598856
420,-2.5353238173968293,-12.736639410943553,-0.6394590957887564,0.9923692021378073,72,42,0.5833333333333334,6.887524638898456,ok,1280.4665047764913,693.5769126511591,0.6644675771193544
421,7.301113136065624,7.8099268192120235,-0.16018372396228264,0.9996060566526772,227,185,0.8149779735682819,0.6230359533888831,ok,1273.2785513200433,685.6627143307345,0.8246513010816368
422,2.95801782723197,3.8556007766751463,0.2017883904571559,1.0056389700524933,63,41,0.6507936507936508,4.4541401877179565,ok,1270.362621722191,681.7751853731971,0.6228629106244813
423,2.2330456658003186,3.824648274084211,0.46106284679466586,0.9999890055829312,165,131,0.793939393939394,0.5740431365489528,ok,1268.140385537867,677.944246362056,0.1618000638298161
424,-3.5739832373371883,4.098771919241926,0.6879702428442016,1.000377515445659,196,151,0.7704081632653061,0.7328625094569293,ok,1271.676577929176,673.812826412646,-0.5261701790143845
425,-5.981027956406251,4.045511419133959,0.8114743213826054,1.0004019105536803,208,164,0.7884615384615384,0.6233047393625057,ok,1277.561536833953,669.6287952527787,-1.3376445003969886
426,-7.3689623479174315,3.9853022783088363,0.6341406872334793,1.000670643680234,195,152,0.7794871794871795,0.8125606960032684,ok,1284.7890122641058,665.3923062298909,-1.9717851876304668
427,-4.851282949683764,3.809132648069067,0.14341510339627964,1.0010106571181259,235,200,0.851063829787234,0.8455065825726948,ok,1289.4963991222319,661.4067138327152,-2.1152002910267473
428,-1.726354965062228,4.114229910208564,-0.30822889115528324,1.001063333782332,221,173,0.7828054298642534,0.909379029922431,ok,1291.0921641938041,657.2400937329462,-1.806971399871464
429,-0.034338196167254864,-0.02866559035555838,0.0017946477028184182,1.0000899538262475,262,254,0.9694656488549618,0.38341626190064826,ok,1291.1273900722324,657.2676612006467,-1.8087660475742826
430,6.47610644317092,8.155152960337546,-1.3308479090795218,1.0029597696025714,194,153,0.788659793814433,2.146517686217509,ok,1284.5834855791118,649.1668101061814,-0.4779181384947621
431,5.16998347879462,4.039691014598134,-0.198132223774383,1.0011289314114278,233,197,0.8454935622317596,0.9388848253816023,ok,1279.393837258779,645.1524131432864,-0.27978591472037934
432,2.55679312502798,3.282537935799837,-0.11420761659094558,1.0003694880588287,218,178,0.8165137614678899,0.6893842979233864,ok,1276.8275686614295,641.8772777460222,-0.165578298129434
433,0.010446063452263843,0.0025419504597721243,-0.0002501746598312114,1.0000181935357768,381,381,1.0,0.01313015813763384,ok,1276.8171153066264,641.8747659484292,-0.16532812346960277
434,1.5330834406790927,-11.833527994432302,-0.6570843589368537,0.9960923601932827,51,38,0.7450980392156863,3.0338469494521676,ok,1275.1825251840178,653.6947001598435,0.49175623546724945
435,1.1051258598743061,5.166698965563683,0.27865785968881557,1.0031018182013893,47,33,0.7021276595744681,3.076952678661247,ok,1274.0966232630271,648.5239266795111,0.21309837577843443
436,0.4831216702907568,1.1778473738141884,0.08799884715882496,1.0003216085347135,188,177,0.9414893617021277,0.5378674362928265,ok,1273.6160744526544,647.3450272668573,0.12509952861960968
437,-3.062720596912868,3.001960567595688,0.5347220208242434,0.9995757450158447,184,138,0.75,0.7372529673657658,ok,1276.6572551617896,644.3212474140016,-0.4096224922046326
438,-4.009148338590876,4.008495520538645,0.42717579020337404,1.000139034804453,208,177,0.8509615384615384,0.649305802217571,ok,1280.6074343912699,640.2546283275874,-0.8367982824080057
439,-3.8394496634819006,4.037875024118648,0.2025985995532691,0.9998376494312641,201,190,0.945273631840796,0.9089341430570363,ok,1284.3730056450538,636.1477704579397,-1.0393968819612742
440,-2.9262997918847304,4.992149140965353,-0.13522711417246863,1.001099189766975,205,159,0.775609756097561,0.7492682995529156,ok,1287.2201645386135,631.1100656479643,-0.9041697677888062
441,-0.9276194505007425,5.442081550604371,-0.41102524858787015,1.0009556125519112,225,189,0.84,0.8345225345204886,ok,1288.1009102367689,625.6602017539245,-0.49314451920093677
442,1.0527827120752136,6.0439167086149155,-0.5513633251181577,1.0017033451051567,202,161,0.7970297029702971,1.0192964868328862,ok,1287.0542693504237,619.6152184227192,0.05821880591722001
443,3.6665420793178782,6.307696499109625,-0.5039729271071759,1.0017631463387948,214,171,0.7990654205607477,1.378635175150405,ok,1283.4497945072856,613.2718496765817,0.562191733024395
444,4.304885006484028,6.249424480716016,-0.3371616830629797,1.0020336452454477,239,196,0.8200836820083682,1.357983127637869,ok,1279.2435309981431,606.9556254444251,0.8993534160873743
445,3.571636941881252,6.078461205887152,-0.11405127884951194,1.0006765285795178,219,178,0.8127853881278538,0.5337360893478871,ok,1275.7799583637545,600.8149458662026,1.013404694936886
446,5.232378269384299,-16.00979499170478,-0.8947760823769685,0.9984999559155114,71,42,0.5915492957746479,1.3682104834498552,ok,1270.0173893463536,616.6416358660108,1.908180777313853
447,4.9153226366622675,9.72583468490916,0.3961155003014708,0.9988953624636999,224,170,0.7589285714285714,0.9942957197147768,ok,1265.3604182907302,606.7894849573131,1.512065277012383
448,-0.6101277496563853,6.503064706594614,0.37040228739593845,1.001818217469551,60,46,0.7666666666666667,1.913877175878024,ok,1266.0999949728773,600.2998676511633,1.1416629896164452
449,-3.7950894827779393,4.461278733372069,0.32343760578288827,0.9990835941538739,137,122,0.8905109489051095,1.074672792029132,ok,1269.9584056165982,595.8932386194028,0.8182253838335573
450,-4.469209276478068,3.716864533291073,0.24214306347698894,0.9989148245835887,185,160,0.8648648648648649,0.994933099954319,ok,1274.4647596990465,592.2214970163764,0.5760823203565686
451,-6.407308259548699,3.9019528232731773,0.07593592451091967,1.000310194042308,182,141,0.7747252747252747,0.5995423539321328,ok,1280.905884344329,588.3756228281239,0.5001463958456489
452,-5.524400583927218,4.173595470732835,-0.1317643678365131,1.0009930460708436,169,128,0.757396449704142,0.8361240663407981,ok,1286.4759782770977,584.2632081426681,0.6319107636821619
453,-2.241001737993656,1.9916941373239752,-0.11731032798829585,1.000703151810115,226,191,0.8451327433628318,0.5021266708675081,ok,1288.7428318185684,582.3009876280821,0.7492210916704577
454,-1.8885885169058838,6.948918247441156,-0.5552319978403343,1.0022522583231293,200,154,0.77,1.3774199626632657,ok,1290.789123258727,575.3968640241956,1.3044530895107909
455,2.870024296647898,4.572163388532658,-0.3802628306598594,1.0019732370399645,197,155,0.7868020304568528,1.2518082453357071,ok,1288.054759351949,570.7422994323034,1.6847159201706496
456,5.181891638078923,4.68508919020087,-0.24275379420420914,1.001811218803444,247,210,0.8502024291497976,1.1954931415089276,ok,1283.033379520836,565.8855714946258,1.927469714374858
457,2.561960524208189,1.9285190798971144,-0.01013220645763593,1.0015174945484617,271,256,0.9446494464944649,0.9748562275972003,ok,1280.53808914654,563.8715323894761,1.937601920832494
458,2.8427052356682907,4.611375108090101,0.14730540263620853,1.0018250666231376,251,214,0.852589641434263,1.1179509219557417,ok,1277.8408377367582,559.1735979202822,1.790296518196286
459,3.0458467869857486,-9.109672354603617,0.2505463475870303,0.9980080811733008,214,182,0.8504672897196262,0.929256486739588,ok,1274.5513095047638,568.1981376353554,1.539750170609256
460,7.203369005542072,9.898974547612966,0.34916958635026196,1.0058457472786961,80,53,0.6625,1.1984214359079441,ok,1267.5551770596016,558.1516281452864,1.1905805842589952
461,-2.330114288203049,3.977389429753657,0.22594141288973768,0.9991876776429242,77,55,0.7142857142857143,0.9209043742389174,ok,1269.9519217945756,554.2140306611116,0.9646391713692578
462,-5.265956143313815,1.7899508120469818,0.14559306757888738,0.9971567046928776,147,133,0.9047619047619048,1.7453249377572644,ok,1275.2429264690786,552.4995372819342,0.8190461037903708
463,-3.984364928709965,1.2722836393163561,0.07452390885403808,0.9980047989719804,157,139,0.8853503184713376,1.2690085712558865,ok,1279.243487066591,551.2791338856592,0.744522194936333
464,-2.9384592983963103,0.889145466689115,0.006688247648051383,0.9983758968238631,170,160,0.9411764705882353,1.0307004086432712,ok,1282.1931524924028,550.427901493749,0.7378339472882816
465,-1.5324488512048902,0.46197177749240836,-0.0117650660926258,0.9992689721834507,189,176,0.9312169312169312,0.6938119401973196,ok,1283.7315139862271,549.9860176639052,0.7495990133809073
466,-4.629901913477397,0.5556536318833878,0.007203666936682881,0.997131325428211,157,130,0.8280254777070064,1.7501484672907428,ok,1288.3682267854335,549.4903997619656,0.7423953464442246
467,-0.8046123576323225,3.099648857185457,-0.24385868196912863,1.0011077943400877,213,178,0.8356807511737089,0.5260099001140364,ok,1289.2260727414932,546.4050595214771,0.9862540284133526
468,1.956685057748473,3.6899922928922706,-0.1374919885229227,1.002191950800361,207,175,0.8454106280193237,1.033847933804755,ok,1287.3421314428306,542.6774027883519,1.123746016936275
469,1.9029829255180175,1.5894757206240229,0.006513066652610032,1.0013155569043573,201,186,0.9253731343283582,0.7748247761765935,ok,1285.470502136425,541.0511245770148,1.117232950283665
470,6.248656633280689,3.997149032242419,0.04780700128842769,1.003534900814794,209,203,0.9712918660287081,1.0345853688176352,ok,1279.2975364029187,536.9380473640804,1.0694259489952378
471,4.222648201933225,3.417976768123026,0.17734523993028858,1.0024075814984155,214,196,0.9158878504672897,1.1472290467368946,ok,1275.1286148899921,533.4547419735388,0.8920807090649495
472,1.3189284328354915,-30.504233523725702,0.22448321725979808,0.9882247884865379,193,159,0.8238341968911918,2.5605995853391965,ok,1273.4543555853554,563.9415373259824,0.6675974918051518
473,-3.9265322980565998,8.531935512762175,0.4783293962448637,0.999637751559689,58,41,0.7068965517241379,0.9226187716197894,ok,1277.409050390189,555.4226190564933,0.1892680955602889
474,0.5407068542431261,5.645646338260576,0.26480492677908934,1.0021748606489413,58,49,0.8448275862068966,2.467418408952012,ok,1276.860900977498,549.7776904741011,-0.07553683121880005
475,0.45298363168467404,4.307859825623268,0.1330248435091648,1.0005808322515055,213,205,0.9624413145539906,0.829124598023526,ok,1276.3922393930093,545.4715080851377,-0.20856167472796464
476,-3.0481731518443667,4.382940785247797,-0.06043407925792458,1.0003056149416925,201,154,0.7661691542288557,0.5698847327666432,ok,1279.4290710914295,541.0807014706211,-0.1481275954700402
477,-4.977813249060546,4.467339310570651,-0.2028780030168528,1.0006674998676264,192,153,0.796875,0.4961730318938876,ok,1284.4111509443808,536.6181208722331,0.05475040754681221
478,-4.729116939991172,4.748957433766805,-0.26959998128076407,1.0007887872138939,224,187,0.8348214285714286,0.4517137047222715,ok,1289.167075728216,531.8960108364182,0.3243503888275757
479,-3.0958196001740816,5.039466214825552,-0.39426909888568784,1.0010854656134576,206,168,0.8155339805825242,0.6999011116832534,ok,1292.3258565515916,526.8957685985797,0.7186194877132627
480,-1.1020694295089015,4.733115860893804,-0.2511283295429556,1.001403763170598,223,188,0.8430493273542601,0.6671536395069623,ok,1293.5078736772696,522.1819826154547,0.9697478172562181
481,1.7091275898662843,4.943681074593542,-0.08067758982759989,1.001788528020659,229,192,0.8384279475982532,0.7093517513460565,ok,1291.889662625254,517.2078000015097,1.0504254070838177
482,3.1914146763265308,4.543450825060745,0.15763020881322207,1.002519017056321,221,199,0.9004524886877828,1.4185548648835171,ok,1288.7694295536055,512.6151734529421,0.8927951982705956
483,5.6270700433299226,4.288369757666715,0.29401882937139817,1.0037420093314822,233,210,0.9012875536480687,0.7206726320253267,ok,1283.187482092165,508.26823257587347,0.5987763688991977
484,3.5382831774907118,4.937509601999295,0.35993191797312496,1.000763504001263,237,205,0.8649789029535865,0.5127160994202078,ok,1279.6698122096084,503.3160161517559,0.23884445092607298
485,6.387422732048435,-28.24629604803704,0.09341091000003231,0.9946841066014301,244,208,0.8524590163934426,1.8125537167017005,ok,1273.2107127239112,531.5460080650581,0.14543354092604072
486,-2.660284186369836,7.921545098670208,0.43226991356369215,1.0004688870333966,71,52,0.7323943661971831,0.9687559509559271,ok,1275.831306590468,523.6112442696399,-0.28683637263765105
487,-6.457028752294491,4.246374574071979,0.2826651127393177,0.9958195826765351,66,47,0.7121212121212122,3.9459254616480415,ok,1282.2458094848307,519.300899741705,-0.5695014853769687
488,-9.615736317452502,4.556674113251461,-0.0610941916014554,0.9989847019751878,177,140,0.7909604519774012,1.025521973404304,ok,1291.8207346722636,514.6590820421163,-0.5084072937755133
489,-6.584257513213288,4.357386375121223,-0.13340481572296436,0.9992802305906738,190,144,0.7578947368421053,0.6724068330376092,ok,1298.3763321477952,510.25869515444424,-0.37500247805254905
490,-4.3309056263669845,4.162631629559769,-0.23878747221269644,0.9999219197895514,189,147,0.7777777777777778,0.47169860592708157,ok,1302.6973293024191,506.0857790017228,-0.1362150058398528
491,-2.932009355134369,0.024396924395773567,-0.045515514693573664,0.9979842663102785,210,150,0.7142857142857143,2.0694294127303285,ok,1305.6292963634562,506.05674072509623,-0.09069949114627915
492,-0.581785898762746,4.091214391069798,-0.26131226429692983,1.0008460222330913,195,160,0.8205128205128205,0.5743261473840553,ok,1306.2232622974882,501.9672768855562,0.17061277315065052
493,0.3599783857291641,1.6829076194187564,0.0022231314070444877,1.000896190432571,195,187,0.958974358974359,1.1957552899844686,ok,1305.8682314468176,500.2833185758699,0.16838964174360604
494,1.8872376060819533,3.337269406475343,0.1069122379330957,1.002219132111816,191,183,0.9581151832460733,1.3825048879427437,ok,1303.9845757601436,496.94402611679016,0.06147740381051034
495,3.0291774250292747,4.1488675422147026,0.24855011243763103,1.002946467006498,204,194,0.9509803921568627,1.869913789316923,ok,1300.941868308851,492.8050710408078,-0.18707270862712058
496,4.336241199248661,3.934065809002277,0.4229880617720237,1.0022771575533453,197,158,0.8020304568527918,1.4388014714733068,ok,1296.563985462699,488.9173977889785,-0.6100607703991441
497,4.1239617305473075,4.100281628284051,0.4436995074763956,1.0028929062770833,194,182,0.9381443298969072,1.263800146070782,ok,1292.3653147459263,484.8936515248139,-1.0537602778755393
498,3.4373900471105117,-31.380772972168188,0.3240736469096076,0.9905337920234304,203,169,0.8325123152709359,2.246193292940445,ok,1289.683482453375,516.3480047723594,-1.377833924785147
499,0.012505156058068678,7.032019766788494,0.3572477514021382,1.0037673556176059,57,37,0.6491228070175439,2.9580847373588033,ok,1289.4580657097674,509.3195877620269,-1.735081676187285
500,-4.250922304204096,3.266252630905342,0.21420871293188246,0.9971246384291185,66,50,0.7575757575757576,2.765191521987079,ok,1293.5954266108154,505.9106302293263,-1.9492903891191673
501,-8.953736823527834,5.447083334018771,-0.3339693207060385,1.0000119904745934,154,112,0.7272727272727273,0.5019210186783472,ok,1302.3920578489478,500.2133151763338,-1.6153210684131287
502,-6.731097024107385,4.704768042719024,-0.4704720682607519,1.000115573742534,126,91,0.7222222222222222,0.6053094703200772,ok,1309.027809679444,495.37499861705373,-1.1448490001523774
503,-5.311493425052049,4.912299074402881,-0.28427583397941975,1.000476902073694,182,142,0.7802197802197802,0.45541697343956844,ok,1314.2649248429284,490.38347887201076,-0.8605731661729578
504,-3.995556747446244,4.925506462746171,-0.20117998649204497,1.0007820499942823,178,143,0.8033707865168539,0.6698021152181322,ok,1318.2035326486568,485.4123164134635,-0.6593931796809129
505,-2.2709408073642408,5.343495451442777,-0.07905950137028032,1.001226176003477,188,150,0.7978723404255319,0.9576239295691034,ok,1320.420235052014,480.0460936967762,-0.5803336783106327
506,0.06757449994643139,4.382899145230226,0.13347548197678982,1.0012231079997709,214,201,0.9392523364485982,1.1936370419097817,ok,1320.2980636481796,475.66437652443506,-0.7138091602874225
507,1.8511428373301442,4.803030128525052,0.21303506687463858,1.0021606360015554,210,200,0.9523809523809523,1.3076083186096152,ok,1318.369470259115,470.8919184827783,-0.9268442271620609
508,3.388038746307302,5.068996387123775,0.2770892427866685,1.0030199055418731,221,196,0.8868778280542986,1.6216260518947554,ok,1314.875674473888,465.89522738463313,-1.2039334699487294
509,5.169761272004052,4.857568899849639,0.4532313844630383,1.0019058320116003,214,176,0.822429906542056,1.1748659749514037,ok,1309.567599609446,461.1891941867284,-1.6571648544117676
510,3.477872253783744,5.2688340804951395,0.315379251189107,1.0004611196852,204,165,0.8088235294117647,0.5303919387793613,ok,1305.9104318459667,456.0431926388087,-1.9725441056008748
511,-2.941282005719586,-8.478574345911966,0.0775343409670612,0.990738911244605,185,145,0.7837837837837838,2.5657835727381504,ok,1309.1531351699648,464.4111217690571,-2.0500784465679356
512,-1.9618029733508138,2.1446750644869326,0.1320723291024138,0.9989121803453234,63,47,0.746031746031746,1.0265293046250608,ok,1311.0318537567048,462.1933033566711,-2.1821507756703493
513,2.1755449601819237,0.9152192549586289,-0.19826854847526607,0.9994343271932475,235,189,0.8042553191489362,0.4596481645831311,ok,1308.825929419052,461.35394647490295,-1.9838822271950833
514,3.8229634403021464,-7.080366881649297,-0.4281094275468414,1.0010281216005352,52,37,0.7115384615384616,0.9578555017592806,ok,1305.1966073476272,468.53549686089286,-1.555772799648242
515,-3.4017189621649777,-3.71356904313825,-0.2223819667541374,0.9968069036238904,173,134,0.7745664739884393,1.9597220132163116,ok,1308.6838197867653,472.16890247271596,-1.3333908328941042
516,-8.317289768403953,0.5226005418238628,-0.2863143402646624,0.9999975066230584,183,139,0.7595628415300546,0.42316647114705436,ok,1316.9901707601477,471.4943997485584,-1.0470764926294416
517,-3.6895896301959965,0.46387310429679474,-0.00536981474465158,0.9985222626990056,226,200,0.8849557522123894,0.8622089131246296,ok,1320.670717287997,470.9635257969672,-1.04170667788479
518,-6.320227303359161,3.5403508048204912,0.09712083184076457,1.0006676225091362,210,168,0.8,0.5914637229757769,ok,1326.919331771421,467.2982599096315,-1.1388275097255545
519,-2.8742264860368323,5.828639666572485,0.3607450431913717,1.0005576439652135,209,193,0.9234449760765551,0.7150108543699262,ok,1329.6400413626432,461.39639939145513,-1.4995725529169266
520,0.13737370199305587,6.879535963646731,0.4359702760967411,1.0019337877879302,224,204,0.9107142857142857,1.2494166153749293,ok,1329.2703885395526,454.5254283247508,-1.935542829013669
521,2.272655853796323,7.670152743801054,0.40551309436449584,1.002980554530546,201,186,0.9253731343283582,1.5537135974045688,ok,1326.686320881857,446.9545101450657,-2.3410559233781654
522,4.997931810804857,8.551201481404405,0.3269977988889538,1.0041031496918784,190,162,0.8526315789473684,0.8471796121704865,ok,1321.2957527977978,438.6452294967695,-2.6680537222671195
523,5.027064369365235,7.725888472375573,0.12673568223425238,1.0013354705336202,195,157,0.8051282051282052,0.6138589502031062,ok,1315.8979616384208,431.17364469426093,-2.7947894045013713
524,6.192523128757784,-12.464970095340277,-0.1382093158814655,0.9956753810485107,183,144,0.7868852459016393,1.7247264712652872,ok,1310.289838308085,443.91223860762807,-2.6565800886199056
525,-2.952337890204035,4.407239124407397,0.2679307785028456,0.9957631837909762,39,26,0.6666666666666666,1.050123058365819,ok,1313.013472993199,439.36011055366384,-2.9245108671227515
526,-0.4584429400947556,0.9508346558482117,0.04866943796086054,0.9997185139005731,42,23,0.5476190476190477,0.22680970162407388,ok,1313.421980466581,438.3867770464446,-2.9731803050836128
527,-0.661797993410346,1.4965137578097938,0.043914834252003834,0.9992215916046602,70,54,0.7714285714285715,0.8599982734230863,ok,1314.0040937526041,436.8575046267521,-3.0170951393356167
528,-3.42450105046305,1.787834925897755,0.042764538871950544,0.9964675792407555,64,43,0.671875,3.2419089379631796,ok,1317.3282792554573,434.88942131817385,-3.059859678207567
529,-5.591296444264799,1.7986959711771533,0.10034650069144598,0.9940065909521782,63,40,0.6349206349206349,4.847847262889704,ok,1322.811914391675,432.78522341464475,-3.1602061788990135
530,-7.714029624784644,3.0244279560427003,0.03250408083521773,1.0003382659431928,69,46,0.6666666666666666,0.5083368659017877,ok,1330.3455268281675,429.33586098514047,-3.192710259734231
531,-3.4366501601382424,3.015281636510963,0.12808804551490038,0.9990522721468323,80,72,0.9,1.7464139131283105,ok,1333.601741883991,426.12656960215793,-3.3207983052491317
532,-1.2748185154557632,3.4066038217683854,0.1711423584432121,1.0006153927100154,80,64,0.8,0.9114120233675267,ok,1334.666703640229,422.6486437398679,-3.491940663692344
533,0.7742247907121964,3.862606234022678,0.21208462279904658,1.0022398446584528,98,79,0.8061224489795918,1.9148806709038548,ok,1333.6445624461332,418.8441229651848,-3.7040252864913903
534,2.921625586054006,4.074036948607386,0.1887526619321691,1.0035354881585594,111,97,0.8738738738738738,2.2575966612595337,ok,1330.4530930380113,414.97783325271797,-3.89277794842356
535,3.6250933242677092,3.546170909887678,0.09968934120005522,1.003749135115495,110,100,0.9090909090909091,2.704299027969976,ok,1326.5898937503737,411.69266643872186,-3.992467289623615
536,1.5992830256038815,1.569319847429142,0.017387446033975917,1.001081121757448,139,136,0.9784172661870504,0.8880179558815999,ok,1324.8847862307227,410.23902297282325,-4.0098547356575915
537,1.9781499315056408,0.99043863925408,-0.019609519134604937,1.0013436161451577,124,102,0.8225806451612904,1.5598911458813518,ok,1322.842510217157,409.38863803995025,-3.990245216522987
538,5.864909091034633,-16.71285600537658,-0.9519034562989906,0.9989593058310856,64,45,0.703125,1.22925676244816,ok,1317.8716973484259,426.3888655068581,-3.0383417602239953
539,-5.549161845660137,9.761781192366698,-0.1575283055910659,0.997135716437526,243,205,0.8436213991769548,1.6769936923407864,ok,1322.9232339452199,416.36052829432776,-2.88081345463293
540,-6.362220736469908,2.8624361838085406,0.23164888562866603,0.9948321879642581,75,45,0.6,4.7272798595058,ok,1329.1206508270411,413.1568713840356,-3.1124623402615956
541,-8.488437919807666,4.817512114087322,-0.041358785920391015,0.9984870951977409,164,135,0.823170731707317,0.6892170467383069,ok,1337.3387985954653,407.89150828694994,-3.0711035543412044
542,-5.268477258711073,3.4941056679956546,0.17611752135435482,0.9973419024484419,151,124,0.8211920529801324,1.5048516998692978,ok,1342.400895493768,404.10458314419003,-3.2472210756955593
543,-3.674350383714909,4.342488498499279,0.20348927043470247,0.9991449153191735,168,165,0.9821428571428571,1.0378214610306504,ok,1345.8072103333616,399.54880919068137,-3.4507103461302617
544,-1.895271594269616,4.35535322301439,0.22399054263914178,1.000375408282794,152,145,0.9539473684210527,0.5482707115942729,ok,1347.4194434188885,395.0809393860429,-3.6747008887694044
545,-0.2325185192466961,2.721314386756262,0.20468654452842144,1.0008838928092338,157,152,0.9681528662420382,0.9344601896512449,ok,1347.467314932715,392.3501290353371,-3.879387433297825
546,2.4461216230831724,7.724604723439938,0.4946665869988587,1.0041818501794202,142,129,0.9084507042253521,2.2440194979704993,ok,1344.4391815193512,384.83458267068886,-4.374054020296684
547,2.8665698606355363,3.7020582212298905,0.11505360259467874,1.0032320521870852,143,138,0.965034965034965,2.1007546171218423,ok,1341.2916471173326,381.36824670494804,-4.489107622891363
548,4.166706027500595,2.047937794199356,0.019505691387951437,1.0034140074248759,147,111,0.7551020408163265,2.097329960310871,ok,1336.976848581913,379.65418663387106,-4.508613314279314
549,2.1445684548791633,1.0018697755389212,-0.0709870151144324,1.0016278437601878,184,163,0.8858695652173914,1.1844053318863879,ok,1334.761190759014,378.82125367340643,-4.437626299164881
550,3.0118128251035614,4.368346233439979,-0.4405277081698677,1.0005242334677165,155,128,0.8258064516129032,0.4147876159796512,ok,1331.4522041649748,374.67347438454163,-3.997098590995013
551,8.211042790217562,-18.321121568583067,-1.0242393675451578,1.0164016120747033,37,23,0.6216216216216216,1.2260281149176508,ok,1324.2023982437042,393.39578816616336,-2.9728592234498548
552,-3.263790472886285,9.782606724274956,-0.31569544890353635,0.9979701557303682,96,63,0.65625,1.4601327754788296,ok,1327.0091614639277,383.4723914292423,-2.6571637745463184
553,-5.265085225236362,11.186922954542752,0.6251903833412942,0.9852285624974471,39,22,0.5641025641025641,0.7524021129980123,ok,1331.6250846144706,372.0023599956254,-3.2823541578876125
554,-3.432465597632472,4.636694678921231,0.20209737270380917,0.9974405424301656,59,46,0.7796610169491526,2.2885626722484904,ok,1334.7693972049915,367.1656197754403,-3.484451530591422
555,-3.1019242822592332,4.636241898609342,0.2672533193752721,0.9988862608120811,59,47,0.7966101694915254,1.1588646419287318,ok,1337.5613116062218,362.3363457956902,-3.751704849966694
556,-3.3346536427904994,5.118435685162467,0.34009674562840986,0.9989933863781402,61,54,0.8852459016393442,0.986070121079198,ok,1340.5222406791775,356.99301370742825,-4.091801595595105
557,-2.4960545220783388,5.071240696173845,0.35832434974151267,1.000479182366578,64,56,0.875,1.2888952375474478,ok,1342.6172861539535,351.74338945093746,-4.450125945336617
558,-1.483540072435062,4.791022304826356,0.31816071578792815,1.0012941937554711,69,63,0.9130434782608695,1.178766324052444,ok,1343.6974319158958,346.84562761466736,-4.768286661124545
559,0.013348208860861632,3.9291166203748844,0.18666327235978805,1.001286944896831,90,82,0.9111111111111111,1.1511122123760416,ok,1343.3447662169424,342.9323473415503,-4.9549499334843325
560,1.7065955546911482,2.8002232890725054,0.001158829574347621,1.0018658516528842,93,79,0.8494623655913979,2.353440970925065,ok,1341.4026328004948,340.2900308108005,-4.956108763058681
561,4.006492899414297,3.6649359758176843,-0.31966237108401485,1.0022197057818172,92,62,0.6739130434782609,1.4909148229079747,ok,1337.1130028473658,336.96094446089637,-4.636446391974666
562,4.493240997019939,4.006174060609851,-0.48167117873393034,1.001750281404202,108,81,0.75,1.2194016789818065,ok,1332.3413189924208,333.29083840661633,-4.154775213240737
563,2.9475416899174434,3.3020752176742008,-0.4304317802045274,1.0004783475471049,104,75,0.7211538461538461,0.7326224684162291,ok,1329.1855116308109,330.1871981804649,-3.7243434330362106
564,-0.4546907031722185,-34.719610304291905,-0.19726971081843364,0.9885743858568431,123,94,0.7642276422764228,2.3299298288108212,ok,1331.7752976462393,364.8130713349681,-3.527073722217777
565,-3.1454454525933215,8.950937434230696,0.5029493618966497,1.000896001597489,51,34,0.6666666666666666,0.7698906086469016,ok,1334.2839009201111,355.6632069829094,-4.030023084114426
566,-6.042411411703824,4.810236012405767,0.3184640374433793,0.9965168824932521,61,47,0.7704918032786885,3.286994022540755,ok,1339.9441936992407,350.4086668681261,-4.348487121557804
567,-6.90389108452041,4.954185327823211,0.3227093986807818,0.9970779226962557,134,110,0.8208955223880597,1.419568382610219,ok,1346.4216968478247,344.9087016564703,-4.671196520238586
568,-5.215456925474882,5.261478801528938,0.3851341592156891,0.9989100424345224,140,126,0.9,1.2866203321061047,ok,1351.153136934057,339.20803285089846,-5.056330679454274
569,-4.353599173241946,4.6204378188281225,0.2769789836100832,0.9995485601410357,163,150,0.9202453987730062,0.7425961501655339,ok,1355.058421480086,334.2029330503492,-5.333309663064357
570,-3.036234040361478,4.469681515814955,0.22147631374641302,1.0000234660317877,142,132,0.9295774647887324,0.9820408013417764,ok,1357.6477436510563,329.4603408587741,-5.55478597681077
571,-1.4969695635247717,4.267489532728632,0.15759511771075915,1.0006599030300931,149,140,0.9395973154362416,1.2798688114239236,ok,1358.7125158019896,325.0650427969058,-5.712381094521529
572,0.9907941604833468,4.9728825837100885,-0.09013695408149541,1.0013088137161312,156,128,0.8205128205128205,0.8868787092358149,ok,1357.239298224782,320.2131499466853,-5.622244140440034
573,2.8813773155238778,5.076428456323697,-0.19820893572731127,1.0016091301304464,142,113,0.795774647887324,1.1309033629266954,ok,1353.8909684114556,315.4318166004546,-5.424035204712723
574,3.1165666195440735,1.6728443225055116,0.018157983985886975,1.002896120685205,132,101,0.7651515151515151,2.8910621886850714,ok,1350.6297951044155,314.0620924374044,-5.44219318869861
575,5.170508497147239,5.203340038284182,-0.47810415142418905,1.001767114611794,149,121,0.8120805369127517,0.9052908009938591,ok,1345.0284285019397,309.32568051932174,-4.964089037274421
576,2.84715596699084,4.997230121116786,-0.3402494115222528,1.0000577644467639,165,130,0.7878787878787878,0.3871900111328742,ok,1341.7876938278519,304.57423392318555,-4.623839625752169
577,6.185330510223594,-20.346178122937317,-1.1284604474470519,0.9956659037475228,51,32,0.6274509803921569,2.0275970682858344,ok,1336.854336398861,325.25966991590326,-3.4953791783051185
578,-4.292837873225835,10.126498269346484,0.18848632325116513,0.9985836500274861,178,137,0.7696629213483146,1.0392365248369342,ok,1340.4876635974706,314.87827513135124,-3.6838655015562836
579,-6.140891104168304,6.886377733951917,0.42841564527391435,0.9966403187688255,76,51,0.6710526315789473,3.1399126244678457,ok,1346.1189138866835,307.56925590657386,-4.112281146830198
580,-7.081065315190244,6.335929959943201,0.45744509169005976,0.9974575277006461,139,114,0.8201438848920863,1.6549013616291097,ok,1352.6726715847988,300.68930281882024,-4.569726238520257
581,-2.675742786472256,3.0067718458927857,0.20320409019420466,0.9993311156958516,142,120,0.8450704225352113,0.8902316360663343,ok,1355.0889510764698,297.47031698307313,-4.772930328714461
582,-6.60695130316617,8.188546853275056,0.5017721361198196,0.9988682803590371,128,117,0.9140625,1.089408621075085,ok,1360.915143668803,288.7090622231814,-5.274702464834281
583,-2.891454430661497,5.490832041988597,0.052551268604456906,1.0008234184126268,130,100,0.7692307692307693,0.7113266181431044,ok,1363.2843169223556,282.973492213795,-5.327253733438738
584,-1.0134871320142338,2.0693847291585143,0.042727264015198954,0.9999375958793305,116,101,0.8706896551724138,1.4432980245699705,ok,1364.0996891173943,280.81834082524,-5.369980997453935
585,0.17630953129878435,5.9182472783001,-0.34017348484692367,1.0014966833215815,124,85,0.6854838709677419,1.0508204665606542,ok,1363.4051821594062,274.9383411668013,-5.029807512607013
586,2.2578043847402114,5.401783054781163,-0.4331270330317024,1.0016060475196609,122,93,0.7622950819672131,1.1917216981897414,ok,1360.7217347129383,269.7348759163438,-4.59668047957531
587,3.2310868131999086,5.526338863070578,-0.4572219687660453,1.0017894062598984,149,113,0.7583892617449665,1.4588521619622494,ok,1357.1001616564174,264.45618745989907,-4.139458510809265
588,4.273744206524498,5.004733127335385,-0.35710430630710194,1.0021826081749667,175,129,0.7371428571428571,1.6460977494248223,ok,1352.50558116957,259.74427984529837,-3.7823542045021656
589,3.205438051914143,4.906255072135195,-0.13379789291229777,1.0008000453980306,198,143,0.7222222222222222,0.7160229871353451,ok,1348.9944241560386,255.05195117353634,-3.648556311589868
590,2.725216314129284,-7.788502745323285,-0.4419745187115932,0.992449462756661,67,27,0.40298507462686567,0.5006808818439059,ok,1346.7091338331286,262.9806980551513,-3.206581792878276
591,2.389544161159847,10.412066528828518,0.3713084988843696,0.9993640753526275,159,116,0.7295597484276729,0.8745277785164727,ok,1343.6744781070388,252.73804628312513,-3.5778902917626443
592,7.123754407105707,-10.875786690104405,-0.659583369054039,1.0277978990762984,58,32,0.5517241379310345,2.606962193477397,ok,1337.113670739962,263.9624135113265,-2.9183069227086067
593,-1.3290119587936715,3.699443074362307,0.3485632528185285,1.0002405377761134,165,133,0.806060606060606,1.2992627745587224,ok,1338.2297037237367,260.19324619928125,-3.2668701755271345
594,-7.660386292852081,4.138455161538673,0.32339651221819593,1.0002802342254642,158,118,0.7468354430379747,0.5860772535852977,ok,1345.61590149594,255.5832123870752,-3.5902666877453298
595,-9.660202801852392,3.841689121248237,0.1380102594422587,1.0008325265508986,172,138,0.8023255813953488,0.7601897891498723,ok,1355.0058548547665,251.12150089973085,-3.7282769471875876
596,-6.589108166004507,4.001091766334866,-0.11386448171311347,1.001234919319202,162,122,0.7530864197530864,1.012870270718472,ok,1361.3296215490468,246.71297999785816,-3.6144124654744743
597,-3.131301561007149,4.5137104815971725,-0.32243634440515756,1.0015952648949857,143,96,0.6713286713286714,0.9684160083854895,ok,1364.1965597665605,242.02690519749427,-3.2919761210693173
598,-0.39843623909291637,3.81102097896337,-0.4252399193706963,1.001443747769534,171,119,0.695906432748538,0.906593369785874,ok,1364.403896367003,238.20072644149786,-2.8667362016986218
599,1.6905940981851018,4.2843382685821325,-0.34031261074959857,1.0013532699453789,158,123,0.7784810126582279,0.9543073142966947,ok,1362.5260913725324,233.99507414878565,-2.526423590949024
600,3.088596187974872,3.7543190750209305,-0.24932957758858962,1.0020165895929445,190,145,0.7631578947368421,1.039272316350679,ok,1359.2907662343162,230.3664367489526,-2.277094013360435
601,3.353211015208899,3.8693804693845095,-0.04870086396217177,1.0015607544523477,228,189,0.8289473684210527,0.9831748294285916,ok,1355.789637922422,226.63036529982008,-2.2283931493982627
602,1.0594660710801236,1.644482900801222,0.054607892337424344,1.0002717983885354,260,246,0.9461538461538461,0.5663544618004083,ok,1354.6655042555692,225.02939188784643,-2.2830010417356874
603,20.772227358627788,-12.427657833486137,0.36544018704661063,0.990500207626327,77,42,0.5454545454545454,2.0304140456102022,ok,1334.4897162894267,238.40360919616,-2.648441228782297
604,-4.243803972964088,7.639703919611293,0.4193641640192939,0.9994411515351919,228,200,0.8771929824561403,0.9387342749040724,ok,1338.3185788934084,230.54773500546025,-3.0678053928015903
605,-3.2285606469633876,1.1077546787871597,0.15615743080495978,0.9994151369672171,88,63,0.7159090909090909,2.5024532562405493,ok,1341.4797306943544,229.26016226154496,-3.22396282360655
606,-9.802675590311082,3.3642298840380818,0.41351261853839033,1.000247898162111,135,96,0.7111111111111111,0.5269914513319298,ok,1351.0492204648933,225.28079585807217,-3.6374754421449396
607,-10.132257305729581,4.12944422112048,0.1697901358692823,1.000209877228061,138,103,0.7463768115942029,0.4035726262790525,ok,1360.8849195789078,220.487678853092,-3.807265578014221
608,-2.4808934051384313,1.589001468722131,-0.07759783625259935,1.0002647673128515,163,128,0.7852760736196319,0.3803532082298,ok,1363.2571956362658,218.74066309387695,-3.7296677417616224
609,-4.072510401479121,4.506123398445652,-0.3236021916758313,1.000269678198217,137,94,0.6861313868613139,0.4690316977797869,ok,1367.0547940951085,214.00054336990695,-3.4060655500857915
610,-2.484105421348886,4.783844326344024,-0.49121522017571106,1.0006434162583704,125,85,0.68,0.5858922372584897,ok,1369.2924185428917,209.09656711448395,-2.9148503299100823
611,-0.08013191010491028,5.363177739565117,-0.4762539867459589,1.001100753374085,139,99,0.7122302158273381,0.7092890854721396,ok,1369.1442817165316,203.7348367902452,-2.4385963431641247
612,1.5652644461961245,5.64101877043754,-0.3113481308135102,1.000934290210692,141,109,0.7730496453900709,0.7927451196970127,ok,1367.3707072374443,198.1558064872189,-2.1272482123506147
613,2.5186491647043567,5.715086585888571,-0.10078754256197925,1.0016044667167767,156,117,0.75,0.8544755722171484,ok,1364.651541837734,192.53335614701246,-2.026460669788636
614,3.4844650564355106,5.534531401727236,0.14597631512923565,1.0013755362480181,192,157,0.8177083333333334,0.9776806747103233,ok,1360.959783176982,187.13488853508863,-2.172436984917871
615,2.8241437768515425,4.584663299860495,0.33499171285480045,1.000476417247917,238,205,0.8613445378151261,0.4861813006654282,ok,1357.9377692922649,182.6781680226497,-2.5074286977726707
616,15.472749115928082,-9.214824129800036,0.42934077929070086,0.990306317341556,218,174,0.7981651376146789,1.7582902727733383,ok,1342.9574517660724,192.67361877596977,-2.93676947706337
617,5.0011975312138475,10.270359440685297,0.06591061521880297,0.9991104365971344,118,77,0.652542372881356,0.855686558003391,ok,1337.4251316169943,182.67933573238957,-3.002680092282173
618,-2.530559966639885,2.4241718203035134,0.057781043412366326,0.9996709361612643,296,280,0.9459459459459459,0.5494350321690691,ok,1339.8226565053994,180.12351547881275,-3.0604611356945384
619,-13.930924087705762,2.2499038310793367,0.06277091886368949,1.0011990196554776,123,82,0.6666666666666666,1.145837330829564,ok,1353.6103053773584,177.1179453548442,-3.123232054558228
620,-7.124501392682305,1.2092669130661307,-0.02201039611794283,1.0003940169262302,180,142,0.7888888888888889,0.46748633462665956,ok,1360.658951593663,175.52501312818117,-3.101221658440285
621,-2.3969720492195847,0.46064765081541736,-0.02715157243766963,0.9997581272508685,173,159,0.9190751445086706,0.9534014953484857,ok,1363.0277713921432,174.93648613196905,-3.0740700860026156
622,-5.46852845392641,2.0216122066530033,-0.08833302539347794,1.000513875521535,209,168,0.8038277511961722,0.4550008707676585,ok,1368.3835760502525,172.63277698590377,-2.985737060609138
623,-5.2141564492180805,3.8936746364990995,-0.5527654828701777,1.001114788476264,168,121,0.7202380952380952,0.63463707435,ok,1373.427743443366,168.52126814338772,-2.4329715777389627
624,-0.7285892689224056,1.5588171017393506,-0.13326819945480528,1.0005936373458066,227,175,0.7709251101321586,0.5964567133406017,ok,1374.0931958475903,166.93447068398223,-2.299703378284158
625,0.27929807129044093,3.7628980569139685,-0.16678099755928474,1.0012154168822005,208,160,0.7692307692307693,0.6684570788704963,ok,1373.6740440401613,163.18457455719664,-2.1329223807248736
626,1.506023231133895,3.5295196921035767,0.08481163499393606,1.0017593834120797,245,233,0.9510204081632653,0.7471162205585891,ok,1372.0325666776066,159.71597724734897,-2.217734015718809
627,2.8703546791252847,4.402890846567402,0.29087608141532295,1.001718380609888,282,245,0.8687943262411347,0.8560968269942906,ok,1368.9722503754674,155.44293992927845,-2.5086100971341305
628,3.179253496766705,4.036187336072317,0.3976980720299258,1.0010772630847167,255,203,0.796078431372549,0.8223910461843695,ok,1365.5924397040094,151.57314137719965,-2.906308169164055
629,11.612040412742772,-12.521808084475879,0.1918472019320102,0.9970836772509213,193,155,0.8031088082901554,1.863325849303088,ok,1354.6741332928336,164.70423978378,-3.0981553710960648
630,-6.9748021617679115,7.476765251707775,0.1776005883316752,0.9966169183432299,122,85,0.6967213114754098,1.2121605224744876,ok,1361.2103050011174,156.84113968109892,-3.275755959427739
631,3.0439611204346875,0.38334728080667446,-0.06209058411283472,0.9988418422075739,133,96,0.7218045112781954,1.5172758719416866,ok,1358.1496404373518,156.6290386001752,-3.213665375314905
632,0.6691800059593334,0.48764566446857316,-0.059057372293819625,0.9977303889263368,228,209,0.9166666666666666,1.5643762312972838,ok,1357.454639080206,156.17895717641215,-3.1546080030210857
633,-3.7203905609264893,0.4183960037385077,-0.15728589675680157,0.9985649857211993,240,198,0.825,0.7428118842729534,ok,1361.148062444788,155.56659699503615,-2.9973221062642845
634,-8.109874421552377,1.9118690906971096,-0.17793462350479525,0.9993723143121608,262,218,0.8320610687022901,0.4711967929509875,ok,1369.1540797569767,153.2581357434119,-2.8193874827594896
635,-7.1726529280495015,3.078697229729187,-0.17500027601498372,1.0005471464067515,256,215,0.83984375,0.4936814106131804,ok,1376.1770532377398,149.85179310840056,-2.644387206744507
636,-3.559602199812616,4.365624161174196,-0.12332619615637196,1.0009260110068459,257,216,0.8404669260700389,0.4796354619988106,ok,1379.541181126218,145.33381948214912,-2.5210610105881353
637,-1.1061758833943713,5.300845934404606,-0.04086299328815386,1.0016246308038625,296,258,0.8716216216216216,0.8506604461934877,ok,1380.4169314273975,139.99007041288314,-2.4801980172999816
638,0.4014966690028814,6.020586880118572,0.06668342159511662,1.0020641979572142,299,260,0.8695652173913043,0.9619280144191588,ok,1379.7482955664814,133.99327193021156,-2.5468814388950984
639,1.1644650003340757,6.816183235331891,0.16755526641088705,1.0026855245331416,305,271,0.8885245901639345,1.1550010063954768,ok,1378.2623353830995,127.23988352378717,-2.7144367053059852
640,1.8431281107837094,7.462782971075967,0.22668169719179931,1.0033299002671427,351,319,0.9088319088319088,1.2889551394560943,ok,1376.0387222028735,119.88150086651353,-2.9411184024977834
641,1.1277755048793097,3.0053260158174453,0.06857144635192551,1.0008691289762661,355,343,0.9661971830985916,0.5724273313662726,ok,1374.7547081011364,116.93953386511907,-3.009689848849709
642,12.608610380769733,-3.5315700712699254,0.10173219687506589,0.9894842598893305,129,86,0.6666666666666666,1.6805352128460844,ok,1362.3563705643953,121.15026648871071,-3.1114220457247748
643,1.5592055407323642,11.067131564823057,0.038176665259248864,0.9989694591530047,305,251,0.8229508196721311,0.6331711259363472,ok,1360.1914567556878,110.18551974324396,-3.1495987109840233
644,1.977960563635861,5.822013446841311,-0.06317614176606262,0.9993557527652945,158,103,0.6518987341772152,0.7804892008059255,ok,1357.902895369284,104.47844909823164,-3.086422569217961
645,-0.33271105571930093,1.964994469011799,-0.027771580410295676,1.000165138205563,314,302,0.9617834394904459,0.4694787305027709,ok,1358.1302839314963,102.4985010303219,-3.0586509888076656
646,-5.254009837906551,3.705381842353745,-0.0949199961926807,1.000105666149379,292,243,0.8321917808219178,0.36880646900221375,ok,1363.18568402165,98.52642299698232,-2.9637309926149853
647,-14.099939700878622,4.792551556246622,-0.5324483546242537,1.0009773862266955,246,204,0.8292682926829268,0.7077868418841949,ok,1377.0696256408278,93.14004990342823,-2.431282637990733
648,-6.604858991643141,2.8495821097694716,-0.23111283958144402,1.0007767575190047,283,244,0.8621908127208481,0.45480830004426515,ok,1383.5602178952363,90.03900287269539,-2.20016979840929
649,-1.9162648576705124,1.0384728607070883,-0.03905175280701785,1.000802300709574,325,307,0.9446153846153846,0.5421859980591794,ok,1385.4359593028448,88.9290069002027,-2.1611180456022723
650,-2.1730801684577727,2.114787443772684,0.08879164443307297,1.0011127685383225,324,304,0.9382716049382716,0.5292986449239413,ok,1387.5243414050767,86.73053844558251,-2.249909690035345
651,0.07509914735919665,2.0251717443836696,0.30271935694092256,1.0015412196880045,309,269,0.8705501618122977,0.581405024114018,ok,1387.3591216115171,84.710720905308,-2.5526290469762665
652,1.7375322787954701,1.8027144512475388,0.4208204338381662,1.0015744621326501,322,288,0.8944099378881988,0.7008936687297489,ok,1385.5304160553394,83.00056483015089,-2.9734494808144314
653,2.745578473798105,1.899487138407494,0.3205360183717201,1.0016707624029304,363,322,0.8870523415977961,0.5257326650044374,ok,1382.6802306143456,81.26197474139894,-3.2939854991861504
654,2.6868805113851977,1.70239375410506,0.2134635929093124,1.000736252058166,369,357,0.967479674796748,0.5820494705982437,ok,1379.8942334562241,79.72714862375017,-3.5074490920954626
655,12.572756103390475,-13.969184855160961,0.05971927011294558,0.9934020054806848,325,273,0.84,1.2887063914890904,ok,1368.2149799058045,94.4515283410085,-3.5671683622084083
656,7.024172180403866,12.733053778491126,-0.09457255505879933,0.9966580274961323,159,121,0.7610062893081762,1.0357315547019705,ok,1360.4324494526525,82.16731598971512,-3.472595807149609
657,-5.960162247471999,7.726927876773175,-0.19015265516901306,1.0001977444279304,169,114,0.6745562130177515,0.7907578332037771,ok,1365.9404042428025,74.11179723182556,-3.2824431519805968
658,-8.818638398512121,5.597059677716061,-0.2576719370788964,0.9994361602625229,292,241,0.8253424657534246,0.5034894443236155,ok,1374.45141268721,68.05719604769706,-3.0247712149017016
659,-6.2141877926897,4.063746479934707,-0.24933271961409503,0.9996274953086562,315,270,0.8571428571428571,0.4845972087317985,ok,1380.4615380550456,63.6973154944144,-2.7754384952876077
660,-2.698466747322982,1.9700627986294421,-0.09453351865704823,0.9999882403347088,359,314,0.8746518105849582,0.4470683767914276,ok,1383.0649045559944,61.6031920313186,-2.68090497663056
661,-5.453521530227135,3.8745276513536737,-0.11912293472053151,1.0003094406167985,370,328,0.8864864864864865,0.38935487508969746,ok,1388.3397975191367,57.48878249541292,-2.561782041910029
662,-4.604438822330394,4.340566695463849,0.11204647012510766,1.0012422065433582,372,336,0.9032258064516129,0.5841440391022019,ok,1392.7367352408285,52.93814355369068,-2.673828512035136
663,-0.9963617073369733,2.543550687937568,0.2238922346844094,1.0014196267715723,409,400,0.9779951100244498,0.5921031743253959,ok,1393.6032383158415,50.347475845367626,-2.8977207467195445
664,0.6291717732865436,2.1883770605637665,0.27696236829654175,1.0016385520090434,410,395,0.9634146341463414,0.6625018224844083,ok,1392.8538390782444,48.19730095429691,-3.174683115016085
665,0.7656739972931064,0.9205850979687966,0.14120057045918508,1.0011928672795356,410,397,0.9682926829268292,0.5821300962285239,ok,1392.0361995897085,47.322544268400975,-3.3158836854752693
666,2.332022028069332,1.845137450252878,0.25666541683962824,1.0021683743360617,404,363,0.8985148514851485,0.840549852816567,ok,1389.5937345370814,45.626306249601384,-3.572549102314896
667,2.4875328527878082,1.81067129187943,0.10505562733410306,1.0014808044370889,449,433,0.9643652561247216,0.5100209266102094,ok,1386.9951835718898,43.97891950015935,-3.677604729648998
668,4.943654017172321,-10.953822905465586,-0.09248361437550555,0.997578855816293,393,344,0.8753180661577609,0.9654892901222178,ok,1382.7461615545292,55.22043911192873,-3.585121115273493
669,-1.2180121714031884,13.899997841115919,-0.1418109238119834,0.9975748319763132,205,151,0.7365853658536585,0.8642707622892791,ok,1383.1271280461847,41.27237981448684,-3.44331019146151
670,2.0097245529486827,7.798681216622072,-0.30632630690611,0.9987174479512898,191,133,0.6963350785340314,0.8860377718148644,ok,1380.6936450115234,33.5953633486173,-3.1369838845554012
671,0.12432440709835646,3.396875759796103,-0.4817856397531977,0.9981845015757426,296,247,0.8344594594594594,0.6583751696337352,ok,1380.4120925647792,30.207893835038817,-2.6551982448022056
672,-2.4326848740408877,2.700795778142833,-0.3525129960703329,0.9988840643295053,361,304,0.8421052631578947,0.4581290510850695,ok,1382.7342988274427,27.411536989915362,-2.302685248731874
673,-4.4314945368766985,2.885818385373568,-0.09942786607504067,0.9992796030948331,392,342,0.8724489795918368,0.38645134960379435,ok,1387.0515731150272,24.357484876822355,-2.2032573826568336
674,-4.822706962179609,3.0806327080380242,0.17434365375089006,0.999830532499169,387,371,0.958656330749354,0.4480661112431681,ok,1391.7423281007032,21.079433933160317,-2.3776010364077234
675,-2.3380111491712796,1.8326785064801925,0.17346083909984505,1.000175622794075,427,414,0.9695550351288056,0.35338303963760054,ok,1393.9964501607142,19.144507479690787,-2.5510618755075676
676,-5.2351826090407485,4.280312078743009,0.7661678983477286,1.0014753828594307,359,299,0.8328690807799443,0.6111739809781312,ok,1398.9751840033703,14.568437357257267,-3.317229773855294
677,-0.6203277226281898,1.4038809986061551,0.19113849985975834,1.0005068173666236,425,388,0.9129411764705883,0.5088401046614508,ok,1399.5084396084492,13.129226878779377,-3.5083682737150506
678,1.7940896275313207,4.666409961813088,0.4699576405071664,1.0029261141198422,394,347,0.8807106598984772,1.0801660695498203,ok,1397.3949217273391,8.59853358861369,-3.978325914222215
679,2.868513107805711,2.8763487639503182,0.06502194549649354,1.002767901581433,387,374,0.9664082687338501,0.7387398492823098,ok,1394.330733651333,5.9316063124406355,-4.0433478597187085
680,1.2035318024250046,1.1237342196644704,-0.05598046574911094,1.0003516013832165,411,389,0.9464720194647201,0.46726502474390674,ok,1393.0519745341549,4.894281620684865,-3.987367393969598
681,2.7311456651355,1.18894226365137,-0.2587360538159998,1.0002429816104923,414,365,0.8816425120772947,0.2705100356032,ok,1390.2492919637111,3.8854651062391667,-3.728631340153598
682,5.241445347923673,-6.17389518476989,-0.38757608675310445,0.9923960060709142,182,163,0.8956043956043956,1.91114421985564,ok,1385.3765661752336,10.354334750783096,-3.341055253400496
683,5.006973640398428,6.750891151248879,-0.39349868086156786,0.9981795138702367,385,337,0.8753246753246753,0.9861613100786168,ok,1380.0290731567923,3.869842882535181,-2.94755657253893
684,4.719037558545551,2.4780637116834896,-0.28299191614769525,0.9976504964196043,169,109,0.6449704142011834,0.9260483388920427,ok,1375.1999358654018,1.6138401655526877,-2.664564656391236
685,-0.002147527111446834,-0.05279678148167477,-0.001979934435416649,1.000010514874012,609,607,0.9967159277504105,0.026186327604743122,ok,1375.204533703481,1.6664801873281476,-2.6625847219558194
686,-6.227133632371306,3.8244633033083346,-0.0327014210160857,0.9991323224601936,334,287,0.8592814371257484,0.5875655144122759,ok,1381.249627057678,-2.43968093625233,-2.629883300939734
687,-11.745884942590465,1.8408244897763097,0.36254512140300293,1.0008738554595262,386,330,0.8549222797927462,0.5568885023473726,ok,1392.8833974275178,-4.8911773911908085,-2.9924284223427353
688,-6.9557846231612075,2.8594894142433986,0.34751237162799203,1.00110084695378,358,312,0.8715083798882681,0.5485915839971542,ok,1399.6607735510534,-8.151053510632437,-3.3399407939707264
689,-4.210799557199607,4.222738231727135,0.1599128022582524,1.001876188193839,414,354,0.855072463768116,0.6872933053456372,ok,1403.6059385431631,-12.62296856680598,-3.499853596228978
690,-1.4429263837180315,3.934548854756258,0.09122917819683372,1.0015341108619853,410,398,0.9707317073170731,0.7726605814226499,ok,1404.7995905059263,-16.64016986012996,-3.591082774425811
691,0.7544698396620788,4.448151570085429,0.03407327481136206,1.001988553114333,446,419,0.9394618834080718,0.7582622483594977,ok,1403.7653794579612,-21.03171681281981,-3.625156049237173
692,2.643391908358808,4.86020661932298,-0.028308263786058947,1.002261924135359,444,391,0.8806306306306306,0.8386729418813216,ok,1400.8222865179068,-25.71651489917201,-3.5968477854511147
693,1.5284193159927781,2.1773815421166773,-0.023378114572357608,1.0012028946534235,507,488,0.9625246548323472,0.593174698058188,ok,1399.161126238727,-27.794399042315263,-3.5734696708787568
694,13.34410804155118,-13.33109649532662,-0.19487449079966082,0.9953221451320132,447,388,0.8680089485458613,1.4287594156730647,ok,1386.6258588096537,-13.700058913245357,-3.3785951800790968
695,-2.0534972101856965,11.622537982530957,-0.1095722506812609,0.9982786919693352,213,170,0.7981220657276995,0.8367073798962961,ok,1388.0132478894516,-25.420783783699108,-3.2690229293978366
696,-0.2770472774229802,6.086816902582541,-0.10603751836752567,0.9984813896256369,211,166,0.7867298578199052,0.8516592732733075,ok,1387.9540240219596,-31.513614630933603,-3.162985411030311
697,-0.0008572876902235294,-0.020860746042899336,0.0006924376810648137,1.0000016240374254,607,603,0.9934102141680395,0.03436419247793374,ok,1387.956031277243,-31.492832990144848,-3.163677848711376
698,-4.659763335356956,7.2507393147063794,0.05698174863357944,0.9970100997535737,380,324,0.8526315789473684,0.9897664317494885,ok,1392.2010773135223,-38.9939128524868,-3.2206595973449557
699,-3.9749619190506564,3.0825087580237778,0.15980776183025142,0.9995177218146869,472,446,0.9449152542372882,0.39144677292441243,ok,1395.9873593506954,-42.30544585642599,-3.3804673591752064
700,-4.461831785327377,3.3365805971800455,0.1907015638571763,1.0001010802516765,439,406,0.9248291571753986,0.4963437332508411,ok,1400.2326971848763,-45.91346742450298,-3.5711689230323818
701,-1.6743191567197755,1.420580016479562,0.062466750688123865,1.0004713235670772,483,459,0.9503105590062112,0.4485724041388182,ok,1401.8136191972042,-47.43730396846604,-3.6336356737205056
702,-2.7483144943757907,3.125771056896383,0.11792094133433938,1.0013684915589829,479,460,0.9603340292275574,0.7847688194435039,ok,1404.351524507248,-50.7361998288078,-3.7515566150548447
703,-1.1340734569919277,2.9592285935295877,0.05820561820438863,1.001966025014558,448,428,0.9553571428571429,0.955910195138131,ok,1405.2864691331629,-53.76424127850589,-3.809762233259234
704,0.383832556927473,2.4633653916918092,-0.02148200246727563,1.0023274104120818,442,407,0.920814479638009,1.030552224104089,ok,1404.7407211898185,-56.19686448547361,-3.7882802307919574
705,0.6516507439885117,1.3009053064204181,-0.027106639467301196,1.001366361323598,539,522,0.9684601113172542,0.6349615144367271,ok,1404.0051375736778,-57.452221029280395,-3.7611735913246567
706,3.44946018842802,3.926197138997395,-0.16814815914826997,1.0034781996641198,437,375,0.8581235697940504,1.4602482562483465,ok,1400.3164068000797,-61.154526371325005,-3.5930254321763875
707,3.2241702983451432,1.586577509785684,-0.29970612406116426,1.0002390768878053,425,375,0.8823529411764706,0.3843317486913572,ok,1397.006416047071,-62.553262773327106,-3.2933193081152234
708,8.904338975994051,-20.662394261122927,-0.15403905071476495,0.9981297671939399,448,386,0.8616071428571429,0.7865190241840809,ok,1389.2469815471086,-41.434243727872285,-3.1392802574004595
709,4.20850576542216,10.568831886656312,-0.12883763170928428,0.9970056645907256,215,158,0.7348837209302326,1.0338802327900805,ok,1384.489230075491,-51.76746825656221,-3.0104426256911756
710,-10.26034995209966,9.200041297775215,0.2326462188330687,1.0004328445949444,215,155,0.7209302325581395,0.8044020813496282,ok,1394.2126800580797,-61.5332279022025,-3.243088844524243
711,-7.796597582438608,3.451750591993914,0.27612411018991856,0.9987188082142109,396,339,0.8560606060606061,0.6458062818372938,ok,1401.782695735016,-65.45704984805502,-3.5192129547141606
712,-4.296986365094881,3.4973344915518965,0.32169592851444806,0.9989782292933537,439,414,0.9430523917995444,0.5299650469796571,ok,1405.8357570895973,-69.23436821213386,-3.8409088832286074
713,-1.6922974088688534,1.6661009435846381,0.1536249303591143,0.9997993440084916,492,473,0.9613821138211383,0.3250402721189972,ok,1407.407880639096,-71.01430934020232,-3.9945338135877213
714,-2.611229752904592,3.3710402769029315,0.2408567571777375,0.9999692077788912,484,470,0.9710743801652892,0.40148608625114784,ok,1409.7630137475871,-74.56899377236289,-4.235390570765459
715,-1.431445731858048,3.6127680034819605,0.1210680462548466,1.0005790205740221,479,455,0.9498956158663883,0.5336129255903991,ok,1410.915893124834,-78.28005813070479,-4.356458617020304
716,0.09698533840082746,3.3585672272297415,-0.0702156145069541,1.0010977754691786,521,469,0.9001919385796545,0.5067345190869638,ok,1410.5681620951084,-81.6219831907041,-4.28624300251335
717,1.1120004753659032,3.5917703157017513,-0.21921123804446008,1.0015109212229008,497,447,0.8993963782696177,0.6004324084587013,ok,1409.2042209812778,-85.12584159194876,-4.067031764468892
718,1.7917336912116753,3.654803139313344,-0.32185360415404574,1.002083220759448,476,422,0.8865546218487395,0.8123669235523124,ok,1407.1775850312893,-88.65580509509903,-3.7451781603148473
719,2.217094806995192,3.585333993115114,-0.46369957151039914,1.0021459157126764,480,423,0.88125,0.835586010407795,ok,1404.7588962536993,-92.10835108647302,-3.2814785888044504
720,2.558322530886244,3.083172192408938,-0.334246742774458,1.0003425419016487,470,426,0.9063829787234042,0.325025338283968,ok,1402.045432532059,-95.05590593268482,-2.9472318460299936
721,11.787536699665225,-20.82890764800186,-0.10026983356723167,0.9900652181461637,245,201,0.8204081632653061,1.8485194299679961,ok,1391.306983312085,-73.66723782069198,-2.846962012462762
722,5.5783801596896865,9.253346833418846,0.1302672137129511,0.9992180818624161,421,362,0.8598574821852731,0.6123751077576762,ok,1385.2555222947267,-82.61835911251649,-2.9772292261757127
723,5.801220176528886,4.978361484381935,0.3094280974814806,0.9995994761247773,260,197,0.7576923076923077,0.7643706309085609,ok,1379.1784268757651,-87.2559392869806,-3.2866573236571925
724,1.345854546677856,3.5728371249076645,0.4508008325293569,1.0000016468090769,415,373,0.8987951807228916,0.4031629380296892,ok,1377.6025403555384,-90.73344863381203,-3.7374581561865474
725,-4.073727787069856,3.6646950557717446,0.46938956700351125,1.0002780674570246,396,342,0.8636363636363636,0.4926954838107882,ok,1381.3964598991956,-94.68710800598842,-4.206847723190058
726,-5.509835309095251,3.9160362763104786,0.35078915028466984,1.000653006761007,409,361,0.882640586797066,0.5302183629882223,ok,1386.5776968609186,-99.02858342307945,-4.557636873474726
727,-2.7385093340512867,1.8829664351430893,0.09200417603257074,1.000481883519064,465,443,0.9526881720430107,0.44471947021610064,ok,1389.1545558430948,-101.12734347476237,-4.649641049507297
728,-7.182854088758177,6.153316863534542,-0.09093043102347717,1.0015963238713748,368,321,0.8722826086956522,0.704708178038467,ok,1395.8256171043731,-107.83209126507631,-4.55871061848382
729,-1.3093492490186236,2.2034214728480492,-0.14806628616472578,1.0007769591683453,463,423,0.9136069114470843,0.48016670375137005,ok,1396.9616361991318,-110.12968179849543,-4.410644332319094
730,0.3941462925122323,6.594988770350255,-0.5669298270411336,1.0020250992263595,402,362,0.900497512437811,0.9854357236921416,ok,1396.1262803290706,-116.68341422752405,-3.8437145052779615
731,3.072388323596897,4.216717210806337,-0.14551267643632124,1.0015370783758886,484,441,0.9111570247933884,0.6536469136302949,ok,1392.7883073815244,-120.69317864059553,-3.698201828841641
732,1.8535363019543638,1.918942512636022,-0.04949576122399551,1.0008183696864978,527,508,0.9639468690702088,0.4810508583322639,ok,1390.8164088230217,-122.49027442670138,-3.6487060676176455
733,2.902917531313733,4.467885707756068,-0.040986882691303794,1.0002854180084977,498,449,0.9016064257028112,0.34817908683081183,ok,1387.6381025085523,-126.76663992354361,-3.6077191849263417
734,19.779490628579197,-19.2713527420716,0.03780798283516427,0.9913540684321971,225,175,0.7777777777777778,2.0996695455312016,ok,1369.1239759296393,-106.27663252834259,-3.645527167761506
735,4.552355988348836,7.6772671160345,0.13967642367130761,0.9983192186973452,408,338,0.8284313725490197,0.8931641542273543,ok,1364.0747265240707,-113.6366227359423,-3.7852035914328126
736,-1.2498409609702321,5.116299772293701,0.34457149084831373,0.9984266227290796,239,195,0.8158995815899581,0.9073400609180116,ok,1364.9528679559928,-118.8296462688404,-4.129775082281125
737,-1.633172081237717,1.5603017404396269,0.1620292229555828,0.9999059548429885,494,475,0.9615384615384616,0.39108476601543435,ok,1366.4646934986056,-120.5077928943939,-4.291804305236709
738,-5.422395748352756,2.9966134177607273,0.2995208125194026,0.9995179484287103,453,418,0.9227373068432672,0.5180376921237202,ok,1371.6298159025068,-123.9288421749468,-4.591325117756111
739,-5.062688392742757,2.964158142674023,0.10347724163962385,1.0004928858257154,497,446,0.89738430583501,0.375647234944838,ok,1376.4329073390265,-127.29742643383452,-4.694802359395734
740,-4.3912328697877,3.226225657938812,-0.059935562183076774,1.000818503084535,481,433,0.9002079002079002,0.46281913633282334,ok,1380.5490836484996,-130.86793770002294,-4.6348667972126565
741,-2.9594837648469365,3.6946674773657833,-0.19428401327593195,1.0010997649371578,458,408,0.8908296943231441,0.6097926776470224,ok,1383.2136230630983,-134.7806530782159,-4.440582783936725
742,-0.9955789002860911,4.065574064336147,-0.2930332473433121,1.0013832926101627,487,432,0.8870636550308009,0.5849535825234039,ok,1383.9125512222092,-138.90758526177547,-4.147549536593415
743,1.1430994256465965,4.317065647310983,-0.40254834626762415,1.0015666668259589,483,424,0.8778467908902692,0.6638392271513536,ok,1382.4899189794155,-143.14076959533213,-3.7450011903257914
744,2.7777006819121652,4.1670775779550695,-0.29296668867700704,1.0017164549635174,446,385,0.8632286995515696,0.6565436038758065,ok,1379.466346355601,-147.13303276395118,-3.452034501648786
745,3.2399877913671844,4.669207980632336,-0.0787311395875115,1.0012453128766785,472,421,0.8919491525423728,0.5610403961353612,ok,1375.9572303175685,-151.6035057463357,-3.3733033620612747
746,2.734344744538248,2.959727401865848,0.15326053755225383,1.0002225661992068,510,475,0.9313725490196079,0.36985652942216446,ok,1373.0460066953517,-154.3894354828484,-3.5265638996135285
747,22.211864411815213,-17.004298149952433,0.3385645141661077,0.9902682650912566,249,193,0.7751004016064257,2.2606498150029277,ok,1352.030890205666,-135.9265550156441,-3.865128413779635
748,-0.21876527775975774,8.61757724999859,0.4538819888802996,0.9994690355469064,385,351,0.9116883116883117,0.7031290874850682,ok,1351.6000480861153,-144.53613520137128,-4.319010402659933
749,-5.112514600202076,5.719355586154165,0.4553998440764563,1.0002391383274316,290,236,0.8137931034482758,0.9385275907423634,ok,1356.2187850961725,-150.66117416370298,-4.774410246736387
750,-5.331412772803105,3.104309688257672,0.2878514313303609,1.0000074388269315,459,441,0.9607843137254902,0.49196921059544607,ok,1361.25548337814,-154.2238095942572,-5.062261678066748
751,-2.7953454505159243,2.743175998713923,0.07534935005090482,1.0001212880072328,458,436,0.9519650655021834,0.48004832669228487,ok,1363.7939522807424,-157.2062827924874,-5.137611028117654
752,-1.695342246270684,2.9094233813968913,-0.14535516487364217,1.0004215057040715,528,481,0.9109848484848485,0.3958465175027936,ok,1365.2296819834846,-160.25219972583807,-4.992255863244012
753,-1.3890518935168075,1.3427203642812628,-0.15986764302626438,1.0002726250900305,543,499,0.9189686924493554,0.33386672032155945,ok,1366.5006840723725,-161.70716255339823,-4.832388220217749
754,-3.861164603751149,4.000040653856786,-0.506516071532955,1.0014596446967825,454,409,0.9008810572687225,0.7717345856198231,ok,1370.0491298179004,-165.9870515847649,-4.325872148684796
755,-0.9147496618043078,2.750763634328223,-0.18340318538757325,1.0011862724798064,511,465,0.9099804305283757,0.6261600443740137,ok,1370.7627834809673,-168.7967074293308,-4.1424689632972225
756,1.147144317364564,2.725060428049119,-0.1165088495789193,1.00146824528387,491,450,0.9164969450101833,0.7522059394124523,ok,1369.4271476483775,-171.43450411294452,-4.025960113718304
757,1.1671225559152845,1.2815520689464392,-0.01639142706439776,1.0008185838573782,520,494,0.95,0.5226098425598007,ok,1368.1732717008358,-172.63131064456252,-4.009568686653905
758,3.201756542682233,2.5399222783548794,0.040227100540580575,1.0017061055270484,533,500,0.9380863039399625,0.6880862477927523,ok,1364.8001317652456,-174.93877182811866,-4.049795787194486
759,3.0021394765549303,3.2802289696679736,0.16239846648591366,1.0004834218472312,509,459,0.9017681728880157,0.3669402336785689,ok,1361.5651671592798,-177.9896319573752,-4.212194253680399
760,19.2527445775429,-4.139951928385926,0.2175527991977376,0.9931288961627062,252,212,0.8412698412698413,1.7832806415071327,ok,1342.6896907467524,-172.3750290384162,-4.4297470528781355
761,3.287670576983146,3.143040503348857,0.43196678354128687,0.9975865001092135,345,301,0.8724637681159421,1.083669674579056,ok,1339.1474724882805,-175.22812757120494,-4.861713836419421
762,-0.5693985819098089,-0.6809657755657099,0.3582564350320686,0.998631837412134,248,197,0.7943548387096774,0.8561228756809125,ok,1339.7764636842678,-174.6017896369051,-5.219970271451489
763,-3.508656979514626,-2.1805763182700275,0.1411130379466872,0.9992224705156914,455,404,0.8879120879120879,0.4819307119811193,ok,1343.4735083745286,-172.75857303598377,-5.3610833093981745
764,-4.491533147160226,-0.667674808598349,-0.11477851256346779,0.999650172007784,451,404,0.8957871396895787,0.44578540194009814,ok,1348.0072761568047,-172.50438932590203,-5.246304796834707
765,-4.639800935624407,0.6429967950512037,-0.3424676482344116,1.0000594409252965,503,453,0.9005964214711729,0.3850807370785162,ok,1352.5751277297998,-173.54165959335967,-4.903837148600296
766,-4.016525394965811,1.9904861495696196,-0.4790305348968744,1.0006403563503887,483,429,0.8881987577639752,0.5075138166408395,ok,1356.426114237092,-175.8360907386956,-4.4248066137034225
767,-2.329674216399553,3.5259804004609805,-0.46367363978486714,1.001212311497177,472,417,0.8834745762711864,0.5869496834135176,ok,1358.506649335467,-179.51458138615146,-3.9611329739185557
768,-0.7199055092912658,4.792523036471948,-0.31761646857108755,1.0014826054298374,511,464,0.9080234833659491,0.724585308737308,ok,1358.9205420433245,-184.3431664608712,-3.6435165053474696
769,1.1418928063317253,5.77555246038628,-0.09425186072531716,1.001932306027157,506,450,0.8893280632411067,0.9112404969296386,ok,1357.4232938141768,-190.0369501891263,-3.549264644622152
770,2.2136371179458365,6.648739098450392,0.15964679471511795,1.001900770351251,477,436,0.9140461215932913,0.810961742114209,ok,1354.784202580873,-196.5285692746478,-3.7089114393372693
771,2.8243140473323365,6.626485945659965,0.3700614564480798,1.0017635848394226,558,501,0.8978494623655914,0.7684225915860659,ok,1351.4956915155885,-202.93737265745585,-4.078972895785348
772,2.836056158250358,3.9397665645419693,0.4669857642201073,1.0000666583291515,538,484,0.8996282527881041,0.29108298716635317,ok,1348.3562964818948,-206.63996282357618,-4.545958660005454
773,19.048089098311948,-26.752501865222484,0.13636585279869134,0.991186949384418,279,202,0.7240143369175627,1.9502758381337761,ok,1331.5556128788228,-178.42182885239663,-4.682324512804144
774,5.095415003276685,8.588195557224708,0.15128014173977083,0.9980770156004792,375,301,0.8026666666666666,0.7058433211146001,ok,1325.7546581881722,-186.55013013014025,-4.833604654543914
775,0.22096641860957789,3.8935545870784836,0.036258506742375636,0.9993175947792535,277,229,0.8267148014440433,0.8326885582782758,ok,1325.2039545068749,-190.4108708539029,-4.86986316128629
776,-3.1001872351607744,2.6578543883375687,-0.06645426853408325,0.9998079936489254,381,320,0.8398950131233596,0.46395570470959224,ok,1328.0706924083104,-193.3189913203097,-4.803408892752207
777,-4.638327701467006,3.153640748370208,-0.15290209016948159,0.9999770144143548,369,303,0.8211382113821138,0.4506719767063702,ok,1332.43806027592,-196.83831394617778,-4.6505068025827265
778,-5.241882392100706,3.333664944179418,-0.25187045920609213,1.0005309466752073,408,349,0.8553921568627451,0.3502220887248929,ok,1337.4088266855058,-200.56418757178494,-4.3986363433766344
779,-4.641284045773773,3.758611921357897,-0.443534917412713,1.0006132934210101,401,330,0.8229426433915212,0.4205125099056916,ok,1341.7798078270966,-204.63397933903673,-3.9551014259639232
780,-3.8367151492698213,4.738829501715259,-0.2982531462170746,1.0016776499681446,403,325,0.8064516129032258,0.4727206105783165,ok,1345.306465224148,-209.60786874138444,-3.6568482797468493
781,-0.7279785543005346,2.0600316195724417,-0.04263465216804462,1.0008930523712685,483,458,0.94824016563147,0.5552577949943893,ok,1345.9031354324288,-211.70969359415176,-3.614213627578804
782,-0.13572746399927382,4.5398504057598075,0.10640142139492498,1.0017135783869828,433,401,0.9260969976905312,0.6101297940695225,ok,1345.743979785942,-216.24878305475443,-3.7206150489737295
783,2.025088543822676,4.820586455767057,0.327591423486578,1.001687041768783,467,394,0.8436830835117773,0.6940224144465668,ok,1343.3836308545235,-220.91437951285036,-4.048206472460307
784,3.3160164467001323,5.245774428890513,0.49034776810922454,1.0020363077422378,468,417,0.8910256410256411,0.6879414012723618,ok,1339.66291478073,-225.88130877868468,-4.53855424056953
785,2.5579763942521367,3.8381199267001875,0.1172622925807561,1.000717118889324,499,438,0.8777555110220441,0.44221680824596343,ok,1336.8018390722636,-229.4991332072202,-4.655816533150286
786,18.402271244679923,-22.276898117206883,0.08743933215438987,0.9902336112816604,419,380,0.9069212410501193,2.028439015474997,ok,1320.3046879800886,-205.7768276167186,-4.7432558653046755
787,6.874596999010919,6.437458574931497,0.009801603447400626,0.998907890754826,255,217,0.8509803921568627,0.9826958230833512,ok,1312.9203154087359,-211.6225096582109,-4.7530574687520755
788,-6.2286336006282,1.068002997785925,-0.027523061645643488,1.0002468648497103,235,178,0.7574468085106383,0.8949935153468145,ok,1319.0397915291696,-213.20001368216663,-4.725534407106433
789,-8.66886226820452,-0.6097678919452392,-0.08794510324727958,1.0006868220505787,385,317,0.8233766233766234,0.6487402855179385,ok,1327.7295738384298,-213.29314436893253,-4.637589303859154
790,-5.026834308385332,-0.569835823528706,-0.17275447940878166,1.0006259782587061,378,316,0.8359788359788359,0.5141242915145032,ok,1332.785513350677,-213.11636292693765,-4.4648348244503735
791,-1.5151921467486318,0.017687730283114433,-0.36179642994783767,1.0004559224177298,449,389,0.8663697104677061,0.41122235860500805,ok,1334.2955564817426,-213.2424178343913,-4.103038394502536
792,-1.0277676846626491,1.0280506319580809,-0.24158357294040345,1.0007732192065104,444,388,0.8738738738738738,0.4694903813389115,ok,1335.251757800874,-214.33734867823364,-3.8614548215621336
793,-2.1139058960889088,1.6349478533518322,-0.04934372764157334,1.0010230496999764,434,401,0.923963133640553,0.8252063051227626,ok,1337.252287345517,-216.10922174414702,-3.812111093920561
794,-1.5358316273036507,2.537251022385931,0.12036274474822026,1.0011319775755934,486,458,0.9423868312757202,0.6499007102315215,ok,1338.6104964041972,-218.7458274581178,-3.932473838668781
795,-0.24622810100845527,3.2206025397312033,0.27270616107400847,1.0013744963500006,460,437,0.95,0.7505695957864267,ok,1338.619900113504,-221.97581516194896,-4.205179999742789
796,1.4822561616997518,3.672087301993656,0.287484618837824,1.0014598594708193,504,465,0.9226190476190477,0.6757323102279864,ok,1336.8545584046158,-225.52051220587555,-4.492664618580613
797,1.2718633080869495,2.0207696093166305,0.05695129050418443,1.000905015630076,520,497,0.9557692307692308,0.5197546528091932,ok,1335.4264105058373,-227.4340272091115,-4.549615909084797
798,2.954591764784027,4.736059546738488,0.11312964301205965,1.0016223202626287,514,470,0.914396887159533,0.7038409011664559,ok,1332.0966006168019,-231.9142324086157,-4.662745552096856
799,14.868465740257307,-11.432767016734033,0.019871849244426282,0.9918275078526586,485,417,0.8597938144329897,1.9152805696073363,ok,1318.2110898305157,-219.30582151223166,-4.682617401341283
800,8.902475931828803,9.508911519470985,-0.053545107976389124,0.997845068426522,271,222,0.8191881918819188,1.0714477585854167,ok,1308.5702395450419,-228.0652439689353,-4.629072293364895
801,-3.3620639093178397,3.153688290659943,-0.041290524569195755,0.9994486894938673,279,209,0.7491039426523297,0.8997466812747184,ok,1311.6692792104282,-231.4777469678122,-4.587781768795698
802,-5.638804503636038,0.6999258733889064,-0.0736502353989546,0.9999881052501329,457,411,0.899343544857768,0.4064388256492327,ok,1317.2355042242705,-232.61930360405051,-4.5141315333967444
803,-4.440034714784588,-0.25822795637316176,-0.4617366250242593,1.000343053134457,430,375,0.872093023255814,0.5006898328863514,ok,1321.6826867859322,-232.67549265278512,-4.052394908372485
804,-2.157385318719207,0.07316500784600066,-0.3159500598259524,1.000428251721034,517,467,0.9032882011605415,0.36659149580831163,ok,1323.830718350633,-232.88909257986097,-3.7364448485465336
805,-2.5915493671561762,0.12034839164005007,-0.1128156610044458,1.000570559364841,496,438,0.8830645161290323,0.41079970267503024,ok,1326.409480286323,-233.1729917464918,-3.6236291875420887
806,-3.3874229677358016,0.7553472867268738,0.14493175148982093,1.0009705903011186,465,427,0.9182795698924732,0.6287754113308807,ok,1329.7399323296404,-234.1493487882933,-3.7685609390319095
807,-2.349939906419422,0.590789461670056,0.3454665491570209,1.00119789854257,520,471,0.9057692307692308,0.6494875589681571,ok,1332.041432819402,-234.90720447866488,-4.114027488188929
808,-0.40421207838198825,0.7623811491532706,0.4515358111299192,1.0011878545613424,548,445,0.8120437956204379,0.5784966558012183,ok,1332.383676896513,-235.69934172218825,-4.565563299318847
809,1.3959417444486917,1.7798185522332233,0.484556367052965,1.0013404353635644,505,393,0.7782178217821782,0.6372656640567531,ok,1330.836481764337,-237.3493704054962,-5.0501196663718115
810,3.085439901814425,1.6706446369202013,0.31683359467537364,1.0018895237723975,520,451,0.8673076923076923,0.8051350056417955,ok,1327.6083059753537,-238.72409727509717,-5.3669532610471835
811,2.4176244534803573,1.5582227097596615,0.06996457335184753,1.00046019582561,466,435,0.9334763948497854,0.4232675390615376,ok,1325.0539168768694,-240.04624036297423,-5.436917834399032
812,19.616601488006154,-8.021828480767113,-0.17479794399503903,0.9917825577442099,229,162,0.7074235807860262,1.8545391886311715,ok,1306.2556886084485,-230.2591365992223,-5.2621198904039925
813,0.3947921726257846,2.9820296647769737,-0.1759422369804669,0.9996004477399862,515,472,0.916504854368932,0.36050263747226374,ok,1305.5980820676714,-233.19442456102502,-5.086177653423526
814,-1.4647253473049204,2.0996212301399737,-0.5603916021596775,0.9993814976936178,223,151,0.6771300448430493,0.7009393766866893,ok,1306.8925638961796,-235.40307719300552,-4.52578605126385
815,-6.945826184775342,1.0851204590940142,-0.35316795340322815,1.0002230192618944,351,276,0.7863247863247863,0.625271802466743,ok,1313.7410241593964,-236.99071059621815,-4.172618097860623
816,-5.10021936026078,0.5006791855648771,-0.12123721011854947,1.0003105919096866,390,321,0.823076923076923,0.5368021285595034,ok,1318.7931250520667,-237.8504743660534,-4.051380887742074
817,-2.030943865289146,0.24293643404462273,-0.005689509123603912,1.000207307960378,451,421,0.9334811529933481,0.5456927652493846,ok,1320.80186837297,-238.23609252650238,-4.04569137861847
818,-3.600342012936835,0.8975170647681807,0.05306783445194253,1.0005567467501555,365,328,0.8986301369863013,0.813699014738471,ok,1324.3288511132307,-239.38865152350388,-4.098759213070413
819,-2.4270676932214883,0.9532428679965506,0.1444729395752632,1.0006598504982842,353,314,0.8895184135977338,0.9010696689158681,ok,1326.6787349480303,-240.51886190914593,-4.2432321526456755
820,-0.830576925164678,1.1492752677238514,0.19227907994932206,1.0010013594254668,372,351,0.9435483870967742,0.8392139133273081,ok,1327.4179428324023,-241.72892941689076,-4.4355112325949975
821,0.6453948392988877,1.3708508506507542,0.2523296962771544,1.0012707750650627,397,353,0.889168765743073,0.7122747602300875,ok,1326.6626714645142,-243.04244824590387,-4.687840928872152
822,2.224234455014539,1.523144395379859,0.19580967140692832,1.001535406534697,425,375,0.8823529411764706,0.904014939776559,ok,1324.3168425444856,-244.37070817453457,-4.88365060027908
823,2.812241218271083,1.580776751911344,0.07848794869969287,1.001414125606566,525,494,0.940952380952381,0.7290879369848071,ok,1321.3784082704256,-245.70230864996051,-4.962138548978772
824,2.6726366183065693,1.728993377316101,-0.06770544233417444,1.0004853351126117,525,510,0.9714285714285714,0.46090040650637,ok,1318.5679992616685,-247.19696774012573,-4.894433106644598
825,7.306099156520304,-27.046275233138658,-0.2557392167633231,0.9966746710811808,466,401,0.8605150214592274,1.2693237647188997,ok,1313.4731194736644,-219.6484235169297,-4.638693889881275
826,12.582714616880821,9.559083296769018,-0.267471689949256,0.9967434268967269,258,186,0.7209302325581395,1.05278244555775,ok,1300.198429538493,-228.2206687146297,-4.371222199932019
827,-2.5401713713397385,4.196684151776935,-0.16147067614465568,0.9987491226662174,246,181,0.7357723577235772,0.9213971407678382,ok,1302.4236776039245,-232.59249893924311,-4.2097515237873635
828,-5.621978768993358,1.869626368989202,-0.09977606624726085,0.9992619661310262,424,342,0.8066037735849056,0.7212199140364812,ok,1307.897200258656,-234.86025064231183,-4.109975457540104
829,-3.6488467212757314,1.4237940506526456,-0.03288432641236921,0.9994271040273549,456,389,0.8530701754385965,0.5498140230874561,ok,1311.4355830067764,-236.5398694746193,-4.077091131127736
830,-1.2044897679659243,1.5766909621470404,0.05963603835608061,0.9996109287832982,460,428,0.9304347826086956,0.49841896498065796,ok,1312.5231973354275,-238.19934079505958,-4.136727169483815
831,-0.669075400943484,0.7999191231538134,0.05818696764622859,1.000090255093457,548,525,0.958029197080292,0.3132589963131482,ok,1313.1319664461496,-239.04605955921102,-4.194914137130044
832,-5.033978935404775,2.9688420526367736,0.3452041986707494,1.000811751413118,450,397,0.8822222222222222,0.689155985054216,ok,1317.915144551659,-242.40406108788488,-4.540118335800791
833,-1.4700068425618156,1.2030874462609518,0.19549510407823809,1.0004797102860654,577,538,0.9324090121317158,0.47868463456439303,ok,1319.2808087157607,-243.72440229810945,-4.735613439879029
834,-1.6040771401599159,3.9046892554928263,0.42868126850980315,1.0022014755232906,474,435,0.9177215189873418,1.2667599981408666,ok,1320.52690569811,-247.7576273059816,-5.164294708388831
835,1.885376850931607,2.768576587915959,0.048249266741182434,1.0018905654075814,496,453,0.9133064516129032,1.1437827027007048,ok,1318.3977988887511,-250.34346689642928,-5.212543975130013
836,3.536464574501906,3.2871213566087363,-0.1616512196960179,1.0019131454077381,523,471,0.9005736137667304,1.1975257639675903,ok,1314.585666745266,-253.30647162480727,-5.050892755433996
837,1.3484534387789608,1.7932517458125403,-0.13472857667175256,1.000528078926997,577,533,0.9237435008665511,0.5054585464493668,ok,1313.0884959521127,-254.97756651036661,-4.916164178762244
838,2.6655926421594813,2.981644785494609,-0.3716310348472375,1.0000379925475817,479,415,0.8663883089770354,0.5217591205894997,ok,1310.1950363770918,-257.73863178459,-4.544533143915007
839,5.352748848792544,-20.513169339017736,-0.30673474051890903,0.9937191264327496,243,182,0.7489711934156379,1.435738989826339,ok,1306.3727657833952,-236.88599923908077,-4.237798403396099
840,7.249950220466417,3.3596400345892334,-0.23960209542272615,0.9978488339006195,444,387,0.8716216216216216,0.9240084828405137,ok,1298.906209023587,-239.73195944853944,-3.998196307973373
841,8.330047272632783,0.6985680243758452,-0.1373291402250649,0.9978302674340274,230,145,0.6304347826086957,0.9644657817577957,ok,1290.5480295089387,-239.86804783854927,-3.860867167748308
842,2.0055080671390897,0.143675257589166,0.018808474350825322,0.9990353001074374,394,368,0.934010152284264,0.961810542356172,ok,1288.5373961122289,-239.8756983965318,-3.8796756420991336
843,-3.830794748392691,0.9449223503622761,0.1873672763178506,0.9994136454682219,421,362,0.8598574821852731,0.6635008976640936,ok,1292.2915265538993,-241.08993530893827,-4.067042918416984
844,-5.957182854103166,1.3628093576943456,0.27344552293749985,1.0002827973058104,495,436,0.8808080808080808,0.46753364643570244,ok,1298.1284816014982,-242.89969570052347,-4.340488441354483
845,-6.514928561657825,1.67595713125138,0.45648838398255626,1.0008971318308433,531,464,0.8738229755178908,0.6195429940571551,ok,1304.4804377900198,-245.11459503196033,-4.7969768253370395
846,-5.828550303764587,2.399544203213509,0.35885827666899944,1.0012829705086177,455,407,0.8945054945054945,0.6917899101653037,ok,1310.0697707651038,-248.0282127008261,-5.155835102006038
847,-2.962840041403524,2.773429292840433,0.1424912408910829,1.001670339849838,503,478,0.9502982107355865,1.0072825251074016,ok,1312.7638491391303,-251.0633853265481,-5.298326342897122
848,-0.2507676467018882,3.150403479183751,-0.1125081086531461,1.0021195851592672,511,446,0.87279843444227,1.0434087685491296,ok,1312.7288377306818,-254.22355948243944,-5.185818234243975
849,0.9741502907147606,1.6533539276096008,-0.14051301808743366,1.0011628186257058,590,535,0.9067796610169492,0.7203755281554307,ok,1311.6130601959358,-255.78483732183827,-5.045305216156541
850,4.8397673744022995,5.4647701417302414,-0.6262793374265271,1.0030597665703191,556,499,0.8974820143884892,1.737787560959354,ok,1306.3666192398905,-260.86045730712146,-4.419025878730015
851,12.818826642405384,-29.971668335540585,-0.38615719560596323,0.9896886038699888,468,354,0.7564102564102564,2.0019720256746085,ok,1295.6874031061827,-230.06147092650724,-4.032868683124053
852,11.401147543987463,9.478741816201364,-0.25353254652948815,0.9988901770638369,259,199,0.7683397683397684,0.8652927378980408,ok,1283.6862674434403,-238.76810371665204,-3.779336136594565
853,3.666614378112172,3.8803777689610115,-0.10429830517876576,0.9998475241439101,221,156,0.7058823529411765,0.8388278211253768,ok,1279.7784702876727,-242.40548107087352,-3.675037831415799
854,-1.7771165824538002,1.6113933701820997,0.13288756258555223,1.000332703521615,400,360,0.9,0.6834254439680594,ok,1281.4446477872839,-244.131338678235,-3.80792539400135
855,-4.6365793279580885,1.3508198574279504,0.27195698862807244,1.0005109671106338,416,340,0.8173076923076923,0.6204594805695737,ok,1285.973370136906,-245.8086150513185,-4.079882382629422
856,-6.1060708888846875,1.5827342299620568,0.31526621742619626,1.0010711578129257,492,419,0.8516260162601627,0.6845909817887299,ok,1291.9401923535684,-247.85463117479458,-4.395148600055618
857,-6.493981283454559,2.0391122873908216,0.23412233412627423,1.0010275947012721,458,391,0.8537117903930131,0.7522932739844276,ok,1298.2484158558461,-250.41120858918225,-4.629270934181892
858,-5.660235995480434,2.374393691858131,0.15177873901491762,1.0011282743323509,458,389,0.8493449781659389,0.7707723281427695,ok,1303.6910553851596,-253.24911131521492,-4.78104967319681
859,-3.0651518668216795,2.8038338534305467,0.04412861768414087,1.0013168981310472,518,495,0.9555984555984556,0.9959298798434706,ok,1306.5094977729484,-256.3008358688137,-4.82517829088095
860,-0.633459732891879,1.5564465358067991,-0.021032937272455293,1.0007464165771593,512,490,0.95703125,0.6891735801792178,ok,1307.010379733602,-257.90486651487777,-4.804145353608495
861,0.9984981275090377,3.8452408781657823,-0.16607756603735344,1.0017776507866396,489,416,0.8507157464212679,0.9954260653120518,ok,1305.7042206200933,-261.65677593435396,-4.63806778757114
862,3.0960495131394055,3.9213943040136883,-0.23377915388138604,1.0016339460136214,542,470,0.8671586715867159,0.8143495908362897,ok,1302.3161755062297,-265.32883342053026,-4.404288633689755
863,3.479238162216916,4.411337968102771,-0.34246044776016005,1.0010978117286038,540,479,0.8870370370370371,0.7222303654745592,ok,1298.5332086083745,-269.4826464047635,-4.0618281859295955
864,2.8702640614576467,3.762333250364577,-0.2903781060606018,1.0001295487093713,496,432,0.8709677419354839,0.5002976609707824,ok,1295.421686626035,-273.04803533484005,-3.771450079868994
865,21.939600788524103,-14.468935699517942,-0.18273970154571492,0.9913312270177713,283,205,0.7243816254416962,2.2409305349085717,ok,1274.430774232713,-257.23418760784864,-3.5887103783232797
866,-1.5420985496971298,5.583766054828516,0.1475531142924095,0.9992665864632972,454,421,0.9273127753303965,0.5932983937310677,ok,1275.6057352313624,-262.9065749309857,-3.7362634926156892
867,-6.87566548072391,1.4559285009872838,0.288979306780791,1.0002454649153232,311,239,0.7684887459807074,0.7964008859555357,ok,1282.3622396595347,-264.84155594249273,-4.025242799396479
868,-5.947182894075468,0.735695907807326,0.3732181820022551,0.9999739195754251,469,405,0.8635394456289979,0.5101895744449647,ok,1288.2354848137797,-266.0311879034326,-4.398460981398734
869,-1.4605565912747807,0.4085673299964583,0.12702274530159235,0.9998505494236803,514,472,0.9182879377431906,0.43401363351331435,ok,1289.6592509035795,-266.55372301325053,-4.525483726700326
870,-1.876042910797878,1.1247211605518714,0.2562868545553284,1.000027018507883,538,517,0.9609665427509294,0.5320061496164767,ok,1291.4350064732896,-267.83091792742505,-4.781770581255654
871,-2.4558185726555166,0.7259429720224944,0.037965057492076085,1.0005800896621906,618,589,0.9530744336569579,0.570480813482442,ok,1293.821146701221,-268.76063448265927,-4.819735638747732
872,-2.351092683499701,1.008744530098511,-0.0689212900657282,1.001262056324087,580,540,0.9310344827586207,0.907343034343534,ok,1296.0806151809193,-269.9606363670995,-4.7508143486820025
873,-1.0549283561331322,0.9791643494049822,-0.18148283550906977,1.0016049071956425,586,544,0.9283276450511946,0.9901206426186955,ok,1297.054185128556,-271.02072986145663,-4.569331513172933
874,0.9581963476578039,1.320011190119203,-0.2724845798821966,1.001985367406286,572,518,0.9055944055944056,0.9786900520064953,ok,1295.9997817027242,-272.26523908131,-4.2968469332907375
875,2.730310014110728,1.2897688991162113,-0.29464970703580723,1.0018813058956504,601,543,0.9034941763727121,0.9817806276807594,ok,1293.1861108214541,-273.3613014692113,-4.00219722625493
876,3.0068463248387616,1.6322249350375841,-0.1823214297106517,1.0012841890917028,612,569,0.9297385620915033,0.7309612208230325,ok,1290.0772055752632,-274.789584084789,-3.8198757965442787
877,1.1588123850433476,0.7438613359428246,-0.03347827967188522,1.0000805145458025,635,605,0.952755905511811,0.3099657261725856,ok,1288.8718002956264,-275.4552971931653,-3.7863975168723933
878,20.554913229534122,-26.103355062362425,-0.04353817158860871,0.9939382537837962,326,270,0.8282208588957055,1.82253866916775,ok,1270.0647241775087,-248.0658194458116,-3.7428593452837844
879,-0.2775808362496264,7.0165839820393785,0.25672644044980714,0.9982680358715901,502,468,0.9322709163346613,0.7562092717141322,ok,1269.8522274266109,-255.08467597864671,-3.999585785733591
880,-5.392703962020278,3.2065082312751656,0.34714859665920533,0.9983756118229554,329,282,0.8571428571428571,1.075641250038427,ok,1274.9863921410235,-258.69068537193766,-4.346734382392795
881,-5.52523298547294,1.780804943389171,0.28112411950195365,0.9992487479448605,541,484,0.8946395563770795,0.48710317701154027,ok,1280.3499298721379,-260.9114800038367,-4.627858501894749
882,-1.935061411730203,1.9018039190845002,0.17786371474899054,0.9994234926537392,518,478,0.9227799227799228,0.5094570257416029,ok,1282.1188604506333,-262.96871247059323,-4.805722216643738
883,-0.8882050024067212,2.1502057572951117,0.058469354429980774,0.999998875835086,562,528,0.9395017793594306,0.3989375965941525,ok,1282.8215415588504,-265.186488876176,-4.864191571073718
884,-2.698114224974688,2.4983992698864768,-0.08115799170067146,1.0006491640177484,508,449,0.8838582677165354,0.4238439386224111,ok,1285.3019364328338,-267.9011639123262,-4.783033579373047
885,-2.6474247379326243,2.666002076092468,-0.18076232198196787,1.0012017657023762,473,411,0.86892177589852,0.8263275470127349,ok,1287.7269092342997,-270.7709952183262,-4.60227125739108
886,-1.2468130493741683,2.975778275913626,-0.23708538378540253,1.0017417029906268,546,483,0.8846153846153846,1.0125361413801475,ok,1288.7436095502615,-273.83304022044695,-4.365185873605677
887,0.6969301032381736,3.39242264165739,-0.20674521091161296,1.0021746737767605,516,461,0.8934108527131783,1.225740633137156,ok,1287.8025134516865,-277.16599402775887,-4.158440662694065
888,2.376108105027697,3.721184031181224,-0.14007148267965336,1.002099317122029,480,424,0.8833333333333333,1.1665161721845738,ok,1285.1714799097335,-280.71152118487066,-4.018369180014412
889,2.938468952254425,4.150325734926241,-0.0338267450382433,1.0020113935841337,504,458,0.9087301587301587,1.180304149451625,ok,1281.951718619115,-284.64762849041847,-3.9845424349761687
890,2.5139243503260786,3.7644050006458656,0.08086278719784987,1.0003079541440585,488,439,0.8995901639344263,0.4813950457479513,ok,1279.1772416943609,-288.2243362562356,-4.065405222174018
891,9.739811257381007,-22.327047967301382,0.14845058624879007,0.989292064887407,248,192,0.7741935483870968,2.6407734271300516,ok,1271.1043372400188,-265.24196892963835,-4.2138558084228075
892,5.726711329283262,4.575773436796112,0.20314421730920404,0.9995741941707929,342,285,0.8333333333333334,0.6052644675192645,ok,1265.042232021043,-269.3631102166962,-4.41700002573201
893,6.261982265173174,0.8527129681740462,0.14371296127898953,1.0003245058858594,295,228,0.7728813559322034,0.8351963811578815,ok,1258.7322736386086,-269.71519899439534,-4.560712987011001
894,1.2575944130089738,-0.7943572459964798,0.07741512582245501,1.0002963949793582,507,477,0.9408284023668639,0.5778310936504545,ok,1257.543030978139,-268.8217511579671,-4.6381281128334555
895,-4.449492095342521,0.14403140157980943,0.03422305932251405,1.0007145698334607,562,510,0.9074733096085409,0.49384395957698574,ok,1261.9660041251634,-269.32774867956334,-4.672351172155969
896,-6.025218753050467,0.6765907455172737,-0.05726607102439841,1.0007808144665276,605,544,0.8991735537190083,0.528900441891921,ok,1267.917248074438,-270.48694301842863,-4.61508510113157
897,0.00888189922102356,-0.012054123696998431,-0.002399162858822944,0.9999551102179584,747,732,0.9799196787148594,0.17471584960830605,ok,1267.9093643308804,-270.47421365790296,-4.612685938272748
898,-0.005273302493378651,-0.0031701658391511955,0.0002457466253893816,1.0000099206061588,864,860,0.9953703703703703,0.053387833885840424,ok,1267.9148755089268,-270.47147786054666,-4.612931684898137
899,-0.01994390825029768,0.02282027637977535,0.001074818627956508,0.9999512500423244,754,743,0.9854111405835544,0.1841491047892766,ok,1267.9329190615924,-270.4958285216785,-4.6140065035260935
900,-6.3412363141922015,1.5438987129703037,-0.1287676454903376,1.0010044549541046,637,587,0.9215070643642073,0.6434630571448595,ok,1274.1339990654214,-272.5308980572106,-4.485238858035756
901,-4.543804196567862,3.381879861220227,-0.19210890176806295,1.0010998602306542,598,541,0.9046822742474916,0.7186468463233615,ok,1278.4118891955666,-276.2434341185682,-4.293129956267693
902,0.8163244889551606,12.583535506536464,-0.40702458802773894,1.0053373890314306,639,590,0.9233176838810642,1.7033282335547357,ok,1276.7446133756214,-288.74271181192955,-3.886105368239955
903,3.112561206157352,4.464960679134833,0.19002640857476524,1.0007158146420816,649,615,0.9476117103235747,0.4528152249220961,ok,1273.3225474521282,-292.97513144419236,-4.07613177681472
904,12.339170832256514,-11.659958872309062,0.4358896134378967,0.9932780808379413,289,216,0.7474048442906575,1.5878808205173292,ok,1261.938886237179,-280.3806074327491,-4.512021390252617
905,2.237807701737893,1.7973575782730222,0.11506739328895499,0.999384090443436,390,353,0.9051282051282051,0.8041512877956143,ok,1259.5633787255906,-281.9915828008167,-4.627088783541572
906,2.2870683640776406,0.6094864590579618,0.06516325880471707,1.0000140756679738,270,215,0.7962962962962963,0.9519958452202079,ok,1257.2341172981914,-282.4119358055282,-4.692252042346288
907,1.9275779654726648,1.4195449319691988,0.13209305469825758,0.9984784795826476,490,461,0.9408163265306122,1.1076835144543626,ok,1255.1939828282598,-283.6643398822745,-4.824345097044546
908,-1.8033847790227355,0.4458130279666648,-0.006269455325786771,1.000052771058348,578,545,0.9429065743944637,0.46322741046192606,ok,1256.9535503642564,-284.2600478672664,-4.818075641718758
909,-7.596755779118666,1.7102255768351142,-0.22078213174179898,1.0002994547837185,560,495,0.8839285714285714,0.42192600244372747,ok,1264.3887871150541,-286.57366502462355,-4.597293509976959
910,-2.634480044145448,0.6472322023182642,-0.12116072753935106,1.0003442716425544,595,545,0.9159663865546218,0.3529519605907631,ok,1266.9647193433764,-287.42452798762554,-4.476132782437608
911,-6.277917753710199,2.5639549965591186,-0.45054734155963555,1.001649739133472,569,501,0.8804920913884007,0.9115608566304552,ok,1273.0471536377956,-290.4228791346401,-4.025585440877972
912,-1.1186942167660163,0.9534676600203511,-0.1188169704142365,1.0007326017990152,624,601,0.9631410256410257,0.5771448122428077,ok,1274.0982855205443,-291.4503513213198,-3.906768470463736
913,-0.575186888524513,2.1827945524184997,-0.15998216531952017,1.0018319628618415,592,542,0.9155405405405406,0.9317695817049865,ok,1274.5296035747915,-293.66606717649586,-3.746786305144216
914,1.4420328843584684,2.3186357772249266,0.0011185876538607382,1.001866062067259,610,564,0.9245901639344263,0.8458535620261848,ok,1272.9390933134127,-295.8854832743574,-3.7479048927980756
915,4.694897635591133,3.9618898323542453,0.30408014465263217,1.0027390388457964,595,548,0.9210084033613445,1.3156329579683073,ok,1267.9759780278653,-299.5057210448301,-4.051985037450708
916,2.6026784037107973,2.1824044491734185,0.329927942372282,1.0001257241914732,638,583,0.9137931034482759,0.3036301411572445,ok,1265.214162425314,-301.482890392767,-4.381912979822989
917,17.507514222272903,-7.058878228779804,0.33572680764524443,0.9904708259187053,286,230,0.8041958041958042,2.160574847050637,ok,1248.3465215362407,-293.00801535362336,-4.717639787468233
918,5.365907571736216,-0.4611092693680803,0.28901571534704723,0.9996007603143208,405,341,0.8419753086419753,0.6081764111687391,ok,1243.0413289030234,-292.0803748245537,-5.00665550281528
919,0.6433068478102086,-3.273311175775234,0.08264329792289621,1.0005759893506507,337,270,0.8011869436201781,0.7507027735183855,ok,1242.6909279458973,-288.7629015506386,-5.0892988007381765
920,-2.848462297291917,-3.4163214028860693,-0.11348121112923275,1.0003047343117084,476,443,0.930672268907563,0.5395172465905801,ok,1245.8249711005965,-285.60651708555963,-4.975817589608944
921,-5.07340645303475,-2.2649411766540197,-0.29977919290363686,1.0005365830379118,478,414,0.8661087866108786,0.528752691839858,ok,1251.0661329131249,-283.762707326855,-4.676038396705307
922,-6.482277571963095,-0.8792313696513929,-0.3749477586172644,1.0007263572379852,507,445,0.8777120315581854,0.5061419771239943,ok,1257.5960948242794,-283.3721080946176,-4.301090638088043
923,-5.71762785642386,0.9708087899646216,-0.10117793345731309,1.0008327443854041,514,446,0.867704280155642,0.42686912204163907,ok,1263.2272696884793,-284.7590499319083,-4.199912704630729
924,-4.526804556930301,2.647289237276368,-0.06550991685855827,1.0009754384879928,476,408,0.8571428571428571,0.6370327634667974,ok,1267.5514341638889,-287.7258160824581,-4.134402787772172
925,-1.595010652739802,4.0510905830856245,0.0011175187453360202,1.001186638668684,525,467,0.8895238095238095,0.606427469451685,ok,1268.8501442353697,-291.88138415974345,-4.135520306517508
926,0.8708051405469632,5.112137386240647,0.050801115235711375,1.0012765335216387,504,469,0.9305555555555556,0.7286973075566927,ok,1267.6084759207827,-296.91631316074756,-4.1863214217532185
927,3.161353729833536,6.410821160598061,0.10387297828613326,1.0013862682351304,524,438,0.8358778625954199,0.7419723509047751,ok,1263.9763993178349,-303.07267612183307,-4.2901944000393515
928,3.734990579794612,6.315382202726482,0.14583071205269277,1.0010406035028878,540,475,0.8796296296296297,0.5318679861610545,ok,1259.7641285584457,-309.0802531747943,-4.436025112092044
929,1.1751205962477798,1.9656293144889787,0.08949082420459357,1.0001426869126941,609,573,0.9408866995073891,0.3356840771424899,ok,1258.4375774901557,-310.94703363347776,-4.525515936296638
930,8.975077719079763,-12.51049252220389,0.15472229476917687,0.9942547178972997,267,199,0.7453183520599251,1.3034367162578646,ok,1250.513216950986,-297.7459369647578,-4.680238231065815
931,3.4360807838545497,1.566558787623535,-0.010953049726328599,0.997700290928916,478,412,0.8619246861924686,0.9208300115958021,ok,1246.9610154356553,-299.02758511567083,-4.669285181339486
932,5.0693344975163654,-0.31483638937493197,-0.10901552947352806,0.9978788053860207,305,236,0.7737704918032787,1.099159002934461,ok,1241.932761101275,-298.3106942253868,-4.560269651865958
933,1.2261512315303662,-1.3453498194868416,-0.1823251363560541,0.9987958523397211,511,474,0.9275929549902152,0.6943883049842643,ok,1240.812885090023,-296.8756713340016,-4.377944515509904
934,-3.657553382012793,-0.3138806841515134,-0.1961285277201314,0.9993871663844106,505,447,0.8851485148514852,0.42524015845837443,ok,1244.4835895655822,-296.8293412221336,-4.181815987789772
935,-4.694882332099951,0.4905994723666254,-0.24157237529357733,0.9999590261178668,597,536,0.897822445561139,0.322918097891966,ok,1249.1336623676605,-297.6413947240178,-3.940243612496195
936,-4.97934514410008,1.4005057418919478,-0.16093016116705475,1.0006502727991669,574,506,0.8815331010452961,0.5198775396446408,ok,1254.009866652575,-299.36706160059725,-3.77931345132914
937,-1.966811761570625,0.9926977793650167,-0.014383576154173426,1.0005753176535768,556,526,0.9460431654676259,0.5829857294029408,ok,1255.907250075461,-300.4867640312309,-3.7649298751749662
938,-2.513781911880187,2.5631271068390333,0.07247630877290512,1.0014635521705797,546,516,0.945054945054945,0.8967947748699794,ok,1258.2438579768998,-303.21238021500335,-3.8374061839478717
939,-0.7986468170111038,3.2652813441847,0.19550444084372942,1.0020596075887698,565,530,0.9380530973451328,0.8811963800103139,ok,1258.8108817193386,-306.5257445279808,-4.032910624791603
940,1.0078179733789057,3.681498954372387,0.25179702030813395,1.0021344563152608,516,478,0.9263565891472868,0.8868642852628161,ok,1257.5308262251099,-310.12165742322793,-4.284707645099737
941,2.4307401154728723,4.121338594374265,0.40151104573994606,1.0024857085408527,570,509,0.8929824561403509,1.0093991606371169,ok,1254.7715035527397,-314.0306301409877,-4.6862186908396835
942,1.179495318473073,1.9944576435430008,0.1722481507969081,1.0008277346531025,598,576,0.9632107023411371,0.40222147507736294,ok,1253.4273263058692,-315.91802464855164,-4.858466841636592
943,20.59687696034507,-17.322330574320176,0.18086842267859904,0.9928913642761765,249,197,0.7911646586345381,1.8373660467438053,ok,1234.4316512048786,-296.8534290718492,-5.039335264315191
944,1.2371701484614732,2.6974378209606584,-0.13396648388916993,0.9989470173578165,405,336,0.8296296296296296,0.7701687287112433,ok,1232.9683537823735,-299.4351961851811,-4.905368780426021
945,-0.5444883531963569,0.18795004798710124,-0.12293296055780491,0.9997972550998074,278,237,0.8525179856115108,0.8586313817546316,ok,1233.4952766404285,-299.6678871582835,-4.7824358198682155
946,-5.657918110587161,-0.6747532869654833,-0.6036494298303501,0.9993795948383926,490,440,0.8979591836734694,0.5825915329643317,ok,1239.1873218739765,-299.407214176127,-4.178786390037866
947,-4.91086983165269,0.4885773590009421,-0.3276623194378873,1.0001287023636298,532,485,0.9116541353383458,0.40243505540480756,ok,1244.0542877419348,-300.2245229178475,-3.851124070599978
948,-4.176352537316916,1.342278552814264,-0.20434891776920314,1.0005823283236888,618,564,0.912621359223301,0.4025805846419572,ok,1248.1368077416807,-301.82972156006406,-3.646775152830775
949,-3.213025752079375,2.1358812531187823,-0.05129955168654614,1.0007610595942886,562,510,0.9074733096085409,0.5618025693529062,ok,1251.2095644778476,-304.16289306068063,-3.5954756011442295
950,-1.6991747613014923,3.0415994025368036,0.12309762447546237,1.0010936856823713,596,558,0.9362416107382551,0.7088015210572457,ok,1252.7078965345272,-307.3082901489481,-3.718573225619692
951,-0.23186321419484557,3.9870121783952754,0.272742932529971,1.0013391854569662,600,571,0.9516666666666667,0.6629279560838927,ok,1252.661680289215,-311.3017711767533,-3.991316158149663
952,1.317263495048337,4.453861599219749,0.34217714447462594,1.0018664669372352,586,547,0.9334470989761092,0.8232842107740017,ok,1251.0116416023639,-315.64336519189146,-4.333493302624289
953,1.0147951181552344,2.4044067727010088,0.19514613739780678,1.0008631899493539,590,561,0.9508474576271186,0.5948130409607915,ok,1249.8101689820537,-317.96013980395196,-4.528639440022095
954,4.125591697689288,7.757890242731605,0.43947899872008267,1.0021444667197026,576,528,0.9166666666666666,1.1251807789231423,ok,1245.0282327427701,-325.33160191656805,-4.968118438742178
955,1.0553896965138847,2.0163301757485215,0.05370848316646445,1.0001569826884567,621,582,0.9371980676328503,0.3371176839765462,ok,1243.8003942974613,-327.24780846633325,-5.021826921908643
956,15.396475506212028,-26.245070745141334,-0.1177223841913742,0.9930360534586524,500,448,0.896,1.9063470526576587,ok,1230.7039290503424,-299.78259784522436,-4.904104537717268
957,-2.5882543666543825,6.934530101542464,-0.23441261639416036,0.9988096493095595,305,233,0.7639344262295082,0.836411400069032,ok,1232.7190428301792,-306.90482255735014,-4.669691921323109
958,2.9942869377227908,2.770014400124637,-0.43957613033329584,0.9977444545992645,269,199,0.7397769516728625,0.9302018449223409,ok,1229.5285899004211,-309.4464252299399,-4.230115790989813
959,1.3933716498165722,1.4310193819610504,-0.26765513505923866,0.9992346659027089,421,368,0.8741092636579573,0.6629736617277175,ok,1228.0396615045856,-310.7777378371568,-3.962460655930574
960,-2.6067095955590958,1.163790794067154,-0.16247000582027082,0.9996176468536034,439,377,0.8587699316628702,0.4890271402084651,ok,1230.5635114289614,-312.11172640051154,-3.7999906501103027
961,-4.266372115077502,1.579119293527242,-0.04608344749948465,1.0002137104512925,519,459,0.884393063583815,0.41487856479135155,ok,1234.7173430774528,-313.9667820340419,-3.7539072026108187
962,-3.9917934830737067,1.9594041302157166,0.06549171040530155,1.0005854189281826,518,490,0.9459459459459459,0.7137122911539248,ok,1238.5697513838566,-316.1877345319059,-3.8193989130161197
963,-3.381931589706028,2.545947963604135,0.16634017588005726,1.001152002185695,477,453,0.949685534591195,0.8224307367416206,ok,1241.766539167715,-318.9625967223226,-3.985739088896177
964,-1.944725520238535,2.7540465421570843,0.21323211027063274,1.0014532146174326,485,449,0.9257731958762887,0.7944945476903111,ok,1243.5043925556301,-321.85164419641285,-4.1989711991668095
965,-0.39610409326132867,3.044917675089323,0.3305341154367937,1.0019224109275977,466,432,0.927038626609442,0.9079192923924594,ok,1243.6587948881513,-324.91833329387316,-4.529505314603604
966,1.259099597936256,3.3986021562412816,0.24584107700844643,1.0020819359347697,469,432,0.9211087420042644,0.8323165968613737,ok,1242.1211354832712,-328.2003192732026,-4.77534639161205
967,2.52689255323412,3.830660453451287,0.08481498209534681,1.0026769460102898,529,499,0.943289224952741,0.9664972287382338,ok,1239.2787791375129,-331.8031176146244,-4.860161373707398
968,1.4029525695559641,2.1745223867753793,-0.041135914887656534,1.0003381306144066,576,546,0.9479166666666666,0.3627198750416857,ok,1237.6981071129924,-333.85209283992833,-4.819025458819741
969,15.14712138188088,-25.41061180990505,-0.24843707121662334,0.992941536878223,464,415,0.8943965517241379,1.7420426957740704,ok,1224.6240563216818,-307.3152566566649,-4.570588387603117
970,6.5649640351002745,9.109382837585144,-0.4642699625014818,0.9969055194339085,330,279,0.8454545454545455,1.203970498285939,ok,1217.4236456803485,-315.931154465949,-4.106318425101635
971,-5.969190693089331,1.8593172981802581,-0.11228677118941319,0.9993035594645532,353,303,0.8583569405099151,0.7211362309644503,ok,1223.24883285746,-318.2017254728531,-3.994031653912222
972,-5.846539841007143,0.7279744531250572,-0.08323782168359573,0.9993969890109211,530,477,0.9,0.41670296501373477,ok,1229.0321085085343,-319.32675776597966,-3.9107938322286264
973,-1.6416141010518004,0.4940217673782854,-0.016752175254000554,0.9998751416738295,557,528,0.947935368043088,0.43309975682262747,ok,1230.6363829132715,-319.93112354737434,-3.8940416569746255
974,-2.103742415576562,2.096826443160353,0.03879328297475065,1.000275325983937,580,546,0.9413793103448276,0.40270448669479514,ok,1232.5913562050202,-322.16730169599793,-3.9328349399493767
975,-2.0519345717329998,2.1598617659057027,0.12750301672329575,1.0007520711140585,557,518,0.9299820466786356,0.5763842558646991,ok,1234.485207238867,-324.46703354908277,-4.060337956672673
976,-2.3754996254988328,2.6171867161151567,0.21334961777629735,1.0010078788329022,535,489,0.914018691588785,0.7392439573124437,ok,1236.6590669185496,-327.253967145494,-4.27368757444897
977,-0.7320806538104989,1.5237724004288111,0.16097695206603188,1.0007881916005568,615,589,0.9577235772357724,0.5065715168170112,ok,1237.2711343387352,-328.8297837227451,-4.434664526515002
978,-0.3909738390830171,3.202843413876849,0.24870632893149192,1.001907437082874,569,544,0.9560632688927944,0.9622500402614431,ok,1237.3992930099143,-332.0538559663004,-4.683370855446493
979,2.2284603843356763,5.668407506959284,0.11583466440002935,1.0035840502167992,510,478,0.9372549019607843,1.4637404684847475,ok,1234.7044037732126,-337.51594818004173,-4.799205519846522
980,2.789994502306854,4.052286250417183,-0.13269046211412805,1.0021296404440307,623,566,0.9085072231139647,1.0615483469941294,ok,1231.593979862812,-341.3278186232534,-4.666515057732394
981,1.2125091587813586,2.1922849507355977,-0.11679989363215383,1.0000720834856056,661,609,0.9213313161875946,0.281547789681002,ok,1230.2113904690134,-343.4170142420278,-4.549715164100241
982,10.323592483780885,-26.294774979561907,-0.3574262456133532,0.9950805573079161,531,471,0.8870056497175142,1.5474425695100251,ok,1221.8376731148437,-316.43789990019945,-4.192288918486887
983,10.827302203735826,7.050207890444881,-0.28915034786760385,0.9979560102332533,288,229,0.7951388888888888,1.1905288427456227,ok,1210.555577037284,-322.73474136288746,-3.9031385706192836
984,2.8500427378398854,3.3004485455725217,-0.21028053807780406,0.9980376923215376,252,191,0.7579365079365079,0.8708741011825585,ok,1207.498876957705,-325.8447717217408,-3.692858032541479
985,-2.1259201152454352,1.569405627442734,-0.056681618030533204,0.999144904865882,520,482,0.926923076923077,0.5949208848130927,ok,1209.5209846100427,-327.545845206988,-3.6361764145109468
986,-4.386599162059156,1.7199344170340964,0.09734989502642323,0.9995725456948918,509,471,0.925343811394892,0.6340122770951904,ok,1213.7862784030847,-329.54776814918966,-3.7335263095373694
987,-5.411862518041289,1.9112406320746231,0.1982756046416159,0.9996569446486427,588,546,0.9285714285714286,0.40259160153019835,ok,1219.054351476571,-331.82559666781924,-3.931801914178986
988,-5.399569548385443,1.9494779810389673,0.24712488827813023,1.0004379067620985,578,517,0.8944636678200693,0.3459154945771276,ok,1224.2975042836124,-334.1633657642917,-4.1789268024571165
989,-4.387057841926207,2.466910465420483,0.3034491963222083,1.000682135926217,600,560,0.9333333333333333,0.6330568246677143,ok,1228.4783488791631,-336.9655902771856,-4.482375998779325
990,-2.235368558240907,2.5168783743775975,0.1941196816748931,1.0012494165454173,639,612,0.9577464788732394,0.6950415069960525,ok,1230.501075487052,-339.65633857688215,-4.676495680454218
991,-0.15927709087236508,3.130387736798639,0.06917890861628535,1.0018532346939701,638,604,0.9467084639498433,0.8674202846699333,ok,1230.4008202495036,-342.7891720326726,-4.745674589070504
992,2.1473843177402614,3.137544239825502,-0.09934345176740382,1.0019947289700077,642,574,0.8940809968847352,1.0417761480739294,ok,1228.0063363448032,-345.74245666085676,-4.6463311373031
993,3.198288163800953,3.3196636287642605,-0.2199278886091403,1.0019498273107306,655,606,0.9251908396946565,1.051114938127911,ok,1224.561381128355,-348.8053796673189,-4.426403248693959
994,2.6628144041833366,3.5791484507345785,-0.24319977425336609,1.000353918402765,636,585,0.9198113207547169,0.379835999972257,ok,1221.644576773864,-352.18075172698025,-4.183203474440593
995,2.525637971940796,1.296536204875224,-0.14849979843663846,1.0000313882433276,651,598,0.9185867895545314,0.3653363143055536,ok,1219.033973134485,-353.2963690152667,-4.034703676003955
