frame,step_center_dx,step_center_dy_down,step_rotation_deg,ransac_scale_diagnostic,good_matches,inliers,inlier_ratio,median_reprojection_error_px,status,center_x_in_reference,center_y_in_reference,rotation_to_reference_deg
159,0.0,0.0,0.0,nan,0,0,0.0,nan,reference,1280.0,720.0,0.0
160,-0.01987326757739538,0.009580848011410126,0.0006492635703757301,1.0000291234316319,498,486,0.9759036144578314,0.10946901284259467,ok,1280.0198731590078,719.9904189267895,-0.0006492635703757299
161,0.0041767104237351305,0.018781984518341233,0.0008118060706214898,1.0000086439621805,476,469,0.9852941176470589,0.11020782384053729,ok,1280.015695969636,719.9716370487855,-0.0014610696409972197
162,-0.1289648494323501,0.006321737917005521,0.0009408832547678998,0.9999832911096879,487,477,0.9794661190965093,0.1292374872247946,ok,1280.1446605539354,719.9653099044112,-0.00240195289576512
163,0.0068623726715486555,0.023942508650861782,-0.0003419184517200628,1.000005445447559,522,518,0.9923371647509579,0.06865207470438878,ok,1280.1377973204303,719.9413676425082,-0.0020600344440450573
164,-0.09069126226677326,0.043067117137752575,0.0006260310340446612,0.9999622051695534,479,468,0.9770354906054279,0.1661891724856448,ok,1280.2284865635813,719.8982962737492,-0.002686065478089718
165,-0.08788501636718138,0.021517671539868388,-1.4014736375314163e-05,0.9999490727547772,489,480,0.9815950920245399,0.1499271448040086,ok,1280.3163705763532,719.8767745036197,-0.0026720507417144043
166,-0.036331108424974445,0.025248969691347156,-0.00046969753830115364,1.0000139030289703,513,501,0.9766081871345029,0.12305749095453333,ok,1280.3527007142238,719.8515241374406,-0.0022023532034132504
167,-0.04545595859758578,0.05336563865103017,0.0011103386456527275,0.9999903508254183,484,476,0.9834710743801653,0.15114229388622727,ok,1280.3981535872842,719.7981558707343,-0.0033126918490659772
168,-0.07283852436330562,0.015955072789211044,0.0003516239305632279,0.9999779868819823,503,496,0.9860834990059643,0.11884963707797275,ok,1280.470991091102,719.7821961396356,-0.0036643157796292045
169,0.0110437072323748,0.021269925185606553,-0.00032628743372996755,0.9999946139144913,522,516,0.9885057471264368,0.07735152986151972,ok,1280.4599461447112,719.7609268578877,-0.0033380283458992375
170,2.3328979340512888,-5.20712764548864,-0.19384167037663194,0.9998091353253599,350,311,0.8885714285714286,1.1567541159125962,ok,1278.1097478767856,724.960269045949,0.19050364203073267
171,-7.427849864443715,15.541413405458343,-0.28398038248485363,0.9986634600116423,315,266,0.8444444444444444,0.9177870046829752,ok,1285.6660448089406,709.4809001660112,0.47448402451558613
172,1.7376519313022527,4.450233420729774,-0.062246620351740625,0.999752765363881,385,329,0.8545454545454545,0.40562587019292196,ok,1283.9701570374627,705.0145844136388,0.5367306448673267
173,5.1936357792528725,5.373538030609325,-0.00838503055368418,0.9997342042453874,359,311,0.8662952646239555,0.4742778822921291,ok,1278.8278797235605,699.5918777462199,0.5451156754210109
174,0.979635025619018,1.9436286859188385,0.15039968602452136,1.0002019225883716,430,403,0.9372093023255814,0.4268974554020124,ok,1277.8616576784757,697.6415464380217,0.39471598939648955
175,-4.462531461405206,2.1108208012631167,0.2385151294077841,0.9996028405501639,387,363,0.937984496124031,0.5625726052378708,ok,1282.3299271097997,695.542899305183,0.15620085998870545
176,-2.9321420143880914,1.356970195048234,0.6961349401535213,0.9999794824893217,389,345,0.8868894601542416,0.4442023784755644,ok,1285.2491515387726,694.158358357404,-0.5399340801648161
177,-0.5516321370314472,1.291073173327959,0.6754812226004299,1.0002116272067023,420,369,0.8785714285714286,0.45142083398293154,ok,1285.7732740859085,692.8558747647714,-1.2154153027652463
178,0.015285986932894957,1.1518314079585252,0.32838293853351413,1.0002047010765063,419,358,0.8544152744630071,0.3896997501396988,ok,1285.7269620398172,691.7048732668824,-1.543798241298761
179,-0.2521769491604573,0.9199419451069843,-0.08684976520357865,0.9999088805928595,384,350,0.9114583333333334,0.5452576937105084,ok,1285.9556671962414,690.7788169254645,-1.4569484760951825
180,-0.49353504038208484,1.2552083836536667,-0.5699693354628057,1.000003319092742,423,375,0.8865248226950354,0.38864971104710366,ok,1286.4297123630743,689.5161189796827,-0.886979140632376
181,6.550282428038145,5.190797983681023,-0.8437487846966821,0.9991502878292291,358,295,0.8240223463687151,0.9612446656142362,ok,1279.8755152802908,684.3302647400722,-0.04323035593569342
182,-3.6200630227497186,8.439544761583534,-0.5922066701709645,0.9990866720484317,344,296,0.8604651162790697,0.8799839185067682,ok,1283.5762739259903,675.9257922689569,0.5489763142352714
183,-7.270935268071071,3.5600639024955854,-0.4334900638762435,0.9995057110550697,382,327,0.856020942408377,0.7318828088583299,ok,1290.9071826839054,672.4909223375834,0.9824663781115149
184,-3.356591219410575,1.8670852076286337,-0.1841803099575153,0.9996930982450706,407,355,0.8722358722358723,0.4929473454516009,ok,1294.3010927363614,670.6925657704344,1.1666466880690303
185,-0.06927706753344864,0.9337133458263907,0.029208680730392098,0.9998683867263193,487,461,0.946611909650924,0.32055300264901954,ok,1294.3888910487485,669.7604116090412,1.137438007338638
186,1.600306142962836,2.310099504196046,0.5293943910244525,0.9998809043409305,446,380,0.852017937219731,0.4221326736466287,ok,1292.8131901745514,667.4334594768419,0.6080436163141852
187,0.6821391287128336,1.049469833496687,0.24744239121532227,1.0000151154890329,456,404,0.8859649122807017,0.3161865274008934,ok,1292.1376695379886,666.3797172920933,0.3606012250988629
188,1.5369784628114758,1.7535246635195563,0.4934053776700709,1.000256834212555,420,362,0.861904761904762,0.4663608290048107,ok,1290.596630765813,664.6297598516484,-0.13280415257120862
189,0.9512652826288104,1.7839461647587314,0.3139279689611467,1.000173986941733,435,382,0.8781609195402299,0.4869633287811359,ok,1289.631485206186,662.8532848010427,-0.4467321215323558
190,-0.1482915927238082,1.9330622235843293,0.14858564641244518,1.0002200693418497,495,471,0.9515151515151515,0.5660455552406055,ok,1289.7596841460634,660.9187861609462,-0.5953177679448013
191,-0.5230745079104508,1.8284947026825193,-0.0397417122850526,1.000021247704595,457,421,0.9212253829321663,0.6062732660316076,ok,1290.2650041018815,659.0853054381633,-0.5555760556597485
192,6.7653622951488614,4.702378255099688,-0.21969300959089422,0.999314968549639,296,232,0.7837837837837838,1.0987175401054947,ok,1283.4721916263027,654.4226681039632,-0.3358830460688541
193,-3.127450205220839,9.790604429525047,-0.3767613629165787,0.9993883330047526,308,257,0.8344155844155844,0.8076144936625499,ok,1286.6066262515499,644.6342974805335,0.04087831684772488
194,-6.79555837183716,4.259225532222217,-0.3663290037720492,0.9996200309320346,334,282,0.844311377245509,0.642622412714423,ok,1293.432283521993,640.4234758806759,0.40720732061977455
195,-2.576090001705552,2.284605539736276,-0.23031728533237175,0.9998005488204242,417,369,0.8848920863309353,0.433263121810916,ok,1296.033634115783,638.1676750789053,0.6375246059521464
196,0.410042898991378,1.394694537240639,-0.08852334531169087,0.9998718742352368,445,422,0.9483146067415731,0.505404869861517,ok,1295.6412971329912,636.7678966238786,0.7260479512638374
197,1.0776635535980859,1.3838360662408604,0.06419797546564575,0.9999745425025315,465,437,0.9397849462365592,0.5419754852269165,ok,1294.5796904514582,635.37170457165,0.6618499757981917
198,1.5332451514213972,1.173799537349396,0.20880367949289177,1.0000504901439744,496,446,0.8991935483870968,0.3927376285144826,ok,1293.0557745430897,634.1858182565,0.4530462963052998
199,1.2979133912813268,1.1010901941607472,0.3016719014851928,1.000018002789847,460,404,0.8782608695652174,0.43450448527163954,ok,1291.7607747382076,633.081302845879,0.15137439482010673
200,0.5510281002002557,1.084660846706356,0.21194991209188516,1.0001823411534145,446,406,0.9103139013452914,0.6032280072005618,ok,1291.2086001969355,631.9972251754332,-0.06057551727177848
201,-0.2248546555865687,0.9453536496423567,0.13736991354790376,1.0000707288180868,519,476,0.9171483622350675,0.4182061447128743,ok,1291.4301875098056,631.0511003412776,-0.19794543081968227
202,0.7314553969847566,-0.8197058267251123,0.04238010761720468,0.9999727181284939,446,408,0.9147982062780269,0.5878090085705197,ok,1290.7021767702693,631.8738670173559,-0.24032553843688698
203,5.322908248876274,7.228140630075131,-0.002947671832829082,0.9995315236384638,431,390,0.9048723897911833,0.6177702771063844,ok,1285.3493679201324,624.6678413021647,-0.23737786660405788
204,3.2848033379661956,8.027942713860966,-0.10322733943700836,0.999294932323751,504,450,0.8928571428571429,0.6266023496861273,ok,1282.0457772316654,616.6476115205921,-0.13415052716704948
205,0.895071135226317,3.0968494155767985,-0.18107156233926275,0.9997096052181415,510,445,0.8725490196078431,0.49837145605710276,ok,1281.1532424885058,613.5500301460152,0.04692103517221331
206,-0.26840097441731814,0.5012589347552421,-0.3182280826277099,0.9998648115606747,489,429,0.8773006134969326,0.41995930942011306,ok,1281.4248325410963,613.05049191317,0.3651491177999233
207,-0.5247919262278629,0.6347008953391651,-0.24795618247606127,0.9998664152597384,510,455,0.8921568627450981,0.30654445929537083,ok,1281.956386040092,612.4214428927565,0.6131053002759846
208,-0.6248702076075006,0.5160103829737182,-0.06882228636256126,0.9998927737839756,543,515,0.9484346224677717,0.4077139388317861,ok,1282.5873533398064,611.9129060126945,0.6819275866385459
209,-0.2842100249615669,0.28826119161249153,0.027829601188335724,1.0000076543176886,568,543,0.9559859154929577,0.28166854530732205,ok,1282.8748356100014,611.6279081228739,0.6540979854502103
210,-1.0267680771401047,1.0937041367064921,0.3333853632103651,1.0001382315637917,556,513,0.9226618705035972,0.42331674466283653,ok,1283.9077095692053,610.5399684153163,0.3207126222398451
211,-0.2432262281090516,0.5433050799401826,0.15441268598316682,1.0001407090981982,563,523,0.9289520426287744,0.39470024804404713,ok,1284.152511703491,609.9973715825037,0.16629993625667827
212,-0.46022759072070585,0.9522483239088615,0.26204034798625553,1.0000783491560707,541,481,0.88909426987061,0.476368307903744,ok,1284.6111474593727,609.0443555547923,-0.09574041172957734
213,-0.5037555033959507,1.1956189603611165,0.1539133042787846,1.0002105964960104,532,500,0.9398496240601504,0.442834807986234,ok,1285.109688551352,607.8465529478556,-0.24965371600836206
214,-1.5261531978819676,9.142187850723985,0.1204194249744812,0.9987703747143069,457,381,0.8336980306345733,1.3376844654017148,ok,1286.5767609817858,598.6946984491656,-0.3700731409828434
215,3.377205007282555,4.160357790566195,0.007033428756463542,0.9996704130417986,558,515,0.9229390681003584,0.43598234427185684,ok,1283.1722468810858,594.5566585333515,-0.3771065697393069
216,8.933475969187157,3.9297099246747393,-0.052529798445861225,0.9995756183289454,513,451,0.8791423001949318,0.6356971886291614,ok,1274.2166528300218,590.6776189387251,-0.32457677129344564
217,4.168311430297081,1.726352032244904,-0.12726137581788893,0.999782804249679,579,520,0.8981001727115717,0.42798189829633604,ok,1270.0424209122298,588.9656319599002,-0.19731539547555657
218,0.33917536207172816,1.7014787311736654,-0.3623334457096875,0.9998683450138287,593,543,0.9156829679595279,0.3432867470971526,ok,1269.7081473931353,587.2631834251993,0.1650180502341312
219,-0.8074865660653359,1.2730319280019557,-0.30305090825361336,1.0000348458133657,595,543,0.9126050420168067,0.3989432848635019,ok,1270.5260067348959,585.9967905394078,0.4680689584877446
220,-1.5627674131328604,1.4176483906271642,-0.12002372932071986,1.0000131731982524,590,548,0.9288135593220339,0.37428404320716846,ok,1272.1032425332405,584.5952570280647,0.5880926878084645
221,-0.6453095457432028,0.5881084321390517,0.03398601290173656,1.0000404860109884,608,588,0.9671052631578947,0.285261607299709,ok,1272.7542094016615,584.0134167802319,0.5541066749067279
222,-1.3783371052086295,1.4419934885567045,0.2319395446946557,1.0000921488484535,546,504,0.9230769230769231,0.5116410581708875,ok,1274.1406328271914,582.5791962665808,0.3221671302120722
223,-0.5102849958984734,1.3340550350850435,0.4173163135450224,1.0000946064943963,554,505,0.9115523465703971,0.4114975423257567,ok,1274.648701699927,581.2442956582088,-0.09514918333295015
224,-0.38402620117744846,1.5034810718759672,0.2619850662462456,1.0001640209173346,608,565,0.9292763157894737,0.5170285878622132,ok,1275.0233490507464,579.738450108624,-0.35713424957919576
225,6.735319210630223,3.5000408959958804,0.20907833491895533,0.998932401828032,586,504,0.8600682593856656,1.3163660381646651,ok,1268.2537709211442,576.3051393027196,-0.566212584498151
226,3.042293893133092,11.801349102965332,0.09127320418529285,0.9991275563992008,535,469,0.8766355140186916,0.7349094076283824,ok,1265.0762563815497,564.5394776497175,-0.6574857886834438
227,0.07566911587264258,4.8154289938822785,-0.02114393089469852,0.9996791169919741,536,474,0.8843283582089553,0.39203657562646765,ok,1264.947111622715,559.7251860256586,-0.6363418577887454
228,-0.8733038644281805,2.466250195505154,-0.11315176366764676,0.9998916475720357,571,506,0.8861646234676007,0.35737838722535503,ok,1265.7978590995558,557.2510642830791,-0.5231900941210987
229,-0.8623624675046813,2.0698570350866703,-0.1680631974518984,0.9999803164062286,600,542,0.9033333333333333,0.311586934705517,ok,1266.6473758341722,555.1759020029994,-0.35512689666920033
230,-0.963106199989852,1.7256919495188185,-0.3180416386556074,0.9999513726549114,591,533,0.9018612521150592,0.384438623234472,ok,1267.6093648613723,553.4495870350288,-0.03708525801359322
231,-0.9450557824000043,1.5750225666322422,-0.2743691216550162,0.999984234592072,603,534,0.8855721393034826,0.4043241945303907,ok,1268.560935295113,551.8784918033896,0.23728386364142268
232,-0.8634924552166012,1.2178460491145415,-0.11063440393912441,0.9999585279794354,636,612,0.9622641509433962,0.39694277585829385,ok,1269.4318069351916,550.6659115767377,0.34791826758054695
233,-0.3337589670386478,0.6162653647398884,0.015122332008512042,1.0000113960737442,643,601,0.9346811819595645,0.3175483439948675,ok,1269.7691397584351,550.0515951971586,0.3327959355720349
234,-0.7119820643204093,2.1938965592620434,0.32789436492267626,1.000180692880675,603,550,0.912106135986733,0.5360789559609636,ok,1270.4813095048116,547.857759554955,0.0049015706493588385
235,-0.15557954387122663,0.7139030270353715,0.15565363761710946,1.000100710131845,646,597,0.9241486068111455,0.37126308306914535,ok,1270.6350101478506,547.1434496510542,-0.15075206696775045
236,10.623816063831555,5.939086726415212,0.46199974084163065,0.9987764548018422,428,350,0.8177570093457944,1.2897374629757383,ok,1259.9482870483905,541.3183171806747,-0.6127518078093807
237,-3.9138169282409763,11.343188209317077,0.3483462725644727,0.9991690597867066,494,441,0.8927125506072875,0.9654450901814937,ok,1263.671287945386,529.9110762337697,-0.9610980803738532
238,-9.39820049418222,5.368154727719798,0.12929387092687106,0.9997576790553279,518,440,0.8494208494208494,0.7136126285526595,ok,1272.9656317796914,524.3650478891528,-1.0903919513007239
239,-0.45169375550312907,0.989843710404557,-0.04179363253531006,0.9999145409639789,628,587,0.9347133757961783,0.3249227828357139,ok,1273.3991352844446,523.3671037368306,-1.048598318765414
240,3.270930208109803,1.4552652914933333,-0.23605961357728195,0.9999544595302658,567,512,0.9029982363315696,0.4457174309974775,ok,1270.107896868542,521.9583698426417,-0.8125387051881322
241,3.542511621018093,1.3930138351224741,-0.35260620150255656,0.9999539583917467,638,562,0.8808777429467085,0.4241324258327164,ok,1266.5543173125786,520.5938375164101,-0.45993250368557603
242,0.09114803441229924,1.1944974510695374,-0.4000246561882146,0.9999677087808203,647,577,0.8918083462132921,0.351185110664058,ok,1266.4619203746,519.3994360216683,-0.05990784749736202
243,-0.9629008186250303,1.249339537793162,-0.32376512128183266,0.9999804800241147,587,519,0.8841567291311755,0.44502339099408095,ok,1267.4305643936498,518.1545440458082,0.26385727378447016
244,-1.1272709840288826,1.322956145700573,-0.1637390074008377,1.0000972936636494,633,557,0.8799368088467614,0.4072383788599027,ok,1268.5676770667706,516.8400374450229,0.4275962811853075
245,-0.3605049355903702,0.563695380346644,0.002745451861449685,1.0000433377610023,662,612,0.9244712990936556,0.33074840318210874,ok,1268.9323518803626,516.2790306975228,0.4248508293238578
246,1.5254806310149434,-2.9867352306725934,0.37467576228095933,0.9998020704688988,562,482,0.8576512455516014,0.7109080659534016,ok,1267.4042562904754,519.2644288890391,0.05017506704289912
247,-5.869290946445517,15.674327291126929,0.35821541642797294,0.999036503214985,576,488,0.8472222222222222,0.8228215043047785,ok,1273.189192644697,503.5587731045455,-0.30804034938507313
248,1.7824875312007862,4.451342420412857,0.09610130473833642,0.9998631367330088,668,628,0.9401197604790419,0.4893959139386811,ok,1271.375351715932,499.1201142724441,-0.4041416541234094
249,7.38506209103457,6.175463390037521,0.19690363792263899,0.9995552348036651,612,548,0.8954248366013072,0.5790643188847829,ok,1263.9259151875517,493.0224601678096,-0.6010452920460481
250,-0.4772902161357706,2.109913551452337,0.03530485401319891,0.9998914338400166,557,512,0.9192100538599641,0.6081322617446443,ok,1264.3797428934101,490.9073758767193,-0.6363501460592468
251,-1.6811019482615848,0.9345685224311637,-0.017018160502337443,0.9998343704889606,635,612,0.9637795275590552,0.36370386208450145,ok,1266.0506447186146,489.9546906327398,-0.6193319855569094
252,-3.325805617535025,1.4687598668562032,-0.11140812121905266,0.9999940056852465,649,594,0.9152542372881356,0.409433180700404,ok,1269.3632993509734,488.4565057847236,-0.5079238643378569
253,-0.4669272758740135,1.2082257168137858,-0.1607976549320293,1.0000272527987963,661,615,0.9304084720121029,0.3040115647349866,ok,1269.822898072491,487.2454733826363,-0.34712620940582783
254,0.6084033332163017,1.450533811970672,-0.2182698954387107,1.0000436326712885,619,564,0.9111470113085622,0.42569416020474393,ok,1269.2112340780416,485.79631151678655,-0.12885631396711766
255,0.10412932254598672,0.47464391118001004,-0.044222196059138935,0.9999879710272035,700,654,0.9342857142857143,0.3235043551481902,ok,1269.1064037519398,485.3218219373821,-0.08463411790797883
256,-0.10882747444725283,0.836514866355742,-0.05510142037670723,1.0000266900373547,650,625,0.9615384615384616,0.34247115459540367,ok,1269.214800036377,484.4852510878129,-0.029532697531271693
257,-0.10240900521216645,0.4633404559826886,-0.0005423631830721017,1.000014928823433,662,636,0.9607250755287009,0.2759136067229382,ok,1269.3169745889757,484.0218588745636,-0.028990334348199597
258,4.929568187411633,12.147121033108078,0.1226915373064685,0.9987799926797128,534,454,0.850187265917603,1.1548224548482549,ok,1264.3552660559417,471.8878306752995,-0.15168187165466787
259,-3.9457624365079482,3.7570452451142273,0.051988651597139474,0.9998146405781141,626,563,0.8993610223642172,0.46191202975388873,ok,1268.2876483427328,468.1167831113297,-0.20367052325180726
260,-10.354885028073795,3.7252286123921294,0.265912896426485,0.9998032614878138,556,492,0.8848920863309353,0.7139318583250795,ok,1278.6116547996342,464.3068142352,-0.4695834196782918
261,-4.0468749690639925,1.8544318832859972,0.4066560112712821,0.9998563063585262,592,525,0.8868243243243243,0.45708059835718556,ok,1282.6296973192664,462.3907116973874,-0.8762394309495734
262,0.5120052480447157,0.8607586327458421,0.06051847539689047,1.0000103131656264,572,542,0.9475524475524476,0.3724649476761617,ok,1282.1036881461457,461.53843876712097,-0.9367579063464638
263,0.48885654840091775,0.3012850401837568,-0.044987760884316434,0.9999741463622195,663,635,0.9577677224736049,0.32551618962927625,ok,1281.610201699844,461.2447986341865,-0.8917701454621474
264,1.2009131107354278,0.497310578222141,-0.2275220600440005,1.0000390678153313,657,612,0.9315068493150684,0.4497398762279674,ok,1280.403603942953,460.7614437295743,-0.6642480854181475
265,1.0892019371847255,0.7079318057669752,-0.37393301997092715,1.0000262039338244,646,586,0.9071207430340558,0.34342817994188335,ok,1279.3108289454585,460.05903992375136,-0.2903150654472213
266,0.5958476058283395,0.6396674838415493,-0.3472496002295109,0.9998781191842168,617,549,0.8897893030794165,0.43184743770247214,ok,1278.7156172681425,459.4187806649803,0.05693453478228881
267,-0.5243680141236382,0.8555402849822258,-0.24517659995305627,1.0000875932804123,647,574,0.8871715610510046,0.3514412177239298,ok,1279.2444890938455,458.5660171658545,0.3021111347353444
268,1.4860573303324145,-2.822716165346492,-0.14832739265621667,0.9998836748448166,604,563,0.9321192052980133,0.6024818063620863,ok,1277.7362867497066,461.3769633816824,0.45043852739156076
269,-8.360755897345825,12.937851620223341,-0.0016504751973924338,0.9993558777022753,502,432,0.8605577689243028,0.7815864832862853,ok,1286.1988666854102,448.5054838803297,0.45208900258895307
270,-1.5962062269522903,3.418957962550735,0.09998716420024138,0.9997230091938213,555,528,0.9513513513513514,0.4331948942652183,ok,1287.8160532864779,445.0963996387805,0.35210183838871195
271,-0.635694672695081,1.1938892292123455,0.10579037652590023,0.9998739140821488,611,582,0.9525368248772504,0.3993287959462216,ok,1288.4568745345773,443.90525425029654,0.24631146186281197
272,-0.24757927733458018,0.2885242953557281,0.4532173290069855,0.999978322640672,578,517,0.8944636678200693,0.380819586887285,ok,1288.7034102842238,443.6158377826892,-0.20690586714417236
273,-0.08913952613374931,0.11271798125198984,0.23056728827012746,1.0001250377788182,567,520,0.9171075837742504,0.6285894149970224,ok,1288.7916865794864,443.502442482471,-0.4374731554142993
274,-0.04864696996310158,-0.10339284791996306,0.11624366254560478,1.000064917041241,577,542,0.9393414211438474,0.4563168625349313,ok,1288.8413304694457,443.6053603763345,-0.5537168179599038
275,-0.169603597124933,0.03185546244708348,-0.050131448761131465,1.000033216638775,620,584,0.9419354838709677,0.3787290534376633,ok,1289.0106475344858,443.5720154797008,-0.5035853691987725
276,-0.27089629201850585,0.0017438383815715497,-0.23522614753716944,1.0000174570437808,613,549,0.8955954323001631,0.4152791573056582,ok,1289.2815326874352,443.5690028540375,-0.26835922166160336
277,-0.5877887116100737,0.4036265503550567,-0.3264098601633069,1.0000720199072926,601,530,0.8818635607321131,0.46190179591305025,ok,1289.8697300415251,443.16597204344214,0.05805063850170299
278,-0.5688454125390763,0.6810024546116438,-0.3438428089814612,1.000101144808378,596,534,0.8959731543624161,0.40126490805762877,ok,1290.4433382200177,442.4889763978725,0.4018934474831635
279,1.0968226699028492,-3.6952872885121906,-0.1374862151614331,0.9998335360800588,647,618,0.955177743431221,0.6805116844988666,ok,1289.311777411564,446.17377466244864,0.5393796626445962
280,-7.3875648314106,14.801627560097813,-0.20467418493980988,0.999104166095685,589,518,0.8794567062818336,0.9441031024123067,ok,1296.8909306652768,431.46932878635806,0.7440538475844057
281,-1.7424608024821282,5.674781478682462,0.021748002862575805,0.9996351482619245,619,560,0.9046849757673667,0.4610928251141261,ok,1298.704790899291,425.81696418997495,0.72230584472183
282,0.09472928517880064,0.12348128122459912,0.19671536168802392,0.9999905374204008,625,583,0.9328,0.291130377548247,ok,1298.6111983128085,425.6926191376452,0.5255904830338064
283,0.33072202807375106,-0.23556759297184726,0.298537543709282,1.0000294471807125,614,547,0.8908794788273615,0.33792343059641533,ok,1298.2795453717054,425.9268742920589,0.22705293932452505
284,0.17274340243216102,0.04477731502811366,0.2865708305505332,1.000019686366644,652,605,0.9279141104294478,0.2968995244968226,ok,1298.1067555485618,425.8822764440959,-0.05951789122600742
285,0.034193639914519736,0.09384830632120611,0.2048605934727316,1.0001105478931054,637,602,0.945054945054945,0.46732473198619634,ok,1298.0721292323044,425.78858691515916,-0.2643784846987384
286,-0.19554172445668883,0.3109431816222923,0.057443346443040416,1.0001635225041412,670,642,0.9582089552238806,0.37426668720147516,ok,1298.2659213599957,425.4765503156299,-0.3218218311417787
287,-0.4032136063542566,0.4659784171501542,-0.09613126168672023,0.999990696711121,670,629,0.9388059701492537,0.3864288699650297,ok,1298.6672963336882,425.00898724171145,-0.2256905694550588
288,-0.35255482551292516,0.3215575057333808,-0.10381047302489563,0.9999975414239773,660,620,0.9393939393939394,0.32751403329688594,ok,1299.019166342047,424.686680506281,-0.1218800964301635
289,0.04914840269293563,-1.9117638801694739,-0.4514924093426675,0.9999370733828914,586,523,0.8924914675767918,0.4583517975712074,ok,1298.959020779591,426.5981300113226,0.3296123129125026
290,-8.466011648474705,12.919407763899471,-0.23931133992639841,0.9993062983870993,517,441,0.8529980657640233,0.7194674782598507,ok,1307.5528973969172,413.76342179928344,0.5689236528389003
291,-1.543624718766523,5.440998213888179,-0.15588591545507827,0.9997438272389478,597,526,0.88107202680067,0.4689422287931187,ok,1309.1652271007626,408.34238575789624,0.7248095682939781
292,0.14385667253077372,1.0072276955049801,-0.03426167064182757,0.9999772137336255,593,568,0.9578414839797639,0.32920396117177514,ok,1309.0347267093623,407.33334065450964,0.7590712389358056
293,0.9630913752223478,0.6776841861521916,0.02301521244604138,1.0000417639726509,608,580,0.9539473684210527,0.2871036368355717,ok,1308.080420503994,406.64334027799976,0.7360560264897643
294,0.8234419820716994,0.5803096613217349,0.13081284895331938,0.9999783165748466,676,644,0.9526627218934911,0.36566785106935135,ok,1307.263154443411,406.05436473769197,0.6052431775364453
295,0.6909534970143341,0.5080834989996674,0.22373006617069827,1.0000133291377837,629,574,0.9125596184419714,0.3953799995554459,ok,1306.5755993942398,405.54169171192297,0.38151311136574767
296,0.4642994496246047,0.47069271380485134,0.19580659523494895,1.000096686912522,644,606,0.9409937888198758,0.4066998574736761,ok,1306.1128279853344,405.069496590336,0.18570651613079928
297,0.03413421151685725,0.3911770924089524,0.139984009047552,1.0001334744759307,636,597,0.9386792452830188,0.41086817403228487,ok,1306.079005947216,404.67829238310014,0.04572250708324767
298,-0.2925873003880497,0.49664739179615935,0.05470011394261355,1.0000584905608476,680,646,0.95,0.3521603446959498,ok,1306.3715154249296,404.1815991522483,-0.008977606859365729
299,-0.5650427310717987,0.6224496943095801,-0.04849163419505592,0.9999646170916965,677,649,0.9586410635155096,0.32925175486672187,ok,1306.9369872939512,403.559539287582,0.03951402733569005
300,-0.2914762894552041,0.4181804691902471,-0.0637390313204057,0.9999470673698269,660,625,0.946969696969697,0.311989807370475,ok,1307.2292167151656,403.14188476826814,0.10325305865609558
301,5.06645034346343,13.080415429548225,-0.28337070301324424,0.9990380286814474,565,510,0.9026548672566371,0.9452652557877252,ok,1302.2511458290141,390.0275797106299,0.386623761669339
302,-6.4672293329190325,5.551922492401218,-0.3710355395052588,0.999680853258056,666,607,0.9114114114114115,0.5414847061980655,ok,1308.7912242614198,384.5616605103322,0.7576593011745968
303,-6.124706300430034,0.6508802055651586,-0.2883949208702661,0.9999561469301648,626,565,0.902555910543131,0.5163968165724244,ok,1314.9267923610892,384.02270188219626,1.046054222044862
304,-0.9831984510146867,-0.056693013984158824,-0.061664891655592476,0.9999156014117169,652,630,0.9662576687116564,0.3154614279684162,ok,1315.908711071366,384.09839163262893,1.1077191137004543
305,-0.2563098750158588,0.11051127493192325,0.020160036903448586,0.9999018884627897,735,710,0.9659863945578231,0.2148044466544132,ok,1316.1670723162833,383.99276511587055,1.0875590767970056
306,0.9794431779132537,-0.5739196538663691,0.2568955381717243,0.9999779654811077,674,618,0.9169139465875371,0.30270189294308025,ok,1315.1794117807253,384.55242516836324,0.8306635386252823
307,1.0018492903636798,-0.015885563046253992,0.34559441030712296,1.0000209903800774,623,572,0.9181380417335474,0.34771003337868317,ok,1314.1774639070318,384.559828553861,0.4850691283181604
308,1.0076757513022585,0.25650406394140646,0.23839451182577026,1.0000572767451692,660,602,0.9121212121212121,0.3241493677516799,ok,1313.1709018140805,384.29898855000005,0.24667461649239075
309,0.43335050789960405,0.5346465874531532,0.15239485143909087,1.0001305516836267,673,645,0.9583952451708767,0.3976094862238757,ok,1312.738431649316,383.7636296117532,0.09427976505330037
310,-0.3642788235970329,0.8114424274602925,0.0721805609746372,1.0000429315614172,740,712,0.9621621621621622,0.34343944536013976,ok,1313.1030234222958,382.952327748401,0.02209920407866339
311,-0.1280632355480975,0.5093228678491641,-0.0007466749436213792,1.0000071327429274,735,704,0.9578231292517007,0.2463583127724059,ok,1313.2312897329243,382.4430559844371,0.022845879022284767
312,2.0627268204539178,-1.9773553642852448,-0.10850992194707773,1.0000468387337735,684,646,0.9444444444444444,0.4864242567866466,ok,1311.1640350697148,384.4156771670078,0.13135580096936222
313,0.7187033599666393,13.945195473756712,-0.2749450412047685,0.9990399180616341,632,568,0.8987341772151899,0.9617112627286201,ok,1310.5442383410086,370.4657358289234,0.40630084217413
314,-8.969475142241208,2.8039973274431986,-0.23283988180378043,0.9998709516667715,661,605,0.9152798789712556,0.5733249570384368,ok,1319.544433674055,367.76196636637627,0.63914072397791
315,-3.8997593696210515,0.8492772698818953,-0.15447354449285353,0.9999282471349503,657,604,0.9193302891933028,0.39982034400441147,ok,1323.4555820728865,366.9667851138286,0.7936142684707632
316,-0.09398087101612873,0.29589493483217666,-0.03577100677047075,0.9999294025662268,663,641,0.9668174962292609,0.3096164119059609,ok,1323.5538361763652,366.67228155234625,0.8293852752412338
317,1.289080567173869,1.0947582759936267,0.05615656695755101,1.0000507757421202,702,663,0.9444444444444444,0.3173310896986497,ok,1322.2796467325745,365.56022685366713,0.773228708283683
318,0.7760641101865531,0.29866183286242176,0.07035708053431552,1.0001047025342444,671,640,0.9538002980625931,0.2785238668469098,ok,1321.5073047359604,365.2520674244834,0.7028716277493676
319,1.6724715075688437,0.763211352818189,0.21530655088296452,0.9999682181667157,665,626,0.9413533834586466,0.35801105575907,ok,1319.8413883399237,364.4746517865424,0.4875650768664036
320,1.1185255018619955,0.8403093178505969,0.3421518987495464,1.000059585055868,681,630,0.9251101321585903,0.3319913353544923,ok,1318.724999091622,363.63150642881385,0.1454131781168579
321,0.023831025551089624,1.0193398855836904,0.33037979263074485,1.000048661568294,678,624,0.9203539823008849,0.33906140659961986,ok,1318.697877485041,362.61224878789204,-0.1849666145138862
322,-0.41526712758764006,1.1224808339685524,0.13813370073118558,1.0000820393114487,673,640,0.950965824665676,0.36732317287717975,ok,1319.1068081895476,361.48744405426334,-0.3231003152450715
323,-8.038929654293725,4.35555393468394,-0.07608390495084391,0.9993889480997663,682,616,0.9032258064516129,0.8267015781563478,ok,1327.1268853123956,357.09727287215765,-0.24701641029422777
324,2.931202253729225,8.773217444506827,-0.23256789050058807,0.9994321283633705,669,606,0.905829596412556,0.5858625777374131,ok,1324.1934707724272,348.3247948803033,-0.014448519793640043
325,6.758008701168819,3.249399969674414,-0.3455131250168325,0.9998458700006091,675,617,0.914074074074074,0.4241850183604677,ok,1317.4543503589914,345.0364004664276,0.33106460522319187
326,0.0008567525865146308,0.0025244726332402934,5.051972724495831e-06,0.9999972903110317,997,996,0.9989969909729187,0.0027429911537939894,ok,1317.4535082072287,345.03387108557877,0.3310595532504674
327,-1.6349403791300574,1.6344925550407652,-0.7634989671163577,0.9999616517368868,647,590,0.9119010819165378,0.3447434039717163,ok,1319.1193731346889,343.4309082041459,1.0945585203668236
328,-4.046342068573267,0.6271027014984156,-0.12676989253991566,1.0000624599988883,625,573,0.9168,0.38414259827720165,ok,1323.1781623842637,342.8901940822025,1.2213284129067388
329,-0.7518255403360854,0.49983923554816556,0.0921752472949438,0.9999979295606761,681,659,0.9676945668135095,0.28410022685786646,ok,1323.9396918454909,342.4052675061334,1.1291531656117955
330,0.12357847642806519,0.5269259192840536,0.2933339249921527,0.9999596067843187,670,627,0.935820895522388,0.30084798783922395,ok,1323.823812933907,341.87659497790844,0.8358192406196434
331,0.10410283611736304,0.5700251969785768,0.41800499057083695,1.000006653912433,667,620,0.9295352323838081,0.32400711264072085,ok,1323.723869586166,341.30582580134023,0.4178142500488069
332,-0.1974826910320644,0.4057097938413108,0.17342868331232072,1.0000588782162005,724,686,0.9475138121546961,0.3149100904365777,ok,1323.9230809628307,340.90096202488746,0.24438556673648634
333,-0.22196080843809796,-4.330453364122604,0.4446588738137004,0.9999094598175653,672,618,0.9196428571428571,0.7232647353524561,ok,1324.160177175079,345.23061308767063,-0.2002733070772135
334,-5.409215466690284,9.157756855684966,0.05390524704822074,0.9994469734469277,684,631,0.922514619883041,0.6308605299530762,ok,1329.5287134243317,336.0489497779328,-0.2541785541254342
335,-2.4259958746724806,10.489579801123341,-0.018603789247140446,0.9994147169498137,674,607,0.900593471810089,0.5992842723352196,ok,1331.9115604277192,325.54948405121576,-0.23557476487829374
336,0.42661091768900405,4.1584016183554695,-0.21219755293746492,0.9997874401914456,662,614,0.9274924471299094,0.3577291408912072,ok,1331.4832528789773,321.39125684021315,-0.023377211940829007
337,1.9304471282814575,1.5029893085093136,-0.47412066020321547,0.9999442727168242,672,623,0.9270833333333334,0.316254104866965,ok,1329.564689317806,319.87312745233805,0.4507434482623862
338,0.5024259337260446,0.2942932501807718,-0.07926784630290061,0.9999935304425357,725,704,0.9710344827586207,0.22644622866969313,ok,1329.0650071842556,319.5741991977467,0.5300112945652868
339,0.9032458584504184,0.577327997051384,-0.1302469772026141,1.000039399167826,708,681,0.961864406779661,0.3318476830337104,ok,1328.168474094791,318.98650104692274,0.6602582717679008
340,0.5404906201563335,0.5326032278061348,-0.05180054029999922,1.0000395919501135,763,740,0.9698558322411533,0.2676493982693656,ok,1327.634644113772,318.44722202812807,0.7120588120679
341,0.3180914903980465,0.7238306187977059,0.03617365730703392,1.000049508389218,719,695,0.9666203059805285,0.2558781791516808,ok,1327.325113168126,317.7196895170606,0.6758851547608661
342,-0.030023814868400223,0.7630423891653209,0.1231462075404922,1.000044239672546,692,667,0.9638728323699421,0.3455417660440162,ok,1327.3624966290372,316.95697227327184,0.552738947220374
343,-0.37425151567072135,1.0886426209615365,0.18283942120467295,1.0000503823258104,675,645,0.9555555555555556,0.37064705701227596,ok,1327.7437685348652,315.8707684770246,0.3698995260157011
344,-0.24361177918854082,0.695447991625997,0.14636814189225272,1.0000813524156387,733,709,0.9672578444747613,0.28896150261054226,ok,1327.9900916452416,315.1762761924667,0.22353138412344836
345,5.759078608918344,3.4110327624902084,0.33345881970769836,0.9994463633513541,680,620,0.9117647058823529,0.8666981265929735,ok,1322.2244792471924,311.77629904461054,-0.10992743558424996
346,-3.7672706790901884,10.89403775570429,0.17973023115081904,0.9993828022286751,619,561,0.9063004846526656,0.7142673506232174,ok,1325.9366274293966,300.8633552224513,-0.289657666735069
347,-6.592484888891931,4.5216951478270175,-0.02183279648244247,0.9997159935715185,670,620,0.9253731343283582,0.49589866257290566,ok,1332.5079040431692,296.31089350537565,-0.2678248702526266
348,-2.2311129586034895,2.5654763097675186,-0.17986245350388472,0.9998941653223726,686,633,0.922740524781341,0.33717633472076036,ok,1334.7350757680988,293.74199494028954,-0.0879624167487417
349,0.5425807129217901,2.316706288330579,-0.3076546562371686,0.9999099543469633,713,648,0.908835904628331,0.29933763262778523,ok,1334.2013820915088,291.423225241507,0.21969223948842717
350,1.1147726945646355,1.7292732665905532,-0.1574976892075156,0.999941897818186,747,712,0.9531459170013387,0.37723742649932723,ok,1333.0980176333971,289.68665072146257,0.37718992869594287
351,1.2805365746239659,1.5292007245725472,-0.07520908344587846,0.9999708123583017,696,668,0.9597701149425287,0.3486406971429374,ok,1331.8295951933505,288.14738684266575,0.45239901214182127
352,1.4159919485248338,2.163357989583119,-0.02269595882893414,0.9999883741756007,687,668,0.9723435225618632,0.41030202970266744,ok,1330.4315902213139,285.972361995097,0.47509497097075537
353,0.10918468405498061,0.6670914861549591,0.02228412483716734,0.999985289118642,780,757,0.9705128205128205,0.22234723034708323,ok,1330.3276809428933,285.3044284594884,0.4528108461335882
354,-0.4398085600976174,1.5346401166881378,0.0950183069289925,0.9999839130396491,745,724,0.9718120805369127,0.2778611156827444,ok,1330.7770641678505,283.77256470105203,0.3577925392045956
355,1.1822682720890043,-0.16581965612272143,0.11267543172990375,1.0001942986568348,675,646,0.957037037037037,0.3796573850843939,ok,1329.5940973237643,283.93332499259907,0.24511710747469173
356,7.379487340763944,14.741654875702011,0.342279689743282,0.9989381266055143,510,458,0.8980392156862745,0.918679760918516,ok,1322.1896216047091,269.204205493704,-0.09716258226859058
357,-5.033567568570106,6.119259853327549,0.2924605170942192,0.999400831524344,629,599,0.9523052464228935,0.7355356101839203,ok,1327.181460884192,263.05085809348975,-0.38962309936281014
358,-4.807764859833469,1.3056556041316298,0.12773406317394354,0.999572587938818,646,617,0.955108359133127,0.5334585182044536,ok,1331.9772403793772,261.7018441804366,-0.5173571625367538
359,1.361676673209331,-0.11044228288142222,-0.06776334150409404,0.9999963601575688,666,645,0.9684684684684685,0.40351944353425645,ok,1330.6164722475278,261.8229678839514,-0.44959382103265966
360,4.18939276311653,0.20883481966484396,-0.23806669813889778,0.9999812087636514,728,657,0.9024725274725275,0.3464359798582139,ok,1326.4263370505178,261.6296010400161,-0.21152712289376174
361,1.6426151525490695,0.342489364843118,-0.33680494325326105,1.000011817238548,701,641,0.9144079885877318,0.32311888055465604,ok,1324.7844746804742,261.28352090153766,0.1252778203594995
362,-0.4671962070437985,0.4008646409396306,-0.21403172203857465,0.999953045396168,668,631,0.9446107784431138,0.4827008058522912,ok,1325.2540366291132,260.88543004178047,0.3393095423980742
363,-0.9573621345377887,0.8232785861507637,-0.1488409461740558,0.9999436281617462,745,712,0.9557046979865772,0.39590687688149806,ok,1326.2183781290034,260.0703378024292,0.48815048857213017
364,-0.7997538444105885,1.1502044338722044,-0.04020610782397222,1.0000202183368017,702,673,0.9586894586894587,0.39455389426492654,ok,1327.028704500677,258.9275571486205,0.5283565963961024
365,-0.1853154122795786,0.661851594263112,0.03274934186384768,1.0000018902901426,734,709,0.9659400544959128,0.2743103812986787,ok,1327.219737910747,258.26733326909635,0.4956072545322546
366,-4.468544660897351,4.137178692176121,0.251874686915617,0.9994644303659639,608,577,0.9490131578947368,0.8719017316881678,ok,1331.7058413798482,254.14920085476678,0.2437325676166375
367,-2.500505879339471,9.761239761784509,0.2560394294303947,0.9995035980665854,720,641,0.8902777777777777,0.5876241327503192,ok,1334.2042505334955,244.38742422135505,-0.012306861813757168
368,-0.2055804581968914,2.809491610299574,0.14266244194932054,0.9999486012663484,761,720,0.9461235216819974,0.2912782940450078,ok,1334.4022313479484,241.5773868496737,-0.15496930376307771
369,1.0916779888937072,3.753381243256854,0.2599271513561977,0.9999439105138773,706,682,0.9660056657223796,0.42139408972336234,ok,1333.2834028242646,237.83200912195957,-0.41489645511927536
370,1.1524550995875416,2.4162873066877637,0.12170145602892331,1.0000060195843556,778,753,0.967866323907455,0.32164082008143685,ok,1332.108369098561,235.42662082721682,-0.5365979111481988
371,0.9477479624124499,2.163559064971082,-0.026053879355360656,0.9999077123509268,780,752,0.9641025641025641,0.35811066366927446,ok,1331.1413802464465,233.27159261678355,-0.5105440317928381
372,0.8383261710275747,1.6391031872517487,-0.17846832683359867,0.9999707761525395,761,707,0.9290407358738502,0.3221628848340733,ok,1330.293568270983,231.63737571509984,-0.3320757049592394
373,0.5069605729011073,1.4934698737293957,-0.2610415421325017,0.9999191341796357,834,790,0.947242206235012,0.2760517598008625,ok,1329.7847565140553,230.14453550857223,-0.07103416282673751
374,0.24953506044744245,1.3360804372966868,-0.34271338715556776,0.9999628141097288,725,669,0.9227586206896552,0.33111609001209924,ok,1329.5415595236632,228.8072868760496,0.27167922432883057
375,-0.21849432417661774,0.9080514652716829,-0.246806912936466,0.9998857072144864,760,723,0.9513157894736842,0.48191022020239654,ok,1329.7682620107835,227.90124978209974,0.5184861372652968
376,-0.42042789425659066,0.9960885167267861,-0.09727023535410062,0.9999693013534795,731,694,0.9493844049247606,0.36496464759874714,ok,1330.1993703595,226.9097370292364,0.6157563726193974
377,8.394152880988258,4.0932846344067,0.07777497662024423,0.999517388532003,624,563,0.9022435897435898,0.7403965387052054,ok,1321.8440210274882,222.73781670069206,0.5379813959991533
378,3.4291296493613572,8.662678185203731,0.24534355249747652,0.9995490260023652,728,667,0.9162087912087912,0.4856305213952702,ok,1318.459180488509,214.0577373221255,0.29263784350167654
379,-0.01095704630279215,4.143243265200908,0.33392497234051893,0.9999143231579397,767,737,0.9608865710560626,0.4162289544133178,ok,1318.4671519263052,209.91448723702604,-0.04128712883884251
380,-1.165745934523784,2.2006720606520958,0.21036428138609103,0.9999225756101334,882,856,0.9705215419501134,0.3079991314726328,ok,1319.6232209754792,207.70871629335676,-0.2516514102249336
381,-1.3874666939389044,2.0980385848290553,0.1598730160055514,0.9999171414308499,852,820,0.9624413145539906,0.28576410271879704,ok,1320.9955829408223,205.60076649170088,-0.411524426230485
382,-1.4939958577044763,1.1857804985387475,0.06369747963897833,0.9998746348462291,866,836,0.9653579676674365,0.32020130788146456,ok,1322.4796924378377,204.40263544109678,-0.4752219058694635
383,-0.5693191580171515,0.5779223341642137,-0.012104769523167148,0.9999516143179468,871,842,0.9667049368541906,0.23007289249366836,ok,1323.0443217496631,203.82013027524954,-0.46311713634629637
384,-1.18046787172716,0.8482877233478803,-0.10031719883012609,0.9998332322778791,883,848,0.9603624009060022,0.3450624538487017,ok,1324.2193945887993,202.9643848221578,-0.3627999375161702
385,-1.1419690091645407,1.160432699433727,-0.27811997207525296,1.0000302737588802,838,778,0.9284009546539379,0.3634436068145369,ok,1325.3596472965896,201.80226562423377,-0.08467996544091703
386,-0.15773189977812763,0.2985479574826968,-0.10168723423423978,0.9999570299243359,877,856,0.976054732041049,0.2695967472614369,ok,1325.517467808255,201.50376449991018,0.01700726879332279
387,-0.37999868306997087,0.5528183166964027,-0.18339185332256505,0.9998977768798776,793,756,0.9533417402269861,0.3376252960985977,ok,1325.8993977139394,200.9522786546214,0.20039912211588787
388,1.9932321476969719,-3.381963141243432,-0.07115630341675785,1.0000451127909415,796,763,0.9585427135678392,0.6415872632623901,ok,1323.8901590764049,204.32475685036718,0.2715554255326458
389,4.114127391350621,16.493322952930157,-0.0005269749881591023,0.9991693218862522,755,695,0.9205298013245033,0.8304074137679521,ok,1319.8544001773141,187.8120830411283,0.27208240052080485
390,-7.916458694711764,8.498854494291095,0.14207540144020034,0.9996036643103303,764,698,0.9136125654450262,0.680489038380228,ok,1327.790122803551,179.33121325202967,0.13000699908060442
391,-5.010685552359064,2.006438696981604,0.2504301219840087,0.9997544039985464,811,781,0.9630086313193588,0.44986112098922054,ok,1332.7965801990147,177.3142476358695,-0.12042312290340458
392,0.18505853314150045,1.3056290965730568,0.3446767257592507,0.9999197648304299,881,833,0.945516458569807,0.24624411174015182,ok,1332.6009294042292,176.01016375627944,-0.46509984866265563
393,1.0590332991096147,0.8143512824063919,0.30104967250929976,0.9999701283993304,825,777,0.9418181818181818,0.2987142476632451,ok,1331.5311017406132,175.21004607122188,-0.7661495211719558
394,1.4238274136023392,0.747290289235707,0.12497489948019226,1.0000341844164693,807,779,0.9653035935563816,0.34365520195094157,ok,1330.0958243551715,174.48499013755122,-0.8911244206521481
395,0.8045576135621104,0.17245069777095523,-0.008943553327813283,1.0000591703179516,905,886,0.9790055248618784,0.21887850619015392,ok,1329.2887069948013,174.32494713304584,-0.8821808673243349
396,1.5915716300544318,0.5907432295840636,-0.30277786148694674,1.0000710468179077,805,750,0.9316770186335404,0.3604926581185961,ok,1327.6912429597935,173.75032858674638,-0.5794030058373877
397,0.002305684334714897,0.4312355196898352,-0.35308224233440255,1.000014458890087,773,722,0.9340232858990944,0.3222514781642174,ok,1327.6872338992503,173.31910553882824,-0.2263207635029849
398,-0.3674301808218843,0.6997819322855321,-0.26292891506116906,0.999991882114369,804,750,0.9328358208955224,0.24986216846058829,ok,1328.0551111186571,172.6195585125505,0.03660815155818444
399,0.5656596132857885,-2.9575476511588477,-0.12428193742655165,0.9999254303684452,812,781,0.9618226600985221,0.47576701893871576,ok,1327.4811487699158,175.57550609821647,0.16089008898473622
400,0.2543762349348526,18.914947252434786,-0.15677843118329365,0.9990262657496961,783,732,0.9348659003831418,0.9623168875810493,ok,1327.33164721478,156.65943922065708,0.31766852016803
401,8.47598697744911,3.653481558662179,0.08213741054296815,0.9997793014383666,820,764,0.9317073170731708,0.4562520915197338,ok,1318.8707505188906,152.9711455985523,0.2355311096250618
402,3.038212001300735,1.6893574779746814,0.18217531722140842,0.9999581448127252,856,803,0.9380841121495327,0.27496590444835006,ok,1315.834113022275,151.2789595664077,0.05335579240365311
403,-0.32801190447366935,1.4788928140142161,0.22479446240121198,0.9999944189286187,810,782,0.9654320987654321,0.3237704514301114,ok,1316.157698367383,149.79909190703734,-0.17143866999755916
404,-1.36324983702184,1.1909537924875622,0.10329321796670929,0.9999313499829156,814,783,0.961916461916462,0.2642480566644462,ok,1317.515221959679,148.60161508039698,-0.2747318879642686
405,-1.9817122971214758,1.097816718577974,0.07671745095482595,0.9999114850077883,802,778,0.970074812967581,0.30450073177192116,ok,1319.490163067071,147.4916633704181,-0.3514493389190947
406,-2.064741010590751,0.8959808500766258,0.03158198636676702,0.9998500237152128,818,797,0.9743276283618582,0.33759125287248465,ok,1321.5488682110963,146.58189952497116,-0.3830313252858618
407,-1.455382323141066,0.8290051233143458,-0.0273369762952876,0.9999855943982164,836,812,0.9712918660287081,0.26754978567581245,ok,1322.9990760274538,145.74387536638824,-0.35569434899057417
408,-0.5795192809994205,0.8001989326728562,-0.06685721427460235,0.999933069258392,796,773,0.9711055276381909,0.3253314662785202,ok,1323.574554031757,144.94076516506857,-0.2888371347159717
409,1.1519768626037603,-3.445909350016109,-0.12393760832322548,0.9999605484551336,779,757,0.9717586649550706,0.6270246466081183,ok,1322.4324993902462,148.3899756742005,-0.16489952639274605
410,5.493858775292438,13.137139927971248,-0.13638660730811003,0.9993608635003016,784,727,0.9272959183673469,0.6330351393036144,ok,1316.9321036724687,135.25557136042175,-0.02851291908463586
411,-7.936686332896443,6.892544007338529,-0.10869902519538192,0.9996623882639415,774,719,0.9289405684754521,0.612065339413723,ok,1324.8784284247486,128.37414158375555,0.08018610611074621
412,-7.319512440192966,3.0089185559943417,-0.033833345061702685,0.9999216175908658,751,693,0.9227696404793608,0.5447831980939696,ok,1332.2039141603389,125.37979491437875,0.11401945117244892
413,-0.9024879485721158,2.0406443358092474,0.05774883832299093,0.9999138172304438,759,736,0.9696969696969697,0.27510095833717263,ok,1333.1084058053864,123.34003790271618,0.05627061284945794
414,0.38008582852808104,1.1430145115757568,0.05535326916219406,1.0000020138160324,832,807,0.9699519230769231,0.2169003469043069,ok,1332.728338277332,122.19701730585905,0.0009173436872638112
415,1.7375098194472685,1.608169347537114,0.15677768644330098,1.0000637575018048,787,757,0.9618805590851334,0.3324815155188688,ok,1330.9864602272498,120.59358040916675,-0.15586034275603738
416,1.9521216308630756,1.692835990609865,0.1775250799445129,1.0001355569299433,822,800,0.9732360097323601,0.33457466280737314,ok,1329.0245216387395,118.91213176954034,-0.3333854227005504
417,1.8973907307502031,1.2641161383786539,0.1484866188921995,1.0001152062137146,789,757,0.9594423320659062,0.3419718352276308,ok,1327.1165665989658,117.66401768715514,-0.4818720415927501
418,0.8827691469055026,1.0586056764871046,0.058321083887084645,1.0000366097304185,804,774,0.9626865671641791,0.2886383421333846,ok,1326.223856142637,116.61378181546729,-0.5401931254798348
419,-0.25377305900178726,1.0323758408642334,-0.04201924265585406,0.9999905373562229,811,781,0.9630086313193588,0.313341307030467,ok,1326.468643447152,115.5792385259798,-0.4981738828239807
420,1.4445129823973275,-2.525233186096557,-0.1612049929203859,0.9999800429014373,787,768,0.9758576874205845,0.41680534193406427,ok,1325.0390068043341,118.1129234846893,-0.3369688899035947
421,-8.847658254817588,15.980937278813826,-0.20054665134106178,0.99918470788679,545,483,0.8862385321100917,0.9916679172457734,ok,1333.8485891282482,102.11096509886647,-0.13642223856253277
422,-1.5267645284118316,8.031911224755504,-0.22254549690628284,0.9995190476161865,674,610,0.9050445103857567,0.555285095040583,ok,1335.3874249695436,94.08135787926244,0.08612325834375015
423,0.8359490064131023,3.9548648296761257,-0.15757659616937503,0.9998404016488894,703,641,0.9118065433854907,0.3679652113640248,ok,1334.5683049570675,90.12297323808684,0.2436998545131253
424,0.8483585592516647,3.038650341521702,-0.038162102672834916,0.9998932579251983,760,734,0.9657894736842105,0.4317578601643215,ok,1333.7349049977297,87.08018625065893,0.2818619571859603
425,0.619619651998164,0.9574370647424075,0.027062158737908133,0.9999993200140437,734,700,0.9536784741144414,0.2646752524043898,ok,1333.1195492726722,86.12000315472176,0.2547997984480522
426,1.1263324187632406,3.0513078589867746,0.22886005422095712,1.0000411579869983,661,628,0.9500756429652042,0.4596931130546457,ok,1331.9945983999341,83.06818567954451,0.025939744227094934
427,0.2148701362450538,1.002568129725205,0.10498462322849013,0.9999984711322195,787,763,0.9695044472681067,0.24527216886763345,ok,1331.7783453322363,82.06591493722885,-0.07904487900139526
428,0.474025459841414,1.4979766362563396,0.23910333087664506,1.0000392232529058,741,711,0.9595141700404858,0.39137134056528283,ok,1331.2960093574413,80.57059351801308,-0.3181482098780405
429,-0.06464498310788258,1.2945661669909896,0.18255972672007997,1.0000606859420622,735,702,0.9551020408163265,0.3832388839364367,ok,1331.3493387996575,79.27551185836717,-0.5007079365981206
430,-0.29477297083258236,1.0066064905205394,0.06033236054516736,1.0000055770977885,861,841,0.9767711962833914,0.20422598483419488,ok,1331.6342411050393,78.26606725489466,-0.5610402971432881
431,1.6653389391813107,-1.1240291676638208,-0.07001396699320918,1.0001190994516151,681,653,0.9588839941262849,0.4725037733113745,ok,1329.978596162656,79.40432696905214,-0.4910263301500788
432,-8.142947342816797,15.498825445108878,-0.18108666132749782,0.9992969978184344,696,640,0.9195402298850575,0.893711310998603,ok,1338.0375843781196,63.86167949351352,-0.30993966882258084
433,1.7799873672881859,4.138721720052899,-0.11946864933372423,0.9998384493525626,749,698,0.931909212283044,0.33827297558763797,ok,1336.2438483270003,59.72889792625665,-0.19047101948885647
434,5.236335302422731,3.529110655847944,-0.2915671930551574,0.9997617823549433,755,700,0.9271523178807947,0.4339904174862759,ok,1331.0137481509798,56.190553458937075,0.10109617356630123
435,-0.037521735135442214,1.0899960382416793,-0.4071222686683623,0.999939396968121,752,696,0.925531914893617,0.2509507894950619,ok,1331.060936640926,55.100933116612964,0.508218442234664
436,-2.292315067931895,0.522082123123937,-0.0602302325316717,0.9999039845061026,787,752,0.9555273189326556,0.3087022206431661,ok,1333.358318539877,54.60161906280973,0.5684486747663356
437,-4.534488361525291,0.42067634401223586,0.01389301418633386,1.0000266890024092,776,721,0.9291237113402062,0.39735596534133916,ok,1337.8966660964863,54.224850244249524,0.5545556605800017
438,-0.7833053638144065,0.7740583151050942,0.3240185621817865,0.9999914270806561,778,707,0.9087403598971723,0.2808833732121183,ok,1338.683079636555,53.4539499185521,0.2305370983982149
439,0.0003728243980276602,0.43698375792246225,0.15151368137335156,1.0000049417687003,740,703,0.95,0.29550134335917705,ok,1338.683309508541,53.016966062048255,0.07902341702486326
440,0.03603722991374525,0.8331215609907758,0.1670117410165025,1.0000518938088427,751,721,0.9600532623169108,0.3619698206951528,ok,1338.6459929085424,52.183900825291744,-0.08798832399163935
441,-0.3321811154921761,0.9641170440904716,0.09026573262101614,1.0000046524719006,827,797,0.9637243047158404,0.2557315584380849,ok,1338.9751729372686,51.21875499336613,-0.17825405661265553
442,0.8888963987540137,-1.6355820670255525,0.021582161250652,0.999991888187345,738,710,0.962059620596206,0.41630992067724426,ok,1338.0919865166225,52.857427398723416,-0.19983621786330755
443,3.7400037487350346,15.14075117460959,-0.028354594462121775,0.999325436993668,677,620,0.9158050221565731,0.6866279782553304,ok,1334.306684545307,37.72793754751069,-0.17148162340118578
444,-7.443064958869854,6.877175635113645,-0.09854722572360876,0.9997491354310066,716,653,0.9120111731843575,0.5459722189490103,ok,1341.7409892072737,30.84129287167491,-0.07293439767757703
445,-3.9240447381375816,1.6140741568738122,-0.061739047848383445,0.9999523367275367,729,677,0.9286694101508917,0.3417194022831853,ok,1345.6647184873295,29.226452004089197,-0.01119534982919358
446,-4.36613020770551,2.549975181855416,-0.37757636822591334,0.9999857678826939,754,690,0.9151193633952255,0.4097482795066031,ok,1350.0470652747235,26.70444822658726,0.3663810183967199
447,0.5037855441860302,1.1753393073528287,-0.21691774654827886,1.0000040456676864,765,697,0.9111111111111111,0.27504477715442593,ok,1349.5552711533385,25.52404113405089,0.5832987649449988
448,1.0620332383630284,0.9490264905598451,-0.07712842838215284,0.9999444995324834,802,767,0.956359102244389,0.28982204303456943,ok,1348.5042473007784,24.562836296088562,0.6604271933271516
449,1.1862024903093698,0.9659027528416573,0.06971551597307131,1.000044950248802,855,830,0.9707602339181286,0.24859363426103492,ok,1347.3280660019057,23.584755507939803,0.5907116773540803
450,0.8225570949359735,1.0583807965513188,0.19436236478432398,1.0000494837995892,761,736,0.9671484888304862,0.30447921777949416,ok,1346.5128499850111,22.520709958756697,0.39634931256975625
451,-0.01813720598306645,0.965376573276103,0.2942912378818502,1.0000058236718605,763,705,0.9239842726081258,0.34151982554765303,ok,1346.5327067377839,21.55536722384818,0.10205807468790618
452,-0.6251882881219899,1.1106094295321327,0.3438427002816441,1.0000078280270028,819,761,0.9291819291819292,0.2935473548725303,ok,1347.1532027704768,20.4421294352411,-0.24178462559373784
453,1.9100990857157285,-3.853069673401251,0.23513637905860107,1.0000136278133933,742,683,0.9204851752021563,0.5902299881337826,ok,1345.275241828325,24.310964805877575,-0.476921004652339
454,-7.421740695219341,6.95149490530423,0.05761108714136302,0.9998203080146372,736,670,0.9103260869565217,0.5590645236184677,ok,1352.6318075908662,17.29053344114277,-0.5345320917937021
455,1.539585676448496,8.513117250090886,-0.0204660232658003,0.9996551074406467,752,691,0.9188829787234043,0.432161314221066,ok,1351.0159039802656,8.791572040467486,-0.5140660685279018
456,4.412086352652977,3.6709389310159395,-0.20194538171720783,0.9997752496392016,742,682,0.9191374663072777,0.38621232355337226,ok,1346.5838856287148,5.144722448007087,-0.3121206868106938
457,1.199975864044518,1.8607619561446427,-0.3283114706374779,0.9999116399825335,734,684,0.9318801089918256,0.34817118030862027,ok,1345.384435631314,3.2836214739973,0.016190783826784266
458,-5.844352033323048,2.425444843353148,-0.41400497915706896,1.0000093929025364,760,695,0.9144736842105263,0.37264427476980333,ok,1351.2468338027898,0.9021259235850039,0.4301957629838535
459,-2.5575118127319456,1.561126399147156,-0.1705521172046816,0.9999792180131197,738,684,0.926829268292683,0.3204312105321202,ok,1353.8205731905778,-0.6320995716166635,0.6007478801885351
460,-0.403220033938851,0.6365088060096014,-0.04294235179644485,0.9999948282736023,781,745,0.9539052496798975,0.2711996039412382,ok,1354.2309184953294,-1.2640383240014899,0.6436902319849799
461,-0.0893248796487569,0.6129951707547434,-0.0037871326171112626,0.9999718183580089,815,798,0.9791411042944785,0.22383955372751266,ok,1354.327164744524,-1.8759849499492702,0.6474773646020912
462,-0.028519273500705822,1.7853378040041434,0.1823195854670934,0.9999825936910516,766,733,0.9569190600522193,0.3630265853224929,ok,1354.370177246016,-3.6610323857565845,0.46515777913499773
463,-0.4298711746596382,1.2656237694986885,0.22479322251489595,1.000024746593334,758,732,0.9656992084432717,0.3461570959206034,ok,1354.8053541076392,-4.92484164819723,0.24036455662010178
464,1.3269583652443089,-2.006330297600698,0.3124807090023913,0.9999993038955289,768,711,0.92578125,0.40032019141050845,ok,1353.4809220891611,-2.916842745161489,-0.07211615238228955
465,-8.028280687104143,15.817824060208977,0.2633948241387654,0.999459328964925,594,528,0.8888888888888888,0.799783055460092,ok,1361.416440102069,-18.781407115401294,-0.33551097652105505
466,4.73530536772023,6.8242821352084775,0.11263622967679125,0.9996262641414728,726,664,0.9146005509641874,0.4482118870142521,ok,1356.6279030190585,-25.568443006799043,-0.44814720619784626
467,4.498230415156286,2.0523807773331555,-0.06629061793034836,0.9998471806654589,748,677,0.9050802139037433,0.3762931709417197,ok,1352.116094195876,-27.590799272658046,-0.38185658826749797
468,-1.412446495403401,1.0879999599249004,-0.22202382023252842,1.0000358397915499,771,708,0.9182879377431906,0.24492141552339824,ok,1353.5255001060002,-28.68273516623526,-0.15983276803496954
469,-4.823523514861336,0.8055349585913518,-0.3277262578078114,1.000049897561015,728,660,0.9065934065934066,0.36679418166934863,ok,1358.351363363015,-29.474132343716747,0.16789348977284194
470,-2.883775609239592,0.6241265155429119,-0.2324168839124176,0.9999905888288211,708,638,0.9011299435028248,0.3235069668049255,ok,1361.2394291580786,-30.07809561680085,0.40031037368525957
471,-0.4621213583407098,0.2143492084198897,-0.161728413968562,0.9999778989787612,758,727,0.9591029023746702,0.3056044483946349,ok,1361.7036308920854,-30.287901439241296,0.5620387876538218
472,0.031565860053433425,0.2784303164337416,-0.06598450607751226,0.9999748405630349,748,718,0.9598930481283422,0.26706663851543366,ok,1361.6751187625175,-30.566661018624245,0.628023293731334
473,-0.009617155157002344,0.1669508081879485,0.010257278945502414,1.0000165881531429,860,842,0.9790697674418605,0.18426579726071696,ok,1361.6865353959158,-30.73349843202368,0.6177660147858316
474,-0.7332634429135396,0.8472120325068317,0.1806326124296686,0.9999505338280882,706,671,0.9504249291784702,0.3394175220817025,ok,1362.4262411693283,-31.57509148898089,0.43713340235616294
475,1.3025055596867787,-2.7892856698611013,0.08783570104606639,1.000063049147461,788,735,0.932741116751269,0.39679542716302724,ok,1361.106755332287,-28.79379819143844,0.3492977013100966
476,3.229022300814677,13.382578245883678,0.29149702334751326,0.9992716963745512,549,474,0.8633879781420765,0.8646717728247695,ok,1357.8912351796769,-42.17962710393067,0.05780067796258331
477,-8.470890561329952,6.807662190748715,0.3784429920648183,0.9999295626954811,649,582,0.8967642526964561,0.6036405717564934,ok,1366.3238958182678,-49.034587786512134,-0.320642314102235
478,-6.061306311253702,2.461015553116681,0.17726173787266006,0.9997388354883152,667,608,0.9115442278860569,0.4719031858727909,ok,1372.3635871483152,-51.54818289895093,-0.497904051974895
479,-0.6255469350003295,1.9199264303074415,-0.04449558284439429,0.999920569021976,695,668,0.9611510791366906,0.33723501130790584,ok,1372.9739213737319,-53.47299940941821,-0.4534084691305007
480,0.512908079494764,1.884807265382051,-0.24181917464914163,0.9999380851802351,730,672,0.9205479452054794,0.28902298313346797,ok,1372.4540563464918,-55.35589969331568,-0.21158929448135932
481,1.125703642230519,1.6943333379538217,-0.3795652382552117,0.9999375913350308,707,640,0.9052333804809052,0.3621549742920577,ok,1371.3333248683268,-57.053526007933215,0.1679759437738523
482,1.1101061551648854,1.498682822671526,-0.1445100244240491,0.9999239543472374,747,696,0.9317269076305221,0.2586572375431828,ok,1370.231408862474,-58.55824092935529,0.3124859681979013
483,0.6052778942860186,1.273563589340256,-0.07444790909597267,1.0000076644926625,722,689,0.9542936288088643,0.3551465278643657,ok,1369.634745424079,-59.83586305137999,0.38693387729387396
484,-0.15906539030720523,1.3972691615142594,-0.027963214786291102,0.9999899905579178,712,674,0.9466292134831461,0.34089663735512077,ok,1369.8039246291075,-61.23194374557295,0.414897092080165
485,-0.48339194865502577,1.3279171805980923,0.03675382540701403,0.9999716704713031,609,566,0.9293924466338259,0.383408537000934,ok,1370.2960700340227,-62.556641716799845,0.378143266673151
486,-4.484768554241555,5.554685149100919,0.08037470961487254,0.9999309797777105,501,436,0.8702594810379242,0.6193891679917727,ok,1374.8096458238642,-68.0879444277457,0.2977685570582785
487,-3.5179838725907757,8.337779008060807,0.13047299410948085,0.9997062294642651,634,582,0.917981072555205,0.4998764597035007,ok,1378.3519597995114,-76.415415893503,0.1672955629487977
488,-0.8525666524471944,3.5821849250567084,0.39144827272578436,0.9999072516551984,616,573,0.9301948051948052,0.37552087552366703,ok,1379.1905057293684,-80.00090881047959,-0.2241527097769865
489,-0.021668154828830666,1.0007657661083158,0.15149890353725673,0.9999593623952255,651,622,0.9554531490015361,0.35018751591491654,ok,1379.2056120873658,-81.00179513044623,-0.3756516133142431
490,0.23010783895733766,1.7203586668131265,0.19306633790692032,0.9999972058342883,702,673,0.9586894586894587,0.28443454404479196,ok,1378.9584395830252,-82.71978503528476,-0.5687179512211632
491,0.19450706993234235,2.0073070357111646,-0.1423723721892673,0.9999016378751819,614,559,0.9104234527687296,0.33574113463852856,ok,1378.74900139504,-84.72558915864329,-0.4263455790318961
492,-0.055597091289428135,0.6492228296690428,-0.1321998406960221,0.9999370534125818,639,611,0.9561815336463224,0.3677261473243032,ok,1378.8012647806095,-85.37508885660498,-0.29414573833587415
493,-0.09653548824417157,1.171933034691392,-0.41953251604648134,0.9999568009812545,695,642,0.9237410071942446,0.25145985029057183,ok,1378.90036470809,-86.5468078257544,0.12538677771060677
494,-0.21927985433399044,1.1973187354327592,-0.3042031028861647,0.9999133954026856,678,619,0.9129793510324484,0.34899492327382814,ok,1379.1286155207301,-87.7424488150416,0.42958988059677117
495,-0.5179616601769794,1.2369651020892434,-0.22760283562876968,0.9999996642604158,636,572,0.89937106918239,0.38370166740492095,ok,1379.6607310056852,-88.97339156589192,0.6571927162255407
496,-0.5847257891664412,1.2396968899188323,-0.08926410237493325,0.9999559615519769,658,619,0.9407294832826748,0.34763227864579943,ok,1380.2615576465473,-90.20536558145443,0.7464568186004739
497,-5.180584542317092,2.4663221594289553,0.048120192086472204,0.9998317316914542,574,514,0.8954703832752613,0.7715540941308185,ok,1385.4718168598922,-92.60836373458301,0.6983366265140017
498,-1.9066533781497128,4.368531966696082,0.10195149954672987,0.9998596981694187,621,594,0.9565217391304348,0.4438433494058722,ok,1387.4238376726448,-96.95681327379066,0.5963851269672721
499,-1.667168659261506,4.319057488055023,0.3952611755500129,1.0000211310807487,631,593,0.9397781299524565,0.4162186141798841,ok,1389.10615710953,-101.26999194338305,0.20112395141725947
500,0.15845149946630954,-0.05637583320185513,0.18981844853710164,1.0000550069034477,579,550,0.9499136442141624,0.48868393258171483,ok,1388.9476944891678,-101.21364737665101,0.011305502880157947
501,0.44537499666853364,-0.5371045081438979,0.45519392002682935,1.0000507837391737,605,546,0.9024793388429752,0.3176612351737879,ok,1388.506493934192,-100.67310856156473,-0.4438884171466711
502,0.09422817967151786,-0.09757249417475578,0.06255571833714008,1.0000246139319953,691,661,0.9565846599131693,0.26885653757945155,ok,1388.4131318790442,-100.574706995915,-0.5064441354838112
503,0.07772229185843571,-0.1728936083534336,-0.0992727115419063,0.9999678433657124,714,685,0.9593837535014006,0.2994910533084864,ok,1388.336640204715,-100.4012654258704,-0.407171423941905
504,-0.2668371315139666,0.1487141481558183,-0.28850572709876804,1.000048240311634,633,577,0.9115323854660348,0.3155734313313232,ok,1388.6031687612215,-100.55053190296053,-0.11866569684313706
505,-0.47080937361147335,0.4852488377064219,-0.3739023091254084,1.0000127233272875,679,629,0.9263622974963182,0.3251748085169891,ok,1389.0761351035387,-101.033678609263,0.2552366122822713
506,-0.31022111455627055,0.2961345298837159,-0.145882205416951,0.9999476001781207,707,686,0.9702970297029703,0.3022295026714173,ok,1389.388421790605,-101.32763409022414,0.4011188176992223
507,1.1806545749313955,-2.1445800962818566,-0.3823374390725618,1.000064205242172,602,543,0.9019933554817275,0.4289682899520935,ok,1388.1785537494395,-99.19939812171845,0.783456256771784
508,5.447694751062727,7.792700867715439,-0.05242456063560622,0.9995197200004149,597,548,0.9179229480737019,0.5372766411506913,ok,1382.8451214047293,-107.07074262814467,0.8358808174073901
509,-5.389677462365626,8.239167860271777,0.028718003371219564,0.9997975782358893,630,573,0.9095238095238095,0.5298094686312715,ok,1388.3503307164813,-115.23316755042526,0.8071628140361705
510,-13.246177455989937,1.5345056583819314,0.32363184515920385,1.00030553209911,597,534,0.8944723618090452,0.6441789950962475,ok,1401.6089863352754,-116.65583265276018,0.4835309688769666
511,-1.9665914155277733,-1.121518928290243,0.2857064094670017,1.000155290828856,635,584,0.9196850393700787,0.24616976530108725,ok,1403.5716937794941,-115.52753039248182,0.19782455940996493
512,-0.08006275678962993,-0.44572913285958293,0.05743747356584782,1.0000310752748547,676,650,0.9615384615384616,0.22928757324622437,ok,1403.650664164003,-115.08160642668145,0.14038708584411713
513,0.5800641431610529,-0.781648640107278,0.0917808090627163,1.000019835803286,614,586,0.9543973941368078,0.39437506475891104,ok,1403.0699371261828,-114.30045015914777,0.0486062767814009
514,1.6778213899856382,-0.8666557603386309,0.045320131376485,0.9999950806067193,678,653,0.9631268436578171,0.3460969091809459,ok,1401.3920660327326,-113.43389063009829,0.0032861454049159353
515,0.42850916533006966,-0.11410840954567902,-0.01824705731316766,0.9999649257609923,709,677,0.9548660084626234,0.2519813984681187,ok,1400.9635140128403,-113.31994327318682,0.02153320271808358
516,0.6977577488758016,-0.10790043352437806,-0.08053801509643625,1.0000848755834562,636,614,0.9654088050314465,0.3646856038730505,ok,1400.265565148954,-113.21328605087785,0.10207121781451978
517,-0.42163685053287736,0.40779294142680556,-0.11713873216437397,0.9999983186006274,669,647,0.9671150971599403,0.30498722906206327,ok,1400.688759099213,-113.61946285630768,0.2192099499788937
518,-0.43173350331926486,0.8138239103686828,-0.21512177139515465,0.99996177378324,585,532,0.9094017094017094,0.3649315941353347,ok,1401.12664934616,-114.42999065139236,0.4343317213740481
519,-5.343467224669212,4.026560568395553,-0.2038100269799692,1.000143547066073,613,559,0.9119086460032626,0.7412479893599291,ok,1406.5146307457917,-118.39678891060555,0.6381417483540173
520,0.05466019401160338,4.693854224718507,-0.05105667077808429,0.9998365261971468,683,641,0.9385065885797951,0.2511013066262403,ok,1406.5164344919913,-123.09096103849095,0.6891984191321013
521,3.9303193445393845,4.2015581094159415,-0.009681640219510757,0.9996989283305174,595,551,0.9260504201680673,0.4041192480847322,ok,1402.637655849362,-127.34014648259006,0.6988800593516121
522,3.209913770821231,-0.12250769734384903,0.21019550672702603,0.9998849697411161,581,548,0.9432013769363167,0.344516252851699,ok,1399.426813958387,-127.24502075959447,0.48868455262458615
523,-4.032556043197019,-0.311428301613887,0.2256016383933924,0.9999233331504841,619,593,0.9579967689822294,0.3924502933154793,ok,1403.4578975229206,-126.91507966740016,0.26308291423119384
524,-2.2239906802403766,-0.09692233903467695,0.07032099859123499,0.9999782824615151,617,595,0.9643435980551054,0.28711949115732305,ok,1405.6815495386845,-126.81067565220974,0.19276191563995884
525,-2.392648386752853,-0.10191707460785437,0.11842087087533111,1.0000006744304595,608,579,0.9523026315789473,0.35222478957429315,ok,1408.0740636744713,-126.70565421254878,0.07434104476462775
526,-0.5841182988899618,0.15540338480275295,0.0740307534975928,0.9999968131583927,648,615,0.9490740740740741,0.27716811899874655,ok,1408.6581828149558,-126.86105443399583,0.00031029126703495803
527,-0.08528563323079652,0.4560176148931987,-0.04051621414734669,0.9999565532525598,633,607,0.9589257503949447,0.28641971634942137,ok,1408.743793365025,-127.31701116225577,0.04082650541438163
528,-0.157701071215115,0.40245945317985843,-0.04256977727345688,1.000019540225219,618,604,0.9773462783171522,0.30319588748653137,ok,1408.9020800646995,-127.71924064901953,0.08339628268783848
529,-0.5017896182184813,1.0502899744209344,-0.1136343347204156,0.9999622331226614,640,611,0.9546875,0.3474470298307178,ok,1409.4074784806526,-128.76779884600865,0.19703061740825403
530,6.805970536276618,5.278672790762471,-0.2905810110451369,0.9994447382690229,549,499,0.9089253187613844,0.679014828980289,ok,1402.6466776367176,-134.10420150334755,0.4876116284533907
531,-4.550872789137657,8.994067553276523,-0.2520375751682445,0.9999195234157634,600,548,0.9133333333333333,0.49460952849627565,ok,1407.313275245309,-143.0387726209392,0.739649203621635
532,-10.072682223996026,2.811658753330562,-0.12451687998247517,1.0003047561996508,609,547,0.8981937602627258,0.573241545990601,ok,1417.427217165951,-145.69819567052366,0.8641660836041101
533,-3.8831811227623803,-0.02633375725588394,0.05677865175174645,0.9999736156610706,630,603,0.9571428571428572,0.36804837794824424,ok,1421.3096416772787,-145.61714622393936,0.8073874318523637
534,0.10663216381112761,-0.06193589957160839,0.19387569772114388,1.000029648927258,636,608,0.9559748427672956,0.344476331790605,ok,1421.2023524419328,-145.55635564906459,0.61351173413122
535,1.1631443907463108,-0.273936859121477,0.2985283133626593,0.9999901406121573,633,580,0.9162717219589257,0.3305557564633714,ok,1420.0377196680074,-145.28881728095735,0.31498342076856095
536,1.633710447485555,-0.1402973658563269,0.23568588714578476,0.9999885245818974,594,551,0.9276094276094277,0.28648409359405785,ok,1418.4038166132586,-145.15078110898946,0.07929753362277636
537,1.3690239003587976,0.037810553999293006,0.14472679221549314,1.0000863629648855,615,592,0.9626016260162602,0.4048664266759452,ok,1417.0347504275674,-145.18702827363188,-0.06542925859271673
538,0.6185520821200043,0.30982597489514774,0.06731011175271445,0.9999757580516523,580,553,0.9534482758620689,0.31505027598243335,ok,1416.4154822201222,-145.49542039457913,-0.13273937034543112
539,-0.35521927541367404,0.5838806558842862,-0.03436951010445515,0.9999612345376402,603,585,0.9701492537313433,0.23768497654948323,ok,1416.7696985206728,-146.07991005776012,-0.098369860240976
540,1.5006010981001054,-0.14851596973812775,-0.13187294870649788,1.000229401301544,594,575,0.968013468013468,0.35198478576451636,ok,1415.2690108360107,-145.93227157365277,0.03350308846552175
541,-8.0447475315882,7.8050314120145,-0.10390498392281151,0.9999361021344898,449,400,0.89086859688196,0.6072658470529136,ok,1423.332453423134,-153.71798745812282,0.13740807238833316
542,1.9713050027419285,7.900670804268657,-0.27321029385715273,0.9996478763939001,590,539,0.9135593220338983,0.5269113457533684,ok,1421.4178198422067,-161.63258288821532,0.4106183662454856
543,6.9638328951068615,1.224015237713047,-0.4353287267021421,0.9997289027035038,583,539,0.9245283018867925,0.5318532119714352,ok,1414.4728173566264,-162.9592789228842,0.8459470929476272
544,-1.4068729643499864,-0.7631897785058754,-0.0948220924395194,0.9999473443186786,654,627,0.9587155963302753,0.2872194306121791,ok,1415.8669700317118,-162.17309287977116,0.9407691853871465
545,-4.662203724760502,-0.5526372485023785,0.08109456073133166,1.0001497518403637,625,574,0.9184,0.37351255652922993,ok,1420.5203574353989,-161.55056804427306,0.859674624655815
546,-2.9059060467361633,-0.45841644664301384,0.24119795736698593,1.0001471211675697,570,521,0.9140350877192982,0.3533699730377529,ok,1423.421145926105,-161.06081124422144,0.6184766672888293
547,-0.5916272757008301,-0.21579322534466883,0.35568280631312554,0.9999563668578982,629,589,0.9364069952305246,0.2596292957596432,ok,1424.011777221117,-160.84230672982756,0.2627938609757041
548,-0.022366739319068074,0.013454180973894836,0.37008522868152727,0.9999118311361715,607,557,0.9176276771004942,0.33146414256387535,ok,1424.0341187271026,-160.85580277086706,-0.10729136770582275
549,-0.2916176509659181,0.4617609044390747,0.24460110105629543,0.9999568754511484,609,568,0.9326765188834154,0.3605818913320294,ok,1424.322894907244,-161.31934597813733,-0.3518924687621178
550,-0.5083140289991661,0.9415400686539215,0.0832556950442837,0.9999878749081559,626,612,0.9776357827476039,0.23543013862132306,ok,1424.824043566587,-162.26471938277518,-0.43514816380640137
551,1.7540165559678371,-3.180106572130171,-0.13394006465328234,1.0002048218965167,520,495,0.9519230769230769,0.5478126562157825,ok,1423.0867692238758,-159.07543580383913,-0.30120809915311925
552,-8.598777269682614,8.35658735186746,-0.1348348065403382,0.9999263337490616,539,497,0.922077922077922,0.6223826279743397,ok,1431.6612447373022,-167.45695669044756,-0.1663732926127812
553,2.7373996545541104,8.79589662102876,-0.3531451701575987,0.9996352514946584,610,560,0.9180327868852459,0.5040573276927679,ok,1428.9525323009702,-176.26172989444547,0.1867718775448171
554,5.827542048715486,2.1738356619580372,-0.24220085907310568,0.9997070163224114,601,542,0.9018302828618968,0.49885007155443006,ok,1423.1414289093752,-178.47913495147566,0.42897273661792257
555,-0.13401703143790655,0.07086593242468098,-0.19464040805045163,0.9999815208091286,630,607,0.9634920634920635,0.3626450223862482,ok,1423.2762092996684,-178.54853806009658,0.623613144668374
556,-2.3542690133385804,0.0803214431092556,-0.017911951714222746,0.9998706615388478,649,631,0.9722650231124808,0.3203955343863774,ok,1425.6312300594661,-178.60249491611012,0.6415250963825966
557,-4.546000507344161,0.08040597262663596,0.03577639057718928,1.000135545705873,606,549,0.905940594059406,0.3893895677934874,ok,1430.177826568452,-178.63483556677966,0.6057487058054074
558,-1.107044100911935,0.2065424789913095,0.12690515701774296,0.9999917421321372,658,631,0.958966565349544,0.2997322191826518,ok,1431.286558145548,-178.83211893389876,0.4788435487876645
559,-0.17996763043174724,0.43304632025808587,0.17829785711263713,1.000012243391256,594,572,0.9629629629629629,0.42651251867018214,ok,1431.4687948392423,-179.26421527843718,0.30054569167502765
560,0.014084660041135066,0.6285502751466083,0.1719778034359872,1.0000370982639422,611,588,0.9623567921440261,0.39759718556502965,ok,1431.456120638158,-179.89279557614168,0.1285678882390407
561,-0.19112651111254308,0.3779920245461881,0.07056283762962744,0.9999810514795723,661,644,0.9742813918305597,0.2421922100642962,ok,1431.6476297224929,-180.2705939145285,0.05800505060941336
562,1.4222131296751286,-2.6232482545660787,0.08125093141379405,1.000125187365924,600,546,0.91,0.4538796873693637,ok,1430.2264810066667,-177.6467688596117,-0.023245880804380593
563,-7.61342174584729,11.94745186498676,-0.03484777575126214,0.9997431741071486,476,419,0.8802521008403361,0.5986894099811758,ok,1437.8423218510693,-189.59267882825986,0.011601894946881504
564,-1.3938917164523446,5.21554705149822,-0.1100573673652037,0.9998553875611382,586,540,0.9215017064846417,0.3813091990317575,ok,1439.2472848732343,-194.80525439796963,0.12165926231208506
565,0.2611987917709939,0.9082461427954058,-0.06513734241433475,0.9999597070554948,655,630,0.9618320610687023,0.32577648413389215,ok,1438.9890485427688,-195.71434727680708,0.1867966047264197
566,1.3162097489018834,0.9934627779222183,-0.38958218133159694,0.9999793047623577,613,563,0.9184339314845025,0.28684170420230465,ok,1437.682899168469,-196.72100024890642,0.5763787860580161
567,0.7299406067559175,0.3276722116045221,-0.17838758963383955,0.9999993242792681,591,568,0.961082910321489,0.4650115956548412,ok,1436.957338247947,-197.05825937518853,0.7547663756918552
568,0.3239642270916647,0.15548736348944203,-0.04411120445312402,0.9999793470536098,628,604,0.9617834394904459,0.2729483026076569,ok,1436.635573407962,-197.218248526038,0.7988775801449791
569,0.4372397912143242,0.3187713260471128,0.030105797002814006,1.0000028318524077,635,618,0.9732283464566929,0.2892159264350317,ok,1436.2026499921549,-197.54285769007492,0.7687717831421652
570,0.2126820729283736,0.6562505260804983,0.326306110231131,0.9999508581249766,588,535,0.9098639455782312,0.3707181128800867,ok,1435.995042094069,-198.2007310652608,0.44246567291103495
571,-0.2901912763347809,0.6426925184100583,0.2675773937525812,0.9999234636275544,613,568,0.9265905383360522,0.30107363164062473,ok,1436.2871937549105,-198.8425348180922,0.17488827915845415
572,-0.1801494055494004,0.40238116374507626,0.06582950560144879,1.0000324972741264,655,640,0.9770992366412213,0.23344102286092344,ok,1436.4681087399113,-199.24457235049294,0.10905877355700544
573,1.1728355566224309,-4.535611762562553,0.08911400152035782,1.0000837128833988,562,502,0.8932384341637011,0.6298699826170105,ok,1435.293694399124,-194.70936912905654,0.019944772036647775
574,-7.202450220505625,15.182853995158325,0.06903185021377198,0.9998103669467223,535,472,0.8822429906542056,0.6016061814304825,ok,1442.4831343542378,-209.89838811479012,-0.04908707817712405
575,-0.6236919235225287,7.711229661633183,-0.03477876458081909,0.9998003172521014,583,536,0.9193825042881647,0.3145024722697358,ok,1443.1049005546743,-217.60977328879824,-0.014308313596305026
576,0.5598867135533965,0.44321533011645897,-0.03697561458831791,0.9999933899928488,588,573,0.9744897959183674,0.3063783062141351,ok,1442.5451892293524,-218.05321008606552,0.022667300992012817
577,1.0680822103397531,0.5398799189117653,-0.10912252179055021,1.0000370853019946,549,538,0.9799635701275046,0.3634994671833731,ok,1441.478351657013,-218.5955453413584,0.13178982278256282
578,1.3041955681444506,0.7137485856605963,-0.3920611422214593,0.9999793253689505,571,527,0.9229422066549913,0.30913125354213933,ok,1440.1807362575876,-219.32118809001236,0.5238509650040214
579,0.05478829231651616,-0.037967351693168894,-0.0023944218614439837,0.9999996660598074,809,802,0.9913473423980222,0.07939338641981067,ok,1440.125601561808,-219.28372554750888,0.5262453868654653
580,0.7910306803282765,0.44688439394053603,-0.1955083071908568,1.0000326818573018,607,593,0.9769357495881383,0.4755455387455691,ok,1439.3402628867061,-219.7405388180665,0.7217536940563217
581,0.15612929759436156,0.4861508537237569,0.050358298862478265,0.9999945989293919,614,600,0.9771986970684039,0.2516652689918547,ok,1439.1898409228875,-220.22848578541505,0.6713953951938436
582,-0.3628728133094228,1.0434405530154436,0.35324304044344124,0.999966723357346,587,537,0.9148211243611585,0.3182363726298821,ok,1439.5585021351703,-221.26989529990703,0.3181523547504031
583,-0.2416327474222726,0.6068941206042382,0.1531641125820636,1.0000196206364993,602,587,0.9750830564784053,0.33466815838783504,ok,1439.8018814834247,-221.8760911025106,0.1649882421683397
584,0.33744700496754376,-3.180495448108104,0.3802411952630661,0.9999983212076992,575,530,0.9217391304347826,0.4139035601912287,ok,1439.4763855484262,-218.6943503568026,-0.2152529530947258
585,9.522443439013387,12.060484848324563,0.287205896417991,0.9993042911099211,493,432,0.8762677484787018,0.763998735467374,ok,1429.8485444645007,-230.67086487015558,-0.5024588495127164
586,1.8896307659629201,5.2655327961708736,0.1420111362126399,0.9997224460740182,578,520,0.8996539792387543,0.3834665456885621,ok,1427.8998071229764,-235.91481022007804,-0.6444699857253561
587,-0.758749032607966,1.5109760695811474,-0.03711129183605146,0.999970311643515,596,563,0.9446308724832215,0.43405472538821405,ok,1428.6424968618899,-237.43374429667347,-0.6073586938893047
588,-1.1651513687602346,0.9112946993336664,-0.22923986411734293,0.9999915330090413,585,546,0.9333333333333333,0.25915164329149354,ok,1429.801608886733,-238.352708417312,-0.37811882977196204
589,-1.2758493231879129,0.6023347160046342,-0.34167825906368926,1.000037219516366,595,542,0.9109243697478991,0.3093339128500767,ok,1431.0770748622406,-238.95585446173777,-0.03644057070827329
590,-1.2705014197342734,0.6278232211948307,-0.17146061677681823,1.000000511597623,578,513,0.8875432525951558,0.3410746137869983,ok,1432.3490522461395,-239.58068194950363,0.13502004606854465
591,-1.1687015272477765,0.5544003735111573,-0.0916142172209273,0.9999051636369071,608,583,0.9588815789473685,0.3401650620789871,ok,1433.5199375633654,-240.13045518261515,0.22663426328947175
592,-0.9395979397329484,0.6555809720758816,-0.02502944370614547,0.9999199268410497,590,569,0.964406779661017,0.31980843936370384,ok,1434.4624059779344,-240.78190279128228,0.25166370699561724
593,-0.4307475096404687,0.41613464251895493,0.023459418625260162,0.9998963543349048,612,594,0.9705882352941176,0.2898816477535278,ok,1434.894807495998,-241.19631850640667,0.22820428837035708
594,-0.8182071068238201,1.4841637236253291,0.1935693310313168,0.9999501484388532,592,562,0.9493243243243243,0.4035913658851843,ok,1435.7139116214032,-242.67998735757453,0.034634957339040665
595,-6.644818202067199,5.028060779306202,0.19299726451224364,1.0000916292245159,510,459,0.9,0.7593813859317674,ok,1442.3448071832506,-247.7263948110799,-0.1583623071732027
596,2.874453329762673,8.68295965027005,0.19431614946919448,0.9995953350919815,582,523,0.8986254295532646,0.4731634622049331,ok,1439.416961553668,-256.39149666867706,-0.3526784566423968
597,6.239105964907594,2.825899949186237,0.12637150379081888,0.9996975451766374,613,542,0.8841761827079935,0.495274994072899,ok,1433.1544465922902,-259.1651332928009,-0.4790499604332155
598,1.541076158314354,0.7301040185569718,0.04331989171112755,1.0001007219081424,681,639,0.9383259911894273,0.34085785930349227,ok,1431.6067781614263,-259.88115705759174,-0.522369852144343
599,-3.9016462282975226,0.6550555423413016,-0.04098313470746076,1.0000480208331552,707,651,0.9207920792079208,0.28664531408040217,ok,1435.5027831121095,-260.56896987994446,-0.4813867174368822
600,-2.232003627832455,0.19202281788511755,-0.044919694048550486,0.9998691922726575,664,633,0.9533132530120482,0.35748261575881546,ok,1437.7332592032105,-260.7779898892061,-0.43646702338833193
601,-2.381615374394414,0.484086625206146,-0.2459921769165939,0.9999783664558027,586,526,0.8976109215017065,0.40643810447779594,ok,1440.1132521161317,-261.2699912984548,-0.19047484647173846
602,0.1389829883926268,0.30301012387008086,-0.27761266389368744,0.9998739112808788,659,600,0.9104704097116844,0.2654058258346566,ok,1439.97473011876,-261.57321244295906,0.08713781742194829
603,0.2780267881485088,0.22217398207544647,-0.17255700013765735,0.9999682865968386,614,583,0.9495114006514658,0.377438952483682,ok,1439.6977131931794,-261.7966443032235,0.2596948175596052
604,-0.03986869281129657,0.23619422802255485,-0.03535011979461343,1.0000025793398692,662,642,0.9697885196374623,0.2767402220241293,ok,1439.738797635509,-262.03263009647435,0.29504493735421855
605,-0.3023471179669741,0.5597136517188801,0.026409003567987553,0.9999795531943546,589,555,0.9422750424448217,0.29493816271463064,ok,1440.0437656837412,-262.59092002224827,0.268635933786231
606,8.91940072263833,11.042539845931287,0.25744312612417636,0.9995158260670836,504,453,0.8988095238095238,0.8777026561972542,ok,1431.1265223063058,-273.635202074404,0.011192807662055326
607,-1.7998808806469242,3.6594907805725825,0.14411662134519548,0.9998555496847139,622,601,0.9662379421221865,0.34838530939189294,ok,1432.91790848525,-277.29885865158224,-0.13292381368313974
608,-5.523599685598356,3.0098504850610652,0.3614607150150389,0.9996590247948205,586,543,0.9266211604095563,0.6244266212071493,ok,1438.4153319593743,-280.356257640153,-0.4943845286981776
609,-0.6591303316959056,0.0971303842367206,0.4085039794367147,1.0000745031272116,660,607,0.9196969696969697,0.30016215695715043,ok,1439.0728498991264,-280.46376235915614,-0.9028885081348912
610,1.8021001010768032,0.17337971223150817,0.04365825420438936,1.0001200729866637,671,637,0.9493293591654247,0.3004278430959282,ok,1437.268131544483,-280.60734842856084,-0.9465467623392805
611,3.241501007544457,-0.04534439507870047,-0.05281973450263002,1.000140918928533,581,555,0.955249569707401,0.4366784366311,ok,1434.027732152812,-280.5114491139858,-0.8937270278366506
612,0.05407376893117544,0.08666702147183969,-0.24573351847881642,0.9999341843368439,615,562,0.9138211382113821,0.31058975478993545,ok,1433.972681691857,-280.5974990520789,-0.6479935093578348
613,-0.7420454906971372,0.4175655803925338,-0.33832399621752973,0.99996880002778,615,569,0.9252032520325203,0.3516066854660084,ok,1434.7124595168375,-281.0190690864265,-0.30966951314030605
614,-0.8609593921437408,0.5044586186924107,-0.10677621984206036,0.9999583105318929,635,591,0.9307086614173228,0.40775957587009687,ok,1435.5716271479334,-281.52657332736476,-0.2028932932982459
615,-0.4271451648485254,0.882790402576461,-0.0523765517754661,0.9999407695886814,650,626,0.963076923076923,0.30490937053744555,ok,1435.9964517399287,-282.4104827982784,-0.15051674152277997
616,-0.5015788831403825,1.2089486354136625,-0.005996010577632935,0.9999852372046164,616,579,0.939935064935065,0.36535218824526533,ok,1436.4949796238884,-283.62069275030956,-0.14452073094514703
617,2.1502231683491573,-2.0558168078944163,-0.009712086462793847,1.0002562086044304,649,629,0.9691833590138675,0.4837710845052215,ok,1434.3495994410628,-281.5598224748029,-0.1348086444823532
618,-6.810022681931287,13.906622340393369,0.12068984503678977,0.9996397882110432,599,521,0.8697829716193656,0.6227755504368442,ok,1441.0975409588636,-295.4966743115373,-0.25549848951914256
619,3.907255717820135,1.9290837162185426,0.04647603598460765,0.9999191212148404,644,583,0.90527950310559,0.3505651936006743,ok,1437.1801724164138,-297.40513833562625,-0.3019745255037501
620,6.738554658440989,1.026370472664894,0.11773358327241798,0.9999320994320117,598,545,0.9113712374581939,0.496496777900997,ok,1430.4342801596072,-298.38211985618705,-0.41970810877616765
621,-2.6932964774655375,0.747223118255306,0.10781531199044433,0.9998820756700865,649,620,0.9553158705701078,0.31671978371411125,ok,1433.1205828821223,-299.15410818964324,-0.5275234207666116
622,-7.180424232528594,0.740013128492933,0.04918059386481618,1.0002087239901607,622,551,0.8858520900321544,0.42752253236429993,ok,1440.2931949958897,-299.96635633821836,-0.5767040146314277
623,-0.4906992933965739,0.2595763242575231,-0.01412106412755841,0.9998864497966963,646,607,0.9396284829721362,0.2642547938682864,ok,1440.7813219155482,-300.23073821157516,-0.5625829505038694
624,0.044803535414530415,0.4052995460363036,-0.07246753113348395,0.9999673336615873,672,642,0.9553571428571429,0.25149650216423025,ok,1440.733053077505,-300.6356396786963,-0.49011541937038566
625,0.45152230112125835,0.4728219857503291,-0.10429347174615894,1.0000075838422127,662,625,0.9441087613293051,0.3481025092339753,ok,1440.2783571189043,-301.10541047797074,-0.3858219476242271
626,-0.15200246719155075,0.6809875265144001,-0.2940902519510906,0.999865477369068,592,538,0.9087837837837838,0.3287751609311294,ok,1440.4292691170203,-301.7866404906134,-0.09173169567313744
627,-0.6176621033901029,0.9285489769599735,-0.2711055497550562,0.9998777050133761,586,543,0.9266211604095563,0.3349616746336248,ok,1441.0498351639683,-302.71325122762926,0.1793738540819178
628,10.92753496325804,3.549443931296423,-0.13887235400518402,0.9998665983180892,548,488,0.8905109489051095,0.7033053103131037,ok,1430.1421838543629,-306.3233364763057,0.3182462080871013
629,-0.817335267524868,4.6000316328290864,0.016701052973832436,0.9997178414965533,536,476,0.8880597014925373,0.3470753051567999,ok,1430.9837174537502,-310.9190028222964,0.3015451551132689
630,-9.6645572179807,5.4898110498834285,0.3158203750596081,1.0000390704925055,570,518,0.9087719298245615,0.5805665518735186,ok,1440.6469065876092,-316.41122162222723,-0.01427521994633796
631,-2.102850839668008,0.9779612151335186,0.3326510989450202,0.9999756549679417,606,566,0.933993399339934,0.3132823366522358,ok,1442.743797353519,-317.40189760762314,-0.3469263188913569
632,3.935244460653621,0.7896857201689045,0.36484435396899456,0.9999277655090228,586,528,0.9010238907849829,0.36680979965730814,ok,1438.799046731849,-318.14263712633283,-0.7117706728603501
633,3.942469470693595,0.7490862780172165,0.2644244040696203,0.9999663986451701,639,586,0.917057902973396,0.3288583192210319,ok,1434.8443872932476,-318.8244468534175,-0.9761950769299694
634,0.047274542348759496,0.8204952552252962,0.09495842621289256,0.999986870475004,636,603,0.9481132075471698,0.2585186809501561,ok,1434.781782619293,-319.6439149742133,-1.0711535031428616
635,-0.3949812506809849,0.3258302898226475,-0.022309281167544853,0.9999561153141079,629,605,0.9618441971383148,0.2903069088065614,ok,1435.1707334462462,-319.97692071045185,-1.0488442219753167
636,-1.4167998222171718,0.986368898305841,-0.2092591042425465,0.9998411808054715,582,535,0.9192439862542955,0.31766179352425006,ok,1436.572927895749,-320.98394407937815,-0.8395851177327711
637,-0.9145422055280505,1.0573232150550211,-0.33030069626284625,0.9999772674744974,630,580,0.9206349206349206,0.2633587703629202,ok,1437.4780358785542,-322.04935450088146,-0.5092844214699261
638,0.01869491634761289,-2.953416524346949,-0.3185244475873599,0.9998643514559896,604,577,0.9552980132450332,0.5069429261063445,ok,1437.4691741219908,-319.0958921030417,-0.19075997388256755
639,4.796317747959392,7.383506930990734,-0.06693339084242977,0.999794901978535,433,345,0.7967667436489607,0.5753470216794557,ok,1432.656910488401,-326.4690160854667,-0.12382658304013804
640,-4.162349773921505,8.508226847131596,-0.0631782706322236,0.9999014067907451,598,531,0.8879598662207357,0.5163759208349806,ok,1436.8102518656642,-334.98164406551075,-0.06064831240791466
641,-6.895152197886773,3.059889437455354,0.04020907464786505,1.000182696961897,579,514,0.8877374784110535,0.590000723908584,ok,1443.7000070801387,-338.0536662474128,-0.10085738705577957
642,-2.876441505978846,1.400512798399177,0.12280031771503536,0.9998521008698715,603,558,0.9253731343283582,0.39202355538269373,ok,1446.5709596942747,-339.4653967185668,-0.22365770477081443
643,0.25354920496147315,1.0910937784618682,0.16536119530912644,1.000088384778362,588,548,0.9319727891156463,0.4104795461508848,ok,1446.3100082339513,-340.5547438478558,-0.3890189000799402
644,0.8541898829728325,0.9637381606031568,0.21760069937495666,1.0002149661952675,586,547,0.9334470989761092,0.5643498056567807,ok,1445.4456628297623,-341.50938441929304,-0.606619599454896
645,1.0750445299818239,0.7689075507452117,0.1711183547782879,1.0000653813414673,642,611,0.9517133956386293,0.4537330657552851,ok,1444.3602804416348,-342.2636288323175,-0.7777379542331831
646,0.9109540202389326,0.7203347140929282,0.06617205949092338,1.0000609397760065,620,586,0.9451612903225807,0.40447045913956703,ok,1443.438815800085,-342.97046844756983,-0.8439100137241062
647,0.2955291986638713,0.574448855596529,-0.05544396901284,0.9999986068810334,653,611,0.9356814701378254,0.3628436840735757,ok,1443.1354096538603,-343.54079616510796,-0.7884660447112665
648,-0.6599952549545378,0.6414026577452887,-0.1588287453587059,0.9997834270630315,639,606,0.9483568075117371,0.4259891050933584,ok,1443.7883166691327,-344.18941279712817,-0.6296372993525612
649,1.6773350354915237,-3.23130519170536,-0.2740882759215208,1.0001588181505525,570,513,0.9,0.5916934286287348,ok,1442.131065668415,-340.94776118354457,-0.3555490234310417
650,-8.444279441707067,13.450558279411894,-0.4143543542859188,0.9997813397637094,517,447,0.8646034816247582,0.7680210646118595,ok,1450.5891455954613,-354.3896456223123,0.05880533085487512
651,4.823932659610591,6.104513858916675,-0.29656607527988466,0.999770796004139,598,536,0.8963210702341137,0.4438685746813924,ok,1445.8031681241062,-360.52396183537496,0.3553714061347583
652,2.5126835755613683,1.4258157914640606,-0.07167539982140293,1.000135727736779,660,623,0.943939393939394,0.33443007701656335,ok,1443.3011813797616,-361.9684658170961,0.4270468059561609
653,-0.22657082154819363,2.101455498706514,0.10184084508895588,0.9999250386759506,620,576,0.9290322580645162,0.30140227269368436,ok,1443.539676169964,-364.06860147587315,0.3252059608672055
654,-5.022756120639997,1.150421087047107,0.30365024844247596,0.9999477233195316,595,521,0.8756302521008403,0.4548770991531125,ok,1448.562864744431,-365.2171328295117,0.021555712424731092
655,-2.72130343178992,1.079398578337532,0.3729999086929439,1.000011093554618,612,554,0.9052287581699346,0.2926981228077464,ok,1451.277496146446,-366.31320308728857,-0.35144419626821094
656,-0.37397139165113913,0.5234647098712912,0.164217573377191,0.9999941743228207,613,582,0.9494290375203915,0.36651997629442135,ok,1451.6467412758316,-366.8400122924845,-0.515661769645401
657,-0.16243992457566492,0.7289639763123432,0.25998466702696954,0.9999727435802179,628,579,0.9219745222929936,0.34309113874882907,ok,1451.799298206011,-367.57110844957435,-0.7756464366723692
658,0.06240407672271431,0.83497937468087,0.10955053965877427,1.0000532456228017,662,628,0.9486404833836858,0.2732469092481917,ok,1451.724001991121,-368.40502409576266,-0.885196976331143
659,-0.6730080214883856,0.7394060157345166,-0.05193445295610773,0.9997823893767609,669,638,0.953662182361734,0.3532083946609231,ok,1452.386185910239,-369.1541392473604,-0.8332625233750356
660,1.386810467537316,-4.071853889056797,-0.261745623477558,1.0001833249537773,587,556,0.9471890971039182,0.6085519309047269,ok,1451.0400598992182,-365.0686549273378,-0.5715168998974789
661,2.722682477561648,10.837137899805725,-0.3308537522011916,0.9995830862824178,543,483,0.8895027624309392,0.5701380399273607,ok,1448.271881646382,-375.89426100245214,-0.24066314769628902
662,-7.659632847657349,5.071967788007669,-0.18040049276752643,1.0000956488288162,627,545,0.8692185007974481,0.607204064741913,ok,1455.9261756551807,-380.97428224555426,-0.06026265492876358
663,-7.259585334027179,1.6629221988306426,-0.11761074784494588,0.9999524991533342,628,547,0.8710191082802548,0.5656977567030683,ok,1463.1874217930217,-382.6299373989841,0.05734809291618163
664,-1.7902726422644264,0.9508226932144908,-0.04747909327682537,0.9999133577361,713,670,0.9396914446002805,0.3586412689310027,ok,1464.979431043722,-383.57748305644725,0.10482718619300672
665,-0.11779510310316255,0.9346634338700142,0.03156285918468721,0.9999976157149313,663,620,0.9351432880844646,0.277412005944485,ok,1465.0984212078167,-384.5119951011942,0.07326432700831968
666,0.6326493176695749,0.7307343515186631,0.10895853116174367,1.0000301447254625,659,623,0.9453717754172989,0.40164520246026886,ok,1464.4653167790445,-385.2423351821883,-0.035694204153423365
667,0.694959640436764,0.9768916047178209,0.15072865005167246,1.0001067799613879,712,667,0.9367977528089888,0.3517485056273293,ok,1463.7671823178214,-386.21696043491715,-0.18642285420509497
668,0.2826465714376809,0.5347777526891377,0.1642186455400703,1.0000596908133073,691,660,0.9551374819102749,0.3571793296668965,ok,1463.4812683007974,-386.7499984297974,-0.35064149974516434
669,-0.25083255871572874,1.5475597419552969,0.3688333537349645,0.999981865229846,598,528,0.882943143812709,0.428219793238361,ok,1463.7126485693639,-388.3005858342191,-0.7194748534801266
670,-0.7496188062441433,1.272798907357128,0.05260035195520396,0.9999856140317633,602,559,0.9285714285714286,0.36727070832352066,ok,1464.4450485477873,-389.5833701827553,-0.7720752054353303
671,1.2236234156891896,-4.250277821634313,-0.08875927181231043,1.000074944566612,594,548,0.9225589225589226,0.6568917845868103,ok,1463.2722002418159,-385.31880189561537,-0.6833159336230203
672,-9.754709794457085,13.405102508109735,-0.19256084041766117,0.9998812502226619,500,418,0.836,0.9129100553165883,ok,1472.9117349990793,-398.80696359728995,-0.49075509320536026
673,5.77692833473975,5.0497793138920315,-0.3548393581170176,0.999714913767238,590,521,0.8830508474576271,0.5623286473464265,ok,1467.1228439588413,-403.8430248189179,-0.1359157350883445
674,4.686467786543062,0.6182711570022548,-0.2255211696174296,0.9998780091846146,564,483,0.8563829787234043,0.4959319024533191,ok,1462.4373488233757,-404.46862443002533,0.08960543452908397
675,-2.918905099139465,0.2025318648428538,-0.13760664997292563,0.9999956458460848,631,565,0.8954041204437401,0.335089814981025,ok,1465.3570341292814,-404.6595795256343,0.22721208450200892
676,-6.036824679129268,0.07563575145400137,-0.047716394862714284,1.0000281361812526,611,539,0.8821603927986906,0.49553281708261465,ok,1471.3941522402108,-404.7062473746654,0.27492847936472287
677,-2.565527989223483,0.06783715361348186,0.041650767762727726,0.9999968465641506,630,583,0.9253968253968254,0.39677499622985346,ok,1473.9599351610905,-404.7636385396705,0.23327771160199537
678,-0.37494577405709606,0.10037412854046579,0.04839330822574454,1.000010523425634,676,648,0.9585798816568047,0.25881789337388933,ok,1474.3352028739357,-404.86280225712596,0.18488440337625112
679,-0.41130765219804744,0.7904942707025384,0.2529479047108583,0.9998789624834157,621,559,0.9001610305958132,0.5489309767935886,ok,1474.745571182542,-405.6537845755512,-0.06806350133460598
680,-0.6285435564154795,0.6987491549849665,0.3331608795481401,0.9999774148615872,573,498,0.8691099476439791,0.4268219043100188,ok,1475.3692062466075,-406.3569180556043,-0.40122438088274437
681,-0.9385007154107825,1.1902943285981564,0.1997706949875157,0.9998267497300448,608,560,0.9210526315789473,0.5259710063107759,ok,1476.2951701562379,-407.55699097821446,-0.6009950758702592
682,-6.564822092011127,2.1154083887519164,0.0414445635071475,1.0000778775926262,521,438,0.8406909788867563,0.8596265079283713,ok,1482.8358606585568,-409.7458741418013,-0.6424396393774064
683,-4.322808427008795,7.415893285756283,-0.11054420699784462,0.9999553688075022,585,504,0.8615384615384616,0.5250052171861352,ok,1487.0896396463984,-417.20157734438,-0.5318954323795623
684,-0.8313241964410736,1.6347599811537066,-0.09788865144492706,0.9998868880903979,629,584,0.9284578696343402,0.5023581686801863,ok,1487.9085570541488,-418.842587519502,-0.43400678093463574
685,0.0416318420063817,1.3866472888123553,-0.3016333485015591,0.9999080345921998,671,591,0.8807749627421758,0.30602647063791355,ok,1487.863721682435,-420.22913492340956,-0.13237343243307803
686,0.4270965778964637,0.566455583452921,-0.22384435098948033,0.9999899737739514,612,542,0.8856209150326797,0.319299755890734,ok,1487.4375299770354,-420.79627163102475,0.09147091855640134
687,-0.0055609734899917385,0.001084907567587834,2.516046688508663e-06,0.9999974089698593,967,963,0.9958634953464323,0.005666064960013878,ok,1487.443092675412,-420.7973476595379,0.09146840250971283
688,0.5776492694967601,0.811100430649617,-0.21244324230571066,0.9999331037145549,629,568,0.9030206677265501,0.3591047012292217,ok,1486.8697537984772,-421.6115006668682,0.3039116448154226
689,-0.09335368081588058,0.4206600981892734,0.05453719252173181,0.9999446615616658,658,622,0.9452887537993921,0.34961017209346856,ok,1486.9649374725198,-422.0317504689219,0.24937445229369104
690,-0.19847599164972962,0.2116080570461918,0.05264440457501926,0.9999519117388127,606,565,0.9323432343234324,0.3105918786338172,ok,1487.164138867463,-422.242675795331,0.19673004771867203
691,-0.5928382822819458,0.4744553861245322,0.16209744784946742,0.9999660138352602,611,573,0.9378068739770867,0.34320280758302396,ok,1487.7572638273589,-422.71677275198635,0.034632599869205305
692,-0.8984362376188528,0.5017356351304443,0.33696529183871576,0.9999459306937386,612,540,0.8823529411764706,0.3376809819569766,ok,1488.6530400605725,-423.22324215939045,-0.30233269196950896
693,1.157777154528958,-0.8494620241821167,0.30201060875593566,1.0002375795628018,549,483,0.8797814207650273,0.4184793075363906,ok,1487.5042870828418,-422.36161563575536,-0.6043433007254433
694,-9.855009218104215,12.337102141511195,0.13957572761701195,1.0000310442052238,525,452,0.8609523809523809,0.717354633443189,ok,1497.198287218404,-434.825630129919,-0.7439190283424547
695,5.74932489317257,4.374460700117538,-0.11690767951283026,0.9997497415054739,648,572,0.8827160493827161,0.4339632942974957,ok,1491.4014360140743,-439.13691291570206,-0.6270113488296248
696,2.532414938948932,0.3981316735876135,-0.1188458669056437,1.0000025458943913,601,550,0.9151414309484193,0.4101313000703082,ok,1488.8655896293608,-439.5125688296175,-0.5081654819239817
697,-1.3093822134173934,-0.31077956713556887,-0.5364545667667232,1.000039551877127,581,523,0.9001721170395869,0.31445758242394944,ok,1490.1748182396059,-439.2011428090617,0.028289084842739187
698,-5.838436230953448,-0.067880679577911,-0.3870722178790865,1.0000588941484,631,548,0.8684627575277337,0.44691055920117984,ok,1496.0126089628773,-439.09093899399375,0.415361302721824
699,-3.073718496413676,-0.07925227537020874,-0.2936710066361955,1.0001224134700522,586,518,0.8839590443686007,0.3514734268237922,ok,1499.0851113908961,-438.9736566502032,0.7090323093580182
700,-0.44560979390121247,-0.10564095555764652,-0.07161772958300956,0.9999995261772688,667,620,0.9295352323838081,0.30863172780362,ok,1499.5292405199748,-438.8619542929513,0.7806500389410275
701,-0.2832108193942986,0.12515650800014555,0.1199174439985359,0.9999673660424319,603,573,0.9502487562189055,0.4041537910010498,ok,1499.8138757757904,-438.98383657576403,0.6607325949424923
702,-0.4812168206365186,0.4171221864571635,0.3157490106956776,0.9999960668674727,582,519,0.8917525773195877,0.3678287323230684,ok,1500.2975953924988,-439.39805376433776,0.3449835842468162
703,-0.4268891528445238,0.46561897893934656,0.20421945805323619,0.9998973649288828,633,583,0.9210110584518167,0.3759817732550889,ok,1500.7256271874028,-439.8626225589377,0.140764126193581
704,1.7711644773355602,-2.750988716536085,0.4178916278321055,1.000119248603741,545,461,0.8458715596330275,0.5192672644705042,ok,1498.967789323338,-437.1030993088192,-0.2771275016385224
705,2.529404896405822,15.045281811339805,0.28099798585930624,0.9995747024059511,555,494,0.8900900900900901,0.5754669388249598,ok,1496.2919487440042,-452.12302844002966,-0.558125487497827
706,-8.676352849596242,6.24766868986535,0.1480329234471602,1.0000088325918262,566,478,0.8445229681978799,0.6178671773374197,ok,1504.8906433801837,-458.47715413777587,-0.7061584109449863
707,-7.621375557367855,0.9458705389366742,-0.06747343529726553,1.0000144206151567,641,585,0.9126365054602185,0.5050236501495338,ok,1512.5010018820767,-459.5079208114387,-0.6386849756477211
708,-1.5844998146321814,0.10652565771863465,-0.2566067665838131,1.0000091786604042,563,483,0.8579040852575488,0.3204060556890651,ok,1514.0847561026167,-459.62501029535747,-0.38207820906390927
709,-0.1413460976314127,-0.09824171433490392,-0.35674601976676784,0.9999153276100147,578,512,0.8858131487889274,0.30464125198747105,ok,1514.2261456220513,-459.52683108398844,-0.025332189297143128
710,0.15124080388045513,-0.16873611084679396,-0.12124115208799756,0.999883272044803,606,563,0.929042904290429,0.32669043479622123,ok,1514.0746225782311,-459.3583483755182,0.09590896279085387
711,1.2693232630949751,-0.45225269091940845,-0.3070406859077852,0.999949629309585,562,499,0.8879003558718861,0.34518437736744206,ok,1512.8021501298877,-458.91503368944996,0.40294964869863764
712,0.2656472832561576,-0.0228218933395965,-0.04448760586071527,0.9999972794477373,614,578,0.9413680781758957,0.225763181071231,ok,1512.5363327266311,-458.89428697783205,0.44743725455935257
713,0.0009160056013115536,-0.0025516827305409606,4.072264608769121e-05,1.0000040466329452,866,865,0.9988452655889145,0.0026631850380434458,ok,1512.535396824235,-458.89174252548946,0.4473965319132649
714,-0.4752847259144346,0.1299805324757699,0.151327649347561,0.999943139744365,610,570,0.9344262295081968,0.393488714302669,ok,1513.0113468600894,-459.01926535827045,0.2960688825657046
715,-5.479126501111068,4.120600799075646,0.2277765234039976,0.9998302978479203,442,373,0.8438914027149321,0.8550508360321055,ok,1518.495380921347,-463.13333251565655,0.06829235916170809
716,-3.9368662939916703,7.442720267482969,0.22531025736996257,0.9999997198644958,516,441,0.8546511627906976,0.5518831963031756,ok,1522.4118358366086,-470.5868137220119,-0.15701789820825338
717,-1.7019244580940267,1.5141327540712837,0.1968229146528018,0.9999257669549168,527,473,0.8975332068311196,0.46169213176344487,ok,1524.1043770890133,-472.111428088637,-0.35384081286105423
718,-0.23022496091289213,-0.19969481763564545,0.02244364479241553,1.0000872955228195,647,617,0.9536321483771252,0.26358006339913864,ok,1524.335908551912,-471.9132495466456,-0.3762844576534696
719,-0.5079352325030868,-0.4109525330120505,-0.023725989601777683,0.9999402234381577,581,532,0.9156626506024096,0.31755169277076434,ok,1524.8463628691848,-471.5054302548207,-0.35255846805169205
720,-0.34743112177716284,-0.3575766787505472,-0.10991700186799493,1.000012069019988,570,521,0.9140350877192982,0.4257386438245431,ok,1525.195305169761,-471.149328111561,-0.24264146618369767
721,-0.5594214155041755,-0.1400273807639678,-0.16480015966786046,0.9999755242052796,622,580,0.932475884244373,0.3400298956768619,ok,1525.75491630832,-471.0100608825061,-0.07784130651583789
722,-0.7862256553880798,0.33996453552776984,-0.27348556628016574,0.999894096511591,534,470,0.8801498127340824,0.3758313150443158,ok,1526.5422982331725,-471.3473387664869,0.1956442597643268
723,-0.8540015197938828,0.41773784556448845,-0.24036702193589504,0.9999443938644516,588,502,0.8537414965986394,0.37243557654376536,ok,1527.3994539099917,-471.7585657708578,0.43601128170022085
724,-0.8984795013102485,0.788574967739919,-0.07966263754300293,0.9999781172582426,620,583,0.9403225806451613,0.39404078200366316,ok,1528.304994264172,-472.53902240704747,0.5156739192432235
725,-0.8244399569632606,1.0247017089291148,0.07297710979936242,0.9998798694944293,535,473,0.8841121495327103,0.4050321936059828,ok,1529.1373269084188,-473.55732354337226,0.44269680944386125
726,-0.0010975957195569208,0.00855257117234487,-0.0007034649226203505,0.9999803694160974,786,763,0.9707379134860051,0.08603846308148878,ok,1529.1384906572034,-473.5658673644606,0.44340027436648166
727,-10.869531468921195,6.754799481292139,0.5226776740723023,1.0002888067628795,552,453,0.8206521739130435,0.8857631677382917,ok,1539.9986654348643,-480.3357000200725,-0.0792773997058184
728,-1.3331312933769368,0.44819999630067286,0.16978314897500882,0.9999576442920494,593,537,0.9055649241146712,0.41227775458647875,ok,1541.3298358466336,-480.78969078748287,-0.24906054868082655
729,-0.09655181309062755,-0.4976081883099823,0.07421029969024089,1.0000306573593802,629,576,0.9157392686804452,0.36878833735240035,ok,1541.4291936834315,-480.29263527554167,-0.3232708483710671
730,-0.08280064375003349,-0.9185684507743872,0.08245175714105146,1.0000143627099858,661,619,0.9364599092284418,0.31274889998859495,ok,1541.518496759491,-479.3746761773408,-0.4057226055121182
731,-0.17506247166897992,-0.6863538650694636,-0.018522613987253602,1.0000350004465046,644,597,0.9270186335403726,0.28788508243097566,ok,1541.6981935192553,-478.6895210331485,-0.3871999915248647
732,-0.4407190185511354,-0.3632731600303032,-0.17697274563055326,0.9998957307520095,563,521,0.9253996447602132,0.5047995166254731,ok,1542.1402424746639,-478.3278673823536,-0.21022724589431216
733,-0.6467630395700326,0.295866187987599,-0.20819866351962593,0.9998857084791475,609,553,0.9080459770114943,0.31588408142095015,ok,1542.7869950385555,-478.62375646908674,-0.0020285823746871005
734,-0.7390385900082492,0.6164820027723863,-0.2769258928727684,1.0000032626954307,581,507,0.8726333907056799,0.39073451038627366,ok,1543.5289829073845,-479.23668558389124,0.2748973104980801
735,-0.43801084622327835,0.3515116868579753,-0.09944215662922855,1.000046380104727,622,570,0.9163987138263665,0.48829266521372233,ok,1543.9692809750431,-479.58532806412404,0.37433946712730826
736,-1.0037606206553846,1.257800360257761,-0.09971088904784586,0.9997700412252215,556,498,0.89568345323741,0.5682943287065005,ok,1544.9834138336325,-480.83478061423205,0.4740503561751536
737,-7.631975981541245,3.1440458337372093,0.05645329306745746,1.000140132218802,522,441,0.8448275862068966,0.8902559660760189,ok,1552.638102103565,-483.9231182054981,0.4175970631076964
738,1.2309378955915236,7.109663542914632,0.19639886951752245,0.9997590704945148,567,485,0.855379188712522,0.5331307962536902,ok,1551.4346211415962,-491.03748095773597,0.22119819359017492
739,5.24436285303068,1.833940078552473,0.2882078854868171,0.9998681237938613,557,502,0.9012567324955116,0.4659305169825391,ok,1546.188117009906,-492.865286292591,-0.06700969189664083
740,0.9113969195454956,-0.10548130093900454,0.1539891619696777,1.0000639189960652,594,555,0.9343434343434344,0.38914022010831334,ok,1545.2771337270783,-492.7562903834314,-0.22099885386631787
741,-4.5033252165412705,0.002046624546210296,0.11104897730469819,0.9998458372639094,549,486,0.8852459016393442,0.5339832433902594,ok,1549.7803714590887,-492.78443507391717,-0.33204783117101566
742,-5.083844787107637,-0.2025865682830954,0.061917665901678,0.9999208485919951,572,509,0.8898601398601399,0.4492129775672961,ok,1554.8654890396049,-492.61680951089727,-0.39396549707269335
743,0.001176077709033052,-0.002762120698889703,-0.00010044381366870433,0.9999904947129563,831,824,0.9915764139590855,0.00409423189929306,ok,1554.8643319770204,-492.6140393708812,-0.3938650532590247
744,-1.892432197318385,-0.28617960741962634,-0.12472951033072419,0.9998922358510594,539,495,0.9183673469387755,0.48437180352253667,ok,1556.7580875633748,-492.3367522123218,-0.26913554292830116
745,-0.3655440842828739,0.19146353714450015,-0.12553894875700652,0.999842784776368,623,585,0.9390048154093098,0.39070690246160095,ok,1557.123150647827,-492.5291312859762,-0.14359659417129525
746,-0.28601921170047717,0.17645404423114996,-0.049543593264692924,1.0000143734384181,612,548,0.8954248366013072,0.25764501916517435,ok,1557.4088798188911,-492.7060546026711,-0.09405300090660257
747,-0.8509714131093915,0.5890680624261222,-0.08599132254060106,0.9999270661650422,556,505,0.908273381294964,0.39726788275445807,ok,1558.2597683400336,-493.2952423933524,-0.008061678366001917
748,-6.328611767905386,2.063294654835431,-0.06491519503962671,1.000254770392689,488,421,0.8627049180327869,0.9038557460741533,ok,1564.5904243601606,-495.3522562718598,0.05685351667362449
749,-5.042461090461757,9.216603399488463,0.047185984066568515,0.9999422360038571,473,397,0.8393234672304439,0.6065575376543817,ok,1569.6344404988577,-504.5680087243102,0.009667532607056203
750,-0.027854104847619965,0.8047011965891215,0.0427175994086212,1.0000145422685784,442,384,0.8687782805429864,0.38512262592119734,ok,1569.6618304213068,-505.3727258541745,-0.0330500668015648
751,0.5314405285525936,0.008806835094901544,0.10668867585334636,1.000039767037237,548,500,0.9124087591240876,0.3802341617411961,ok,1569.130369994342,-505.3802365334444,-0.13973874265491068
752,0.40053618697356796,0.0748388336902508,0.2844883943286819,0.9999389983879401,511,452,0.8845401174168297,0.3671240421225154,ok,1568.729290672674,-505.4521077087079,-0.42422713698359127
753,0.41339156596973226,0.12506330104758945,0.2438352413377367,0.9999918202983693,543,469,0.8637200736648251,0.35443793384166655,ok,1568.31446901624,-505.5723425182989,-0.6680623783213269
754,0.14669059691573239,0.245395400873349,0.10809593207810124,1.0000490760594156,547,500,0.9140767824497258,0.34552739615719447,ok,1568.1644677270256,-505.8157283174478,-0.7761583103994276
755,-0.09739389323817704,0.31925733840841986,-0.04460044727168133,0.9999610605882401,575,531,0.9234782608695652,0.3106221693618094,ok,1568.2577774848364,-506.1362031334087,-0.7315578631277465
756,-0.5623602519583528,0.6579374196680874,-0.23579287800235088,0.9998439291665199,554,490,0.8844765342960289,0.3234823366581319,ok,1568.814423800367,-506.79898181486146,-0.4957649851253966
757,-0.7732211452555475,0.964095129420798,-0.3069413228555143,0.9998729494874825,552,500,0.9057971014492754,0.34674908721658926,ok,1569.5844634857076,-507.7656199276232,-0.18882366226988356
758,0.31953710242896705,-1.4589267054351467,-0.3539897939244189,1.000106653152303,536,449,0.8376865671641791,0.42156179490499873,ok,1569.260722079242,-506.3076204099964,0.16516613165453373
759,-10.332642182978816,7.474551997682852,-0.11441752816747092,1.0001856947001897,468,387,0.8269230769230769,0.8112156238137,ok,1579.6297143402671,-513.7316638863194,0.2795836598220041
760,6.736735268903658,8.470298603445826,-0.22221378001137573,0.9996499377346092,482,401,0.8319502074688797,0.601052935583195,ok,1572.9674195082666,-522.2606373348846,0.5017974398333788
761,5.883433040243972,-0.10878633424488271,0.07166640485300382,0.9998542918330153,466,411,0.8819742489270386,0.5413641603002772,ok,1567.0833355833793,-522.1960217760985,0.43013103498037536
762,-1.6796861392660958,-0.5722480926405069,0.26350611984168404,1.0000633483906336,557,490,0.8797127468581688,0.31282162366955624,ok,1568.761350436917,-521.6188913252629,0.16662491513869251
763,-2.825953166201998,-0.10175223001965605,0.16730539139674352,1.0000452289951653,567,515,0.908289241622575,0.4071231410684076,ok,1571.587304811385,-521.5171726578279,-0.0006804762580501618
764,-6.5017198033797285,-0.4378530346186835,0.37568758651621653,1.000234792920666,477,412,0.8637316561844863,0.5782444397925279,ok,1578.0917605162679,-521.1220376621626,-0.3763680627742648
765,-0.6573418372686319,0.16667688937957337,0.12749899380866414,0.9998781817039621,571,532,0.9316987740805605,0.37634693226358007,ok,1578.7476111744545,-521.2944887875101,-0.5038670565829283
766,-0.021711902131755778,0.3497767955100244,0.040477623627050915,1.00001842762981,578,538,0.9307958477508651,0.2910498352852029,ok,1578.7659990548605,-521.6444560705888,-0.5443446802099791
767,-0.23003271468678577,0.6642332485790803,-0.0454820807011631,0.9999186445254878,592,558,0.9425675675675675,0.35940034541995486,ok,1578.9902397808353,-522.3106669644942,-0.4988625995088162
768,-0.9311608212769897,1.2292785819391838,-0.12913389726713542,0.9998770052492835,542,486,0.8966789667896679,0.3446887060695376,ok,1579.9134487559734,-523.5459286757605,-0.3697287022416815
769,1.4914994783716793,-1.1675661555131,-0.19383083194971887,1.000268298094243,525,463,0.8819047619047619,0.4640614144377652,ok,1578.4255407251444,-522.3737891306221,-0.17589787029196358
770,-8.548783484061914,8.003014846310975,-0.12743674321149404,0.9999725870042487,452,370,0.8185840707964602,0.7700694382065638,ok,1586.967552152374,-530.3840317277421,-0.04846112708047021
771,1.814832494431812,8.553308712107196,-0.28578033904430317,0.9996492880630078,484,411,0.8491735537190083,0.510309275781737,ok,1585.188162943015,-538.9447840865638,0.23731921196383157
772,5.170780221782934,1.396369053350213,-0.1544189823670827,0.9998896105290567,531,456,0.8587570621468926,0.5416724534813951,ok,1580.0270506482075,-540.3764734786863,0.3917381943309134
773,0.8297087862561057,-0.46069422498726453,0.021499438077633614,0.9999320452246854,514,457,0.8891050583657587,0.3709888614493018,ok,1579.1943822520054,-539.9211503177403,0.37023875625327984
774,-6.758912192063008,-0.5259297723390546,0.32830397655438137,1.0000916637123038,522,458,0.8773946360153256,0.5225318923290176,ok,1585.9529077058162,-539.3902738390307,0.04193477969890021
775,-1.7604727573523178,-0.02304793051212073,0.14629942119484887,0.9999582910973296,541,487,0.9001848428835489,0.4254608735914329,ok,1587.7134195245799,-539.3704326577566,-0.10436464149594783
776,-1.3758599537031841,-0.12705452200327727,0.38986524375101944,0.999942785400386,475,398,0.8378947368421052,0.41195133846510046,ok,1589.0903242428535,-539.2552507991103,-0.4942298852469652
777,-0.1692354392789639,0.2870454933496376,0.315824332867093,1.0000222272968,526,467,0.8878326996197718,0.5108862994599163,ok,1589.2554846220075,-539.5446601948075,-0.8100542181140565
778,-0.06662349666498812,0.5629181551421425,0.1446725380427312,0.9999027191553986,510,461,0.903921568627451,0.4578905914721916,ok,1589.3127193278406,-540.1086103062048,-0.9547267561567871
779,-0.5496334433116772,0.7266782271647116,-0.06453032117421434,0.9998885995955487,527,495,0.9392789373814042,0.45495092971781825,ok,1589.8509965906196,-540.8437400608854,-0.8901964349825733
780,0.6214744218302712,-0.38853053573780016,-0.250252541553629,1.0000993402253853,506,457,0.9031620553359684,0.42028733730495305,ok,1589.233900389721,-540.4482925763489,-0.6399438934289455
781,3.5625297430362934,13.408115300191639,-0.3833195651665488,0.9996074693187225,445,367,0.8247191011235955,0.5116308217077608,ok,1585.6113524443674,-553.840317085618,-0.2566243282623988
782,-7.567776636401959,4.885194641675753,-0.27780539383732417,1.0002799424880413,502,445,0.8864541832669323,0.6599204206760357,ok,1593.18093451911,-558.7227137429234,0.021181065574923878
783,-7.105185838890748,0.5737550704392334,-0.1834764357493668,1.0002764294980426,492,410,0.8333333333333334,0.5988281463399053,ok,1600.288124449682,-559.2710858581942,0.2046575013242897
784,-1.4622307028378145,-0.6607725715476818,-0.07741292183946563,1.0000064155463029,570,522,0.9157894736842105,0.3323044327541359,ok,1601.7470844245872,-558.6031226771302,0.28207042316375486
785,0.2925874977515832,-0.24240292750971548,0.06072385417003521,0.9999222005990156,526,479,0.9106463878326996,0.3008031357518654,ok,1601.453562655133,-558.3618518874306,0.22134656899372
786,0.861068335238997,-0.13068169130497154,0.18068901893520511,0.999925223482685,465,414,0.8903225806451613,0.5076965854822817,ok,1600.592401803906,-558.231781250054,0.04065755005851603
787,1.156679369288895,-0.012807558275767406,0.2654001892491172,0.9999071924558216,518,450,0.8687258687258688,0.3368208190765859,ok,1599.4357815704452,-558.2144367282446,-0.22474263919059945
788,0.779251861825287,0.42050828870151236,0.15345244159963123,0.9999600487254515,554,507,0.9151624548736462,0.4086069226462645,ok,1598.6537710348503,-558.6297922473404,-0.3781950807902298
789,-0.00019149206787005824,-0.00033558809491296415,6.24534055997524e-05,1.000009606403096,751,746,0.9933422103861518,0.0014407913426616016,ok,1598.6539647382276,-558.6294579307493,-0.3782575341958296
790,-0.5370174224146922,1.8714602107513656,0.16523488398450067,0.9997874959694838,487,440,0.9034907597535934,0.5205871764314304,ok,1599.1732060965655,-560.5059278730062,-0.5434924181803293
791,-5.876198836282583,5.454557964306559,-0.04607734018877526,1.0000651047345133,425,341,0.8023529411764706,0.7645784625550679,ok,1605.001830174227,-566.0112940470956,-0.4974150779915544
792,-2.3290241672375487,8.91498458798037,-0.11401691385571341,1.0000658084382235,475,403,0.848421052631579,0.4830912992058157,ok,1607.2711474864852,-574.9416637321528,-0.38339816413584155
793,0.02235320271756791,1.7269332401250495,-0.07630556073100427,0.9999622038865473,509,473,0.9292730844793713,0.4479139510155831,ok,1607.2395386720293,-576.6684523597413,-0.30709260340483757
794,1.5436670492460962,0.9229364823981996,-0.19988473483356842,1.0000163486293672,538,456,0.8475836431226765,0.2869482709092611,ok,1605.6941473916697,-577.5884988259913,-0.10720786857127018
795,1.5805807754704801,0.006459830250037157,-0.1707230061097258,1.0001630473032668,514,457,0.8891050583657587,0.45840930827540977,ok,1604.1135747484027,-577.5967108020052,0.0635151375384548
796,1.2322177409757842,-0.0688995663380183,-0.07860463015337006,1.000110301724908,458,413,0.9017467248908297,0.40494790835536587,ok,1602.8811898958431,-577.5308679086946,0.14211976769182452
797,0.8073521980879832,0.36045846245724533,0.03387740572379101,0.9998863416269612,502,459,0.9143426294820717,0.3714190674633209,ok,1602.0745201110176,-577.8928509651547,0.10824236196803366
798,0.5626621291587526,0.07006889699539443,0.15167569287527843,1.0000381634634834,453,400,0.8830022075055187,0.457798600672468,ok,1601.5118050274784,-577.9624933134266,-0.04343333090724403
799,-0.028245196887837665,0.4372207661383527,0.20535990336393736,0.9998278490695776,467,409,0.8758029978586723,0.4898824123864541,ok,1601.5381514373253,-578.3998326052562,-0.24879323427118036
800,-0.42328205891362813,0.6064182606862687,0.1596037147938344,0.9998716432501893,514,464,0.9027237354085603,0.38799489319771036,ok,1601.9571003087487,-579.0092525355382,-0.408396949065014
801,-0.6661526623697682,0.8669585579801833,0.12672610314730984,0.9999252144482194,464,416,0.896551724137931,0.3460821833775884,ok,1602.6151269376123,-579.8823948300949,-0.5351230522123234
802,-3.8156367001056424,3.3425009335049936,0.07440661315010931,1.0003084695608535,398,339,0.8517587939698492,1.0277901573753538,ok,1606.3949898699673,-583.2652977447942,-0.6095296653624322
803,-2.879373873070108,8.219248129469293,-0.01809258118741613,0.9997623450633742,420,347,0.8261904761904761,0.5681929042090912,ok,1609.1893684563229,-591.5138298584992,-0.5914370841750163
804,0.25974201574513245,3.2988266775741977,-0.11647156190375432,0.999819342408312,395,348,0.8810126582278481,0.4264134706621973,ok,1608.9022893546326,-594.8103900282506,-0.4749655222712625
805,1.0923477251328677,1.1848792730181685,-0.15114585759652951,1.0001561383995514,436,395,0.9059633027522935,0.5473128159351023,ok,1607.803262505859,-595.9890767677645,-0.32381966467473366
806,1.046191398279916,1.2287886061922109,-0.3395051574537969,0.9999408227245985,406,357,0.8793103448275862,0.32202669224645597,ok,1606.7574075442412,-597.2181517369187,0.015685492779061623
807,0.8184687928717267,1.1687814583151521,-0.23751215673209913,0.9998524698594792,419,364,0.8687350835322196,0.3745857176059809,ok,1605.944111726669,-598.3905386932287,0.25319764951115953
808,0.2596305319532348,0.5182990434313979,-0.04789704288451245,0.9999286862614741,425,389,0.9152941176470588,0.3888842657533863,ok,1605.687208477211,-598.9101949565046,0.30109469239567177
809,0.6125128851294903,1.7284153981992176,0.1020049372802904,0.9999962126203724,444,401,0.9031531531531531,0.3374494899170788,ok,1605.0807051267136,-600.640728258414,0.19908975511538185
810,0.08452244029672329,1.320132443101329,0.29541481571827455,0.9999480622424257,421,348,0.8266033254156769,0.41808452967416376,ok,1604.9939634141608,-601.960716737737,-0.09632506060289123
811,-0.2689198440555174,0.8603690388082441,0.19474726058895192,0.9998459693548157,421,381,0.9049881235154394,0.5021563092310585,ok,1605.2585089855702,-602.8224408270571,-0.2910723211918421
812,-0.3614062933531841,1.4498138698389766,0.312454880224307,0.9998799751879633,429,374,0.8717948717948718,0.3861412122686496,ok,1605.6046238437932,-604.2759810813913,-0.6035272014161474
813,10.574709772932692,4.452255428885337,0.17448544841026808,0.9998833198802248,407,338,0.8304668304668305,0.8394044826505047,ok,1594.9704341755069,-608.5842377223898,-0.7780126498264145
814,-3.5519378386179596,9.443853224794111,0.119387809137389,0.9998455706944875,411,359,0.8734793187347932,0.5299782508528997,ok,1598.374027168861,-618.0825628840407,-0.8974004589638028
815,0.0004613292539943359,-0.010221908556331982,0.0009974804792930731,1.0000122922603756,610,609,0.9983606557377049,0.023455516567249254,ok,1598.3737261692968,-618.0723349987034,-0.8983979394430961
816,-8.67807608680323,3.2107369321107626,-0.18526560839792106,1.0002522588766978,413,342,0.8280871670702179,0.63418027008506,ok,1607.011168651869,-621.3908321850548,-0.7131323310451761
817,4.22579108448258,0.3011532904355363,-0.2432350087950216,0.9998672645359755,416,352,0.8461538461538461,0.4256835536776383,ok,1602.7830498738235,-621.6573189441444,-0.4698973222501561
818,2.282640555600665,0.15260308146287116,-0.17193990611794,0.9998550339149579,446,379,0.8497757847533632,0.32236374609165463,ok,1600.4996465994473,-621.7980495133635,-0.2979574161322172
819,1.6283924306690096,0.5181847738022043,-0.386398754528781,0.9998172076772983,412,333,0.808252427184466,0.40652428837478344,ok,1598.8720559745839,-622.3187472432581,0.08844133839656125
820,-1.0813515973231915,0.34937603989760646,-0.04494347015235261,0.9999021517271549,422,385,0.9123222748815166,0.39703875355035484,ok,1599.9542179897721,-622.6656049477584,0.13338480854891352
821,-0.5458890155819063,0.32967121067918015,0.04524030742704084,0.9999684128433625,478,436,0.9121338912133892,0.26359860096568277,ok,1600.5006135292417,-622.9944359665685,0.08814450112187298
822,-0.7105481890484953,0.8605336910588903,0.2096995270827123,0.9999246721724266,437,394,0.9016018306636155,0.5226918479309461,ok,1601.2093344678929,-623.8564751730584,-0.1215550259608379
823,-0.5156120065607865,1.112440801073717,0.3060827166586368,0.9999166382460319,405,357,0.8814814814814815,0.6890979008644131,ok,1601.7166292805905,-624.9727333198203,-0.4276377426194726
824,-4.754192334880372,3.0027402570109416,0.35489900179012424,1.000275199696243,419,369,0.8806682577565632,0.8346872765847059,ok,1606.4293685276398,-628.0401235130353,-0.7825367444095945
825,-3.164135094088124,7.43214317474542,0.31140279711178626,1.0000180721578134,415,375,0.9036144578313253,0.6124403002254122,ok,1609.4510347674322,-635.5313207603953,-1.0939395415213786
826,-0.02189554787128145,2.7225483645936492,0.14561369624861617,0.9999614118389946,418,397,0.9497607655502392,0.4009571846926234,ok,1609.4140293980859,-638.2537056735198,-1.2395532377699938
827,1.659831454208188,1.3023492011579947,-0.0976074465254242,1.000119522038377,430,399,0.9279069767441861,0.4506095871173381,ok,1607.728572572249,-639.5227167792143,-1.14194579124457
828,0.6418252569305878,0.1966915150399018,-0.12264202204976789,1.000018417460451,437,410,0.9382151029748284,0.4199704556965132,ok,1607.083349880582,-639.7079595676846,-1.019303769194803
829,1.0859485274536382,0.5090059141706433,-0.3225896881074592,0.9998970922591472,381,337,0.884514435695538,0.4148463760521913,ok,1605.9912923024508,-640.2037230909352,-0.6967140810873461
830,0.6638628758182676,0.5590790961986158,-0.3508407542382085,0.9999183766223129,402,344,0.8557213930348259,0.3748668480147952,ok,1605.3240665902467,-640.7587845313807,-0.34587332684913996
831,0.5573608963770766,0.5039150749490773,-0.2708680616479782,0.9999412271358593,405,342,0.8444444444444444,0.4053296760558648,ok,1604.7660465020383,-641.261969539829,-0.07500526520116352
832,-0.09673801809276483,0.5740238169555596,-0.10552499892536797,0.9999452331866289,407,366,0.8992628992628993,0.45817763548922885,ok,1604.8630902715674,-641.8359417459263,0.03051973372420379
833,-0.3645671393628618,0.8636537326985945,0.07230845531722717,0.9999268158786381,410,395,0.9634146341463414,0.3294706984384743,ok,1605.227027407495,-642.6998611462179,-0.04178872159302291
834,-0.42150082331090744,1.188935913408045,0.24619296003413718,0.9998262698182411,371,345,0.9299191374663073,0.6180723409707676,ok,1605.6425470681882,-643.890900592173,-0.2879816816271585
835,-3.6642294614721322,5.024052111875562,0.351725431620894,0.9999622056024994,354,315,0.8898305084745762,0.8341677250323385,ok,1609.250455792695,-648.955549820381,-0.6397071132480503
836,5.042770976906922,8.22294870260339,0.25719937774558005,0.9996778414669201,448,367,0.8191964285714286,0.6444445061422777,ok,1604.079586114339,-657.0985548713828,-0.8969064909936286
837,4.428501144380107,1.5454039560115689,0.08865831189713416,0.999768043583269,438,373,0.8515981735159818,0.4670061037792368,ok,1599.6251583959177,-658.567557755788,-0.9855648028907622
838,8.033621541319462,0.6012060816066196,0.11133481154884396,0.9997292317386307,432,365,0.8449074074074074,0.5718820623650357,ok,1591.5814999273389,-659.0148633141887,-1.0968996144396053
839,-0.1873916199381256,-0.04894304067522626,-0.0868534340737248,1.0000751477073213,412,386,0.9368932038834952,0.42432251517363917,ok,1591.7697251844493,-658.9692311650023,-1.010046180365881
840,-0.5918856989765118,0.005906361410552563,-0.08130584516117988,0.9999608077064813,421,377,0.8954869358669834,0.4667021012005978,ok,1592.3614373906066,-658.9847305470007,-0.9287403352047017
841,-1.8367878160274813,0.10026208772421796,-0.25595378899111926,1.000048202791065,408,351,0.8602941176470589,0.40727236210520545,ok,1594.19692129308,-659.1065534147334,-0.6727865462135841
842,-1.917329004041676,0.4258854262417344,-0.3096641622674891,1.0000588487557776,371,314,0.8463611859838275,0.4681671052262705,ok,1596.1115126833529,-659.5445816265171,-0.36312238394609714
843,-2.319386747102726,1.1653554083889048,-0.31870538008132204,0.9998915830645928,360,299,0.8305555555555556,0.5500941792699653,ok,1598.4299953233335,-660.7117347264162,-0.04441700386477729
844,-0.24435453785463324,0.49755520460269054,-0.027491908134395455,1.0000280574359304,433,396,0.9145496535796767,0.2952006135211147,ok,1598.6742028733947,-661.2093620913092,-0.016925095730382003
845,-0.47603764172708907,1.4787328766204837,0.0875731750346172,0.9997798234903295,403,385,0.9553349875930521,0.4274298215466716,ok,1599.1475427543498,-662.6889607239922,-0.10449827076499867
846,7.718579413587349,3.9865604095675735,0.23956005218915366,0.9999062948797383,344,270,0.7848837209302325,0.9782609974263022,ok,1591.4051635498654,-666.6290998480528,-0.34405832295415084
847,-3.849992219116757,7.854449718628871,0.3692121161478453,0.9999432363313915,361,332,0.9196675900277008,0.6116934211144942,ok,1595.15708057356,-674.5308679487398,-0.713270439101994
848,-8.153573053611126,2.754701718675733,0.34807933794005524,1.000205800326314,341,296,0.8680351906158358,0.593047446361977,ok,1603.2582294482322,-677.4361255982179,-1.0613497770420472
849,-3.800812569563732,0.7219559189674101,0.2514531018837189,0.9999799848801992,351,286,0.8148148148148148,0.5541001968254786,ok,1607.0415038252409,-678.244971396967,-1.3128028789257649
850,0.15064477213763894,0.538159339493518,0.08377393569091392,0.9999852976663681,376,343,0.9122340425531915,0.3937708052704998,ok,1606.8777875408355,-678.7792992928108,-1.3965768146166782
851,1.2163379629557767,0.6122997305218405,-0.08547206369140375,0.9998730470391809,370,341,0.9216216216216216,0.4367932229060146,ok,1605.6477579332002,-679.3636075714315,-1.311104750925275
852,1.7172845766144746,0.44085591898522125,-0.22408747207182167,1.0001053562299065,339,297,0.8761061946902655,0.5348657716975688,ok,1603.922418975035,-679.7718057314237,-1.0870172788534547
853,1.480781281911277,0.7336188285057688,-0.31875316504098633,0.9997939629558318,354,308,0.8700564971751412,0.4059876043480235,ok,1602.4319342009949,-680.4855037969604,-0.7682641138124702
854,0.9512648392533265,0.8921126432359188,-0.3732596553701205,0.9999412797345466,356,301,0.8455056179775281,0.4462254188942941,ok,1601.474541677634,-681.371037149711,-0.39500445844235177
855,0.10181156225803534,1.0428671768278264,-0.27964226239742224,1.0000378026704868,330,272,0.8242424242424242,0.47522308472734054,ok,1601.3706305620888,-682.41369722029,-0.11536219604493109
856,0.14998153112333057,-2.7417274844718804,-0.10017927002717622,0.999987612223729,328,292,0.8902439024390244,0.6612216320146849,ok,1601.2213755722075,-679.6719300881687,-0.015182926017755389
857,-7.365702643154918,9.039307475878672,0.14460563015759634,1.0002848426514708,301,264,0.8770764119601329,0.6586071506115645,ok,1608.5618404544527,-688.7317441250782,-0.15978855617535084
858,3.978191864192695,3.2597186534045477,0.2504473558788198,0.999729615679142,320,273,0.853125,0.6009381042488016,ok,1604.5604112812969,-691.9628957432946,-0.4102359120541691
859,3.9332187934469403,-0.02102504170352404,0.35976100327002686,0.9999124081011537,326,281,0.8619631901840491,0.3909837221788495,ok,1600.6278302110352,-691.8890157370514,-0.7699969153241939
860,-0.23270726387499963,0.03305009525013247,0.17272541838730338,1.000046987844621,334,299,0.8952095808383234,0.42038363162451586,ok,1600.8599622074241,-691.9258900602149,-0.942722333711496
861,-6.477780008706532,-0.47596690779710116,0.45750598993972685,1.0002293299987002,296,248,0.8378378378378378,0.5561225430543496,ok,1607.347438706308,-691.6083573611978,-1.4002283236512203
862,-1.5514334808281092,0.05405743062806323,0.047028497251003706,0.9999537752932445,369,337,0.9132791327913279,0.38599457876179377,ok,1608.8970119644925,-691.7015816539531,-1.4472568209022236
863,-1.0486850512047567,0.040699249334011256,-0.06491435569537357,1.0000666903318374,325,303,0.9323076923076923,0.40366866329029,ok,1609.944409986619,-691.767567627938,-1.3823424652068508
864,-0.3214162407166441,0.331894227894054,-0.26012391154429465,0.999967370905315,323,275,0.8513931888544891,0.47534632784749686,ok,1610.2592643769058,-692.10569318335,-1.1222185536625575
865,-0.3408036107400676,0.7589517230217098,-0.39126229792705053,0.9998436356215274,322,261,0.8105590062111802,0.4906515752797457,ok,1610.5903581192615,-692.8689308611043,-0.7309562557355093
866,-0.6902229696702307,0.9841384100983532,-0.21125476805136703,0.9998507480236224,323,275,0.8513931888544891,0.48679914264597085,ok,1611.2716261883224,-693.8592893700138,-0.5197014876841434
867,-0.49209120626346703,1.0307028189540688,-0.11637374944466673,0.9997693669323998,318,297,0.9339622641509434,0.5407986092847641,ok,1611.7564497359056,-694.893430648559,-0.4033277382394773
