frame,step_center_dx,step_center_dy_down,step_rotation_deg,ransac_scale_diagnostic,good_matches,inliers,inlier_ratio,median_reprojection_error_px,status,center_x_in_reference,center_y_in_reference,rotation_to_reference_deg
400,0.0,0.0,0.0,nan,0,0,0.0,nan,reference,1280.0,720.0,0.0
401,0.07829456619265329,0.0017260851356013518,0.0003387646255535454,1.0000196600404185,428,419,0.9789719626168224,0.11692377554621142,ok,1279.921705423603,719.9982743777856,-0.00033876462555354546
402,0.038498028718095156,-0.002362436146654545,-0.0004431046035608945,1.0000376001813496,447,445,0.9955257270693513,0.07878642314874605,ok,1279.883207390583,720.0006367438244,0.00010433997800734912
403,0.014800716140143777,0.006824422105978556,0.00018600441126988274,0.9999842830096729,455,454,0.9978021978021978,0.04904333769121835,ok,1279.8684066647163,719.9938123428142,-8.16644332625336e-05
404,0.07594929941501505,-0.008264082098321524,-0.0018189344253339553,1.0000206597663053,443,439,0.9909706546275395,0.11130913716606929,ok,1279.7924571147605,720.0020741220438,0.0017372699920714214
405,0.0211932890404114,0.009700951095283017,0.0007228153790648891,0.9999979272684281,464,456,0.9827586206896551,0.05171769151270451,ok,1279.7712639974843,719.9923727957106,0.0010144546130065326
406,0.002319320157994298,0.004729414608732441,0.0007750532348081285,0.9999876338204942,461,459,0.9956616052060737,0.04428543164441682,ok,1279.7689446970876,719.9876433714111,0.0002394013781984043
407,-1.921424361670688,-10.894511742717441,-1.053349135064016,0.9942078642980933,96,66,0.6875,2.002986698410527,ok,1281.4897208045675,730.9156435213816,1.0535885364422142
408,5.9372332809998625,11.022664308353342,-0.925436732025986,0.9979642696465643,282,242,0.8581560283687943,1.2238702929654273,ok,1275.9366815823287,719.6945195632418,1.9790252684682
409,2.1261814886431694,0.32149242570608294,-0.014148017040835195,1.0016926456330801,84,61,0.7261904761904762,1.558213503501429,ok,1273.822968121656,719.2992721614715,1.9931732855090352
410,3.5281539802565476,7.351909752380607,0.41595271811701007,0.9985985412108397,215,179,0.8325581395348837,0.7056411929820865,ok,1270.4985063762392,711.8530381053322,1.5772205673920252
411,-4.971767499077487,4.406711512586185,1.0794182477358902,0.9997379630615976,235,196,0.8340425531914893,0.4919926033598462,ok,1275.5083725298325,707.4896885269549,0.49780231965613553
412,-5.985723840453829,3.907463587491293,1.180074550227211,1.0000828309937095,247,208,0.8421052631578947,0.42245311598156,ok,1281.447143419853,703.5112262740749,-0.6822722305710747
413,-3.1264956324203013,1.8596702186541734,0.4388079470532161,1.0001137490058418,234,190,0.811965811965812,0.5339295761734554,ok,1284.5366555922535,701.5907412316226,-1.1210801776242902
414,-6.602657725087738,5.292493802856143,0.9313079929419578,1.001175192955188,219,178,0.8127853881278538,0.9355807622348893,ok,1290.9455361909834,696.0651797977813,-2.0523881705662474
415,-0.9915491616420695,3.176830104158171,0.13335424176599717,1.0010276983422577,219,206,0.9406392694063926,0.9547281447544458,ok,1291.8152023409152,692.8528441929134,-2.1857424123322446
416,0.28504498271240664,1.5494690008878251,-0.05670918163625288,1.0008935267457577,221,202,0.9140271493212669,1.1194862740100306,ok,1291.4727912140734,691.3150342413601,-2.129033230695992
417,4.365279453919811,4.017079390549952,-0.6692792428914168,1.0022833039428949,202,163,0.806930693069307,1.6673845244385035,ok,1287.0065943209354,687.4104629649559,-1.459753987804576
418,5.648802394782933,3.1929415497722857,-0.8695943044545407,1.0022788177048592,239,192,0.803347280334728,1.5502496344591112,ok,1281.3252041281016,684.2758737235491,-0.5901596833500368
419,2.937981499356283,3.4670962327713823,-0.6140011746726745,0.9999771141853864,214,179,0.8364485981308412,0.6102207015563985,ok,1278.388665585217,680.8075552600842,0.02384149132263661
420,-2.5353238173968293,-12.736639410943553,-0.6394590957887564,0.9923692021378073,72,42,0.5833333333333334,6.887524638898456,ok,1280.776373541809,693.5726914151547,0.663300587111392
421,7.301113136065624,7.8099268192120235,-0.16018372396228264,0.9996060566526772,227,185,0.8149779735682819,0.6230359533888831,ok,1273.5882588919014,685.6586394992993,0.8234843110736744
422,2.95801782723197,3.8556007766751463,0.2017883904571559,1.0056389700524933,63,41,0.6507936507936508,4.4541401877179565,ok,1270.6722501141721,681.7711699336917,0.6216959206165189
423,2.2330456658003186,3.824648274084211,0.46106284679466586,0.9999890055829312,165,131,0.793939393939394,0.5740431365489528,ok,1268.44993590244,677.9402761854473,0.160633073821854
424,-3.5739832373371883,4.098771919241926,0.6879702428442016,1.000377515445659,196,151,0.7704081632653061,0.7328625094569293,ok,1271.986044145006,673.808784212371,-0.5273371690223464
425,-5.981027956406251,4.045511419133959,0.8114743213826054,1.0004019105536803,208,164,0.7884615384615384,0.6233047393625057,ok,1277.8709178289773,669.6246331896001,-1.33881149040495
426,-7.3689623479174315,3.9853022783088363,0.6341406872334793,1.000670643680234,195,152,0.7794871794871795,0.8125606960032684,ok,1285.098306969594,665.3879969596868,-1.9729521776384285
427,-4.851282949683764,3.809132648069067,0.14341510339627964,1.0010106571181259,235,200,0.851063829787234,0.8455065825726948,ok,1289.8056126489232,661.4023086841394,-2.116367281034708
428,-1.726354965062228,4.114229910208564,-0.30822889115528324,1.001063333782332,221,173,0.7828054298642534,0.909379029922431,ok,1291.4012928552047,657.2356560829819,-1.8081383898794252
429,-0.034338196167254864,-0.02866559035555838,0.0017946477028184182,1.0000899538262475,262,254,0.9694656488549618,0.38341626190064826,ok,1291.4365192951147,657.2632228332023,-1.8099330375822438
430,6.47610644317092,8.155152960337546,-1.3308479090795218,1.0029597696025714,194,153,0.788659793814433,2.146517686217509,ok,1284.892449806691,649.162505025473,-0.479085128502724
431,5.16998347879462,4.039691014598134,-0.198132223774383,1.0011289314114278,233,197,0.8454935622317596,0.9388848253816023,ok,1279.7027197229281,645.148213765223,-0.2809529047283415
432,2.55679312502798,3.282537935799837,-0.11420761659094558,1.0003694880588287,218,178,0.8165137614678899,0.6893842979233864,ok,1277.1363844187492,641.8731306379299,-0.16674528813739617
433,0.010446063452263843,0.0025419504597721243,-0.0002501746598312114,1.0000181935357768,381,381,1.0,0.01313015813763384,ok,1277.1259310127884,641.8706190532492,-0.166495113477565
434,1.5330834406790927,-11.833527994432302,-0.6570843589368537,0.9960923601932827,51,38,0.7450980392156863,3.0338469494521676,ok,1275.4915816367875,653.6905865552461,0.49058924545928684
435,1.1051258598743061,5.166698965563683,0.27865785968881557,1.0031018182013893,47,33,0.7021276595744681,3.076952678661247,ok,1274.4055743986487,648.5198351934388,0.21193138577047207
436,0.4831216702907568,1.1778473738141884,0.08799884715882496,1.0003216085347135,188,177,0.9414893617021277,0.5378674362928265,ok,1273.9250015767673,647.3409455687604,0.12393253861164735
437,-3.062720596912868,3.001960567595688,0.5347220208242434,0.9995757450158447,184,138,0.75,0.7372529673657658,ok,1276.9661206974743,644.3171037743167,-0.4107894822125945
438,-4.009148338590876,4.008495520538645,0.42717579020337404,1.000139034804453,208,177,0.8509615384615384,0.649305802217571,ok,1280.9162170979778,640.2504042322145,-0.8379652724159672
439,-3.8394496634819006,4.037875024118648,0.2025985995532691,0.9998376494312641,201,190,0.945273631840796,0.9089341430570363,ok,1284.6817047032473,636.1434696669487,-1.0405638719692356
440,-2.9262997918847304,4.992149140965353,-0.13522711417246863,1.001099189766975,205,159,0.775609756097561,0.7492682995529156,ok,1287.5287609891618,631.1057068676043,-0.9053367577967675
441,-0.9276194505007425,5.442081550604371,-0.41102524858787015,1.0009556125519112,225,189,0.84,0.8345225345204886,ok,1288.4093956852983,625.655825035827,-0.49431150920889855
442,1.0527827120752136,6.0439167086149155,-0.5513633251181577,1.0017033451051567,202,161,0.7970297029702971,1.0192964868328862,ok,1287.3626316760503,619.6108630236665,0.057051815909257814
443,3.6665420793178782,6.307696499109625,-0.5039729271071759,1.0017631463387948,214,171,0.7990654205607477,1.378635175150405,ok,1283.75802763308,613.2675676941324,0.5610247430164325
444,4.304885006484028,6.249424480716016,-0.3371616830629797,1.0020336452454477,239,196,0.8200836820083682,1.357983127637869,ok,1279.5516354771046,606.9514291356954,0.8981864260794116
445,3.571636941881252,6.078461205887152,-0.11405127884951194,1.0006765285795178,219,178,0.8127853881278538,0.5337360893478871,ok,1276.0879377711908,600.8108201041634,1.012237704928923
446,5.232378269384299,-16.00979499170478,-0.8947760823769685,0.9984999559155114,71,42,0.5915492957746479,1.3682104834498552,ok,1270.325691110126,616.6376274716456,1.907013787305889
447,4.9153226366622675,9.72583468490916,0.3961155003014708,0.9988953624636999,224,170,0.7589285714285714,0.9942957197147768,ok,1265.6685193886524,606.7855714173304,1.5108982870044192
448,-0.6101277496563853,6.503064706594614,0.37040228739593845,1.001818217469551,60,46,0.7666666666666667,1.913877175878024,ok,1266.4079638913024,600.2959390489633,1.1404959996084818
449,-3.7950894827779393,4.461278733372069,0.32343760578288827,0.9990835941538739,137,122,0.8905109489051095,1.074672792029132,ok,1270.2662847808047,595.8892314307112,0.8170583938255942
450,-4.469209276478068,3.716864533291073,0.24214306347698894,0.9989148245835887,185,160,0.8648648648648649,0.994933099954319,ok,1274.7725640769538,592.2173980438467,0.5749153303486058
451,-6.407308259548699,3.9019528232731773,0.07593592451091967,1.000310194042308,182,141,0.7747252747252747,0.5995423539321328,ok,1281.2136103888347,588.3713926647379,0.49897940583768624
452,-5.524400583927218,4.173595470732835,-0.1317643678365131,1.0009930460708436,169,128,0.757396449704142,0.8361240663407981,ok,1286.7836205595343,584.2588645294757,0.6307437736741989
453,-2.241001737993656,1.9916941373239752,-0.11731032798829585,1.000703151810115,226,191,0.8451327433628318,0.5021266708675081,ok,1289.0504341343851,582.2965978444363,0.7480541016624945
454,-1.8885885169058838,6.948918247441156,-0.5552319978403343,1.0022522583231293,200,154,0.77,1.3774199626632657,ok,1291.096584952186,575.3924325634905,1.3032860995028275
455,2.870024296647898,4.572163388532658,-0.3802628306598594,1.0019732370399645,197,155,0.7868020304568528,1.2518082453357071,ok,1288.3621262426511,570.73792366559,1.6835489301626858
456,5.181891638078923,4.68508919020087,-0.24275379420420914,1.001811218803444,247,210,0.8502024291497976,1.1954931415089276,ok,1283.3406474916287,565.8812980034701,1.9263027243668944
457,2.561960524208189,1.9285190798971144,-0.01013220645763593,1.0015174945484617,271,256,0.9446494464944649,0.9748562275972003,ok,1280.845316096268,563.8673097223583,1.9364349308245303
458,2.8427052356682907,4.611375108090101,0.14730540263620853,1.0018250666231376,251,214,0.852589641434263,1.1179509219557417,ok,1278.147969000372,559.1694301912646,1.789129528188322
459,3.0458467869857486,-9.109672354603617,0.2505463475870303,0.9980080811733008,214,182,0.8504672897196262,0.929256486739588,ok,1274.8586245792421,568.1940369049779,1.5385831806012922
460,7.203369005542072,9.898974547612966,0.34916958635026196,1.0058457472786961,80,53,0.6625,1.1984214359079441,ok,1267.8622875100546,558.147669912945,1.1894135942510313
461,-2.330114288203049,3.977389429753657,0.22594141288973768,0.9991876776429242,77,55,0.7142857142857143,0.9209043742389174,ok,1270.2589520442627,554.2100236131265,0.9634721813612942
462,-5.265956143313815,1.7899508120469818,0.14559306757888738,0.9971567046928776,147,133,0.9047619047619048,1.7453249377572644,ok,1275.5499217971792,552.4954224680846,0.8178791137824073
463,-3.984364928709965,1.2722836393163561,0.07452390885403808,0.9980047989719804,157,139,0.8853503184713376,1.2690085712558865,ok,1279.5504575369075,551.2749375893728,0.7433552049283696
464,-2.9384592983963103,0.889145466689115,0.006688247648051383,0.9983758968238631,170,160,0.9411764705882353,1.0307004086432712,ok,1282.500105624361,550.4236451193907,0.7366669572803182
465,-1.5324488512048902,0.46197177749240836,-0.0117650660926258,0.9992689721834507,189,176,0.9312169312169312,0.6938119401973196,ok,1284.038458117657,549.9817299565716,0.748432023372944
466,-4.629901913477397,0.5556536318833878,0.007203666936682881,0.997131325428211,157,130,0.8280254777070064,1.7501484672907428,ok,1288.6751608212464,549.4860176150125,0.7412283564362611
467,-0.8046123576323225,3.099648857185457,-0.24385868196912863,1.0011077943400877,213,178,0.8356807511737089,0.5260099001140364,ok,1289.5329439354798,546.4006599027138,0.9850870384053887
468,1.956685057748473,3.6899922928922706,-0.1374919885229227,1.002191950800361,207,175,0.8454106280193237,1.033847933804755,ok,1287.6489267129746,542.6730415421351,1.1225790269283105
469,1.9029829255180175,1.5894757206240229,0.006513066652610032,1.0013155569043573,201,186,0.9253731343283582,0.7748247761765935,ok,1285.7772642832185,541.0468014521405,1.1160659602757006
470,6.248656633280689,3.997149032242419,0.04780700128842769,1.003534900814794,209,203,0.9712918660287081,1.0345853688176352,ok,1279.6042147765847,536.9338499699016,1.068258958987273
471,4.222648201933225,3.417976768123026,0.17734523993028858,1.0024075814984155,214,196,0.9158878504672897,1.1472290467368946,ok,1275.4352223171927,533.450629491917,0.8909137190569851
472,1.3189284328354915,-30.504233523725702,0.22448321725979808,0.9882247884865379,193,159,0.8238341968911918,2.5605995853391965,ok,1273.7615839624016,563.9374589390459,0.6664305017971877
473,-3.9265322980565998,8.531935512762175,0.4783293962448637,0.999637751559689,58,41,0.7068965517241379,0.9226187716197894,ok,1277.7161052546383,555.4184601228196,0.18810110555232573
474,0.5407068542431261,5.645646338260576,0.26480492677908934,1.0021748606489413,58,49,0.8448275862068966,2.467418408952012,ok,1277.1678408671833,549.7735427062058,-0.07670382122676273
475,0.45298363168467404,4.307859825623268,0.1330248435091648,1.0005808322515055,213,205,0.9624413145539906,0.829124598023526,ok,1276.6990915752526,545.4673698637495,-0.20972866473592708
476,-3.0481731518443667,4.382940785247797,-0.06043407925792458,1.0003056149416925,201,154,0.7661691542288557,0.5698847327666432,ok,1279.7358338418933,541.0765013965084,-0.1492945854780027
477,-4.977813249060546,4.467339310570651,-0.2028780030168528,1.0006674998676264,192,153,0.796875,0.4961730318938876,ok,1284.7178228007815,536.6138193249506,0.0535834175388493
478,-4.729116939991172,4.748957433766805,-0.26959998128076407,1.0007887872138939,224,187,0.8348214285714286,0.4517137047222715,ok,1289.4736514045528,531.8916124223049,0.3231833988196123
479,-3.0958196001740816,5.039466214825552,-0.39426909888568784,1.0010854656134576,206,168,0.8155339805825242,0.6999011116832534,ok,1292.6323303832496,526.8913058480305,0.7174524977052986
480,-1.1020694295089015,4.733115860893804,-0.2511283295429556,1.001403763170598,223,188,0.8430493273542601,0.6671536395069623,ok,1293.8142514991475,522.1774957907736,0.9685808272482532
481,1.7091275898662843,4.943681074593542,-0.08067758982759989,1.001788528020659,229,192,0.8384279475982532,0.7093517513460565,ok,1292.1959391342214,517.2033461372886,1.049258417075853
482,3.1914146763265308,4.543450825060745,0.15763020881322207,1.002519017056321,221,199,0.9004524886877828,1.4185548648835171,ok,1289.0756125214386,512.6107831420128,0.8916282082626314
483,5.6270700433299226,4.288369757666715,0.29401882937139817,1.0037420093314822,233,210,0.9012875536480687,0.7206726320253267,ok,1283.4935765234552,508.2639559579358,0.5976093788912341
484,3.5382831774907118,4.937509601999295,0.35993191797312496,1.000763504001263,237,205,0.8649789029535865,0.5127160994202078,ok,1279.9758057757851,503.3118111821051,0.23767746091811
485,6.387422732048435,-28.24629604803704,0.09341091000003231,0.9946841066014301,244,208,0.8524590163934426,1.8125537167017005,ok,1273.5172812747646,531.5419346473145,0.14426655091807794
486,-2.660284186369836,7.921545098670208,0.43226991356369215,1.0004688870333966,71,52,0.7323943661971831,0.9687559509559271,ok,1276.1377135269533,523.6071174777632,-0.28800336264561305
487,-6.457028752294491,4.246374574071979,0.2826651127393177,0.9958195826765351,66,47,0.7121212121212122,3.9459254616480415,ok,1282.552128627673,519.2966423012952,-0.57066847538493
488,-9.615736317452502,4.556674113251461,-0.0610941916014554,0.9989847019751878,177,140,0.7909604519774012,1.025521973404304,ok,1292.1269592694216,514.6546295823359,-0.5095742837834748
489,-6.584257513213288,4.357386375121223,-0.13340481572296436,0.9992802305906738,190,144,0.7578947368421053,0.6724068330376092,ok,1298.6824671173144,510.25410917236036,-0.37616946806051077
490,-4.3309056263669845,4.162631629559769,-0.23878747221269644,0.9999219197895514,189,147,0.7777777777777778,0.47169860592708157,ok,1303.0033792778452,506.081105011221,-0.13738199584781496
491,-2.932009355134369,0.024396924395773567,-0.045515514693573664,0.9979842663102785,210,150,0.7142857142857143,2.0694294127303285,ok,1305.935345746828,506.05200701682907,-0.0918664811542414
492,-0.581785898762746,4.091214391069798,-0.26131226429692983,1.0008460222330913,195,160,0.8205128205128205,0.5743261473840553,ok,1306.5292283872818,501.9625310803474,0.1694457831426878
493,0.3599783857291641,1.6829076194187564,0.0022231314070444877,1.000896190432571,195,187,0.958974358974359,1.1957552899844686,ok,1306.1741632381286,500.27858000221397,0.1672226517356433
494,1.8872376060819533,3.337269406475343,0.1069122379330957,1.002219132111816,191,183,0.9581151832460733,1.3825048879427437,ok,1304.2904395377445,496.9393259097832,0.06031041380254783
495,3.0291774250292747,4.1488675422147026,0.24855011243763103,1.002946467006498,204,194,0.9509803921568627,1.869913789316923,ok,1301.2476477855996,492.8004328079709,-0.18823969863508258
496,4.336241199248661,3.934065809002277,0.4229880617720237,1.0022771575533453,197,158,0.8020304568527918,1.4388014714733068,ok,1296.8696857569341,488.9128487248688,-0.6112277604071052
497,4.1239617305473075,4.100281628284051,0.4436995074763956,1.0028929062770833,194,182,0.9381443298969072,1.263800146070782,ok,1292.6709330861008,484.8891879792998,-1.0549272678834996
498,3.4373900471105117,-31.380772972168188,0.3240736469096076,0.9905337920234304,203,169,0.8325123152709359,2.246193292940445,ok,1289.9897414506472,516.3435958433928,-1.3790009147931066
499,0.012505156058068678,7.032019766788494,0.3572477514021382,1.0037673556176059,57,37,0.6491228070175439,2.9580847373588033,ok,1289.7641815535683,509.3151834257652,-1.7362486661952437
500,-4.250922304204096,3.266252630905342,0.21420871293188246,0.9971246384291185,66,50,0.7575757575757576,2.765191521987079,ok,1293.9014730207316,505.9061416247579,-1.9504573791271254
501,-8.953736823527834,5.447083334018771,-0.3339693207060385,1.0000119904745934,154,112,0.7272727272727273,0.5019210186783472,ok,1302.6979882151634,500.20864740476327,-1.6164880584210877
502,-6.731097024107385,4.704768042719024,-0.4704720682607519,1.000115573742534,126,91,0.7222222222222222,0.6053094703200772,ok,1309.3336414983323,495.3701956907015,-1.146015990160337
503,-5.311493425052049,4.912299074402881,-0.28427583397941975,1.000476902073694,182,142,0.7802197802197802,0.45541697343956844,ok,1314.570654994365,490.3785692780855,-0.861740156180918
504,-3.995556747446244,4.925506462746171,-0.20117998649204497,1.0007820499942823,178,143,0.8033707865168539,0.6698021152181322,ok,1318.5091615475442,485.4073265997224,-0.6605601696888737
505,-2.2709408073642408,5.343495451442777,-0.07905950137028032,1.001226176003477,188,150,0.7978723404255319,0.9576239295691034,ok,1320.7257546521944,480.04105873475714,-0.5815006683185935
506,0.06757449994643139,4.382899145230226,0.13347548197678982,1.0012231079997709,214,201,0.9392523364485982,1.1936370419097817,ok,1320.6034940023674,475.65934405168974,-0.714976150295383
507,1.8511428373301442,4.803030128525052,0.21303506687463858,1.0021606360015554,210,200,0.9523809523809523,1.3076083186096152,ok,1318.674803409146,470.88692529226216,-0.928011217170021
508,3.388038746307302,5.068996387123775,0.2770892427866685,1.0030199055418731,221,196,0.8868778280542986,1.6216260518947554,ok,1315.180905852949,465.89030535614984,-1.2051004599566886
509,5.169761272004052,4.857568899849639,0.4532313844630383,1.0019058320116003,214,176,0.822429906542056,1.1748659749514037,ok,1309.8727351379807,461.1843802731241,-1.6583318444197257
510,3.477872253783744,5.2688340804951395,0.315379251189107,1.0004611196852,204,165,0.8088235294117647,0.5303919387793613,ok,1306.2154625624369,456.038453214799,-1.973711095608832
511,-2.941282005719586,-8.478574345911966,0.0775343409670612,0.990738911244605,185,145,0.7837837837837838,2.5657835727381504,ok,1309.4583363222198,464.4063162965206,-2.051245436575893
512,-1.9618029733508138,2.1446750644869326,0.1320723291024138,0.9989121803453234,63,47,0.746031746031746,1.0265293046250608,ok,1311.337009736448,462.1884596191964,-2.1833177656783063
513,2.1755449601819237,0.9152192549586289,-0.19826854847526607,0.9994343271932475,235,189,0.8042553191489362,0.4596481645831311,ok,1309.131068303385,461.3491476674678,-1.9850492172030405
514,3.8229634403021464,-7.080366881649297,-0.4281094275468414,1.0010281216005352,52,37,0.7115384615384616,0.9578555017592806,ok,1305.501892505224,468.53077197333937,-1.5569397896562003
515,-3.4017189621649777,-3.71356904313825,-0.2223819667541374,0.9968069036238904,173,134,0.7745664739884393,1.9597220132163116,ok,1308.9891789481828,472.16410655750076,-1.3345578229020634
516,-8.317289768403953,0.5226005418238628,-0.2863143402646624,0.9999975066230584,183,139,0.7595628415300546,0.42316647114705436,ok,1317.295516181694,471.4894346512384,-1.0482434826374014
517,-3.6895896301959965,0.46387310429679474,-0.00536981474465158,0.9985222626990056,226,200,0.8849557522123894,0.8622089131246296,ok,1320.9760518960356,470.95848573505566,-1.04287366789275
518,-6.320227303359161,3.5403508048204912,0.09712083184076457,1.0006676225091362,210,168,0.8,0.5914637229757769,ok,1327.2245917246948,467.29309257783774,-1.1399944997335143
519,-2.8742264860368323,5.828639666572485,0.3607450431913717,1.0005576439652135,209,193,0.9234449760765551,0.7150108543699262,ok,1329.9451811073322,461.3911766459678,-1.5007395429248855
520,0.13737370199305587,6.879535963646731,0.4359702760967411,1.0019337877879302,224,204,0.9107142857142857,1.2494166153749293,ok,1329.5753883376303,454.5202131097101,-1.936709819021626
521,2.272655853796323,7.670152743801054,0.40551309436449584,1.002980554530546,201,186,0.9253731343283582,1.5537135974045688,ok,1326.9911664773877,446.94934756341513,-2.3422229133861214
522,4.997931810804857,8.551201481404405,0.3269977988889538,1.0041031496918784,190,162,0.8526315789473684,0.8471796121704865,ok,1321.6004291525305,438.6401767109519,-2.6692207122750746
523,5.027064369365235,7.725888472375573,0.12673568223425238,1.0013354705336202,195,157,0.8051282051282052,0.6138589502031062,ok,1316.202485814394,431.1687018512208,-2.795956394509327
524,6.192523128757784,-12.464970095340277,-0.1382093158814655,0.9956753810485107,183,144,0.7868852459016393,1.7247264712652872,ok,1310.5946219425837,443.9074099871808,-2.6577470786278616
525,-2.952337890204035,4.407239124407397,0.2679307785028456,0.9957631837909762,39,26,0.6666666666666666,1.050123058365819,ok,1313.318163910217,439.35522645966535,-2.9256778571307067
526,-0.4584429400947556,0.9508346558482117,0.04866943796086054,0.9997185139005731,42,23,0.5476190476190477,0.22680970162407388,ok,1313.7266515588349,438.3818846322421,-2.9743472950915675
527,-0.661797993410346,1.4965137578097938,0.043914834252003834,0.9992215916046602,70,54,0.7714285714285715,0.8599982734230863,ok,1314.308733696795,436.85260035648935,-3.0182621293435714
528,-3.42450105046305,1.787834925897755,0.042764538871950544,0.9964675792407555,64,43,0.671875,3.2419089379631796,ok,1317.632879113396,434.8844493419142,-3.0610266682155216
529,-5.591296444264799,1.7986959711771533,0.10034650069144598,0.9940065909521782,63,40,0.6349206349206349,4.847847262889704,ok,1323.1164713905562,432.78013974913915,-3.1613731689069673
530,-7.714029624784644,3.0244279560427003,0.03250408083521773,1.0003382659431928,69,46,0.6666666666666666,0.5083368659017877,ok,1330.6500135695,429.3306238771037,-3.1938772497421852
531,-3.4366501601382424,3.015281636510963,0.12808804551490038,0.9990522721468323,80,72,0.9,1.7464139131283105,ok,1333.9061632583853,426.12126617279125,-3.3219652952570855
532,-1.2748185154557632,3.4066038217683854,0.1711423584432121,1.0006153927100154,80,64,0.8,0.9114120233675267,ok,1334.9710541766415,422.6433186202753,-3.4931076537002976
533,0.7742247907121964,3.862606234022678,0.21208462279904658,1.0022398446584528,98,79,0.8061224489795918,1.9148806709038548,ok,1333.9488354929713,418.838818665167,-3.7051922764993432
534,2.921625586054006,4.074036948607386,0.1887526619321691,1.0035354881585594,111,97,0.8738738738738738,2.2575966612595337,ok,1330.7572873376262,414.9725939567702,-3.893944938431511
535,3.6250933242677092,3.546170909887678,0.09968934120005522,1.003749135115495,110,100,0.9090909090909091,2.704299027969976,ok,1326.89402113911,411.6875058283954,-3.993634279631566
536,1.5992830256038815,1.569319847429142,0.017387446033975917,1.001081121757448,139,136,0.9784172661870504,0.8880179558815999,ok,1325.1888840122674,410.2338970921179,-4.011021725665541
537,1.9781499315056408,0.99043863925408,-0.019609519134604937,1.0013436161451577,124,102,0.8225806451612904,1.5598911458813518,ok,1323.1465906786398,409.3835537561275,-3.9914122065309368
538,5.864909091034633,-16.71285600537658,-0.9519034562989906,0.9989593058310856,64,45,0.703125,1.22925676244816,ok,1318.176124068478,426.38388246412086,-3.0395087502319478
539,-5.549161845660137,9.761781192366698,-0.1575283055910659,0.997135716437526,243,205,0.8436213991769548,1.6769936923407864,ok,1323.2274564088775,416.3554423648927,-2.8819804446408828
540,-6.362220736469908,2.8624361838085406,0.23164888562866603,0.9948321879642581,75,45,0.6,4.7272798595058,ok,1329.4248080379123,413.15165922740607,-3.113629330269548
541,-8.488437919807666,4.817512114087322,-0.041358785920391015,0.9984870951977409,164,135,0.823170731707317,0.6892170467383069,ok,1337.6428485606748,407.8861287456747,-3.072270544349157
542,-5.268477258711073,3.4941056679956546,0.17611752135435482,0.9973419024484419,151,124,0.8211920529801324,1.5048516998692978,ok,1342.7048683265257,404.0991004998321,-3.2483880657035114
543,-3.674350383714909,4.342488498499279,0.20348927043470247,0.9991449153191735,168,165,0.9821428571428571,1.0378214610306504,ok,1346.111090374238,399.54325716806784,-3.4518773361382133
544,-1.895271594269616,4.35535322301439,0.22399054263914178,1.000375408282794,152,145,0.9539473684210527,0.5482707115942729,ok,1347.7232324586716,395.07535452668606,-3.675867878777355
545,-0.2325185192466961,2.721314386756262,0.20468654452842144,1.0008838928092338,157,152,0.9681528662420382,0.9344601896512449,ok,1347.7710483518404,392.34454320150826,-3.880554423305776
546,2.4461216230831724,7.724604723439938,0.4946665869988587,1.0041818501794202,142,129,0.9084507042253521,2.2440194979704993,ok,1344.7427618638244,384.82905851488914,-4.3752210103046325
547,2.8665698606355363,3.7020582212298905,0.11505360259467874,1.0032320521870852,143,138,0.965034965034965,2.1007546171218423,ok,1341.5951568607584,381.362786658275,-4.490274612899312
548,4.166706027500595,2.047937794199356,0.019505691387951437,1.0034140074248759,147,111,0.7551020408163265,2.097329960310871,ok,1337.2803234145704,379.6488144705848,-4.509780304287264
549,2.1445684548791633,1.0018697755389212,-0.0709870151144324,1.0016278437601878,184,163,0.8858695652173914,1.1844053318863879,ok,1335.064648627104,378.81592663840814,-4.438793289172832
550,3.0118128251035614,4.368346233439979,-0.4405277081698677,1.0005242334677165,155,128,0.8258064516129032,0.4147876159796512,ok,1331.7555775525375,374.6682147472403,-3.9982655810029653
551,8.211042790217562,-18.321121568583067,-1.0242393675451578,1.0164016120747033,37,23,0.6216216216216216,1.2260281149176508,ok,1324.50615296545,393.390676187706,-2.974026213457811
552,-3.263790472886285,9.782606724274956,-0.31569544890353635,0.9979701557303682,96,63,0.65625,1.4601327754788296,ok,1327.3127140671527,383.46722228520105,-2.6583307645542757
553,-5.265085225236362,11.186922954542752,0.6251903833412942,0.9852285624974471,39,22,0.5641025641025641,0.7524021129980123,ok,1331.9284035972255,371.9970968376808,-3.283521147895568
554,-3.432465597632472,4.636694678921231,0.20209737270380917,0.9974405424301656,59,46,0.7796610169491526,2.2885626722484904,ok,1335.07261767325,367.1602925757123,-3.4856185205993766
555,-3.1019242822592332,4.636241898609342,0.2672533193752721,0.9988862608120811,59,47,0.7966101694915254,1.1588646419287318,ok,1337.8644337121282,362.3309617317597,-3.752871839974648
556,-3.3346536427904994,5.118435685162467,0.34009674562840986,0.9989933863781402,61,54,0.8852459016393442,0.986070121079198,ok,1340.8252539524542,356.98756933694165,-4.092968585603057
557,-2.4960545220783388,5.071240696173845,0.35832434974151267,1.000479182366578,64,56,0.875,1.2888952375474478,ok,1342.9201925034042,351.73790241003485,-4.451292935344568
558,-1.483540072435062,4.791022304826356,0.31816071578792815,1.0012941937554711,69,63,0.9130434782608695,1.178766324052444,ok,1344.000238508401,346.84011857456846,-4.769453651132496
559,0.013348208860861632,3.9291166203748844,0.18666327235978805,1.001286944896831,90,82,0.9111111111111111,1.1511122123760416,ok,1343.6474931045402,342.9268454852938,-4.956116923492282
560,1.7065955546911482,2.8002232890725054,0.001158829574347621,1.0018658516528842,93,79,0.8494623655913979,2.353440970925065,ok,1341.7053058702734,340.2845685121123,-4.95727575306663
561,4.006492899414297,3.6649359758176843,-0.31966237108401485,1.0022197057818172,92,62,0.6739130434782609,1.4909148229079747,ok,1337.4156081118094,336.9555695333006,-4.637613381982616
562,4.493240997019939,4.006174060609851,-0.48167117873393034,1.001750281404202,108,81,0.75,1.2194016789818065,ok,1332.643849505802,333.28556066857,-4.155942203248688
563,2.9475416899174434,3.3020752176742008,-0.4304317802045274,1.0004783475471049,104,75,0.7211538461538461,0.7326224684162291,ok,1329.4879789304675,330.1819847199722,-3.725510423044162
564,-0.4546907031722185,-34.719610304291905,-0.19726971081843364,0.9885743858568431,123,94,0.7642276422764228,2.3299298288108212,ok,1332.0784701988407,364.807805119003,-3.528240712225729
565,-3.1454454525933215,8.950937434230696,0.5029493618966497,1.000896001597489,51,34,0.6666666666666666,0.7698906086469016,ok,1334.5868871094203,355.6578896740674,-4.031190074122377
566,-6.042411411703824,4.810236012405767,0.3184640374433793,0.9965168824932521,61,47,0.7704918032786885,3.286994022540755,ok,1340.247072863859,350.403234272561,-4.349654111565755
567,-6.90389108452041,4.954185327823211,0.3227093986807818,0.9970779226962557,134,110,0.8208955223880597,1.419568382610219,ok,1346.7244639888092,344.90313712944095,-4.6723635102465355
568,-5.215456925474882,5.261478801528938,0.3851341592156891,0.9989100424345224,140,126,0.9,1.2866203321061047,ok,1351.4557879638755,339.2023719559412,-5.057497669462223
569,-4.353599173241946,4.6204378188281225,0.2769789836100832,0.9995485601410357,163,150,0.9202453987730062,0.7425961501655339,ok,1355.3609705661327,334.1971926143052,-5.334476653072305
570,-3.036234040361478,4.469681515814955,0.22147631374641302,1.0000234660317877,142,132,0.9295774647887324,0.9820408013417764,ok,1357.9501961403116,329.4545476848713,-5.555952966818716
571,-1.4969695635247717,4.267489532728632,0.15759511771075915,1.0006599030300931,149,140,0.9395973154362416,1.2798688114239236,ok,1359.0148787683931,325.0592279368293,-5.713548084529475
572,0.9907941604833468,4.9728825837100885,-0.09013695408149541,1.0013088137161312,156,128,0.8205128205128205,0.8868787092358149,ok,1357.5415623690208,320.2073650938425,-5.62341113044798
573,2.8813773155238778,5.076428456323697,-0.19820893572731127,1.0016091301304464,142,113,0.795774647887324,1.1309033629266954,ok,1354.1931351710614,315.42609994677576,-5.4252021947206694
574,3.1165666195440735,1.6728443225055116,0.018157983985886975,1.002896120685205,132,101,0.7651515151515151,2.8910621886850714,ok,1350.9319339664055,314.05644220699384,-5.443360178706556
575,5.170508497147239,5.203340038284182,-0.47810415142418905,1.001767114611794,149,121,0.8120805369127517,0.9052908009938591,ok,1345.3304708947157,309.3201443775091,-4.96525602728237
576,2.84715596699084,4.997230121116786,-0.3402494115222528,1.0000577644467639,165,130,0.7878787878787878,0.3871900111328742,ok,1342.0896394447004,304.5687637890523,-4.625006615760119
577,6.185330510223594,-20.346178122937317,-1.1284604474470519,0.9956659037475228,51,32,0.6274509803921569,2.0275970682858344,ok,1337.1567033339281,325.2543002592056,-3.496546168313072
578,-4.292837873225835,10.126498269346484,0.18848632325116513,0.9985836500274861,178,137,0.7696629213483146,1.0392365248369342,ok,1340.7898190854248,314.87283147386006,-3.6850324915642365
579,-6.140891104168304,6.886377733951917,0.42841564527391435,0.9966403187688255,76,51,0.6710526315789473,3.1399126244678457,ok,1346.4209205046964,307.5636975543177,-4.11344813683815
580,-7.081065315190244,6.335929959943201,0.45744509169005976,0.9974575277006461,139,114,0.8201438848920863,1.6549013616291097,ok,1352.97453807182,300.68361098224733,-4.570893228528207
581,-2.675742786472256,3.0067718458927857,0.20320409019420466,0.9993311156958516,142,120,0.8450704225352113,0.8902316360663343,ok,1355.3907519992727,297.4645759328272,-4.774097318722411
582,-6.60695130316617,8.188546853275056,0.5017721361198196,0.9988682803590371,128,117,0.9140625,1.089408621075085,ok,1361.2167661427552,288.70320250792247,-5.27586945484223
583,-2.891454430661497,5.490832041988597,0.052551268604456906,1.0008234184126268,130,100,0.7692307692307693,0.7113266181431044,ok,1363.5858225747704,282.967584244836,-5.328420723446686
584,-1.0134871320142338,2.0693847291585143,0.042727264015198954,0.9999375958793305,116,101,0.8706896551724138,1.4432980245699705,ok,1364.4011508739088,280.81241624937564,-5.371147987461885
585,0.17630953129878435,5.9182472783001,-0.34017348484692367,1.0014966833215815,124,85,0.6854838709677419,1.0508204665606542,ok,1363.7065241533019,274.93243073774784,-5.030974502614963
586,2.2578043847402114,5.401783054781163,-0.4331270330317024,1.0016060475196609,122,93,0.7622950819672131,1.1917216981897414,ok,1361.0229707241572,269.7290201443389,-4.597847469583263
587,3.2310868131999086,5.526338863070578,-0.4572219687660453,1.0017894062598984,149,113,0.7583892617449665,1.4588521619622494,ok,1357.4012901530223,264.4504054525298,-4.14062550081722
588,4.273744206524498,5.004733127335385,-0.35710430630710194,1.0021826081749667,175,129,0.7371428571428571,1.6460977494248223,ok,1352.8066136958512,259.73859142048565,-3.783521194510119
589,3.205438051914143,4.906255072135195,-0.13379789291229777,1.0008000453980306,198,143,0.7222222222222222,0.7160229871353451,ok,1349.2953611105518,255.0463342643037,-3.6497233015978225
590,2.725216314129284,-7.788502745323285,-0.4419745187115932,0.992449462756661,67,27,0.40298507462686567,0.5006808818439059,ok,1347.0102322793891,262.9751276906515,-3.207748782886231
591,2.389544161159847,10.412066528828518,0.3713084988843696,0.9993640753526275,159,116,0.7295597484276729,0.8745277785164727,ok,1343.9753679334622,252.73253773006513,-3.579057281770599
592,7.123754407105707,-10.875786690104405,-0.659583369054039,1.0277978990762984,58,32,0.5517241379310345,2.606962193477397,ok,1337.4147891836144,263.95703858526866,-2.919473912716563
593,-1.3290119587936715,3.699443074362307,0.3485632528185285,1.0002405377761134,165,133,0.806060606060606,1.2992627745587224,ok,1338.5307453974442,260.1878485428486,-3.2680371655350897
594,-7.660386292852081,4.138455161538673,0.32339651221819593,1.0002802342254642,158,118,0.7468354430379747,0.5860772535852977,ok,1345.9168492717858,255.57766429086706,-3.5914336777532845
595,-9.660202801852392,3.841689121248237,0.1380102594422587,1.0008325265508986,172,138,0.8023255813953488,0.7601897891498723,ok,1355.3067117533371,251.11576155158724,-3.7294439371955423
596,-6.589108166004507,4.001091766334866,-0.11386448171311347,1.001234919319202,162,122,0.7530864197530864,1.012870270718472,ok,1361.6303886543549,246.70711184929996,-3.6155794554824294
597,-3.131301561007149,4.5137104815971725,-0.32243634440515756,1.0015952648949857,143,96,0.6713286713286714,0.9684160083854895,ok,1364.4972314261552,242.02097865663245,-3.2931431110772733
598,-0.39843623909291637,3.81102097896337,-0.4252399193706963,1.001443747769534,171,119,0.695906432748538,0.906593369785874,ok,1364.7044900956423,238.19479567843553,-2.8679031917065787
599,1.6905940981851018,4.2843382685821325,-0.34031261074959857,1.0013532699453789,158,123,0.7784810126582279,0.9543073142966947,ok,1362.8265994416008,233.9891816333859,-2.527590580956982
600,3.088596187974872,3.7543190750209305,-0.24932957758858962,1.0020165895929445,190,145,0.7631578947368421,1.039272316350679,ok,1359.5912003966296,230.36061013081905,-2.278261003368394
601,3.353211015208899,3.8693804693845095,-0.04870086396217177,1.0015607544523477,228,189,0.8289473684210527,0.9831748294285916,ok,1356.0899959898381,226.62460999280563,-2.2295601394062223
602,1.0594660710801236,1.644482900801222,0.054607892337424344,1.0002717983885354,260,246,0.9461538461538461,0.5663544618004083,ok,1354.965829714884,225.02365947731403,-2.2841680317436466
603,20.772227358627788,-12.427657833486137,0.36544018704661063,0.990500207626327,77,42,0.5454545454545454,2.0304140456102022,ok,1334.79031415655,238.39828771963022,-2.649608218790255
604,-4.243803972964088,7.639703919611293,0.4193641640192939,0.9994411515351919,228,200,0.8771929824561403,0.9387342749040724,ok,1338.619016752722,230.54233554498342,-3.0689723828095463
605,-3.2285606469633876,1.1077546787871597,0.15615743080495978,0.9994151369672171,88,63,0.7159090909090909,2.5024532562405493,ok,1341.7801423279645,229.25469841557083,-3.2251298136145055
606,-9.802675590311082,3.3642298840380818,0.41351261853839033,1.000247898162111,135,96,0.7111111111111111,0.5269914513319298,ok,1351.3495510455082,225.27513710329765,-3.6386424321528934
607,-10.132257305729581,4.12944422112048,0.1697901358692823,1.000209877228061,138,103,0.7463768115942029,0.4035726262790525,ok,1361.1851525321479,220.48181976758252,-3.808432568022175
608,-2.4808934051384313,1.589001468722131,-0.07759783625259935,1.0002647673128515,163,128,0.7852760736196319,0.3803532082298,ok,1363.5573930061148,218.73475569064277,-3.7308347317695754
609,-4.072510401479121,4.506123398445652,-0.3236021916758313,1.000269678198217,137,94,0.6861313868613139,0.4690316977797869,ok,1367.3548949182743,213.99455861886184,-3.4072325400937467
610,-2.484105421348886,4.783844326344024,-0.49121522017571106,1.0006434162583704,125,85,0.68,0.5858922372584897,ok,1369.5924194822978,209.0905367889285,-2.916017319918038
611,-0.08013191010491028,5.363177739565117,-0.4762539867459589,1.001100753374085,139,99,0.7122302158273381,0.7092890854721396,ok,1369.4441734492211,203.72880948302588,-2.4397633331720825
612,1.5652644461961245,5.64101877043754,-0.3113481308135102,1.000934290210692,141,109,0.7730496453900709,0.7927451196970127,ok,1367.6704853378276,198.1498153049991,-2.1284152023585743
613,2.5186491647043567,5.715086585888571,-0.10078754256197925,1.0016044667167767,156,117,0.75,0.8544755722171484,ok,1364.9512054216361,192.5274203494247,-2.027627659796596
614,3.4844650564355106,5.534531401727236,0.14597631512923565,1.0013755362480181,192,157,0.8177083333333334,0.9776806747103233,ok,1361.2593368066443,187.1290279316891,-2.17360397492583
615,2.8241437768515425,4.584663299860495,0.33499171285480045,1.000476417247917,238,205,0.8613445378151261,0.4861813006654282,ok,1358.2372321488822,182.67236897200337,-2.508595687780628
616,15.472749115928082,-9.214824129800036,0.42934077929070086,0.990306317341556,218,174,0.7981651376146789,1.7582902727733383,ok,1343.257118211318,192.66812483963076,-2.9379364670713266
617,5.0011975312138475,10.270359440685297,0.06591061521880297,0.9991104365971344,118,77,0.652542372881356,0.855686558003391,ok,1337.7245945016496,182.67395447941328,-3.0038470822901293
618,-2.530559966639885,2.4241718203035134,0.057781043412366326,0.9996709361612643,296,280,0.9459459459459459,0.5494350321690691,ok,1340.1220673330756,180.11808539401613,-3.0616281257024953
619,-13.930924087705762,2.2499038310793367,0.06277091886368949,1.0011990196554776,123,82,0.6666666666666666,1.145837330829564,ok,1353.9096549852695,177.11223444634845,-3.124399044566185
620,-7.124501392682305,1.2092669130661307,-0.02201039611794283,1.0003940169262302,180,142,0.7888888888888889,0.46748633462665956,ok,1360.9582687555587,175.51915865447273,-3.102388648448242
621,-2.3969720492195847,0.46064765081541736,-0.02715157243766963,0.9997581272508685,173,159,0.9190751445086706,0.9534014953484857,ok,1363.3270765665366,174.93058341069212,-3.0752370760105725
622,-5.46852845392641,2.0216122066530033,-0.08833302539347794,1.000513875521535,209,168,0.8038277511961722,0.4550008707676585,ok,1368.6828343020063,172.62676517905038,-2.986904050617095
623,-5.2141564492180805,3.8936746364990995,-0.5527654828701777,1.001114788476264,168,121,0.7202380952380952,0.63463707435,ok,1373.72691795161,168.51515359870382,-2.434138567746921
624,-0.7285892689224056,1.5588171017393506,-0.13326819945480528,1.0005936373458066,227,175,0.7709251101321586,0.5964567133406017,ok,1374.3923380360945,166.928342585814,-2.3008703682921166
625,0.27929807129044093,3.7628980569139685,-0.16678099755928474,1.0012154168822005,208,160,0.7692307692307693,0.6684570788704963,ok,1373.9731098515508,163.17845499701383,-2.134089370732833
626,1.506023231133895,3.5295196921035767,0.08481163499393606,1.0017593834120797,245,233,0.9510204081632653,0.7471162205585891,ok,1372.331561841578,159.70989112119776,-2.218901005726768
627,2.8703546791252847,4.402890846567402,0.29087608141532295,1.001718380609888,282,245,0.8687943262411347,0.8560968269942906,ok,1369.2711585076274,155.43691613597906,-2.5097770871420892
628,3.179253496766705,4.036187336072317,0.3976980720299258,1.0010772630847167,255,203,0.796078431372549,0.8223910461843695,ok,1365.8912690175177,151.56718642407156,-2.9074751591720127
629,11.612040412742772,-12.521808084475879,0.1918472019320102,0.9970836772509213,193,155,0.8031088082901554,1.863325849303088,ok,1354.9732300604287,164.6985072100058,-3.099322361104021
630,-6.9748021617679115,7.476765251707775,0.1776005883316752,0.9966169183432299,122,85,0.6967213114754098,1.2121605224744876,ok,1361.509241613165,156.83527398140018,-3.276922949435695
631,3.0439611204346875,0.38334728080667446,-0.06209058411283472,0.9988418422075739,133,96,0.7218045112781954,1.5172758719416866,ok,1358.4485727299982,156.62323523957906,-3.2148323653228603
632,0.6691800059593334,0.48764566446857316,-0.059057372293819625,0.9977303889263368,228,209,0.9166666666666666,1.5643762312972838,ok,1357.7535622058201,156.1731679715706,-3.1557749930290413
633,-3.7203905609264893,0.4183960037385077,-0.15728589675680157,0.9985649857211993,240,198,0.825,0.7428118842729534,ok,1361.4469730971953,155.56073256334685,-2.9984890962722406
634,-8.109874421552377,1.9118690906971096,-0.17793462350479525,0.9993723143121608,262,218,0.8320610687022901,0.4711967929509875,ok,1369.452943389405,153.25210824709825,-2.8205544727674465
635,-7.1726529280495015,3.078697229729187,-0.17500027601498372,1.0005471464067515,256,215,0.83984375,0.4936814106131804,ok,1376.4758474889447,149.8456225701479,-2.645554196752464
636,-3.559602199812616,4.365624161174196,-0.12332619615637196,1.0009260110068459,257,216,0.8404669260700389,0.4796354619988106,ok,1379.8398833554604,145.327580424889,-2.522228000596092
637,-1.1061758833943713,5.300845934404606,-0.04086299328815386,1.0016246308038625,296,258,0.8716216216216216,0.8506604461934877,ok,1380.7155248159502,139.98381351960882,-2.481365007307939
638,0.4014966690028814,6.020586880118572,0.06668342159511662,1.0020641979572142,299,260,0.8695652173913043,0.9619280144191588,ok,1380.0467668134727,133.98702865683447,-2.548048428903055
639,1.1644650003340757,6.816183235331891,0.16755526641088705,1.0026855245331416,305,271,0.8885245901639345,1.1550010063954768,ok,1378.5606690786135,127.23367051757748,-2.715603695313941
640,1.8431281107837094,7.462782971075967,0.22668169719179931,1.0033299002671427,351,319,0.9088319088319088,1.2889551394560943,ok,1376.3369060246505,119.8753331519788,-2.942285392505738
641,1.1277755048793097,3.0053260158174453,0.06857144635192551,1.0008691289762661,355,343,0.9661971830985916,0.5724273313662726,ok,1375.0528320017315,116.93339230375977,-3.010856838857663
642,12.608610380769733,-3.5315700712699254,0.10173219687506589,0.9894842598893305,129,86,0.6666666666666666,1.6805352128460844,ok,1362.654580230998,121.14437745356008,-3.112589035732728
643,1.5592055407323642,11.067131564823057,0.038176665259248864,0.9989694591530047,305,251,0.8229508196721311,0.6331711259363472,ok,1360.4894430947736,110.17967480493826,-3.1507657009919763
644,1.977960563635861,5.822013446841311,-0.06317614176606262,0.9993557527652945,158,103,0.6518987341772152,0.7804892008059255,ok,1358.2007654682684,104.47265077411134,-3.0875895592259144
645,-0.33271105571930093,1.964994469011799,-0.027771580410295676,1.000165138205563,314,302,0.9617834394904459,0.4694787305027709,ok,1358.4281137032117,102.4926980752034,-3.059817978815619
646,-5.254009837906551,3.705381842353745,-0.0949199961926807,1.000105666149379,292,243,0.8321917808219178,0.36880646900221375,ok,1363.4834328897543,98.52051707521889,-2.9648979826229382
647,-14.099939700878622,4.792551556246622,-0.5324483546242537,1.0009773862266955,246,204,0.8292682926829268,0.7077868418841949,ok,1377.3672647973854,93.13386119718643,-2.4324496279986882
648,-6.604858991643141,2.8495821097694716,-0.23111283958144402,1.0007767575190047,283,244,0.8621908127208481,0.45480830004426515,ok,1383.8577938888864,90.0326819678952,-2.2013367884172457
649,-1.9162648576705124,1.0384728607070883,-0.03905175280701785,1.000802300709574,325,307,0.9446153846153846,0.5421859980591794,ok,1385.7335126879098,88.92264779087316,-2.1622850356102283
650,-2.1730801684577727,2.114787443772684,0.08879164443307297,1.0011127685383225,324,304,0.9382716049382716,0.5292986449239413,ok,1387.8218500117036,86.72413680092245,-2.2510766800433006
651,0.07509914735919665,2.0251717443836696,0.30271935694092256,1.0015412196880045,309,269,0.8705501618122977,0.581405024114018,ok,1387.6565890789022,84.70432262623353,-2.553796036984221
652,1.7375322787954701,1.8027144512475388,0.4208204338381662,1.0015744621326501,322,288,0.8944099378881988,0.7008936687297489,ok,1385.827848690956,82.99420379817309,-2.9746164708223843
653,2.745578473798105,1.899487138407494,0.3205360183717201,1.0016707624029304,363,322,0.8870523415977961,0.5257326650044374,ok,1382.977627839267,81.25567176183995,-3.295152489194102
654,2.6868805113851977,1.70239375410506,0.2134635929093124,1.000736252058166,369,357,0.967479674796748,0.5820494705982437,ok,1380.1915994206643,79.7209023891927,-3.5086160821034134
655,12.572756103390475,-13.969184855160961,0.05971927011294558,0.9934020054806848,325,273,0.84,1.2887063914890904,ok,1368.5126457761532,94.44551998430723,-3.568335352216358
656,7.024172180403866,12.733053778491126,-0.09457255505879933,0.9966580274961323,159,121,0.7610062893081762,1.0357315547019705,ok,1360.7298651220142,82.16146614872548,-3.4737627971575598
657,-5.960162247471999,7.726927876773175,-0.19015265516901306,1.0001977444279304,169,114,0.6745562130177515,0.7907578332037771,ok,1366.237655837682,74.10583520748628,-3.283610141988548
658,-8.818638398512121,5.597059677716061,-0.2576719370788964,0.9994361602625229,292,241,0.8253424657534246,0.5034894443236155,ok,1374.7485409613096,68.05106067394274,-3.0259382049096537
659,-6.2141877926897,4.063746479934707,-0.24933271961409503,0.9996274953086562,315,270,0.8571428571428571,0.4845972087317985,ok,1380.7585775266452,63.69105770842498,-2.77660548529556
660,-2.698466747322982,1.9700627986294421,-0.09453351865704823,0.9999882403347088,359,314,0.8746518105849582,0.4470683767914276,ok,1383.3619013743287,61.596881220868454,-2.682071966638513
661,-5.453521530227135,3.8745276513536737,-0.11912293472053151,1.0003094406167985,370,328,0.8864864864864865,0.38935487508969746,ok,1388.6367105348322,57.482364247756664,-2.5629490319179826
662,-4.604438822330394,4.340566695463849,0.11204647012510766,1.0012422065433582,372,336,0.9032258064516129,0.5841440391022019,ok,1393.0335555690262,52.93163575095116,-2.6749955020430893
663,-0.9963617073369733,2.543550687937568,0.2238922346844094,1.0014196267715723,409,400,0.9779951100244498,0.5921031743253959,ok,1393.9000058776116,50.34095039438864,-2.8988877367274966
664,0.6291717732865436,2.1883770605637665,0.27696236829654175,1.0016385520090434,410,395,0.9634146341463414,0.6625018224844083,ok,1393.150562845799,48.190790767391036,-3.1758501050240366
665,0.7656739972931064,0.9205850979687966,0.14120057045918508,1.0011928672795356,410,397,0.9682926829268292,0.5821300962285239,ok,1392.332905540548,47.316050735209046,-3.3170506754832205
666,2.332022028069332,1.845137450252878,0.25666541683962824,1.0021683743360617,404,363,0.8985148514851485,0.840549852816567,ok,1389.89040593976,45.61986246444451,-3.5737160923228464
667,2.4875328527878082,1.81067129187943,0.10505562733410306,1.0014808044370889,449,433,0.9643652561247216,0.5100209266102094,ok,1387.291821421434,43.972528642157386,-3.678771719656949
668,4.943654017172321,-10.953822905465586,-0.09248361437550555,0.997578855816293,393,344,0.8753180661577609,0.9654892901222178,ok,1383.0430283701796,55.21413479490184,-3.5862881052814437
669,-1.2180121714031884,13.899997841115919,-0.1418109238119834,0.9975748319763132,205,151,0.7365853658536585,0.8642707622892791,ok,1383.4237107702231,41.26606774089714,-3.444477181469461
670,2.0097245529486827,7.798681216622072,-0.30632630690611,0.9987174479512898,191,133,0.6963350785340314,0.8860377718148644,ok,1380.9900713719928,33.58910084135937,-3.1381508745633533
671,0.12432440709835646,3.396875759796103,-0.4817856397531977,0.9981845015757426,296,247,0.8344594594594594,0.6583751696337352,ok,1380.7084499299444,30.20163706309245,-2.6563652348101594
672,-2.4326848740408877,2.700795778142833,-0.3525129960703329,0.9988840643295053,361,304,0.8421052631578947,0.4581290510850695,ok,1383.030599236439,27.405232920274898,-2.3038522387398293
673,-4.4314945368766985,2.885818385373568,-0.09942786607504067,0.9992796030948331,392,342,0.8724489795918368,0.38645134960379435,ok,1387.3478113187507,24.351092874358415,-2.204424372664789
674,-4.822706962179609,3.0806327080380242,0.17434365375089006,0.999830532499169,387,371,0.958656330749354,0.4480661112431681,ok,1392.0384995367092,21.072946390932543,-2.378768026415677
675,-2.3380111491712796,1.8326785064801925,0.17346083909984505,1.000175622794075,427,414,0.9695550351288056,0.35338303963760054,ok,1394.2925821860226,19.137974026316556,-2.5522288655155214
676,-5.2351826090407485,4.280312078743009,0.7661678983477286,1.0014753828594307,359,299,0.8328690807799443,0.6111739809781312,ok,1399.271222823083,14.561802498887687,-3.3183967638632432
677,-0.6203277226281898,1.4038809986061551,0.19113849985975834,1.0005068173666236,425,388,0.9129411764705883,0.5088401046614508,ok,1399.8044491144742,13.12258115945508,-3.509535263723001
678,1.7940896275313207,4.666409961813088,0.4699576405071664,1.0029261141198422,394,347,0.8807106598984772,1.0801660695498203,ok,1397.6908389534663,8.591930917976583,-3.979492904230163
679,2.868513107805711,2.8763487639503182,0.06502194549649354,1.002767901581433,387,374,0.9664082687338501,0.7387398492823098,ok,1394.6265965586065,5.925066053181695,-4.044514849726656
680,1.2035318024250046,1.1237342196644704,-0.05598046574911094,1.0003516013832165,411,389,0.9464720194647201,0.46726502474390674,ok,1393.3478163136529,4.88776740717401,-3.9885343839775453
681,2.7311456651355,1.18894226365137,-0.2587360538159998,1.0002429816104923,414,365,0.8816425120772947,0.2705100356032,ok,1390.5451131963994,3.8790079774659034,-3.729798330161547
682,5.241445347923673,-6.17389518476989,-0.38757608675310445,0.9923960060709142,182,163,0.8956043956043956,1.91114421985564,ok,1385.6725191656922,10.34797686745992,-3.342222243408446
683,5.006973640398428,6.750891151248879,-0.39349868086156786,0.9981795138702367,385,337,0.8753246753246753,0.9861613100786168,ok,1380.3248940734097,3.8635939173215093,-2.948723562546881
684,4.719037558545551,2.4780637116834896,-0.28299191614769525,0.9976504964196043,169,109,0.6449704142011834,0.9260483388920427,ok,1375.4957108331687,1.607689559796313,-2.6657316463991885
685,-0.002147527111446834,-0.05279678148167477,-0.001979934435416649,1.000010514874012,609,607,0.9967159277504105,0.026186327604743122,ok,1375.5003097434092,1.660329487912918,-2.6637517119637715
686,-6.227133632371306,3.8244633033083346,-0.0327014210160857,0.9991323224601936,334,287,0.8592814371257484,0.5875655144122759,ok,1381.5453194628099,-2.44595476017696,-2.631050290947686
687,-11.745884942590465,1.8408244897763097,0.36254512140300293,1.0008738554595262,386,330,0.8549222797927462,0.5568885023473726,ok,1393.179039898603,-4.897688169124308,-2.9935954123506856
688,-6.9557846231612075,2.8594894142433986,0.34751237162799203,1.00110084695378,358,312,0.8715083798882681,0.5485915839971542,ok,1399.9563496241694,-8.15770232825298,-3.341107783978674
689,-4.210799557199607,4.222738231727135,0.1599128022582524,1.001876188193839,414,354,0.855072463768116,0.6872933053456372,ok,1403.9014235323093,-12.629697737901324,-3.5010205862369252
690,-1.4429263837180315,3.934548854756258,0.09122917819683372,1.0015341108619853,410,398,0.9707317073170731,0.7726605814226499,ok,1405.0949936732004,-16.64692334247809,-3.5922497644337583
691,0.7544698396620788,4.448151570085429,0.03407327481136206,1.001988553114333,446,419,0.9394618834080718,0.7582622483594977,ok,1404.0606931792206,-21.03844922963458,-3.6263230392451207
692,2.643391908358808,4.86020661932298,-0.028308263786058947,1.002261924135359,444,391,0.8806306306306306,0.8386729418813216,ok,1401.1175048206621,-25.723187370633923,-3.598014775459061
693,1.5284193159927781,2.1773815421166773,-0.023378114572357608,1.0012028946534235,507,488,0.9625246548323472,0.593174698058188,ok,1399.4563022198608,-27.801037679135902,-3.5746366608867035
694,13.34410804155118,-13.33109649532662,-0.19487449079966082,0.9953221451320132,447,388,0.8680089485458613,1.4287594156730647,ok,1386.9213218643417,-13.706442236944213,-3.379762170087045
695,-2.0534972101856965,11.622537982530957,-0.1095722506812609,0.9982786919693352,213,170,0.7981220657276995,0.8367073798962961,ok,1388.3084722182612,-25.42719536305492,-3.270189919405785
696,-0.2770472774229802,6.086816902582541,-0.10603751836752567,0.9984813896256369,211,166,0.7867298578199052,0.8516592732733075,ok,1388.2491242531119,-31.520025002764783,-3.1641524010382605
697,-0.0008572876902235294,-0.020860746042899336,0.0006924376810648137,1.0000016240374254,607,603,0.9934102141680395,0.03436419247793374,ok,1388.2511319316716,-31.499243402863726,-3.164844838719325
698,-4.659763335356956,7.2507393147063794,0.05698174863357944,0.9970100997535737,380,324,0.8526315789473684,0.9897664317494885,ok,1392.4960251864413,-39.00040972597458,-3.221826587352904
699,-3.9749619190506564,3.0825087580237778,0.15980776183025142,0.9995177218146869,472,446,0.9449152542372882,0.39144677292441243,ok,1396.2822397741274,-42.31201984753034,-3.3816343491831544
700,-4.461831785327377,3.3365805971800455,0.1907015638571763,1.0001010802516765,439,406,0.9248291571753986,0.4963437332508411,ok,1400.527504119901,-45.92012788312718,-3.572335913040329
701,-1.6743191567197755,1.420580016479562,0.062466750688123865,1.0004713235670772,483,459,0.9503105590062112,0.4485724041388182,ok,1402.1083950946759,-47.443996626705825,-3.634802663728452
702,-2.7483144943757907,3.125771056896383,0.11792094133433938,1.0013684915589829,479,460,0.9603340292275574,0.7847688194435039,ok,1404.6462332128829,-50.7429441779567,-3.7527236050627906
703,-1.1340734569919277,2.9592285935295877,0.05820561820438863,1.001966025014558,448,428,0.9553571428571429,0.955910195138131,ok,1405.581116164007,-53.771004669808576,-3.810929223267179
704,0.383832556927473,2.4633653916918092,-0.02148200246727563,1.0023274104120818,442,407,0.920814479638009,1.030552224104089,ok,1405.0353186735492,-56.203616760577006,-3.7894472207999037
705,0.6516507439885117,1.3009053064204181,-0.027106639467301196,1.001366361323598,539,522,0.9684601113172542,0.6349615144367271,ok,1404.2997094886873,-57.458958321890236,-3.7623405813326025
706,3.44946018842802,3.926197138997395,-0.16814815914826997,1.0034781996641198,437,375,0.8581235697940504,1.4602482562483465,ok,1400.610903307973,-61.16118853176977,-3.5941924221843333
707,3.2241702983451432,1.586577509785684,-0.29970612406116426,1.0002390768878053,425,375,0.8823529411764706,0.3843317486913572,ok,1397.3008840664424,-62.55985751619278,-3.2944862981231715
708,8.904338975994051,-20.662394261122927,-0.15403905071476495,0.9981297671939399,448,386,0.8616071428571429,0.7865190241840809,ok,1389.5418797164252,-41.44068043236916,-3.1404472474084075
709,4.20850576542216,10.568831886656312,-0.12883763170928428,0.9970056645907256,215,158,0.7348837209302326,1.0338802327900805,ok,1384.7839177805583,-51.77380805389964,-3.0116096156991246
710,-10.26034995209966,9.200041297775215,0.2326462188330687,1.0004328445949444,215,155,0.7209302325581395,0.8044020813496282,ok,1394.5071688539151,-61.539765742973714,-3.244255834532191
711,-7.796597582438608,3.451750591993914,0.27612411018991856,0.9987188082142109,396,339,0.8560606060606061,0.6458062818372938,ok,1402.0771046095904,-65.46374187271363,-3.520379944722107
712,-4.296986365094881,3.4973344915518965,0.32169592851444806,0.9989782292933537,439,414,0.9430523917995444,0.5299650469796571,ok,1406.1300890275984,-69.24114278802483,-3.842075873236552
713,-1.6922974088688534,1.6661009435846381,0.1536249303591143,0.9997993440084916,492,473,0.9613821138211383,0.3250402721189972,ok,1407.702176323254,-71.02111593645031,-3.9957008035956654
714,-2.611229752904592,3.3710402769029315,0.2408567571777375,0.9999692077788912,484,470,0.9710743801652892,0.40148608625114784,ok,1410.057237030091,-74.57584833679607,-4.2365575607734005
715,-1.431445731858048,3.6127680034819605,0.1210680462548466,1.0005790205740221,479,455,0.9498956158663883,0.5336129255903991,ok,1411.2100408208155,-78.2869361760055,-4.357625607028246
716,0.09698533840082746,3.3585672272297415,-0.0702156145069541,1.0010977754691786,521,469,0.9001919385796545,0.5067345190869638,ok,1410.8622417234405,-81.62885415278936,-4.287409992521293
717,1.1120004753659032,3.5917703157017513,-0.21921123804446008,1.0015109212229008,497,447,0.8993963782696177,0.6004324084587013,ok,1409.498229243943,-85.13268477280292,-4.068198754476835
718,1.7917336912116753,3.654803139313344,-0.32185360415404574,1.002083220759448,476,422,0.8865546218487395,0.8123669235523124,ok,1407.4715213967206,-88.66260699706879,-3.7463451503227923
719,2.217094806995192,3.585333993115114,-0.46369957151039914,1.0021459157126764,480,423,0.88125,0.835586010407795,ok,1405.052762298804,-92.11510372431383,-3.2826455788123976
720,2.558322530886244,3.083172192408938,-0.334246742774458,1.0003425419016487,470,426,0.9063829787234042,0.325025338283968,ok,1402.3392385424659,-95.06260330257908,-2.948398836037943
721,11.787536699665225,-20.82890764800186,-0.10026983356723167,0.9900652181461637,245,201,0.8204081632653061,1.8485194299679961,ok,1391.601224965218,-73.67371647624361,-2.8481290024707127
722,5.5783801596896865,9.253346833418846,0.1302672137129511,0.9992180818624161,421,362,0.8598574821852731,0.6123751077576762,ok,1385.5495816343057,-82.62471451115493,-2.978396216183662
723,5.801220176528886,4.978361484381935,0.3094280974814806,0.9995994761247773,260,197,0.7576923076923077,0.7643706309085609,ok,1379.4723917592162,-87.26217090748378,-3.28782431366514
724,1.345854546677856,3.5728371249076645,0.4508008325293569,1.0000016468090769,415,373,0.8987951807228916,0.4031629380296892,ok,1377.896434410039,-90.7396481562239,-3.7386251461944933
725,-4.073727787069856,3.6646950557717446,0.46938956700351125,1.0002780674570246,396,342,0.8636363636363636,0.4926954838107882,ok,1381.6902734254948,-94.69338480144313,-4.208014713198001
726,-5.509835309095251,3.9160362763104786,0.35078915028466984,1.000653006761007,409,361,0.882640586797066,0.5302183629882223,ok,1386.8714219597623,-99.03496574812482,-4.558803863482667
727,-2.7385093340512867,1.8829664351430893,0.09200417603257074,1.000481883519064,465,443,0.9526881720430107,0.44471947021610064,ok,1389.4482381942412,-101.13377828436705,-4.650808039515237
728,-7.182854088758177,6.153316863534542,-0.09093043102347717,1.0015963238713748,368,321,0.8722826086956522,0.704708178038467,ok,1396.119162893053,-107.83866194825191,-4.559877608491761
729,-1.3093492490186236,2.2034214728480492,-0.14806628616472578,1.0007769591683453,463,423,0.9136069114470843,0.48016670375137005,ok,1397.2551351906707,-110.13627561942451,-4.411811322327036
730,0.3941462925122323,6.594988770350255,-0.5669298270411336,1.0020250992263595,402,362,0.900497512437811,0.9854357236921416,ok,1396.4196458355532,-116.68999103271733,-3.8448814952859074
731,3.072388323596897,4.216717210806337,-0.14551267643632124,1.0015370783758886,484,441,0.9111570247933884,0.6536469136302949,ok,1393.0815912185476,-120.69968745773167,-3.699368818849587
732,1.8535363019543638,1.918942512636022,-0.04949576122399551,1.0008183696864978,527,508,0.9639468690702088,0.4810508583322639,ok,1391.1096560575343,-122.49674308019382,-3.6498730576255927
733,2.902917531313733,4.467885707756068,-0.040986882691303794,1.0002854180084977,498,449,0.9016064257028112,0.34817908683081183,ok,1387.93126264349,-126.77304384098477,-3.6088861749342893
734,19.779490628579197,-19.2713527420716,0.03780798283516427,0.9913540684321971,225,175,0.7777777777777778,2.0996695455312016,ok,1369.417553405158,-106.28265935767365,-3.646694157769454
735,4.552355988348836,7.6772671160345,0.13967642367130761,0.9983192186973452,408,338,0.8284313725490197,0.8931641542273543,ok,1364.3681540936957,-113.6425467215538,-3.7863705814407607
736,-1.2498409609702321,5.116299772293701,0.34457149084831373,0.9984266227290796,239,195,0.8158995815899581,0.9073400609180116,ok,1365.2461897548778,-118.83558813919967,-4.130942072289072
737,-1.633172081237717,1.5603017404396269,0.1620292229555828,0.9999059548429885,494,475,0.9615384615384616,0.39108476601543435,ok,1366.757981116992,-120.51376555699244,-4.292971295244654
738,-5.422395748352756,2.9966134177607273,0.2995208125194026,0.9995179484287103,453,418,0.9227373068432672,0.5180376921237202,ok,1371.923033840513,-123.93492003910887,-4.592492107764054
739,-5.062688392742757,2.964158142674023,0.10347724163962385,1.0004928858257154,497,446,0.89738430583501,0.375647234944838,ok,1376.7260566653254,-127.30360212579001,-4.695969349403677
740,-4.3912328697877,3.226225657938812,-0.059935562183076774,1.000818503084535,481,433,0.9002079002079002,0.46281913633282334,ok,1380.842160250421,-130.87419722876757,-4.636033787220601
741,-2.9594837648469365,3.6946674773657833,-0.19428401327593195,1.0010997649371578,458,408,0.8908296943231441,0.6097926776470224,ok,1383.5066199709925,-134.78696687700278,-4.441749773944672
742,-0.9955789002860911,4.065574064336147,-0.2930332473433121,1.0013832926101627,487,432,0.8870636550308009,0.5849535825234039,ok,1384.2054640733552,-138.91391329534792,-4.148716526601362
743,1.1430994256465965,4.317065647310983,-0.40254834626762415,1.0015666668259589,483,424,0.8778467908902692,0.6638392271513536,ok,1382.7827456101284,-143.1470686521119,-3.7461681803337403
744,2.7777006819121652,4.1670775779550695,-0.29296668867700704,1.0017164549635174,446,385,0.8632286995515696,0.6565436038758065,ok,1379.759091673252,-147.13927023632596,-3.4532014916567353
745,3.2399877913671844,4.669207980632336,-0.0787311395875115,1.0012453128766785,472,421,0.8919491525423728,0.5610403961353612,ok,1376.2498845821672,-151.6096717447466,-3.3744703520692245
746,2.734344744538248,2.959727401865848,0.15326053755225383,1.0002225661992068,510,475,0.9313725490196079,0.36985652942216446,ok,1373.3386042172444,-154.39554218540866,-3.5277308896214774
747,22.211864411815213,-17.004298149952433,0.3385645141661077,0.9902682650912566,249,193,0.7751004016064257,2.2606498150029277,ok,1352.3238637805064,-135.93223368996667,-3.8662954037875816
748,-0.21876527775975774,8.61757724999859,0.4538819888802996,0.9994690355469064,385,351,0.9116883116883117,0.7031290874850682,ok,1351.8928463026832,-144.54180509859418,-4.320177392667877
749,-5.112514600202076,5.719355586154165,0.4553998440764563,1.0002391383274316,290,236,0.8137931034482758,0.9385275907423634,ok,1356.5114585581032,-150.66693813325003,-4.77557723674433
750,-5.331412772803105,3.104309688257672,0.2878514313303609,1.0000074388269315,459,441,0.9607843137254902,0.49196921059544607,ok,1361.5480842759166,-154.22967614961897,-5.063428668074688
751,-2.7953454505159243,2.743175998713923,0.07534935005090482,1.0001212880072328,458,436,0.9519650655021834,0.48004832669228487,ok,1364.086492431521,-157.21220105030295,-5.138778018125593
752,-1.695342246270684,2.9094233813968913,-0.14535516487364217,1.0004215057040715,528,481,0.9109848484848485,0.3958465175027936,ok,1365.5221600952839,-160.25814722570317,-4.9934228532519525
753,-1.3890518935168075,1.3427203642812628,-0.15986764302626438,1.0002726250900305,543,499,0.9189686924493554,0.33386672032155945,ok,1366.7931325494899,-161.7131359405007,-4.833555210225689
754,-3.861164603751149,4.000040653856786,-0.506516071532955,1.0014596446967825,454,409,0.9008810572687225,0.7717345856198231,ok,1370.341491122281,-165.99309724507668,-4.327039138692739
755,-0.9147496618043078,2.750763634328223,-0.18340318538757325,1.0011862724798064,511,465,0.9099804305283757,0.6261600443740137,ok,1371.0550875586414,-168.8027676246278,-4.143635953305168
756,1.147144317364564,2.725060428049119,-0.1165088495789193,1.00146824528387,491,450,0.9164969450101833,0.7522059394124523,ok,1369.7193980001657,-171.44053710370702,-4.02712710372625
757,1.1671225559152845,1.2815520689464392,-0.01639142706439776,1.0008185838573782,520,494,0.95,0.5226098425598007,ok,1368.4654976765466,-172.63731809635954,-4.010735676661852
758,3.201756542682233,2.5399222783548794,0.040227100540580575,1.0017061055270484,533,500,0.9380863039399625,0.6880862477927523,ok,1365.0923107437068,-174.94471057593705,-4.050962777202432
759,3.0021394765549303,3.2802289696679736,0.16239846648591366,1.0004834218472312,509,459,0.9017681728880157,0.3669402336785689,ok,1361.8572839990481,-177.9955048153904,-4.213361243688344
760,19.2527445775429,-4.139951928385926,0.2175527991977376,0.9931288961627062,252,212,0.8412698412698413,1.7832806415071327,ok,1342.981921947646,-172.38051744532834,-4.430914042886081
761,3.287670576983146,3.143040503348857,0.43196678354128687,0.9975865001092135,345,301,0.8724637681159421,1.083669674579056,ok,1339.4396455785175,-175.23354383026867,-4.862880826427363
762,-0.5693985819098089,-0.6809657755657099,0.3582564350320686,0.998631837412134,248,197,0.7943548387096774,0.8561228756809125,ok,1340.0686495315113,-174.60721870727673,-5.221137261459429
763,-3.508656979514626,-2.1805763182700275,0.1411130379466872,0.9992224705156914,455,404,0.8879120879120879,0.4819307119811193,ok,1343.7657317633054,-172.76407740747095,-5.362250299406115
764,-4.491533147160226,-0.667674808598349,-0.11477851256346779,0.999650172007784,451,404,0.8957871396895787,0.44578540194009814,ok,1348.2995047218087,-172.5099860403991,-5.247471786842649
765,-4.639800935624407,0.6429967950512037,-0.3424676482344116,1.0000594409252965,503,453,0.9005964214711729,0.3850807370785162,ok,1352.8673351669242,-173.54734934481087,-4.90500413860824
766,-4.016525394965811,1.9904861495696196,-0.4790305348968744,1.0006403563503887,483,429,0.8881987577639752,0.5075138166408395,ok,1356.7182749408614,-175.8418589258631,-4.425973603711371
767,-2.329674216399553,3.5259804004609805,-0.46367363978486714,1.001212311497177,472,417,0.8834745762711864,0.5869496834135176,ok,1358.798735115977,-179.52039194851614,-3.962299963926507
768,-0.7199055092912658,4.792523036471948,-0.31761646857108755,1.0014826054298374,511,464,0.9080234833659491,0.724585308737308,ok,1359.2125294760067,-184.34898545232568,-3.6446834953554217
769,1.1418928063317253,5.77555246038628,-0.09425186072531716,1.001932306027157,506,450,0.8893280632411067,0.9112404969296386,ok,1357.7151652772188,-190.04273868372013,-3.550431634630105
770,2.2136371179458365,6.648739098450392,0.15964679471511795,1.001900770351251,477,436,0.9140461215932913,0.810961742114209,ok,1355.0759418243465,-196.53430401536548,-3.7100784293452214
771,2.8243140473323365,6.626485945659965,0.3700614564480798,1.0017635848394226,558,501,0.8978494623655914,0.7684225915860659,ok,1351.7873002264037,-202.94304041704947,-4.080139885793298
772,2.836056158250358,3.9397665645419693,0.4669857642201073,1.0000666583291515,538,484,0.8996282527881041,0.29108298716635317,ok,1348.6478297796784,-206.6455666397751,-4.547125650013402
773,19.048089098311948,-26.752501865222484,0.13636585279869134,0.991186949384418,279,202,0.7240143369175627,1.9502758381337761,ok,1331.8477209219077,-178.4270904811832,-4.683491502812092
774,5.095415003276685,8.588195557224708,0.15128014173977083,0.9980770156004792,375,301,0.8026666666666666,0.7058433211146001,ok,1326.046600676699,-186.5552736044516,-4.8347716445518625
775,0.22096641860957789,3.8935545870784836,0.036258506742375636,0.9993175947792535,277,229,0.8267148014440433,0.8326885582782758,ok,1325.4958183606518,-190.41600311078116,-4.871030151294238
776,-3.1001872351607744,2.6578543883375687,-0.06645426853408325,0.9998079936489254,381,320,0.8398950131233596,0.46395570470959224,ok,1328.3624970294245,-193.32418196578044,-4.804575882760155
777,-4.638327701467006,3.153640748370208,-0.15290209016948159,0.9999770144143548,369,303,0.8211382113821138,0.4506719767063702,ok,1332.7297932152055,-196.84359354467233,-4.651673792590675
778,-5.241882392100706,3.333664944179418,-0.25187045920609213,1.0005309466752073,408,349,0.8553921568627451,0.3502220887248929,ok,1337.7004837358447,-200.56956841317208,-4.399803333384584
779,-4.641284045773773,3.758611921357897,-0.443534917412713,1.0006132934210101,401,330,0.8229426433915212,0.4205125099056916,ok,1342.071381983751,-204.63944920692802,-3.9562684159718744
780,-3.8367151492698213,4.738829501715259,-0.2982531462170746,1.0016776499681446,403,325,0.8064516129032258,0.4727206105783165,ok,1345.5979380727968,-209.61341043855998,-3.6580152697548023
781,-0.7279785543005346,2.0600316195724417,-0.04263465216804462,1.0008930523712685,483,458,0.94824016563147,0.5552577949943893,ok,1346.1945654713677,-211.71524744376143,-3.615380617586758
782,-0.13572746399927382,4.5398504057598075,0.10640142139492498,1.0017135783869828,433,401,0.9260969976905312,0.6101297940695225,ok,1346.0353173735657,-216.25433366176935,-3.7217820389816834
783,2.025088543822676,4.820586455767057,0.327591423486578,1.001687041768783,467,394,0.8436830835117773,0.6940224144465668,ok,1343.6748734146174,-220.91988204374024,-4.0493734624682585
784,3.3160164467001323,5.245774428890513,0.49034776810922454,1.0020363077422378,468,417,0.8910256410256411,0.6879414012723618,ok,1339.9540561760846,-225.88673552567673,-4.53972123057748
785,2.5579763942521367,3.8381199267001875,0.1172622925807561,1.000717118889324,499,438,0.8777555110220441,0.44221680824596343,ok,1337.092906781022,-229.5045016795924,-4.656983523158235
786,18.402271244679923,-22.276898117206883,0.08743933215438987,0.9902336112816604,419,380,0.9069212410501193,2.028439015474997,ok,1320.5962388638711,-205.7818600830409,-4.744422855312625
787,6.874596999010919,6.437458574931497,0.009801603447400626,0.998907890754826,255,217,0.8509803921568627,0.9826958230833512,ok,1313.2117472302625,-211.62739171976432,-4.754224458760025
788,-6.2286336006282,1.068002997785925,-0.027523061645643488,1.0002468648497103,235,178,0.7574468085106383,0.8949935153468145,ok,1319.3311912191118,-213.20502038376856,-4.726701397114383
789,-8.66886226820452,-0.6097678919452392,-0.08794510324727958,1.0006868220505787,385,317,0.8233766233766234,0.6487402855179385,ok,1328.0209716297006,-213.2983280624196,-4.638756293867104
790,-5.026834308385332,-0.569835823528706,-0.17275447940878166,1.0006259782587061,378,316,0.8359788359788359,0.5141242915145032,ok,1333.0769147415515,-213.12164959891697,-4.466001814458323
791,-1.5151921467486318,0.017687730283114433,-0.36179642994783767,1.0004559224177298,449,389,0.8663697104677061,0.41122235860500805,ok,1334.58695530484,-213.2477352626281,-4.1042053845104896
792,-1.0277676846626491,1.0280506319580809,-0.24158357294040345,1.0007732192065104,444,388,0.8738738738738738,0.4694903813389115,ok,1335.543134322421,-214.3426855819779,-3.8626218115700883
793,-2.1139058960889088,1.6349478533518322,-0.04934372764157334,1.0010230496999764,434,401,0.923963133640553,0.8252063051227626,ok,1337.5436277774613,-216.11459939394513,-3.8132780839285148
794,-1.5358316273036507,2.537251022385931,0.12036274474822026,1.0011319775755934,486,458,0.9423868312757202,0.6499007102315215,ok,1338.9017831339543,-218.75123277112402,-3.933640828676734
795,-0.24622810100845527,3.2206025397312033,0.27270616107400847,1.0013744963500006,460,437,0.95,0.7505695957864267,ok,1338.911121055458,-221.98122066581834,-4.20634698975074
796,1.4822561616997518,3.672087301993656,0.287484618837824,1.0014598594708193,504,465,0.9226190476190477,0.6757323102279864,ok,1337.1457071491918,-225.5258817528511,-4.493831608588562
797,1.2718633080869495,2.0207696093166305,0.05695129050418443,1.000905015630076,520,497,0.9557692307692308,0.5197546528091932,ok,1335.717520276584,-227.43936766743377,-4.550782899092746
798,2.954591764784027,4.736059546738488,0.11312964301205965,1.0016223202626287,514,470,0.914396887159533,0.7038409011664559,ok,1332.3876191362356,-231.919505045047,-4.663912542104804
799,14.868465740257307,-11.432767016734033,0.019871849244426282,0.9918275078526586,485,417,0.8597938144329897,1.9152805696073363,ok,1318.5023651586473,-219.31081133372209,-4.683784391349231
800,8.902475931828803,9.508911519470985,-0.053545107976389124,0.997845068426522,271,222,0.8191881918819188,1.0714477585854167,ok,1308.861336464851,-228.0700374255249,-4.630239283372843
801,-3.3620639093178397,3.153688290659943,-0.041290524569195755,0.9994486894938673,279,209,0.7491039426523297,0.8997466812747184,ok,1311.9603066243549,-231.4826035443698,-4.588948758803648
802,-5.638804503636038,0.6999258733889064,-0.0736502353989546,0.9999881052501329,457,411,0.899343544857768,0.4064388256492327,ok,1317.526508386025,-232.6242735522294,-4.515298523404694
803,-4.440034714784588,-0.25822795637316176,-0.4617366250242593,1.000343053134457,430,375,0.872093023255814,0.5006898328863514,ok,1321.9736898023161,-232.68055318035726,-4.053561898380439
804,-2.157385318719207,0.07316500784600066,-0.3159500598259524,1.000428251721034,517,467,0.9032882011605415,0.36659149580831163,ok,1324.1217170160069,-232.8941968581047,-3.737611838554489
805,-2.5915493671561762,0.12034839164005007,-0.1128156610044458,1.000570559364841,496,438,0.8830645161290323,0.41079970267503024,ok,1326.7004731687555,-233.1781485484305,-3.624796177550044
806,-3.3874229677358016,0.7553472867268738,0.14493175148982093,1.0009705903011186,465,427,0.9182795698924732,0.6287754113308807,ok,1330.0309053251194,-234.15457342407035,-3.7697279290398638
807,-2.349939906419422,0.590789461670056,0.3454665491570209,1.00119789854257,520,471,0.9057692307692308,0.6494875589681571,ok,1332.332390378537,-234.91247599082772,-4.115194478196883
808,-0.40421207838198825,0.7623811491532706,0.4515358111299192,1.0011878545613424,548,445,0.8120437956204379,0.5784966558012183,ok,1332.6746183214698,-235.70462020495177,-4.566730289326799
809,1.3959417444486917,1.7798185522332233,0.484556367052965,1.0013404353635644,505,393,0.7782178217821782,0.6372656640567531,ok,1331.1273895821307,-237.35461737492858,-5.05128665637976
810,3.085439901814425,1.6706446369202013,0.31683359467537364,1.0018895237723975,520,451,0.8673076923076923,0.8051350056417955,ok,1327.8991857936303,-238.7292784933477,-5.368120251055131
811,2.4176244534803573,1.5582227097596615,0.06996457335184753,1.00046019582561,466,435,0.9334763948497854,0.4232675390615376,ok,1325.3447697665063,-240.05136955361831,-5.438084824406976
812,19.616601488006154,-8.021828480767113,-0.17479794399503903,0.9917825577442099,229,162,0.7074235807860262,1.8545391886311715,ok,1306.5467408439324,-230.26388291300464,-5.263286880411939
813,0.3947921726257846,2.9820296647769737,-0.1759422369804669,0.9996004477399862,515,472,0.916504854368932,0.36050263747226374,ok,1305.8890745178805,-233.1991574801882,-5.087344643431473
814,-1.4647253473049204,2.0996212301399737,-0.5603916021596775,0.9993814976936178,223,151,0.6771300448430493,0.7009393766866893,ok,1307.1835113606855,-235.40783647748083,-4.526953041271801
815,-6.945826184775342,1.0851204590940142,-0.35316795340322815,1.0002230192618944,351,276,0.7863247863247863,0.625271802466743,ok,1314.0319392858535,-236.9956093685563,-4.173785087868575
816,-5.10021936026078,0.5006791855648771,-0.12123721011854947,1.0003105919096866,390,321,0.823076923076923,0.5368021285595034,ok,1319.0840226659639,-237.85547603848454,-4.052547877750028
817,-2.030943865289146,0.24293643404462273,-0.005689509123603912,1.000207307960378,451,421,0.9334811529933481,0.5456927652493846,ok,1321.09275813225,-238.2411351125719,-4.046858368626424
818,-3.600342012936835,0.8975170647681807,0.05306783445194253,1.0005567467501555,365,328,0.8986301369863013,0.813699014738471,ok,1324.6197173966673,-239.39376594627686,-4.0999262030783665
819,-2.4270676932214883,0.9532428679965506,0.1444729395752632,1.0006598504982842,353,314,0.8895184135977338,0.9010696689158681,ok,1326.96957821106,-240.52402419369082,-4.244399142653629
820,-0.830576925164678,1.1492752677238514,0.19227907994932206,1.0010013594254668,372,351,0.9435483870967742,0.8392139133273081,ok,1327.7087614488441,-241.7341067572363,-4.43667822260295
821,0.6453948392988877,1.3708508506507542,0.2523296962771544,1.0012707750650627,397,353,0.889168765743073,0.7122747602300875,ok,1326.9534633276003,-243.04761020274714,-4.689007918880103
822,2.224234455014539,1.523144395379859,0.19580967140692832,1.001535406534697,425,375,0.8823529411764706,0.904014939776559,ok,1324.6076073543015,-244.37582235168588,-4.884817590287029
823,2.812241218271083,1.580776751911344,0.07848794869969287,1.001414125606566,525,494,0.940952380952381,0.7290879369848071,ok,1321.669145959055,-245.7073629773413,-4.963305538986721
824,2.6726366183065693,1.728993377316101,-0.06770544233417444,1.0004853351126117,525,510,0.9714285714285714,0.46090040650637,ok,1318.8587065079369,-247.2019648252974,-4.895600096652546
825,7.306099156520304,-27.046275233138658,-0.2557392167633231,0.9966746710811808,466,401,0.8605150214592274,1.2693237647188997,ok,1313.7643878247234,-219.6533168362314,-4.639860879889225
826,12.582714616880821,9.559083296769018,-0.267471689949256,0.9967434268967269,258,186,0.7209302325581395,1.05278244555775,ok,1300.4895232943757,-228.22529165568517,-4.372389189939971
827,-2.5401713713397385,4.196684151776935,-0.16147067614465568,0.9987491226662174,246,181,0.7357723577235772,0.9213971407678382,ok,1302.7146823147036,-232.59716720283916,-4.210918513795317
828,-5.621978768993358,1.869626368989202,-0.09977606624726085,0.9992619661310262,424,342,0.8066037735849056,0.7212199140364812,ok,1308.1881587791459,-234.86503038915066,-4.111142447548057
829,-3.6488467212757314,1.4237940506526456,-0.03288432641236921,0.9994271040273549,456,389,0.8530701754385965,0.5498140230874561,ok,1311.7265073163614,-236.54472129024543,-4.078258121135689
830,-1.2044897679659243,1.5766909621470404,0.05963603835608061,0.9996109287832982,460,428,0.9304347826086956,0.49841896498065796,ok,1312.8140878449772,-238.204214762672,-4.13789415949177
831,-0.669075400943484,0.7999191231538134,0.05818696764622859,1.000090255093457,548,525,0.958029197080292,0.3132589963131482,ok,1313.4228397097593,-239.05094592594628,-4.196081127137998
832,-5.033978935404775,2.9688420526367736,0.3452041986707494,1.000811751413118,450,397,0.8822222222222222,0.689155985054216,ok,1318.2059494191128,-242.40904487682496,-4.5412853258087456
833,-1.4700068425618156,1.2030874462609518,0.19549510407823809,1.0004797102860654,577,538,0.9324090121317158,0.47868463456439303,ok,1319.571586690462,-243.72941390237463,-4.7367804298869824
834,-1.6040771401599159,3.9046892554928263,0.42868126850980315,1.0022014755232906,474,435,0.9177215189873418,1.2667599981408666,ok,1320.8176015245597,-247.76266428968677,-5.165461698396781
835,1.885376850931607,2.768576587915959,0.048249266741182434,1.0018905654075814,496,453,0.9133064516129032,1.1437827027007048,ok,1318.6884420477325,-250.34846051433829,-5.213710965137963
836,3.536464574501906,3.2871213566087363,-0.1616512196960179,1.0019131454077381,523,471,0.9005736137667304,1.1975257639675903,ok,1314.8762495550973,-253.311387597288,-5.052059745441947
837,1.3484534387789608,1.7932517458125403,-0.13472857667175256,1.000528078926997,577,533,0.9237435008665511,0.5054585464493668,ok,1313.3790447256981,-254.98245198839868,-4.917331168770195
838,2.6655926421594813,2.981644785494609,-0.3716310348472375,1.0000379925475817,479,415,0.8663883089770354,0.5217591205894997,ok,1310.4855289144025,-257.7434583285914,-4.545700133922961
839,5.352748848792544,-20.513169339017736,-0.30673474051890903,0.9937191264327496,243,182,0.7489711934156379,1.435738989826339,ok,1306.6636830441223,-236.89074793609598,-4.2389653934040545
840,7.249950220466417,3.3596400345892334,-0.23960209542272615,0.9978488339006195,444,387,0.8716216216216216,0.9240084828405137,ok,1299.1970683198638,-239.73655606749526,-3.999363297981331
841,8.330047272632783,0.6985680243758452,-0.1373291402250649,0.9978302674340274,230,145,0.6304347826086957,0.9644657817577957,ok,1290.8388860351256,-239.87247421959796,-3.862034157756267
842,2.0055080671390897,0.143675257589166,0.018808474350825322,0.9990353001074374,394,368,0.934010152284264,0.961810542356172,ok,1288.8282524830074,-239.88008382536395,-3.8808426321070923
843,-3.830794748392691,0.9449223503622761,0.1873672763178506,0.9994136454682219,421,362,0.8598574821852731,0.6635008976640936,ok,1292.5823581925429,-241.09439720096384,-4.068209908424941
844,-5.957182854103166,1.3628093576943456,0.27344552293749985,1.0002827973058104,495,436,0.8808080808080808,0.46753364643570244,ok,1298.4192763780609,-242.9042764782116,-4.341655431362439
845,-6.514928561657825,1.67595713125138,0.45648838398255626,1.0008971318308433,531,464,0.8738229755178908,0.6195429940571551,ok,1304.7711874525985,-245.11930518467636,-4.798143815344992
846,-5.828550303764587,2.399544203213509,0.35885827666899944,1.0012829705086177,455,407,0.8945054945054945,0.6917899101653037,ok,1310.360461082489,-248.03303669545448,-5.157002092013989
847,-2.962840041403524,2.773429292840433,0.1424912408910829,1.001670339849838,503,478,0.9502982107355865,1.0072825251074016,ok,1313.054477636113,-251.0682641930448,-5.299493332905071
848,-0.2507676467018882,3.150403479183751,-0.1125081086531461,1.0021195851592672,511,446,0.87279843444227,1.0434087685491296,ok,1313.0194018618197,-254.22843763517483,-5.186985224251925
849,0.9741502907147606,1.6533539276096008,-0.14051301808743366,1.0011628186257058,590,535,0.9067796610169492,0.7203755281554307,ok,1311.903592527482,-255.78969274829592,-5.046472206164492
850,4.8397673744022995,5.4647701417302414,-0.6262793374265271,1.0030597665703191,556,499,0.8974820143884892,1.737787560959354,ok,1306.6570481932213,-260.86520587397206,-4.42019286873797
851,12.818826642405384,-29.971668335540585,-0.38615719560596323,0.9896886038699888,468,354,0.7564102564102564,2.0019720256746085,ok,1295.978459369877,-230.06600198741592,-4.034035673132009
852,11.401147543987463,9.478741816201364,-0.25353254652948815,0.9988901770638369,259,199,0.7683397683397684,0.8652927378980408,ok,1283.977146374512,-238.772390338808,-3.7805031266025226
853,3.666614378112172,3.8803777689610115,-0.10429830517876576,0.9998475241439101,221,156,0.7058823529411765,0.8388278211253768,ok,1280.0692751341153,-242.4096880989738,-3.6762048214237577
854,-1.7771165824538002,1.6113933701820997,0.13288756258555223,1.000332703521615,400,360,0.9,0.6834254439680594,ok,1281.7354174814272,-244.13557964237737,-3.809092384009309
855,-4.6365793279580885,1.3508198574279504,0.27195698862807244,1.0005109671106338,416,340,0.8173076923076923,0.6204594805695737,ok,1286.26410566765,-245.8129482553054,-4.081049372637378
856,-6.1060708888846875,1.5827342299620568,0.31526621742619626,1.0010711578129257,492,419,0.8516260162601627,0.6845909817887299,ok,1292.2308862101909,-247.85908590950612,-4.396315590063573
857,-6.493981283454559,2.0391122873908216,0.23412233412627423,1.0010275947012721,458,391,0.8537117903930131,0.7522932739844276,ok,1298.5390576392567,-250.41579180811152,-4.630437924189845
858,-5.660235995480434,2.374393691858131,0.15177873901491762,1.0011282743323509,458,389,0.8493449781659389,0.7707723281427695,ok,1303.981639365555,-253.25380538824663,-4.782216663204762
859,-3.0651518668216795,2.8038338534305467,0.04412861768414087,1.0013168981310472,518,495,0.9555984555984556,0.9959298798434706,ok,1306.800019595789,-256.305587346734,-4.826345280888902
860,-0.633459732891879,1.5564465358067991,-0.021032937272455293,1.0007464165771593,512,490,0.95703125,0.6891735801792178,ok,1307.3008688857344,-257.909628194338,-4.805312343616447
861,0.9984981275090377,3.8452408781657823,-0.16607756603735344,1.0017776507866396,489,416,0.8507157464212679,0.9954260653120518,ok,1305.9946333542887,-261.6615110094249,-4.6392347775790945
862,3.0960495131394055,3.9213943040136883,-0.23377915388138604,1.0016339460136214,542,470,0.8671586715867159,0.8143495908362897,ok,1302.606513449329,-265.33349948775356,-4.405455623697711
863,3.479238162216916,4.411337968102771,-0.34246044776016005,1.0010978117286038,540,479,0.8870370370370371,0.7222303654745592,ok,1298.8234619481518,-269.48723542034384,-4.062995175937553
864,2.8702640614576467,3.762333250364577,-0.2903781060606018,1.0001295487093713,496,432,0.8709677419354839,0.5002976609707824,ok,1295.7118673472648,-273.05256097476763,-3.772617069876954
865,21.939600788524103,-14.468935699517942,-0.18273970154571492,0.9913312270177713,283,205,0.7243816254416962,2.2409305349085717,ok,1274.721277051869,-257.2382857119736,-3.5898773683312406
866,-1.5420985496971298,5.583766054828516,0.1475531142924095,0.9992665864632972,454,421,0.9273127753303965,0.5932983937310677,ok,1275.896122516122,-262.9106969653259,-3.73743048262365
867,-6.87566548072391,1.4559285009872838,0.288979306780791,1.0002454649153232,311,239,0.7684887459807074,0.7964008859555357,ok,1282.652587531552,-264.84581559168385,-4.026409789404438
868,-5.947182894075468,0.735695907807326,0.3732181820022551,0.9999739195754251,469,405,0.8635394456289979,0.5101895744449647,ok,1288.5258084543711,-266.0355671775653,-4.399627971406691
869,-1.4605565912747807,0.4085673299964583,0.12702274530159235,0.9998505494236803,514,472,0.9182879377431906,0.43401363351331435,ok,1289.9495639009756,-266.55813128628324,-4.526650716708282
870,-1.876042910797878,1.1247211605518714,0.2562868545553284,1.000027018507883,538,517,0.9609665427509294,0.5320061496164767,ok,1291.7252934566438,-267.83536236845896,-4.782937571263608
871,-2.4558185726555166,0.7259429720224944,0.037965057492076085,1.0005800896621906,618,589,0.9530744336569579,0.570480813482442,ok,1294.1114147477829,-268.76512752397,-4.820902628755685
872,-2.351092683499701,1.008744530098511,-0.0689212900657282,1.001262056324087,580,540,0.9310344827586207,0.907343034343534,ok,1296.3708587855922,-269.9651754286042,-4.751981338689958
873,-1.0549283561331322,0.9791643494049822,-0.18148283550906977,1.0016049071956425,586,544,0.9283276450511946,0.9901206426186955,ok,1297.344407141236,-271.025288752237,-4.570498503180889
874,0.9581963476578039,1.320011190119203,-0.2724845798821966,1.001985367406286,572,518,0.9055944055944056,0.9786900520064953,ok,1296.2899783676853,-272.26977649593505,-4.2980139232986945
875,2.730310014110728,1.2897688991162113,-0.29464970703580723,1.0018813058956504,601,543,0.9034941763727121,0.9817806276807594,ok,1293.4762851625997,-273.36578157527276,-4.003364216262889
876,3.0068463248387616,1.6322249350375841,-0.1823214297106517,1.0012841890917028,612,569,0.9297385620915033,0.7309612208230325,ok,1290.3673508260533,-274.79400086893804,-3.8210427865522387
877,1.1588123850433476,0.7438613359428246,-0.03347827967188522,1.0000805145458025,635,605,0.952755905511811,0.3099657261725856,ok,1289.1619319875426,-275.45968942570096,-3.7875645068803543
878,20.554913229534122,-26.103355062362425,-0.04353817158860871,0.9939382537837962,326,270,0.8282208588957055,1.82253866916775,ok,1270.3554137372234,-248.06982862492544,-3.744026335291746
879,-0.2775808362496264,7.0165839820393785,0.25672644044980714,0.9982680358715901,502,468,0.9322709163346613,0.7562092717141322,ok,1270.1427740275776,-255.08868082820948,-4.000752775741551
880,-5.392703962020278,3.2065082312751656,0.34714859665920533,0.9983756118229554,329,282,0.8571428571428571,1.075641250038427,ok,1275.276865294382,-258.6947947924847,-4.347901372400754
881,-5.52523298547294,1.780804943389171,0.28112411950195365,0.9992487479448605,541,484,0.8946395563770795,0.48710317701154027,ok,1280.640357791643,-260.91569866748364,-4.629025491902706
882,-1.935061411730203,1.9018039190845002,0.17786371474899054,0.9994234926537392,518,478,0.9227799227799228,0.5094570257416029,ok,1282.4092464684354,-262.9729671630695,-4.806889206651696
883,-0.8882050024067212,2.1502057572951117,0.058469354429980774,0.999998875835086,562,528,0.9395017793594306,0.3989375965941525,ok,1283.1118824052407,-265.19075788027317,-4.865358561081676
884,-2.698114224974688,2.4983992698864768,-0.08115799170067146,1.0006491640177484,508,449,0.8838582677165354,0.4238439386224111,ok,1285.5922219867027,-267.9054834360916,-4.784200569381004
885,-2.6474247379326243,2.666002076092468,-0.18076232198196787,1.0012017657023762,473,411,0.86892177589852,0.8263275470127349,ok,1288.0171363354636,-270.775364132901,-4.603438247399039
886,-1.2468130493741683,2.975778275913626,-0.23708538378540253,1.0017417029906268,546,483,0.8846153846153846,1.0125361413801475,ok,1289.0337742840395,-273.83742984235346,-4.366352863613638
887,0.6969301032381736,3.39242264165739,-0.20674521091161296,1.0021746737767605,516,461,0.8934108527131783,1.225740633137156,ok,1288.092610300663,-277.17036448090016,-4.159607652702027
888,2.376108105027697,3.721184031181224,-0.14007148267965336,1.002099317122029,480,424,0.8833333333333333,1.1665161721845738,ok,1285.4615045446042,-280.71583804886416,-4.019536170022375
889,2.938468952254425,4.150325734926241,-0.0338267450382433,1.0020113935841337,504,458,0.9087301587301587,1.180304149451625,ok,1282.2416630847363,-284.6518797740837,-3.985709424984132
890,2.5139243503260786,3.7644050006458656,0.08086278719784987,1.0003079541440585,488,439,0.8995901639344263,0.4813950457479513,ok,1279.4671133108252,-288.22853102911813,-4.06657221218198
891,9.739811257381007,-22.327047967301382,0.14845058624879007,0.989292064887407,248,192,0.7741935483870968,2.6407734271300516,ok,1271.3946769588315,-265.24599927983945,-4.21502279843077
892,5.726711329283262,4.575773436796112,0.20314421730920404,0.9995741941707929,342,285,0.8333333333333334,0.6052644675192645,ok,1265.3324878024575,-269.36701709418696,-4.418167015739972
893,6.261982265173174,0.8527129681740462,0.14371296127898953,1.0003245058858594,295,228,0.7728813559322034,0.8351963811578815,ok,1259.022522250052,-269.7189773517292,-4.56187997701896
894,1.2575944130089738,-0.7943572459964798,0.07741512582245501,1.0002963949793582,507,477,0.9408284023668639,0.5778310936504545,ok,1257.833297787412,-268.8255052932084,-4.639295102841414
895,-4.449492095342521,0.14403140157980943,0.03422305932251405,1.0007145698334607,562,510,0.9074733096085409,0.49384395957698574,ok,1262.2562606274537,-269.3315929010115,-4.673518162163928
896,-6.025218753050467,0.6765907455172737,-0.05726607102439841,1.0007808144665276,605,544,0.8991735537190083,0.528900441891921,ok,1268.2074809652345,-270.49090845348985,-4.61625209113953
897,0.00888189922102356,-0.012054123696998431,-0.002399162858822944,0.9999551102179584,747,732,0.9799196787148594,0.17471584960830605,ok,1268.1995974809477,-270.4781789323922,-4.613852928280707
898,-0.005273302493378651,-0.0031701658391511955,0.0002457466253893816,1.0000099206061588,864,860,0.9953703703703703,0.053387833885840424,ok,1268.2051087147154,-270.4754432472872,-4.614098674906097
899,-0.01994390825029768,0.02282027637977535,0.001074818627956508,0.9999512500423244,754,743,0.9854111405835544,0.1841491047892766,ok,1268.223151771407,-270.499794275922,-4.615173493534053
900,-6.3412363141922015,1.5438987129703037,-0.1287676454903376,1.0010044549541046,637,587,0.9215070643642073,0.6434630571448595,ok,1274.424190324024,-272.5349901135005,-4.486405848043717
901,-4.543804196567862,3.381879861220227,-0.19210890176806295,1.0010998602306542,598,541,0.9046822742474916,0.7186468463233615,ok,1278.7020048370232,-276.2476133053756,-4.294296946275655
902,0.8163244889551606,12.583535506536464,-0.40702458802773894,1.0053373890314306,639,590,0.9233176838810642,1.7033282335547357,ok,1277.0344744344104,-288.74685703737396,-3.887272358247919
903,3.112561206157352,4.464960679134833,0.19002640857476524,1.0007158146420816,649,615,0.9476117103235747,0.4528152249220961,ok,1273.6123223064744,-292.9792069687429,-4.077298766822683
904,12.339170832256514,-11.659958872309062,0.4358896134378967,0.9932780808379413,289,216,0.7474048442906575,1.5878808205173292,ok,1262.2289176168592,-280.38445109957263,-4.513188380260578
905,2.237807701737893,1.7973575782730222,0.11506739328895499,0.999384090443436,390,353,0.9051282051282051,0.8041512877956143,ok,1259.8533772937105,-281.9953780834014,-4.628255773549531
906,2.2870683640776406,0.6094864590579618,0.06516325880471707,1.0000140756679738,270,215,0.7962962962962963,0.9519958452202079,ok,1257.5241073051209,-282.415683646053,-4.693419032354248
907,1.9275779654726648,1.4195449319691988,0.13209305469825758,0.9984784795826476,490,461,0.9408163265306122,1.1076835144543626,ok,1255.4839473268742,-283.66804616945205,-4.825512087052505
908,-1.8033847790227355,0.4458130279666648,-0.006269455325786771,1.000052771058348,578,545,0.9429065743944637,0.46322741046192606,ok,1257.243502729234,-284.2637899928716,-4.819242631726719
909,-7.596755779118666,1.7102255768351142,-0.22078213174179898,1.0002994547837185,560,495,0.8839285714285714,0.42192600244372747,ok,1264.6786923551565,-286.5775585892977,-4.598460499984921
910,-2.634480044145448,0.6472322023182642,-0.12116072753935106,1.0003442716425544,595,545,0.9159663865546218,0.3529519605907631,ok,1267.2546072527223,-287.4284740182419,-4.477299772445571
911,-6.277917753710199,2.5639549965591186,-0.45054734155963555,1.001649739133472,569,501,0.8804920913884007,0.9115608566304552,ok,1273.3369804760093,-290.4269490505492,-4.0267524308859395
912,-1.1186942167660163,0.9534676600203511,-0.1188169704142365,1.0007326017990152,624,601,0.9631410256410257,0.5771448122428077,ok,1274.3880914311735,-291.4544426462786,-3.9079354604717036
913,-0.575186888524513,2.1827945524184997,-0.15998216531952017,1.0018319628618415,592,542,0.9155405405405406,0.9317695817049865,ok,1274.819364356034,-293.67016728600265,-3.7479532951521843
914,1.4420328843584684,2.3186357772249266,0.0011185876538607382,1.001866062067259,610,564,0.9245901639344263,0.8458535620261848,ok,1273.228808890322,-295.8895509881804,-3.7490718828060445
915,4.694897635591133,3.9618898323542453,0.30408014465263217,1.0027390388457964,595,548,0.9210084033613445,1.3156329579683073,ok,1268.2656198694601,-299.5096876700734,-4.053152027458675
916,2.6026784037107973,2.1824044491734185,0.329927942372282,1.0001257241914732,638,583,0.9137931034482759,0.3036301411572445,ok,1265.5037639968566,-301.4868007654426,-4.3830799698309555
917,17.507514222272903,-7.058878228779804,0.33572680764524443,0.9904708259187053,286,230,0.8041958041958042,2.160574847050637,ok,1248.636295725994,-293.0115821710177,-4.718806777476197
918,5.365907571736216,-0.4611092693680803,0.28901571534704723,0.9996007603143208,405,341,0.8419753086419753,0.6081764111687391,ok,1243.3311219878908,-292.08383358694266,-5.007822492823243
919,0.6433068478102086,-3.273311175775234,0.08264329792289621,1.0005759893506507,337,270,0.8011869436201781,0.7507027735183855,ok,1242.980788600529,-288.7663531768128,-5.090465790746139
920,-2.848462297291917,-3.4163214028860693,-0.11348121112923275,1.0003047343117084,476,443,0.930672268907563,0.5395172465905801,ok,1246.1148960432429,-285.61003254600905,-4.976984579616906
921,-5.07340645303475,-2.2649411766540197,-0.29977919290363686,1.0005365830379118,478,414,0.8661087866108786,0.528752691839858,ok,1251.3560954090653,-283.7663295387167,-4.677205386713271
922,-6.482277571963095,-0.8792313696513929,-0.3749477586172644,1.0007263572379852,507,445,0.8777120315581854,0.5061419771239943,ok,1257.8860652745193,-283.3758633076359,-4.302257628096009
923,-5.71762785642386,0.9708087899646216,-0.10117793345731309,1.0008327443854041,514,446,0.867704280155642,0.42686912204163907,ok,1263.5172118885723,-284.76291983938347,-4.201079694638698
924,-4.526804556930301,2.647289237276368,-0.06550991685855827,1.0009754384879928,476,408,0.8571428571428571,0.6370327634667974,ok,1267.841315936532,-287.7297740631129,-4.135569777780139
925,-1.595010652739802,4.0510905830856245,0.0011175187453360202,1.001186638668684,525,467,0.8895238095238095,0.606427469451685,ok,1269.1399413678892,-291.88536859142664,-4.136687296525475
926,0.8708051405469632,5.112137386240647,0.050801115235711375,1.0012765335216387,504,469,0.9305555555555556,0.7286973075566927,ok,1267.8981705030424,-296.92027230131225,-4.187488411761185
927,3.161353729833536,6.410821160598061,0.10387297828613326,1.0013862682351304,524,438,0.8358778625954199,0.7419723509047751,ok,1264.2659685091678,-303.0765612836457,-4.291361390047318
928,3.734990579794612,6.315382202726482,0.14583071205269277,1.0010406035028878,540,475,0.8796296296296297,0.5318679861610545,ok,1260.0535753894167,-309.08405254059664,-4.43719210210001
929,1.1751205962477798,1.9656293144889787,0.08949082420459357,1.0001426869126941,609,573,0.9408866995073891,0.3356840771424899,ok,1258.7269862991573,-310.9508059799423,-4.526682926304603
930,8.975077719079763,-12.51049252220389,0.15472229476917687,0.9942547178972997,267,199,0.7453183520599251,1.3034367162578646,ok,1250.8028946391653,-297.74954791202765,-4.681405221073779
931,3.4360807838545497,1.566558787623535,-0.010953049726328599,0.997700290928916,478,412,0.8619246861924686,0.9208300115958021,ok,1247.2506670201951,-299.0311237120808,-4.670452171347451
932,5.0693344975163654,-0.31483638937493197,-0.10901552947352806,0.9978788053860207,305,236,0.7737704918032787,1.099159002934461,ok,1242.2224272883611,-298.3141304073764,-4.561436641873923
933,1.2261512315303662,-1.3453498194868416,-0.1823251363560541,0.9987958523397211,511,474,0.9275929549902152,0.6943883049842643,ok,1241.1025805056263,-296.87908470685795,-4.37911150551787
934,-3.657553382012793,-0.3138806841515134,-0.1961285277201314,0.9993871663844106,505,447,0.8851485148514852,0.42524015845837443,ok,1244.7732859240675,-296.83282935924035,-4.18298297779774
935,-4.694882332099951,0.4905994723666254,-0.24157237529357733,0.9999590261178668,597,536,0.897822445561139,0.322918097891966,ok,1249.4233421854233,-297.6449775727925,-3.941410602504163
936,-4.97934514410008,1.4005057418919478,-0.16093016116705475,1.0006502727991669,574,506,0.8815331010452961,0.5198775396446408,ok,1254.2995113212578,-299.3707437666553,-3.78048044133711
937,-1.966811761570625,0.9926977793650167,-0.014383576154173426,1.0005753176535768,556,526,0.9460431654676259,0.5829857294029408,ok,1256.1968719378547,-300.490484842617,-3.7660968651829365
938,-2.513781911880187,2.5631271068390333,0.07247630877290512,1.0014635521705797,546,516,0.945054945054945,0.8967947748699794,ok,1258.533424323955,-303.2161486174284,-3.838573173955841
939,-0.7986468170111038,3.2652813441847,0.19550444084372942,1.0020596075887698,565,530,0.9380530973451328,0.8811963800103139,ok,1259.1003805802748,-306.5295244787551,-4.034077614799569
940,1.0078179733789057,3.681498954372387,0.25179702030813395,1.0021344563152608,516,478,0.9263565891472868,0.8868642852628161,ok,1257.820251845412,-310.125411301319,-4.285874635107703
941,2.4307401154728723,4.121338594374265,0.40151104573994606,1.0024857085408527,570,509,0.8929824561403509,1.0093991606371169,ok,1255.0608495563695,-314.03432781688616,-4.687385680847647
942,1.179495318473073,1.9944576435430008,0.1722481507969081,1.0008277346531025,598,576,0.9632107023411371,0.40222147507736294,ok,1253.71663386767,-315.92169494610107,-4.859633831644554
943,20.59687696034507,-17.322330574320176,0.18086842267859904,0.9928913642761765,249,197,0.7911646586345381,1.8373660467438053,ok,1234.7213470748322,-296.8567124729002,-5.040502254323151
944,1.2371701484614732,2.6974378209606584,-0.13396648388916993,0.9989470173578165,405,336,0.8296296296296296,0.7701687287112433,ok,1233.257997067668,-299.4384497815212,-4.906535770433981
945,-0.5444883531963569,0.18795004798710124,-0.12293296055780491,0.9997972550998074,278,237,0.8525179856115108,0.8586313817546316,ok,1233.7849151862065,-299.671151486844,-4.783602809876178
946,-5.657918110587161,-0.6747532869654833,-0.6036494298303501,0.9993795948383926,490,440,0.8979591836734694,0.5825915329643317,ok,1239.476965727914,-299.41059443928305,-4.179953380045831
947,-4.91086983165269,0.4885773590009421,-0.3276623194378873,1.0001287023636298,532,485,0.9116541353383458,0.40243505540480756,ok,1244.3439149480666,-300.2280023103086,-3.852291060607946
948,-4.176352537316916,1.342278552814264,-0.20434891776920314,1.0005823283236888,618,564,0.912621359223301,0.4025805846419572,ok,1248.4264022525722,-301.83328410421666,-3.647942142838743
949,-3.213025752079375,2.1358812531187823,-0.05129955168654614,1.0007610595942886,562,510,0.9074733096085409,0.5618025693529062,ok,1251.4991114664895,-304.1665181896992,-3.5966425911521975
950,-1.6991747613014923,3.0415994025368036,0.12309762447546237,1.0010936856823713,596,558,0.9362416107382551,0.7088015210572457,ok,1252.9973794579828,-307.31194579506905,-3.719740215627659
951,-0.23186321419484557,3.9870121783952754,0.272742932529971,1.0013391854569662,600,571,0.9516666666666667,0.6629279560838927,ok,1252.9510818741855,-311.3054258807217,-3.9924831481576297
952,1.317263495048337,4.453861599219749,0.34217714447462594,1.0018664669372352,586,547,0.9334470989761092,0.8232842107740017,ok,1251.3009547588804,-315.64698628727183,-4.334660292632253
953,1.0147951181552344,2.4044067727010088,0.19514613739780678,1.0008631899493539,590,561,0.9508474576271186,0.5948130409607915,ok,1250.099434951176,-317.9637364274761,-4.529806430030058
954,4.125591697689288,7.757890242731605,0.43947899872008267,1.0021444667197026,576,528,0.9166666666666666,1.1251807789231423,ok,1245.3173485722855,-325.33510114095634,-4.969285428750138
955,1.0553896965138847,2.0163301757485215,0.05370848316646445,1.0001569826884567,621,582,0.9371980676328503,0.3371176839765462,ok,1244.0894710982852,-327.25128268193396,-5.022993911916602
956,15.396475506212028,-26.245070745141334,-0.1177223841913742,0.9930360534586524,500,448,0.896,1.9063470526576587,ok,1230.9935652602935,-299.7858053201019,-4.905271527725229
957,-2.5882543666543825,6.934530101542464,-0.23441261639416036,0.9988096493095595,305,233,0.7639344262295082,0.836411400069032,ok,1233.0085339755358,-306.90807107422097,-4.670858911331069
958,2.9942869377227908,2.770014400124637,-0.43957613033329584,0.9977444545992645,269,199,0.7397769516728625,0.9302018449223409,ok,1229.818029279539,-309.44960876371886,-4.231282780997776
959,1.3933716498165722,1.4310193819610504,-0.26765513505923866,0.9992346659027089,421,368,0.8741092636579573,0.6629736617277175,ok,1228.3290737680795,-310.780891044437,-3.963627645938538
960,-2.6067095955590958,1.163790794067154,-0.16247000582027082,0.9996176468536034,439,377,0.8587699316628702,0.4890271402084651,ok,1230.8528965214955,-312.1149310128309,-3.8011576401182685
961,-4.266372115077502,1.579119293527242,-0.04608344749948465,1.0002137104512925,519,459,0.884393063583815,0.41487856479135155,ok,1235.0066903856896,-313.97007125046355,-3.755074192618784
962,-3.9917934830737067,1.9594041302157166,0.06549171040530155,1.0005854189281826,518,490,0.9459459459459459,0.7137122911539248,ok,1238.859053455338,-316.191102213018,-3.820565903024085
963,-3.381931589706028,2.545947963604135,0.16634017588005726,1.001152002185695,477,453,0.949685534591195,0.8224307367416206,ok,1242.0557847206455,-318.9660295144507,-3.9869060789041413
964,-1.944725520238535,2.7540465421570843,0.21323211027063274,1.0014532146174326,485,449,0.9257731958762887,0.7944945476903111,ok,1243.7935792646072,-321.85511238422316,-4.2001381891747736
965,-0.39610409326132867,3.044917675089323,0.3305341154367937,1.0019224109275977,466,432,0.927038626609442,0.9079192923924594,ok,1243.9479191353307,-324.9218046258859,-4.530672304611565
966,1.259099597936256,3.3986021562412816,0.24584107700844643,1.0020819359347697,469,432,0.9211087420042644,0.8323165968613737,ok,1242.4101928838768,-328.2037592857679,-4.776513381620011
967,2.52689255323412,3.830660453451287,0.08481498209534681,1.0026769460102898,529,499,0.943289224952741,0.9664972287382338,ok,1239.5677631575675,-331.8064997338456,-4.861328363715357
968,1.4029525695559641,2.1745223867753793,-0.041135914887656534,1.0003381306144066,576,546,0.9479166666666666,0.3627198750416857,ok,1237.9870494002203,-333.8554427638844,-4.820192448827701
969,15.14712138188088,-25.41061180990505,-0.24843707121662334,0.992941536878223,464,415,0.8943965517241379,1.7420426957740704,ok,1224.9135391090704,-307.31834029623883,-4.571755377611078
970,6.5649640351002745,9.109382837585144,-0.4642699625014818,0.9969055194339085,330,279,0.8454545454545455,1.203970498285939,ok,1217.7129529821925,-315.93409144708255,-4.107485415109598
971,-5.969190693089331,1.8593172981802581,-0.11228677118941319,0.9993035594645532,353,303,0.8583569405099151,0.7211362309644503,ok,1223.538093911519,-318.2047810998678,-3.995198643920186
972,-5.846539841007143,0.7279744531250572,-0.08323782168359573,0.9993969890109211,530,477,0.9,0.41670296501373477,ok,1229.3213466469406,-319.32993118546676,-3.9119608222365896
973,-1.6416141010518004,0.4940217673782854,-0.016752175254000554,0.9998751416738295,557,528,0.947935368043088,0.43309975682262747,ok,1230.925608741733,-319.934329642305,-3.8952086469825886
974,-2.103742415576562,2.096826443160353,0.03879328297475065,1.000275325983937,580,546,0.9413793103448276,0.40270448669479514,ok,1232.8805364870063,-322.170547609005,-3.9340019299573394
975,-2.0519345717329998,2.1598617659057027,0.12750301672329575,1.0007520711140585,557,518,0.9299820466786356,0.5763842558646991,ok,1234.7743406799407,-324.47031803522566,-4.0615049466806346
976,-2.3754996254988328,2.6171867161151567,0.21334961777629735,1.0010078788329022,535,489,0.914018691588785,0.7392439573124437,ok,1236.9481435954162,-327.25729590783715,-4.274854564456931
977,-0.7320806538104989,1.5237724004288111,0.16097695206603188,1.0007881916005568,615,589,0.9577235772357724,0.5065715168170112,ok,1237.5601789195298,-328.83312495123926,-4.4358315165229625
978,-0.3909738390830171,3.202843413876849,0.24870632893149192,1.001907437082874,569,544,0.9560632688927944,0.9622500402614431,ok,1237.6882719233654,-332.05719980443826,-4.684537845454453
979,2.2284603843356763,5.668407506959284,0.11583466440002935,1.0035840502167992,510,478,0.9372549019607843,1.4637404684847475,ok,1234.9932714363226,-337.5192371280333,-4.800372509854482
980,2.789994502306854,4.052286250417183,-0.13269046211412805,1.0021296404440307,623,566,0.9085072231139647,1.0615483469941294,ok,1231.8827698870841,-341.3310442179062,-4.667682047740355
981,1.2125091587813586,2.1922849507355977,-0.11679989363215383,1.0000720834856056,661,609,0.9213313161875946,0.281547789681002,ok,1230.500137941216,-343.42021167591804,-4.550882154108201
982,10.323592483780885,-26.294774979561907,-0.3574262456133532,0.9950805573079161,531,471,0.8870056497175142,1.5474425695100251,ok,1222.126970094473,-316.4409267853348,-4.193455908494851
983,10.827302203735826,7.050207890444881,-0.28915034786760385,0.9979560102332533,288,229,0.7951388888888888,1.1905288427456227,ok,1210.8447457663328,-322.7375384550377,-3.904305560627249
984,2.8500427378398854,3.3004485455725217,-0.21028053807780406,0.9980376923215376,252,191,0.7579365079365079,0.8708741011825585,ok,1207.7879823428557,-325.8475065549351,-3.694025022549447
985,-2.1259201152454352,1.569405627442734,-0.056681618030533204,0.999144904865882,520,482,0.926923076923077,0.5949208848130927,ok,1209.8100553476188,-327.5486212257499,-3.637343404518914
986,-4.386599162059156,1.7199344170340964,0.09734989502642323,0.9995725456948918,509,471,0.925343811394892,0.6340122770951904,ok,1214.075308364974,-329.55063104226406,-3.7346932995453366
987,-5.411862518041289,1.9112406320746231,0.1982756046416159,0.9996569446486427,588,546,0.9285714285714286,0.40259160153019835,ok,1219.343335042971,-331.8285668595746,-3.9329689041869518
988,-5.399569548385443,1.9494779810389673,0.24712488827813023,1.0004379067620985,578,517,0.8944636678200693,0.3459154945771276,ok,1224.5864402336695,-334.1664427471443,-4.1800937924650805
989,-4.387057841926207,2.466910465420483,0.3034491963222083,1.000682135926217,600,560,0.9333333333333333,0.6330568246677143,ok,1228.7672277531544,-336.9687524141385,-4.483542988787287
990,-2.235368558240907,2.5168783743775975,0.1941196816748931,1.0012494165454173,639,612,0.9577464788732394,0.6950415069960525,ok,1230.789899555952,-339.65954191180447,-4.677662670462179
991,-0.15927709087236508,3.130387736798639,0.06917890861628535,1.0018532346939701,638,604,0.9467084639498433,0.8674202846699333,ok,1230.6895805094427,-342.79237332496484,-4.746841579078462
992,2.1473843177402614,3.137544239825502,-0.09934345176740382,1.0019947289700077,642,574,0.8940809968847352,1.0417761480739294,ok,1228.2950364532753,-345.745609182124,-4.647498127311059
993,3.198288163800953,3.3196636287642605,-0.2199278886091403,1.0019498273107306,655,606,0.9251908396946565,1.051114938127911,ok,1224.8500188524833,-348.80846202173007,-4.427570238701921
994,2.6628144041833366,3.5791484507345785,-0.24319977425336609,1.000353918402765,636,585,0.9198113207547169,0.379835999972257,ok,1221.9331457496337,-352.18377467175117,-4.1843704644485555
995,2.525637971940796,1.296536204875224,-0.14849979843663846,1.0000313882433276,651,598,0.9185867895545314,0.3653363143055536,ok,1219.3225193881065,-353.2993387875064,-4.035870666011917
996,1.2032676649710083,-0.787160752730756,-0.05000281237380086,1.0000911941420936,732,708,0.9672131147540983,0.27389375705063734,ok,1218.1768780307618,-352.43044235838136,-3.985867853638116
997,2.4132998343638974,-2.851387326427812,-0.0246679012094584,1.0002298029323606,648,615,0.9490740740740741,0.32909038966303533,ok,1215.9663198817798,-349.41915385579273,-3.961199952428658
998,1.886697492925805,-5.541235791239501,0.05475119286702123,1.0003361246113966,650,592,0.9107692307692308,0.4140956242465236,ok,1214.4723309782687,-343.7593907264637,-4.015951145295679
999,1.4486032701395288,-8.027132105228702,0.06563347140163961,1.000383864790839,667,618,0.9265367316341829,0.37559309654721773,ok,1213.598747795108,-335.6495107217319,-4.081584616697318
1000,0.9869816230466313,-9.987776276820796,0.048958371775440455,1.0005224622859257,627,578,0.9218500797448166,0.4151169882332573,ok,1213.333740821236,-325.6165859744882,-4.130542988472759
